0 0.763672 0.570312 0.763672 0.574219 0.760742 0.578125 0.759766 0.578125 0.757812 0.580729 0.757812 0.582031 0.75293 0.588542 0.751953 0.588542 0.75 0.591146 0.75 0.592448 0.748047 0.595052 0.748047 0.596354 0.74707 0.597656 0.74707 0.598958 0.746094 0.60026 0.746094 0.601562 0.745117 0.602865 0.745117 0.604167 0.744141 0.605469 0.744141 0.606771 0.743164 0.608073 0.743164 0.610677 0.742188 0.611979 0.742188 0.613281 0.741211 0.614583 0.741211 0.615885 0.740234 0.617188 0.740234 0.61849 0.739258 0.619792 0.739258 0.622396 0.738281 0.623698 0.738281 0.625 0.737305 0.626302 0.737305 0.627604 0.736328 0.628906 0.736328 0.630208 0.735352 0.63151 0.735352 0.632812 0.734375 0.634115 0.734375 0.635417 0.733398 0.636719 0.733398 0.638021 0.731445 0.640625 0.731445 0.641927 0.730469 0.643229 0.730469 0.644531 0.729492 0.645833 0.729492 0.647135 0.728516 0.648438 0.728516 0.64974 0.727539 0.651042 0.727539 0.652344 0.726562 0.653646 0.726562 0.654948 0.724609 0.657552 0.724609 0.660156 0.723633 0.661458 0.723633 0.66276 0.722656 0.664062 0.722656 0.667969 0.72168 0.669271 0.72168 0.671875 0.720703 0.673177 0.720703 0.675781 0.719727 0.677083 0.719727 0.68099 0.71875 0.682292 0.71875 0.686198 0.717773 0.6875 0.717773 0.692708 0.716797 0.69401 0.716797 0.704427 0.71582 0.705729 0.71582 0.722656 0.714844 0.723958 0.714844 0.727865 0.71582 0.729167 0.71582 0.752604 0.714844 0.753906 0.714844 0.769531 0.713867 0.770833 0.713867 0.782552 0.712891 0.783854 0.712891 0.798177 0.711914 0.799479 0.711914 0.807292 0.710938 0.808594 0.710938 0.8125 0.709961 0.813802 0.709961 0.81901 0.708984 0.820312 0.708984 0.824219 0.708008 0.825521 0.708008 0.830729 0.707031 0.832031 0.707031 0.83724 0.706055 0.838542 0.706055 0.842448 0.705078 0.84375 0.705078 0.845052 0.704102 0.846354 0.704102 0.847656 0.703125 0.848958 0.703125 0.85026 0.701172 0.852865 0.701172 0.855469 0.700195 0.856771 0.700195 0.858073 0.699219 0.859375 0.699219 0.860677 0.698242 0.861979 0.698242 0.865885 0.697266 0.867188 0.697266 0.86849 0.696289 0.869792 0.693359 0.869792 0.693359 0.928385 0.793945 0.928385 0.793945 0.924479 0.795898 0.921875 0.797852 0.921875 0.798828 0.920573 0.798828 0.919271 0.799805 0.917969 0.799805 0.914062 0.800781 0.91276 0.800781 0.908854 0.801758 0.907552 0.801758 0.904948 0.802734 0.903646 0.802734 0.901042 0.803711 0.89974 0.803711 0.897135 0.804688 0.895833 0.804688 0.894531 0.805664 0.893229 0.805664 0.889323 0.806641 0.888021 0.806641 0.884115 0.807617 0.882812 0.807617 0.880208 0.808594 0.878906 0.808594 0.877604 0.80957 0.876302 0.80957 0.871094 0.810547 0.869792 0.810547 0.865885 0.811523 0.864583 0.811523 0.859375 0.8125 0.858073 0.8125 0.856771 0.813477 0.855469 0.813477 0.85026 0.814453 0.848958 0.814453 0.839844 0.81543 0.838542 0.81543 0.829427 0.816406 0.828125 0.816406 0.824219 0.817383 0.822917 0.817383 0.786458 0.818359 0.785156 0.818359 0.779948 0.819336 0.778646 0.819336 0.776042 0.821289 0.773438 0.821289 0.772135 0.822266 0.770833 0.825195 0.770833 0.825195 0.717448 0.822266 0.717448 0.821289 0.716146 0.821289 0.690104 0.820312 0.688802 0.820312 0.683594 0.819336 0.682292 0.819336 0.670573 0.818359 0.669271 0.818359 0.658854 0.817383 0.657552 0.817383 0.653646 0.816406 0.652344 0.816406 0.651042 0.81543 0.64974 0.81543 0.647135 0.814453 0.645833 0.814453 0.641927 0.813477 0.640625 0.813477 0.638021 0.8125 0.636719 0.8125 0.635417 0.811523 0.634115 0.811523 0.632812 0.810547 0.63151 0.810547 0.628906 0.80957 0.627604 0.80957 0.625 0.808594 0.623698 0.808594 0.622396 0.807617 0.621094 0.807617 0.61849 0.806641 0.617188 0.806641 0.615885 0.805664 0.614583 0.805664 0.611979 0.803711 0.609375 0.803711 0.608073 0.802734 0.606771 0.802734 0.604167 0.801758 0.602865 0.801758 0.601562 0.800781 0.60026 0.800781 0.598958 0.798828 0.596354 0.798828 0.595052 0.796875 0.592448 0.795898 0.592448 0.793945 0.589844 0.793945 0.588542 0.791016 0.584635 0.790039 0.584635 0.78418 0.576823 0.78418 0.570312
0 0.797852 0.0651042 0.797852 0.0690104 0.794922 0.0729167 0.793945 0.0729167 0.791992 0.0755208 0.791016 0.0755208 0.790039 0.0768229 0.789062 0.0768229 0.788086 0.078125 0.787109 0.078125 0.783203 0.0833333 0.782227 0.0833333 0.779297 0.0872396 0.77832 0.0872396 0.775391 0.0911458 0.774414 0.0911458 0.771484 0.0950521 0.770508 0.0950521 0.763672 0.104167 0.763672 0.105469 0.759766 0.110677 0.759766 0.111979 0.758789 0.113281 0.758789 0.114583 0.754883 0.119792 0.754883 0.121094 0.75293 0.123698 0.75293 0.125 0.749023 0.130208 0.748047 0.130208 0.745117 0.134115 0.745117 0.135417 0.742188 0.139323 0.742188 0.140625 0.740234 0.143229 0.740234 0.144531 0.739258 0.145833 0.739258 0.148438 0.738281 0.14974 0.738281 0.152344 0.737305 0.153646 0.737305 0.154948 0.736328 0.15625 0.736328 0.157552 0.735352 0.158854 0.735352 0.160156 0.732422 0.164062 0.732422 0.165365 0.723633 0.177083 0.723633 0.178385 0.712891 0.192708 0.712891 0.19401 0.708008 0.200521 0.708008 0.201823 0.705078 0.205729 0.705078 0.207031 0.700195 0.213542 0.700195 0.214844 0.694336 0.222656 0.694336 0.223958 0.686523 0.234375 0.686523 0.235677 0.677734 0.247396 0.677734 0.248698 0.675781 0.251302 0.675781 0.252604 0.674805 0.253906 0.674805 0.255208 0.673828 0.25651 0.673828 0.257812 0.672852 0.259115 0.672852 0.260417 0.671875 0.261719 0.671875 0.263021 0.668945 0.266927 0.668945 0.268229 0.655273 0.286458 0.655273 0.28776 0.651367 0.292969 0.651367 0.294271 0.649414 0.296875 0.649414 0.298177 0.647461 0.300781 0.647461 0.302083 0.645508 0.304688 0.645508 0.30599 0.640625 0.3125 0.640625 0.313802 0.637695 0.317708 0.637695 0.31901 0.635742 0.321615 0.635742 0.322917 0.633789 0.325521 0.633789 0.326823 0.632812 0.328125 0.632812 0.329427 0.630859 0.332031 0.630859 0.333333 0.629883 0.334635 0.629883 0.335938 0.628906 0.33724 0.628906 0.338542 0.62793 0.339844 0.62793 0.341146 0.625977 0.34375 0.625977 0.345052 0.624023 0.347656 0.624023 0.348958 0.623047 0.35026 0.623047 0.351562 0.62207 0.352865 0.62207 0.354167 0.620117 0.356771 0.620117 0.358073 0.619141 0.359375 0.618164 0.359375 0.617188 0.360677 0.616211 0.360677 0.615234 0.361979 0.611328 0.361979 0.611328 0.446615 0.614258 0.446615 0.615234 0.447917 0.615234 0.450521 0.616211 0.451823 0.616211 0.454427 0.62207 0.46224 0.623047 0.46224 0.624023 0.463542 0.625 0.463542 0.626953 0.466146 0.626953 0.470052 0.647461 0.470052 0.647461 0.466146 0.649414 0.463542 0.651367 0.463542 0.652344 0.46224 0.654297 0.46224 0.655273 0.460938 0.658203 0.460938 0.65918 0.459635 0.660156 0.459635 0.662109 0.457031 0.663086 0.457031 0.664062 0.455729 0.665039 0.455729 0.666992 0.453125 0.667969 0.453125 0.668945 0.451823 0.670898 0.451823 0.671875 0.450521 0.673828 0.450521 0.674805 0.449219 0.675781 0.449219 0.676758 0.447917 0.678711 0.447917 0.679688 0.446615 0.681641 0.446615 0.682617 0.445312 0.685547 0.445312 0.686523 0.44401 0.6875 0.44401 0.688477 0.442708 0.69043 0.442708 0.691406 0.441406 0.692383 0.441406 0.693359 0.440104 0.694336 0.440104 0.695312 0.438802 0.696289 0.438802 0.697266 0.4375 0.698242 0.4375 0.699219 0.436198 0.700195 0.436198 0.701172 0.434896 0.702148 0.434896 0.704102 0.432292 0.705078 0.432292 0.716797 0.416667 0.717773 0.416667 0.725586 0.40625 0.726562 0.40625 0.727539 0.404948 0.728516 0.404948 0.729492 0.403646 0.730469 0.403646 0.731445 0.402344 0.732422 0.402344 0.733398 0.401042 0.734375 0.401042 0.735352 0.39974 0.736328 0.39974 0.740234 0.394531 0.740234 0.393229 0.741211 0.391927 0.741211 0.390625 0.743164 0.388021 0.743164 0.386719 0.745117 0.384115 0.745117 0.382812 0.75293 0.372396 0.75293 0.371094 0.760742 0.360677 0.760742 0.359375 0.765625 0.352865 0.765625 0.351562 0.769531 0.346354 0.769531 0.345052 0.775391 0.33724 0.775391 0.335938 0.779297 0.330729 0.779297 0.329427 0.78125 0.326823 0.78125 0.325521 0.783203 0.322917 0.783203 0.321615 0.785156 0.31901 0.785156 0.317708 0.789062 0.3125 0.789062 0.311198 0.792969 0.30599 0.792969 0.304688 0.795898 0.300781 0.795898 0.299479 0.798828 0.295573 0.798828 0.294271 0.802734 0.289062 0.802734 0.28776 0.805664 0.283854 0.805664 0.282552 0.807617 0.279948 0.807617 0.278646 0.80957 0.276042 0.80957 0.27474 0.810547 0.273438 0.810547 0.272135 0.811523 0.270833 0.811523 0.268229 0.8125 0.266927 0.8125 0.265625 0.814453 0.263021 0.814453 0.261719 0.81543 0.260417 0.81543 0.259115 0.817383 0.25651 0.817383 0.255208 0.818359 0.253906 0.818359 0.252604 0.819336 0.251302 0.819336 0.25 0.821289 0.247396 0.821289 0.246094 0.822266 0.244792 0.822266 0.24349 0.823242 0.242188 0.823242 0.240885 0.824219 0.239583 0.824219 0.238281 0.825195 0.236979 0.825195 0.235677 0.826172 0.234375 0.826172 0.231771 0.827148 0.230469 0.827148 0.227865 0.828125 0.226562 0.828125 0.22526 0.829102 0.223958 0.829102 0.221354 0.830078 0.220052 0.830078 0.217448 0.831055 0.216146 0.831055 0.213542 0.832031 0.21224 0.832031 0.209635 0.833008 0.208333 0.833008 0.207031 0.833984 0.205729 0.833984 0.203125 0.834961 0.201823 0.834961 0.200521 0.835938 0.199219 0.835938 0.197917 0.836914 0.196615 0.836914 0.19401 0.837891 0.192708 0.837891 0.1875 0.838867 0.186198 0.838867 0.182292 0.839844 0.18099 0.839844 0.178385 0.84082 0.177083 0.84082 0.174479 0.841797 0.173177 0.841797 0.167969 0.842773 0.166667 0.842773 0.164062 0.84375 0.16276 0.84375 0.160156 0.844727 0.158854 0.844727 0.15625 0.845703 0.154948 0.845703 0.14974 0.84668 0.148438 0.84668 0.144531 0.847656 0.143229 0.847656 0.140625 0.849609 0.138021 0.852539 0.138021 0.852539 0.113281 0.849609 0.113281 0.848633 0.111979 0.848633 0.110677 0.847656 0.109375 0.847656 0.106771 0.84668 0.105469 0.84668 0.104167 0.845703 0.102865 0.845703 0.101562 0.844727 0.10026 0.844727 0.0989583 0.84375 0.0976562 0.84375 0.0950521 0.842773 0.09375 0.842773 0.0924479 0.841797 0.0911458 0.841797 0.0885417 0.84082 0.0872396 0.84082 0.0859375 0.839844 0.0846354 0.839844 0.0833333 0.838867 0.0820312 0.838867 0.0807292 0.832031 0.0716146 0.831055 0.0716146 0.830078 0.0703125 0.830078 0.0651042
1 0.173828 0.528646 0.173828 0.565104 0.176758 0.565104 0.181641 0.571615 0.181641 0.572917 0.182617 0.574219 0.182617 0.575521 0.183594 0.576823 0.183594 0.579427 0.18457 0.580729 0.18457 0.582031 0.185547 0.583333 0.185547 0.584635 0.186523 0.585938 0.186523 0.588542 0.1875 0.589844 0.1875 0.591146 0.188477 0.592448 0.188477 0.59375 0.189453 0.595052 0.189453 0.596354 0.19043 0.597656 0.19043 0.598958 0.191406 0.60026 0.191406 0.602865 0.192383 0.604167 0.192383 0.605469 0.194336 0.608073 0.194336 0.609375 0.196289 0.611979 0.196289 0.613281 0.200195 0.61849 0.200195 0.619792 0.201172 0.621094 0.201172 0.622396 0.203125 0.625 0.203125 0.626302 0.205078 0.628906 0.205078 0.630208 0.207031 0.632812 0.207031 0.634115 0.208008 0.635417 0.208008 0.636719 0.209961 0.639323 0.209961 0.640625 0.210938 0.641927 0.210938 0.643229 0.211914 0.644531 0.211914 0.647135 0.212891 0.648438 0.212891 0.64974 0.213867 0.651042 0.213867 0.652344 0.214844 0.653646 0.214844 0.654948 0.21582 0.65625 0.21582 0.658854 0.216797 0.660156 0.216797 0.661458 0.217773 0.66276 0.217773 0.664062 0.21875 0.665365 0.21875 0.667969 0.219727 0.669271 0.219727 0.671875 0.220703 0.673177 0.220703 0.675781 0.22168 0.677083 0.22168 0.679688 0.222656 0.68099 0.222656 0.683594 0.223633 0.684896 0.223633 0.6875 0.224609 0.688802 0.224609 0.690104 0.226562 0.692708 0.226562 0.69401 0.234375 0.704427 0.234375 0.705729 0.235352 0.707031 0.235352 0.708333 0.239258 0.713542 0.239258 0.714844 0.246094 0.723958 0.24707 0.723958 0.250977 0.729167 0.251953 0.729167 0.25293 0.730469 0.253906 0.730469 0.255859 0.733073 0.256836 0.733073 0.257812 0.734375 0.267578 0.734375 0.268555 0.733073 0.269531 0.733073 0.271484 0.730469 0.271484 0.729167 0.272461 0.727865 0.272461 0.726562 0.273438 0.72526 0.273438 0.722656 0.274414 0.721354 0.274414 0.703125 0.275391 0.701823 0.27832 0.701823 0.27832 0.683594 0.275391 0.683594 0.273438 0.68099 0.273438 0.679688 0.272461 0.678385 0.272461 0.677083 0.271484 0.675781 0.271484 0.674479 0.268555 0.670573 0.268555 0.669271 0.265625 0.665365 0.265625 0.664062 0.264648 0.66276 0.264648 0.661458 0.263672 0.660156 0.263672 0.658854 0.261719 0.65625 0.261719 0.654948 0.260742 0.653646 0.260742 0.651042 0.259766 0.64974 0.259766 0.648438 0.258789 0.647135 0.258789 0.645833 0.257812 0.644531 0.257812 0.641927 0.256836 0.640625 0.256836 0.639323 0.255859 0.638021 0.255859 0.635417 0.254883 0.634115 0.254883 0.632812 0.253906 0.63151 0.253906 0.630208 0.25293 0.628906 0.25293 0.626302 0.251953 0.625 0.251953 0.623698 0.250977 0.622396 0.250977 0.621094 0.25 0.619792 0.25 0.61849 0.249023 0.617188 0.249023 0.614583 0.248047 0.613281 0.248047 0.611979 0.24707 0.610677 0.24707 0.609375 0.246094 0.608073 0.246094 0.606771 0.245117 0.605469 0.245117 0.604167 0.244141 0.602865 0.244141 0.601562 0.243164 0.60026 0.243164 0.598958 0.241211 0.596354 0.241211 0.595052 0.240234 0.59375 0.240234 0.592448 0.237305 0.588542 0.237305 0.58724 0.233398 0.582031 0.233398 0.580729 0.227539 0.572917 0.226562 0.572917 0.22168 0.566406 0.220703 0.566406 0.21875 0.563802 0.217773 0.563802 0.21582 0.561198 0.214844 0.561198 0.213867 0.559896 0.213867 0.558594 0.210938 0.554688 0.210938 0.553385 0.209961 0.552083 0.209961 0.550781 0.208984 0.549479 0.208984 0.548177 0.207031 0.545573 0.207031 0.544271 0.206055 0.542969 0.206055 0.541667 0.202148 0.536458 0.201172 0.536458 0.198242 0.532552 0.198242 0.528646
0 0.0625 0.674479 0.0625 0.678385 0.0595703 0.682292 0.0595703 0.683594 0.0546875 0.690104 0.0546875 0.691406 0.0527344 0.69401 0.0527344 0.695312 0.0517578 0.696615 0.0517578 0.697917 0.0507812 0.699219 0.0507812 0.700521 0.046875 0.705729 0.046875 0.707031 0.0458984 0.708333 0.0458984 0.709635 0.0449219 0.710938 0.0449219 0.71224 0.0429688 0.714844 0.0429688 0.717448 0.0419922 0.71875 0.0419922 0.721354 0.0410156 0.722656 0.0410156 0.723958 0.0400391 0.72526 0.0400391 0.726562 0.0390625 0.727865 0.0390625 0.731771 0.0380859 0.733073 0.0380859 0.735677 0.0371094 0.736979 0.0371094 0.739583 0.0351562 0.742188 0.0351562 0.74349 0.0332031 0.746094 0.0292969 0.746094 0.0292969 0.915365 0.0322266 0.915365 0.0341797 0.917969 0.0341797 0.919271 0.0380859 0.924479 0.0380859 0.928385 0.134766 0.928385 0.134766 0.924479 0.136719 0.921875 0.136719 0.920573 0.137695 0.919271 0.137695 0.917969 0.138672 0.916667 0.138672 0.911458 0.139648 0.910156 0.139648 0.907552 0.140625 0.90625 0.140625 0.903646 0.142578 0.901042 0.145508 0.901042 0.145508 0.842448 0.142578 0.842448 0.141602 0.841146 0.141602 0.839844 0.140625 0.838542 0.140625 0.81901 0.139648 0.817708 0.139648 0.813802 0.138672 0.8125 0.138672 0.809896 0.137695 0.808594 0.137695 0.807292 0.136719 0.80599 0.136719 0.803385 0.135742 0.802083 0.135742 0.798177 0.134766 0.796875 0.134766 0.794271 0.133789 0.792969 0.133789 0.790365 0.132812 0.789062 0.132812 0.785156 0.131836 0.783854 0.131836 0.779948 0.130859 0.778646 0.130859 0.773438 0.129883 0.772135 0.129883 0.769531 0.128906 0.768229 0.128906 0.764323 0.12793 0.763021 0.12793 0.760417 0.126953 0.759115 0.126953 0.755208 0.125977 0.753906 0.125977 0.751302 0.125 0.75 0.125 0.748698 0.124023 0.747396 0.124023 0.744792 0.123047 0.74349 0.123047 0.742188 0.12207 0.740885 0.12207 0.739583 0.121094 0.738281 0.121094 0.735677 0.120117 0.734375 0.120117 0.733073 0.119141 0.731771 0.119141 0.730469 0.117188 0.727865 0.117188 0.726562 0.116211 0.72526 0.116211 0.723958 0.115234 0.722656 0.115234 0.721354 0.112305 0.717448 0.112305 0.716146 0.111328 0.714844 0.111328 0.713542 0.108398 0.709635 0.108398 0.708333 0.104492 0.703125 0.104492 0.701823 0.0947266 0.688802 0.09375 0.688802 0.0869141 0.679688 0.0869141 0.674479
1 0.529297 0.768229 0.529297 0.796875 0.533203 0.796875 0.53418 0.798177 0.53418 0.799479 0.536133 0.802083 0.536133 0.803385 0.539062 0.807292 0.539062 0.808594 0.542969 0.813802 0.542969 0.815104 0.544922 0.817708 0.544922 0.81901 0.547852 0.822917 0.547852 0.824219 0.549805 0.826823 0.549805 0.828125 0.551758 0.830729 0.551758 0.832031 0.552734 0.833333 0.552734 0.834635 0.553711 0.835938 0.553711 0.83724 0.554688 0.838542 0.554688 0.839844 0.555664 0.841146 0.555664 0.842448 0.556641 0.84375 0.556641 0.846354 0.557617 0.847656 0.557617 0.848958 0.558594 0.85026 0.558594 0.852865 0.55957 0.854167 0.55957 0.855469 0.560547 0.856771 0.560547 0.858073 0.561523 0.859375 0.561523 0.860677 0.5625 0.861979 0.5625 0.863281 0.563477 0.864583 0.563477 0.865885 0.564453 0.867188 0.564453 0.86849 0.566406 0.871094 0.566406 0.872396 0.570312 0.877604 0.570312 0.878906 0.574219 0.884115 0.574219 0.885417 0.589844 0.90625 0.589844 0.907552 0.592773 0.911458 0.592773 0.91276 0.594727 0.915365 0.594727 0.916667 0.59668 0.919271 0.59668 0.920573 0.598633 0.923177 0.598633 0.928385 0.640625 0.928385 0.640625 0.919271 0.634766 0.911458 0.633789 0.911458 0.612305 0.882812 0.612305 0.88151 0.610352 0.878906 0.610352 0.877604 0.609375 0.876302 0.609375 0.875 0.608398 0.873698 0.608398 0.872396 0.606445 0.869792 0.606445 0.86849 0.604492 0.865885 0.604492 0.864583 0.602539 0.861979 0.602539 0.860677 0.600586 0.858073 0.600586 0.856771 0.599609 0.855469 0.599609 0.852865 0.598633 0.851562 0.598633 0.85026 0.59668 0.847656 0.59668 0.846354 0.595703 0.845052 0.595703 0.84375 0.594727 0.842448 0.594727 0.841146 0.592773 0.838542 0.592773 0.83724 0.59082 0.834635 0.59082 0.833333 0.587891 0.829427 0.587891 0.828125 0.583984 0.822917 0.583984 0.821615 0.576172 0.811198 0.576172 0.809896 0.574219 0.807292 0.574219 0.80599 0.568359 0.798177 0.568359 0.796875 0.55957 0.785156 0.55957 0.783854 0.557617 0.78125 0.556641 0.78125 0.551758 0.77474 0.550781 0.77474 0.549805 0.773438 0.549805 0.768229
1 0.552734 0.611979 0.552734 0.615885 0.547852 0.622396 0.544922 0.622396 0.544922 0.651042 0.547852 0.651042 0.55957 0.666667 0.55957 0.667969 0.563477 0.673177 0.564453 0.673177 0.571289 0.682292 0.571289 0.683594 0.574219 0.6875 0.574219 0.688802 0.575195 0.690104 0.575195 0.691406 0.577148 0.69401 0.577148 0.695312 0.578125 0.696615 0.578125 0.697917 0.580078 0.700521 0.580078 0.701823 0.582031 0.704427 0.582031 0.705729 0.589844 0.716146 0.589844 0.717448 0.59668 0.726562 0.59668 0.727865 0.602539 0.735677 0.602539 0.736979 0.62207 0.763021 0.62207 0.764323 0.632812 0.778646 0.633789 0.778646 0.638672 0.785156 0.639648 0.785156 0.642578 0.789062 0.643555 0.789062 0.647461 0.794271 0.648438 0.794271 0.651367 0.798177 0.652344 0.798177 0.655273 0.802083 0.65625 0.802083 0.658203 0.804688 0.658203 0.808594 0.658203 0.804688 0.65918 0.803385 0.661133 0.803385 0.662109 0.802083 0.663086 0.802083 0.666016 0.798177 0.666016 0.796875 0.666992 0.795573 0.666992 0.794271 0.668945 0.791667 0.668945 0.790365 0.669922 0.789062 0.669922 0.78776 0.671875 0.785156 0.671875 0.783854 0.673828 0.78125 0.676758 0.78125 0.676758 0.759115 0.672852 0.759115 0.669922 0.755208 0.668945 0.755208 0.664062 0.748698 0.663086 0.748698 0.655273 0.738281 0.654297 0.738281 0.640625 0.720052 0.640625 0.71875 0.632812 0.708333 0.632812 0.707031 0.625977 0.697917 0.625977 0.696615 0.625 0.696615 0.62207 0.692708 0.621094 0.692708 0.612305 0.68099 0.612305 0.679688 0.608398 0.674479 0.608398 0.673177 0.607422 0.671875 0.606445 0.671875 0.605469 0.670573 0.605469 0.669271 0.600586 0.66276 0.600586 0.661458 0.598633 0.658854 0.598633 0.657552 0.59375 0.651042 0.59375 0.64974 0.591797 0.647135 0.591797 0.645833 0.588867 0.641927 0.588867 0.640625 0.585938 0.636719 0.585938 0.635417 0.583008 0.63151 0.583008 0.630208 0.576172 0.621094 0.576172 0.619792 0.573242 0.615885 0.573242 0.611979
1 0.896484 0.351562 0.896484 0.393229 0.899414 0.393229 0.901367 0.395833 0.901367 0.397135 0.902344 0.398438 0.902344 0.39974 0.90332 0.401042 0.90332 0.402344 0.905273 0.404948 0.905273 0.40625 0.907227 0.408854 0.907227 0.410156 0.908203 0.411458 0.908203 0.41276 0.911133 0.416667 0.911133 0.417969 0.914062 0.421875 0.914062 0.423177 0.917969 0.428385 0.918945 0.428385 0.920898 0.43099 0.921875 0.43099 0.922852 0.432292 0.923828 0.432292 0.924805 0.433594 0.925781 0.433594 0.928711 0.4375 0.929688 0.4375 0.933594 0.442708 0.933594 0.44401 0.935547 0.446615 0.935547 0.447917 0.936523 0.449219 0.936523 0.453125 0.9375 0.454427 0.9375 0.458333 0.938477 0.459635 0.938477 0.464844 0.939453 0.466146 0.939453 0.46875 0.94043 0.470052 0.94043 0.47526 0.941406 0.476562 0.941406 0.480469 0.942383 0.481771 0.942383 0.486979 0.943359 0.488281 0.943359 0.492188 0.944336 0.49349 0.944336 0.497396 0.945312 0.498698 0.945312 0.507812 0.946289 0.509115 0.946289 0.527344 0.947266 0.528646 0.947266 0.532552 0.946289 0.533854 0.946289 0.563802 0.945312 0.565104 0.945312 0.570312 0.944336 0.571615 0.944336 0.576823 0.943359 0.578125 0.943359 0.585938 0.945312 0.588542 0.945312 0.589844 0.946289 0.589844 0.948242 0.592448 0.949219 0.592448 0.952148 0.596354 0.952148 0.60026 0.964844 0.60026 0.964844 0.596354 0.972656 0.585938 0.972656 0.584635 0.974609 0.582031 0.974609 0.580729 0.975586 0.579427 0.975586 0.576823 0.976562 0.575521 0.976562 0.572917 0.977539 0.571615 0.977539 0.56901 0.978516 0.567708 0.981445 0.567708 0.981445 0.546875 0.978516 0.546875 0.977539 0.545573 0.977539 0.544271 0.976562 0.542969 0.976562 0.539062 0.975586 0.53776 0.975586 0.533854 0.974609 0.532552 0.974609 0.52474 0.973633 0.523438 0.973633 0.516927 0.972656 0.515625 0.972656 0.513021 0.97168 0.511719 0.97168 0.509115 0.970703 0.507812 0.970703 0.5 0.969727 0.498698 0.969727 0.49349 0.96875 0.492188 0.96875 0.486979 0.967773 0.485677 0.967773 0.481771 0.966797 0.480469 0.966797 0.477865 0.96582 0.476562 0.96582 0.472656 0.964844 0.471354 0.964844 0.46875 0.963867 0.467448 0.963867 0.463542 0.962891 0.46224 0.962891 0.455729 0.961914 0.454427 0.961914 0.445312 0.960938 0.44401 0.960938 0.440104 0.959961 0.438802 0.959961 0.436198 0.958984 0.434896 0.958984 0.432292 0.958008 0.43099 0.958008 0.429688 0.957031 0.428385 0.957031 0.427083 0.956055 0.425781 0.956055 0.424479 0.955078 0.423177 0.955078 0.420573 0.954102 0.419271 0.954102 0.417969 0.953125 0.416667 0.953125 0.415365 0.952148 0.414062 0.952148 0.411458 0.951172 0.410156 0.951172 0.407552 0.950195 0.40625 0.950195 0.403646 0.949219 0.402344 0.949219 0.401042 0.948242 0.39974 0.948242 0.398438 0.947266 0.397135 0.947266 0.395833 0.946289 0.394531 0.946289 0.393229 0.942383 0.388021 0.942383 0.386719 0.929688 0.369792 0.929688 0.36849 0.921875 0.358073 0.920898 0.358073 0.919922 0.356771 0.919922 0.351562
1 0.824219 0.393229 0.824219 0.397135 0.822266 0.39974 0.821289 0.39974 0.818359 0.403646 0.817383 0.403646 0.816406 0.404948 0.81543 0.404948 0.814453 0.40625 0.813477 0.40625 0.811523 0.408854 0.810547 0.408854 0.80957 0.410156 0.808594 0.410156 0.807617 0.411458 0.806641 0.411458 0.805664 0.41276 0.804688 0.41276 0.802734 0.415365 0.801758 0.415365 0.800781 0.416667 0.799805 0.416667 0.797852 0.419271 0.796875 0.419271 0.795898 0.420573 0.794922 0.420573 0.791992 0.424479 0.791016 0.424479 0.789062 0.427083 0.788086 0.427083 0.785156 0.43099 0.78418 0.43099 0.783203 0.432292 0.782227 0.432292 0.779297 0.436198 0.77832 0.436198 0.777344 0.4375 0.776367 0.4375 0.775391 0.438802 0.774414 0.438802 0.773438 0.440104 0.772461 0.440104 0.771484 0.441406 0.769531 0.441406 0.768555 0.442708 0.766602 0.442708 0.765625 0.44401 0.764648 0.44401 0.763672 0.445312 0.762695 0.445312 0.761719 0.446615 0.760742 0.446615 0.759766 0.447917 0.758789 0.447917 0.757812 0.449219 0.756836 0.449219 0.755859 0.450521 0.754883 0.450521 0.75293 0.453125 0.751953 0.453125 0.75 0.455729 0.749023 0.455729 0.746094 0.459635 0.745117 0.459635 0.743164 0.46224 0.742188 0.46224 0.741211 0.463542 0.740234 0.463542 0.738281 0.466146 0.737305 0.466146 0.733398 0.471354 0.732422 0.471354 0.732422 0.472656 0.728516 0.477865 0.724609 0.477865 0.724609 0.505208 0.727539 0.505208 0.728516 0.50651 0.729492 0.50651 0.730469 0.507812 0.731445 0.507812 0.732422 0.509115 0.733398 0.509115 0.734375 0.510417 0.735352 0.510417 0.737305 0.513021 0.737305 0.516927 0.757812 0.516927 0.757812 0.513021 0.758789 0.511719 0.760742 0.511719 0.761719 0.510417 0.765625 0.510417 0.766602 0.509115 0.768555 0.509115 0.769531 0.507812 0.771484 0.507812 0.772461 0.50651 0.773438 0.50651 0.774414 0.505208 0.776367 0.505208 0.777344 0.503906 0.779297 0.503906 0.780273 0.502604 0.782227 0.502604 0.783203 0.501302 0.78418 0.501302 0.785156 0.5 0.786133 0.5 0.787109 0.498698 0.788086 0.498698 0.789062 0.497396 0.790039 0.497396 0.791992 0.494792 0.792969 0.494792 0.793945 0.49349 0.795898 0.49349 0.796875 0.492188 0.797852 0.492188 0.798828 0.490885 0.799805 0.490885 0.801758 0.488281 0.803711 0.488281 0.804688 0.486979 0.805664 0.486979 0.806641 0.485677 0.807617 0.485677 0.808594 0.484375 0.80957 0.484375 0.810547 0.483073 0.811523 0.483073 0.8125 0.481771 0.813477 0.481771 0.814453 0.480469 0.81543 0.480469 0.816406 0.479167 0.817383 0.479167 0.818359 0.477865 0.819336 0.477865 0.821289 0.47526 0.822266 0.47526 0.823242 0.473958 0.824219 0.473958 0.826172 0.471354 0.827148 0.471354 0.828125 0.470052 0.829102 0.470052 0.830078 0.46875 0.832031 0.46875 0.833008 0.467448 0.834961 0.467448 0.835938 0.466146 0.836914 0.466146 0.838867 0.463542 0.839844 0.463542 0.84082 0.46224 0.841797 0.46224 0.844727 0.458333 0.845703 0.458333 0.856445 0.44401 0.857422 0.44401 0.860352 0.440104 0.861328 0.440104 0.862305 0.438802 0.863281 0.438802 0.864258 0.4375 0.868164 0.4375 0.869141 0.438802 0.870117 0.438802 0.87207 0.441406 0.875977 0.441406 0.875977 0.414062 0.87207 0.414062 0.871094 0.41276 0.870117 0.41276 0.868164 0.410156 0.867188 0.410156 0.863281 0.404948 0.862305 0.404948 0.860352 0.402344 0.859375 0.402344 0.858398 0.401042 0.857422 0.401042 0.856445 0.39974 0.855469 0.39974 0.853516 0.397135 0.853516 0.393229
1 0.667969 0.450521 0.667969 0.454427 0.665039 0.458333 0.664062 0.458333 0.662109 0.460938 0.661133 0.460938 0.660156 0.46224 0.658203 0.46224 0.657227 0.463542 0.65332 0.463542 0.652344 0.464844 0.650391 0.464844 0.649414 0.466146 0.647461 0.466146 0.646484 0.467448 0.644531 0.467448 0.643555 0.46875 0.641602 0.46875 0.640625 0.470052 0.638672 0.470052 0.637695 0.471354 0.635742 0.471354 0.62793 0.481771 0.626953 0.481771 0.625977 0.483073 0.625 0.483073 0.62207 0.486979 0.621094 0.486979 0.620117 0.488281 0.620117 0.489583 0.619141 0.490885 0.618164 0.490885 0.603516 0.510417 0.602539 0.510417 0.599609 0.514323 0.598633 0.514323 0.597656 0.515625 0.59668 0.515625 0.594727 0.518229 0.592773 0.518229 0.59082 0.520833 0.589844 0.520833 0.587891 0.523438 0.583984 0.523438 0.583984 0.561198 0.587891 0.561198 0.588867 0.5625 0.59082 0.5625 0.591797 0.563802 0.592773 0.563802 0.59375 0.565104 0.59375 0.56901 0.607422 0.56901 0.607422 0.563802 0.608398 0.5625 0.608398 0.561198 0.613281 0.554688 0.614258 0.554688 0.621094 0.545573 0.62207 0.545573 0.624023 0.542969 0.625 0.542969 0.626953 0.540365 0.62793 0.540365 0.628906 0.539062 0.629883 0.539062 0.631836 0.536458 0.632812 0.536458 0.638672 0.528646 0.638672 0.527344 0.643555 0.520833 0.643555 0.519531 0.652344 0.507812 0.65332 0.507812 0.65625 0.503906 0.657227 0.503906 0.661133 0.498698 0.662109 0.498698 0.664062 0.496094 0.665039 0.496094 0.667969 0.492188 0.668945 0.492188 0.670898 0.489583 0.671875 0.489583 0.673828 0.486979 0.674805 0.486979 0.678711 0.481771 0.678711 0.480469 0.682617 0.47526 0.682617 0.473958 0.68457 0.471354 0.68457 0.470052 0.685547 0.46875 0.685547 0.467448 0.686523 0.466146 0.686523 0.458333 0.6875 0.457031 0.6875 0.450521
1 0.0849609 0.393229 0.0849609 0.397135 0.0810547 0.402344 0.0810547 0.403646 0.0800781 0.404948 0.0791016 0.404948 0.0791016 0.40625 0.0761719 0.410156 0.0761719 0.411458 0.0732422 0.415365 0.0732422 0.416667 0.0722656 0.417969 0.0722656 0.419271 0.0712891 0.420573 0.0712891 0.421875 0.0703125 0.423177 0.0703125 0.424479 0.0683594 0.427083 0.0683594 0.428385 0.0664062 0.43099 0.0664062 0.432292 0.0644531 0.434896 0.0644531 0.436198 0.0625 0.438802 0.0625 0.440104 0.0615234 0.441406 0.0615234 0.442708 0.0605469 0.44401 0.0605469 0.445312 0.0595703 0.446615 0.0595703 0.449219 0.0585938 0.450521 0.0585938 0.454427 0.0576172 0.455729 0.0576172 0.460938 0.0566406 0.46224 0.0566406 0.463542 0.0556641 0.464844 0.0556641 0.46875 0.0546875 0.470052 0.0546875 0.473958 0.0537109 0.47526 0.0537109 0.479167 0.0527344 0.480469 0.0527344 0.484375 0.0517578 0.485677 0.0517578 0.488281 0.0507812 0.489583 0.0507812 0.492188 0.0498047 0.49349 0.0498047 0.496094 0.0488281 0.497396 0.0488281 0.5 0.0478516 0.501302 0.0478516 0.50651 0.046875 0.507812 0.046875 0.510417 0.0458984 0.511719 0.0458984 0.513021 0.0449219 0.514323 0.0449219 0.515625 0.0439453 0.516927 0.0410156 0.516927 0.0410156 0.55599 0.0439453 0.55599 0.0517578 0.566406 0.0527344 0.566406 0.0537109 0.567708 0.0566406 0.567708 0.0576172 0.566406 0.0595703 0.566406 0.0605469 0.565104 0.0615234 0.565104 0.0625 0.563802 0.0634766 0.563802 0.0654297 0.561198 0.0664062 0.561198 0.0751953 0.549479 0.0751953 0.548177 0.0771484 0.545573 0.0771484 0.544271 0.0791016 0.541667 0.0791016 0.540365 0.0800781 0.539062 0.0800781 0.53776 0.0810547 0.536458 0.0810547 0.535156 0.0820312 0.533854 0.0820312 0.532552 0.0830078 0.53125 0.0830078 0.529948 0.0839844 0.528646 0.0839844 0.526042 0.0849609 0.52474 0.0849609 0.523438 0.0859375 0.522135 0.0859375 0.519531 0.0869141 0.518229 0.0869141 0.516927 0.0878906 0.515625 0.0878906 0.513021 0.0888672 0.511719 0.0888672 0.507812 0.0898438 0.50651 0.0898438 0.505208 0.0908203 0.503906 0.0908203 0.501302 0.0917969 0.5 0.0917969 0.497396 0.0927734 0.496094 0.0927734 0.49349 0.09375 0.492188 0.09375 0.489583 0.0947266 0.488281 0.0947266 0.484375 0.0957031 0.483073 0.0957031 0.480469 0.0966797 0.479167 0.0966797 0.476562 0.0976562 0.47526 0.0976562 0.471354 0.0986328 0.470052 0.0986328 0.467448 0.0996094 0.466146 0.0996094 0.463542 0.100586 0.46224 0.100586 0.458333 0.101562 0.457031 0.101562 0.453125 0.102539 0.451823 0.102539 0.450521 0.103516 0.449219 0.103516 0.445312 0.104492 0.44401 0.104492 0.438802 0.105469 0.4375 0.105469 0.432292 0.106445 0.43099 0.106445 0.428385 0.107422 0.427083 0.110352 0.427083 0.110352 0.410156 0.107422 0.410156 0.106445 0.408854 0.106445 0.407552 0.105469 0.40625 0.105469 0.404948 0.104492 0.403646 0.104492 0.402344 0.103516 0.401042 0.102539 0.401042 0.100586 0.398438 0.100586 0.393229
1 0.723633 0.408854 0.723633 0.41276 0.719727 0.417969 0.71875 0.417969 0.71582 0.421875 0.714844 0.421875 0.708984 0.429688 0.708008 0.429688 0.705078 0.433594 0.704102 0.433594 0.702148 0.436198 0.701172 0.436198 0.699219 0.438802 0.698242 0.438802 0.695312 0.442708 0.694336 0.442708 0.692383 0.445312 0.692383 0.446615 0.691406 0.447917 0.691406 0.449219 0.69043 0.450521 0.69043 0.451823 0.689453 0.453125 0.689453 0.455729 0.688477 0.457031 0.688477 0.460938 0.6875 0.46224 0.6875 0.466146 0.686523 0.467448 0.686523 0.46875 0.685547 0.470052 0.685547 0.471354 0.68457 0.472656 0.68457 0.473958 0.680664 0.479167 0.680664 0.480469 0.674805 0.488281 0.673828 0.488281 0.671875 0.490885 0.670898 0.490885 0.666992 0.496094 0.666016 0.496094 0.663086 0.5 0.662109 0.5 0.65332 0.511719 0.65332 0.513021 0.649414 0.518229 0.646484 0.518229 0.646484 0.565104 0.649414 0.565104 0.651367 0.567708 0.651367 0.56901 0.65332 0.571615 0.65332 0.572917 0.654297 0.574219 0.654297 0.575521 0.655273 0.576823 0.655273 0.578125 0.657227 0.580729 0.657227 0.582031 0.658203 0.583333 0.658203 0.584635 0.660156 0.58724 0.660156 0.588542 0.661133 0.589844 0.661133 0.592448 0.662109 0.59375 0.662109 0.595052 0.663086 0.596354 0.663086 0.597656 0.664062 0.598958 0.664062 0.60026 0.665039 0.601562 0.665039 0.602865 0.666016 0.604167 0.666016 0.605469 0.666992 0.606771 0.667969 0.606771 0.668945 0.608073 0.669922 0.608073 0.679688 0.595052 0.679688 0.59375 0.680664 0.592448 0.680664 0.591146 0.681641 0.589844 0.681641 0.588542 0.682617 0.58724 0.682617 0.585938 0.683594 0.584635 0.683594 0.582031 0.68457 0.580729 0.68457 0.579427 0.685547 0.578125 0.685547 0.574219 0.686523 0.572917 0.686523 0.570312 0.6875 0.56901 0.6875 0.566406 0.688477 0.565104 0.688477 0.563802 0.689453 0.5625 0.689453 0.558594 0.69043 0.557292 0.69043 0.554688 0.691406 0.553385 0.691406 0.550781 0.692383 0.549479 0.692383 0.546875 0.693359 0.545573 0.693359 0.542969 0.694336 0.541667 0.694336 0.53776 0.695312 0.536458 0.695312 0.532552 0.696289 0.53125 0.696289 0.527344 0.697266 0.526042 0.697266 0.522135 0.698242 0.520833 0.698242 0.515625 0.699219 0.514323 0.699219 0.509115 0.700195 0.507812 0.700195 0.505208 0.701172 0.503906 0.701172 0.502604 0.702148 0.501302 0.702148 0.498698 0.703125 0.497396 0.703125 0.494792 0.704102 0.49349 0.704102 0.490885 0.705078 0.489583 0.705078 0.488281 0.706055 0.486979 0.706055 0.485677 0.708008 0.483073 0.708008 0.481771 0.710938 0.477865 0.710938 0.476562 0.71582 0.470052 0.71582 0.46875 0.71875 0.464844 0.71875 0.463542 0.72168 0.459635 0.72168 0.458333 0.722656 0.457031 0.722656 0.454427 0.723633 0.453125 0.723633 0.450521 0.724609 0.449219 0.724609 0.446615 0.725586 0.445312 0.725586 0.442708 0.726562 0.441406 0.726562 0.440104 0.727539 0.438802 0.727539 0.4375 0.728516 0.436198 0.728516 0.434896 0.729492 0.433594 0.729492 0.432292 0.730469 0.43099 0.730469 0.429688 0.732422 0.427083 0.732422 0.425781 0.733398 0.424479 0.733398 0.421875 0.734375 0.420573 0.734375 0.419271 0.735352 0.417969 0.735352 0.416667 0.736328 0.415365 0.736328 0.414062 0.737305 0.41276 0.737305 0.408854
1 0.823242 0.669271 0.823242 0.677083 0.822266 0.678385 0.822266 0.683594 0.823242 0.684896 0.823242 0.695312 0.824219 0.696615 0.824219 0.763021 0.823242 0.764323 0.823242 0.785156 0.822266 0.786458 0.822266 0.798177 0.821289 0.799479 0.821289 0.813802 0.820312 0.815104 0.820312 0.824219 0.819336 0.825521 0.819336 0.832031 0.818359 0.833333 0.818359 0.842448 0.817383 0.84375 0.817383 0.854167 0.816406 0.855469 0.816406 0.861979 0.81543 0.863281 0.81543 0.865885 0.814453 0.867188 0.814453 0.871094 0.813477 0.872396 0.813477 0.875 0.8125 0.876302 0.8125 0.880208 0.811523 0.88151 0.811523 0.884115 0.810547 0.885417 0.810547 0.886719 0.80957 0.888021 0.80957 0.891927 0.808594 0.893229 0.808594 0.895833 0.807617 0.897135 0.807617 0.898438 0.806641 0.89974 0.806641 0.901042 0.805664 0.902344 0.802734 0.902344 0.802734 0.928385 0.835938 0.928385 0.835938 0.924479 0.839844 0.919271 0.839844 0.917969 0.84082 0.916667 0.84082 0.914062 0.841797 0.91276 0.841797 0.911458 0.84375 0.908854 0.84375 0.90625 0.844727 0.904948 0.844727 0.903646 0.845703 0.902344 0.845703 0.89974 0.84668 0.898438 0.84668 0.895833 0.847656 0.894531 0.847656 0.891927 0.848633 0.890625 0.848633 0.888021 0.849609 0.886719 0.849609 0.882812 0.850586 0.88151 0.850586 0.83724 0.851562 0.835938 0.851562 0.828125 0.852539 0.826823 0.852539 0.820312 0.853516 0.81901 0.853516 0.811198 0.854492 0.809896 0.854492 0.800781 0.855469 0.799479 0.855469 0.791667 0.856445 0.790365 0.856445 0.785156 0.857422 0.783854 0.857422 0.77474 0.858398 0.773438 0.858398 0.761719 0.859375 0.760417 0.859375 0.739583 0.858398 0.738281 0.858398 0.726562 0.857422 0.72526 0.857422 0.71875 0.856445 0.717448 0.856445 0.713542 0.855469 0.71224 0.855469 0.709635 0.854492 0.708333 0.854492 0.704427 0.853516 0.703125 0.853516 0.700521 0.852539 0.699219 0.852539 0.697917 0.850586 0.695312 0.850586 0.69401 0.845703 0.6875 0.845703 0.686198 0.844727 0.684896 0.84375 0.684896 0.841797 0.682292 0.84082 0.682292 0.835938 0.675781 0.835938 0.674479 0.834961 0.673177 0.834961 0.669271
1 0.587891 0.783854 0.587891 0.828125 0.59082 0.828125 0.59375 0.832031 0.59375 0.833333 0.594727 0.834635 0.594727 0.835938 0.595703 0.83724 0.595703 0.838542 0.597656 0.841146 0.597656 0.842448 0.598633 0.84375 0.598633 0.845052 0.599609 0.846354 0.599609 0.847656 0.600586 0.848958 0.600586 0.85026 0.602539 0.852865 0.602539 0.855469 0.603516 0.856771 0.603516 0.858073 0.605469 0.860677 0.605469 0.861979 0.607422 0.864583 0.607422 0.865885 0.610352 0.869792 0.610352 0.871094 0.611328 0.872396 0.611328 0.873698 0.613281 0.876302 0.613281 0.877604 0.614258 0.878906 0.614258 0.880208 0.62207 0.890625 0.62207 0.891927 0.629883 0.902344 0.629883 0.903646 0.630859 0.903646 0.634766 0.908854 0.635742 0.908854 0.638672 0.91276 0.638672 0.914062 0.640625 0.916667 0.640625 0.917969 0.641602 0.919271 0.641602 0.923177 0.65332 0.923177 0.65332 0.917969 0.652344 0.916667 0.652344 0.908854 0.654297 0.90625 0.657227 0.90625 0.657227 0.875 0.654297 0.875 0.652344 0.872396 0.652344 0.869792 0.651367 0.86849 0.651367 0.865885 0.650391 0.864583 0.650391 0.863281 0.649414 0.861979 0.649414 0.858073 0.648438 0.856771 0.648438 0.852865 0.647461 0.851562 0.647461 0.848958 0.646484 0.847656 0.646484 0.845052 0.645508 0.84375 0.645508 0.839844 0.644531 0.838542 0.644531 0.835938 0.643555 0.834635 0.643555 0.833333 0.642578 0.832031 0.642578 0.830729 0.641602 0.829427 0.641602 0.828125 0.640625 0.826823 0.640625 0.824219 0.639648 0.822917 0.639648 0.820312 0.638672 0.81901 0.638672 0.817708 0.637695 0.816406 0.637695 0.815104 0.636719 0.813802 0.636719 0.811198 0.635742 0.809896 0.635742 0.807292 0.634766 0.80599 0.634766 0.804688 0.632812 0.802083 0.632812 0.800781 0.625 0.790365 0.624023 0.790365 0.623047 0.789062 0.623047 0.783854
1 0.173828 0.304688 0.173828 0.308594 0.172852 0.309896 0.169922 0.309896 0.169922 0.338542 0.173828 0.338542 0.176758 0.342448 0.176758 0.34375 0.178711 0.346354 0.179688 0.346354 0.195312 0.367188 0.196289 0.367188 0.200195 0.372396 0.201172 0.372396 0.204102 0.376302 0.205078 0.376302 0.206055 0.377604 0.207031 0.377604 0.208008 0.378906 0.208984 0.378906 0.210938 0.38151 0.211914 0.38151 0.212891 0.382812 0.213867 0.382812 0.21582 0.385417 0.216797 0.385417 0.21875 0.388021 0.219727 0.388021 0.220703 0.389323 0.22168 0.389323 0.222656 0.390625 0.223633 0.390625 0.224609 0.391927 0.225586 0.391927 0.226562 0.393229 0.227539 0.393229 0.228516 0.394531 0.230469 0.394531 0.231445 0.395833 0.232422 0.395833 0.233398 0.397135 0.234375 0.397135 0.235352 0.398438 0.236328 0.398438 0.237305 0.39974 0.238281 0.39974 0.239258 0.401042 0.241211 0.401042 0.243164 0.403646 0.244141 0.403646 0.245117 0.404948 0.246094 0.404948 0.248047 0.407552 0.249023 0.407552 0.251953 0.411458 0.25293 0.411458 0.254883 0.414062 0.255859 0.414062 0.257812 0.416667 0.258789 0.416667 0.260742 0.419271 0.261719 0.419271 0.263672 0.421875 0.264648 0.421875 0.266602 0.424479 0.267578 0.424479 0.268555 0.425781 0.269531 0.425781 0.271484 0.428385 0.272461 0.428385 0.274414 0.43099 0.275391 0.43099 0.276367 0.432292 0.277344 0.432292 0.279297 0.434896 0.280273 0.434896 0.28125 0.436198 0.282227 0.436198 0.28418 0.438802 0.285156 0.438802 0.286133 0.440104 0.287109 0.440104 0.289062 0.442708 0.290039 0.442708 0.291992 0.445312 0.291992 0.449219 0.307617 0.449219 0.307617 0.44401 0.310547 0.440104 0.313477 0.440104 0.313477 0.416667 0.310547 0.416667 0.30957 0.415365 0.30957 0.410156 0.310547 0.408854 0.313477 0.408854 0.310547 0.408854 0.30957 0.407552 0.30957 0.403646 0.308594 0.402344 0.308594 0.39974 0.307617 0.398438 0.307617 0.397135 0.306641 0.395833 0.306641 0.394531 0.303711 0.390625 0.303711 0.389323 0.295898 0.378906 0.294922 0.378906 0.290039 0.372396 0.289062 0.372396 0.286133 0.36849 0.285156 0.36849 0.282227 0.364583 0.28125 0.364583 0.27832 0.360677 0.277344 0.360677 0.276367 0.359375 0.275391 0.359375 0.274414 0.358073 0.273438 0.358073 0.272461 0.356771 0.271484 0.356771 0.270508 0.355469 0.268555 0.355469 0.267578 0.354167 0.266602 0.354167 0.265625 0.352865 0.264648 0.352865 0.263672 0.351562 0.262695 0.351562 0.261719 0.35026 0.260742 0.35026 0.259766 0.348958 0.258789 0.348958 0.257812 0.347656 0.255859 0.347656 0.254883 0.346354 0.25293 0.346354 0.251953 0.345052 0.249023 0.345052 0.248047 0.34375 0.243164 0.34375 0.242188 0.342448 0.240234 0.342448 0.239258 0.341146 0.238281 0.341146 0.237305 0.339844 0.236328 0.339844 0.235352 0.338542 0.234375 0.338542 0.233398 0.33724 0.232422 0.33724 0.231445 0.335938 0.230469 0.335938 0.228516 0.333333 0.227539 0.333333 0.226562 0.332031 0.225586 0.332031 0.224609 0.330729 0.223633 0.330729 0.222656 0.329427 0.220703 0.329427 0.219727 0.328125 0.217773 0.328125 0.216797 0.326823 0.214844 0.326823 0.213867 0.325521 0.211914 0.325521 0.210938 0.324219 0.208984 0.324219 0.208008 0.322917 0.206055 0.322917 0.205078 0.321615 0.203125 0.321615 0.202148 0.320312 0.200195 0.320312 0.199219 0.31901 0.198242 0.31901 0.197266 0.317708 0.196289 0.317708 0.195312 0.316406 0.193359 0.316406 0.188477 0.309896 0.188477 0.304688
1 0.579102 0.559896 0.579102 0.563802 0.578125 0.565104 0.578125 0.566406 0.577148 0.567708 0.577148 0.56901 0.575195 0.571615 0.575195 0.572917 0.573242 0.575521 0.573242 0.578125 0.571289 0.580729 0.571289 0.582031 0.570312 0.583333 0.570312 0.584635 0.569336 0.585938 0.569336 0.58724 0.567383 0.589844 0.564453 0.589844 0.564453 0.611979 0.569336 0.611979 0.570312 0.613281 0.571289 0.613281 0.572266 0.614583 0.573242 0.614583 0.574219 0.615885 0.575195 0.615885 0.576172 0.617188 0.577148 0.617188 0.578125 0.61849 0.579102 0.61849 0.581055 0.621094 0.582031 0.621094 0.583008 0.622396 0.583984 0.622396 0.584961 0.623698 0.585938 0.623698 0.586914 0.625 0.587891 0.625 0.588867 0.626302 0.591797 0.626302 0.592773 0.627604 0.595703 0.627604 0.59668 0.628906 0.597656 0.628906 0.598633 0.630208 0.600586 0.630208 0.601562 0.63151 0.603516 0.63151 0.604492 0.632812 0.606445 0.632812 0.607422 0.634115 0.609375 0.634115 0.610352 0.635417 0.612305 0.635417 0.613281 0.636719 0.614258 0.636719 0.615234 0.638021 0.619141 0.638021 0.620117 0.639323 0.623047 0.639323 0.624023 0.640625 0.625 0.640625 0.626953 0.643229 0.626953 0.647135 0.638672 0.647135 0.638672 0.643229 0.642578 0.638021 0.642578 0.636719 0.643555 0.635417 0.643555 0.634115 0.644531 0.632812 0.644531 0.63151 0.645508 0.630208 0.645508 0.628906 0.646484 0.627604 0.649414 0.627604 0.649414 0.626302 0.646484 0.626302 0.645508 0.625 0.645508 0.623698 0.644531 0.622396 0.644531 0.621094 0.643555 0.619792 0.643555 0.61849 0.641602 0.615885 0.641602 0.614583 0.640625 0.614583 0.639648 0.613281 0.639648 0.611979 0.630859 0.60026 0.629883 0.60026 0.624023 0.592448 0.623047 0.592448 0.620117 0.588542 0.619141 0.588542 0.615234 0.583333 0.614258 0.583333 0.610352 0.578125 0.609375 0.578125 0.605469 0.572917 0.604492 0.572917 0.602539 0.570312 0.601562 0.570312 0.600586 0.56901 0.600586 0.567708 0.599609 0.567708 0.598633 0.566406 0.595703 0.566406 0.594727 0.565104 0.59375 0.565104 0.592773 0.563802 0.592773 0.559896
1 0.178711 0.611979 0.178711 0.615885 0.176758 0.61849 0.173828 0.61849 0.173828 0.709635 0.176758 0.709635 0.177734 0.710938 0.177734 0.71224 0.178711 0.713542 0.178711 0.71875 0.179688 0.720052 0.179688 0.726562 0.180664 0.727865 0.180664 0.736979 0.181641 0.738281 0.181641 0.744792 0.182617 0.746094 0.182617 0.755208 0.183594 0.75651 0.183594 0.764323 0.18457 0.765625 0.18457 0.769531 0.185547 0.770833 0.185547 0.773438 0.186523 0.77474 0.186523 0.778646 0.1875 0.779948 0.1875 0.782552 0.188477 0.783854 0.188477 0.785156 0.189453 0.786458 0.189453 0.78776 0.19043 0.789062 0.19043 0.790365 0.191406 0.791667 0.191406 0.792969 0.192383 0.794271 0.192383 0.795573 0.194336 0.798177 0.194336 0.799479 0.198242 0.804688 0.199219 0.804688 0.201172 0.807292 0.203125 0.807292 0.204102 0.808594 0.208984 0.808594 0.209961 0.807292 0.210938 0.807292 0.211914 0.80599 0.212891 0.80599 0.214844 0.803385 0.21582 0.803385 0.21875 0.799479 0.21875 0.798177 0.220703 0.795573 0.220703 0.794271 0.22168 0.792969 0.22168 0.791667 0.222656 0.790365 0.222656 0.786458 0.223633 0.785156 0.223633 0.783854 0.224609 0.782552 0.227539 0.782552 0.227539 0.757812 0.224609 0.757812 0.223633 0.75651 0.223633 0.753906 0.222656 0.752604 0.222656 0.747396 0.22168 0.746094 0.22168 0.739583 0.220703 0.738281 0.220703 0.731771 0.219727 0.730469 0.219727 0.723958 0.21875 0.722656 0.21875 0.708333 0.217773 0.707031 0.217773 0.679688 0.216797 0.678385 0.216797 0.667969 0.21582 0.666667 0.21582 0.66276 0.214844 0.661458 0.214844 0.658854 0.213867 0.657552 0.213867 0.65625 0.212891 0.654948 0.212891 0.652344 0.211914 0.651042 0.211914 0.648438 0.210938 0.647135 0.210938 0.645833 0.209961 0.644531 0.209961 0.643229 0.208984 0.641927 0.208984 0.640625 0.208008 0.639323 0.208008 0.638021 0.207031 0.636719 0.207031 0.635417 0.205078 0.632812 0.205078 0.63151 0.202148 0.627604 0.202148 0.626302 0.195312 0.617188 0.195312 0.611979
1 0.0439453 0.433594 0.0449219 0.434896 0.0458984 0.433594 0.046875 0.433594 0.0439453 0.429688 0.0439453 0.433594 0.0390625 0.436198 0.0371094 0.433594 0.0371094 0.432292 0.0351562 0.429688 0.0351562 0.424479 0.0214844 0.424479 0.0214844 0.428385 0.0185547 0.432292 0.0185547 0.433594 0.015625 0.4375 0.015625 0.438802 0.0146484 0.440104 0.0146484 0.441406 0.0136719 0.442708 0.0136719 0.445312 0.0126953 0.446615 0.0126953 0.450521 0.0117188 0.451823 0.0117188 0.455729 0.0107422 0.457031 0.0107422 0.46224 0.00976562 0.463542 0.00976562 0.467448 0.00878906 0.46875 0.00878906 0.472656 0.0078125 0.473958 0.0078125 0.480469 0.00683594 0.481771 0.00683594 0.485677 0.00585938 0.486979 0.00585938 0.489583 0.00488281 0.490885 0.00488281 0.492188 0.00390625 0.49349 0.00390625 0.496094 0.00292969 0.497396 0.00292969 0.501302 0.00195312 0.502604 0.00195312 0.503906 0.000976562 0.505208 0 0.505208 0 0.609375 0.000976562 0.609375 0.00390625 0.613281 0.00488281 0.613281 0.0107422 0.621094 0.0107422 0.626302 0.0224609 0.626302 0.0224609 0.622396 0.0244141 0.619792 0.0253906 0.619792 0.0332031 0.609375 0.0332031 0.608073 0.0341797 0.606771 0.0341797 0.605469 0.0361328 0.602865 0.0361328 0.601562 0.0371094 0.60026 0.0371094 0.597656 0.0380859 0.596354 0.0380859 0.595052 0.0390625 0.59375 0.0390625 0.592448 0.0400391 0.591146 0.0400391 0.58724 0.0410156 0.585938 0.0410156 0.580729 0.0419922 0.579427 0.0419922 0.572917 0.0429688 0.571615 0.0429688 0.557292 0.0419922 0.55599 0.0419922 0.548177 0.0410156 0.546875 0.0410156 0.535156 0.0419922 0.533854 0.0419922 0.529948 0.0429688 0.528646 0.0429688 0.526042 0.0439453 0.52474 0.0439453 0.520833 0.0449219 0.519531 0.0449219 0.514323 0.0458984 0.513021 0.0458984 0.507812 0.046875 0.50651 0.046875 0.502604 0.0478516 0.501302 0.0478516 0.497396 0.0488281 0.496094 0.0488281 0.492188 0.0498047 0.490885 0.0498047 0.486979 0.0507812 0.485677 0.0507812 0.481771 0.0517578 0.480469 0.0517578 0.476562 0.0527344 0.47526 0.0527344 0.467448 0.0517578 0.466146 0.0517578 0.463542 0.0507812 0.46224 0.0507812 0.460938 0.0498047 0.459635 0.0498047 0.457031 0.0478516 0.454427 0.0478516 0.451823 0.046875 0.450521 0.046875 0.449219 0.0429688 0.44401 0.0429688 0.442708 0.0390625 0.4375 0.0390625 0.436198
1 0.389648 0.263021 0.389648 0.266927 0.388672 0.268229 0.386719 0.268229 0.385742 0.269531 0.380859 0.269531 0.379883 0.270833 0.371094 0.270833 0.370117 0.272135 0.366211 0.272135 0.365234 0.273438 0.362305 0.273438 0.361328 0.27474 0.357422 0.27474 0.356445 0.276042 0.353516 0.276042 0.352539 0.277344 0.349609 0.277344 0.348633 0.278646 0.339844 0.278646 0.338867 0.279948 0.323242 0.279948 0.322266 0.278646 0.313477 0.278646 0.3125 0.277344 0.299805 0.277344 0.298828 0.276042 0.287109 0.276042 0.286133 0.277344 0.283203 0.277344 0.282227 0.278646 0.279297 0.278646 0.27832 0.279948 0.276367 0.279948 0.275391 0.28125 0.272461 0.28125 0.271484 0.282552 0.269531 0.282552 0.268555 0.283854 0.266602 0.283854 0.265625 0.285156 0.262695 0.285156 0.261719 0.286458 0.258789 0.286458 0.257812 0.28776 0.255859 0.28776 0.254883 0.289062 0.253906 0.289062 0.25293 0.290365 0.251953 0.290365 0.250977 0.291667 0.25 0.291667 0.248047 0.294271 0.246094 0.294271 0.245117 0.295573 0.244141 0.295573 0.243164 0.296875 0.242188 0.296875 0.241211 0.298177 0.240234 0.298177 0.239258 0.299479 0.238281 0.299479 0.237305 0.300781 0.236328 0.300781 0.235352 0.302083 0.234375 0.302083 0.233398 0.303385 0.232422 0.303385 0.231445 0.304688 0.228516 0.304688 0.228516 0.325521 0.233398 0.325521 0.234375 0.326823 0.236328 0.326823 0.237305 0.328125 0.239258 0.328125 0.240234 0.329427 0.244141 0.329427 0.245117 0.330729 0.246094 0.330729 0.24707 0.332031 0.250977 0.332031 0.251953 0.333333 0.255859 0.333333 0.256836 0.334635 0.259766 0.334635 0.260742 0.335938 0.280273 0.335938 0.28125 0.334635 0.303711 0.334635 0.304688 0.335938 0.3125 0.335938 0.313477 0.33724 0.322266 0.33724 0.323242 0.338542 0.337891 0.338542 0.338867 0.33724 0.344727 0.33724 0.345703 0.335938 0.347656 0.335938 0.348633 0.334635 0.349609 0.334635 0.350586 0.333333 0.352539 0.333333 0.353516 0.332031 0.355469 0.332031 0.356445 0.330729 0.358398 0.330729 0.359375 0.329427 0.361328 0.329427 0.362305 0.328125 0.365234 0.328125 0.366211 0.326823 0.373047 0.326823 0.374023 0.325521 0.379883 0.325521 0.380859 0.324219 0.382812 0.324219 0.383789 0.322917 0.385742 0.322917 0.386719 0.321615 0.388672 0.321615 0.389648 0.320312 0.390625 0.320312 0.391602 0.31901 0.393555 0.31901 0.394531 0.317708 0.395508 0.317708 0.396484 0.316406 0.398438 0.316406 0.399414 0.315104 0.402344 0.315104 0.40332 0.313802 0.40625 0.313802 0.407227 0.3125 0.411133 0.3125 0.412109 0.311198 0.415039 0.311198 0.416016 0.309896 0.418945 0.309896 0.419922 0.308594 0.420898 0.308594 0.421875 0.307292 0.422852 0.307292 0.423828 0.30599 0.424805 0.30599 0.425781 0.304688 0.426758 0.304688 0.428711 0.302083 0.429688 0.302083 0.435547 0.294271 0.438477 0.294271 0.438477 0.272135 0.435547 0.272135 0.433594 0.269531 0.433594 0.263021
1 0.519531 0.658854 0.519531 0.664062 0.512695 0.673177 0.512695 0.674479 0.511719 0.675781 0.511719 0.677083 0.510742 0.678385 0.510742 0.679688 0.509766 0.68099 0.509766 0.682292 0.508789 0.683594 0.508789 0.684896 0.507812 0.686198 0.507812 0.6875 0.506836 0.688802 0.506836 0.690104 0.505859 0.691406 0.505859 0.692708 0.504883 0.69401 0.504883 0.695312 0.503906 0.696615 0.503906 0.697917 0.499023 0.704427 0.498047 0.704427 0.495117 0.708333 0.494141 0.708333 0.492188 0.710938 0.491211 0.710938 0.489258 0.713542 0.488281 0.713542 0.487305 0.714844 0.486328 0.714844 0.485352 0.716146 0.482422 0.716146 0.482422 0.778646 0.485352 0.778646 0.487305 0.78125 0.487305 0.782552 0.488281 0.783854 0.488281 0.785156 0.489258 0.786458 0.489258 0.789062 0.490234 0.790365 0.490234 0.794271 0.491211 0.795573 0.491211 0.796875 0.492188 0.798177 0.492188 0.799479 0.493164 0.800781 0.493164 0.802083 0.494141 0.803385 0.494141 0.804688 0.496094 0.807292 0.496094 0.808594 0.50293 0.817708 0.50293 0.81901 0.503906 0.820312 0.503906 0.821615 0.505859 0.824219 0.505859 0.825521 0.521484 0.846354 0.521484 0.847656 0.536133 0.867188 0.537109 0.867188 0.545898 0.878906 0.546875 0.878906 0.548828 0.88151 0.549805 0.88151 0.550781 0.882812 0.550781 0.884115 0.551758 0.885417 0.551758 0.886719 0.552734 0.888021 0.553711 0.888021 0.555664 0.890625 0.561523 0.890625 0.563477 0.893229 0.564453 0.893229 0.564453 0.891927 0.56543 0.890625 0.56543 0.889323 0.566406 0.888021 0.566406 0.886719 0.56543 0.885417 0.56543 0.884115 0.564453 0.882812 0.564453 0.880208 0.563477 0.878906 0.563477 0.876302 0.5625 0.875 0.5625 0.873698 0.561523 0.872396 0.561523 0.871094 0.560547 0.869792 0.560547 0.865885 0.55957 0.864583 0.55957 0.863281 0.558594 0.861979 0.558594 0.859375 0.557617 0.858073 0.557617 0.855469 0.556641 0.854167 0.556641 0.852865 0.555664 0.851562 0.555664 0.848958 0.554688 0.847656 0.554688 0.846354 0.553711 0.845052 0.553711 0.84375 0.552734 0.842448 0.552734 0.841146 0.551758 0.839844 0.551758 0.838542 0.549805 0.835938 0.549805 0.834635 0.547852 0.832031 0.547852 0.830729 0.545898 0.828125 0.545898 0.826823 0.544922 0.825521 0.544922 0.824219 0.542969 0.821615 0.542969 0.820312 0.541016 0.817708 0.541016 0.816406 0.539062 0.813802 0.539062 0.8125 0.537109 0.809896 0.537109 0.808594 0.53418 0.804688 0.53418 0.803385 0.533203 0.802083 0.533203 0.800781 0.53125 0.798177 0.53125 0.796875 0.530273 0.795573 0.530273 0.794271 0.529297 0.792969 0.529297 0.790365 0.52832 0.789062 0.52832 0.785156 0.527344 0.783854 0.527344 0.78125 0.526367 0.779948 0.526367 0.77474 0.525391 0.773438 0.525391 0.768229 0.524414 0.766927 0.524414 0.763021 0.523438 0.761719 0.523438 0.726562 0.522461 0.72526 0.522461 0.709635 0.523438 0.708333 0.523438 0.700521 0.524414 0.699219 0.524414 0.692708 0.525391 0.691406 0.525391 0.68099 0.526367 0.679688 0.526367 0.674479 0.527344 0.673177 0.527344 0.670573 0.52832 0.669271 0.52832 0.666667 0.529297 0.665365 0.529297 0.658854
1 0.275391 0.00260417 0.275391 0.00651042 0.270508 0.0130208 0.270508 0.0143229 0.269531 0.015625 0.269531 0.0169271 0.268555 0.0182292 0.268555 0.0208333 0.267578 0.0221354 0.267578 0.0234375 0.266602 0.0247396 0.266602 0.0260417 0.264648 0.0286458 0.264648 0.0299479 0.262695 0.0325521 0.259766 0.0325521 0.259766 0.046875 0.264648 0.046875 0.265625 0.0481771 0.268555 0.0481771 0.269531 0.0494792 0.276367 0.0494792 0.277344 0.0507812 0.282227 0.0507812 0.283203 0.0520833 0.285156 0.0520833 0.286133 0.0533854 0.287109 0.0533854 0.288086 0.0546875 0.290039 0.0546875 0.291016 0.0559896 0.292969 0.0559896 0.294922 0.0585938 0.296875 0.0585938 0.297852 0.0598958 0.298828 0.0598958 0.300781 0.0625 0.301758 0.0625 0.302734 0.0638021 0.303711 0.0638021 0.304688 0.0651042 0.305664 0.0651042 0.306641 0.0664062 0.307617 0.0664062 0.30957 0.0690104 0.310547 0.0690104 0.311523 0.0703125 0.3125 0.0703125 0.314453 0.0729167 0.31543 0.0729167 0.317383 0.0755208 0.318359 0.0755208 0.319336 0.0768229 0.320312 0.0768229 0.322266 0.0794271 0.323242 0.0794271 0.324219 0.0807292 0.325195 0.0807292 0.326172 0.0820312 0.327148 0.0820312 0.328125 0.0833333 0.329102 0.0833333 0.330078 0.0846354 0.331055 0.0846354 0.332031 0.0859375 0.333984 0.0859375 0.334961 0.0872396 0.335938 0.0872396 0.336914 0.0885417 0.337891 0.0885417 0.339844 0.0911458 0.34082 0.0911458 0.341797 0.0924479 0.342773 0.0924479 0.34375 0.09375 0.344727 0.09375 0.347656 0.0976562 0.348633 0.0976562 0.356445 0.108073 0.357422 0.108073 0.358398 0.109375 0.359375 0.109375 0.361328 0.111979 0.362305 0.111979 0.366211 0.117188 0.367188 0.117188 0.371094 0.122396 0.37207 0.122396 0.375977 0.127604 0.376953 0.127604 0.380859 0.132812 0.381836 0.132812 0.382812 0.134115 0.383789 0.134115 0.385742 0.136719 0.386719 0.136719 0.387695 0.138021 0.388672 0.138021 0.389648 0.139323 0.390625 0.139323 0.391602 0.140625 0.392578 0.140625 0.394531 0.143229 0.394531 0.147135 0.40332 0.147135 0.40332 0.143229 0.404297 0.141927 0.405273 0.141927 0.40625 0.140625 0.407227 0.140625 0.410156 0.136719 0.410156 0.135417 0.411133 0.134115 0.411133 0.132812 0.412109 0.13151 0.415039 0.13151 0.415039 0.122396 0.412109 0.122396 0.410156 0.119792 0.410156 0.117188 0.40918 0.115885 0.40918 0.114583 0.408203 0.113281 0.408203 0.111979 0.407227 0.110677 0.407227 0.109375 0.405273 0.106771 0.405273 0.105469 0.404297 0.104167 0.404297 0.102865 0.40332 0.101562 0.40332 0.10026 0.392578 0.0859375 0.391602 0.0859375 0.386719 0.0794271 0.385742 0.0794271 0.383789 0.0768229 0.382812 0.0768229 0.380859 0.0742188 0.379883 0.0742188 0.37793 0.0716146 0.376953 0.0716146 0.370117 0.0625 0.370117 0.0611979 0.366211 0.0559896 0.366211 0.0546875 0.363281 0.0507812 0.362305 0.0507812 0.358398 0.0455729 0.357422 0.0455729 0.355469 0.0429688 0.354492 0.0429688 0.352539 0.0403646 0.351562 0.0403646 0.349609 0.0377604 0.348633 0.0377604 0.347656 0.0364583 0.34668 0.0364583 0.345703 0.0351562 0.344727 0.0351562 0.342773 0.0325521 0.341797 0.0325521 0.34082 0.03125 0.339844 0.03125 0.338867 0.0299479 0.337891 0.0299479 0.336914 0.0286458 0.335938 0.0286458 0.333984 0.0260417 0.333008 0.0260417 0.332031 0.0247396 0.331055 0.0247396 0.329102 0.0221354 0.328125 0.0221354 0.327148 0.0208333 0.326172 0.0208333 0.325195 0.0195312 0.324219 0.0195312 0.323242 0.0182292 0.321289 0.0182292 0.320312 0.0169271 0.318359 0.0169271 0.317383 0.015625 0.314453 0.015625 0.313477 0.0143229 0.3125 0.0143229 0.311523 0.0130208 0.310547 0.0130208 0.30957 0.0117188 0.308594 0.0117188 0.307617 0.0104167 0.306641 0.0104167 0.305664 0.00911458 0.302734 0.00911458 0.300781 0.00651042 0.300781 0.00260417
1 0.248047 0.0494792 0.248047 0.0768229 0.250977 0.0768229 0.253906 0.0807292 0.254883 0.0807292 0.256836 0.0833333 0.257812 0.0833333 0.259766 0.0859375 0.260742 0.0859375 0.262695 0.0885417 0.263672 0.0885417 0.266602 0.0924479 0.267578 0.0924479 0.269531 0.0950521 0.270508 0.0950521 0.272461 0.0976562 0.273438 0.0976562 0.276367 0.101562 0.277344 0.101562 0.27832 0.102865 0.279297 0.102865 0.280273 0.104167 0.28125 0.104167 0.282227 0.105469 0.283203 0.105469 0.28418 0.106771 0.285156 0.106771 0.286133 0.108073 0.287109 0.108073 0.288086 0.109375 0.290039 0.109375 0.291016 0.110677 0.291992 0.110677 0.292969 0.111979 0.293945 0.111979 0.294922 0.113281 0.295898 0.113281 0.296875 0.114583 0.297852 0.114583 0.298828 0.115885 0.299805 0.115885 0.300781 0.117188 0.301758 0.117188 0.302734 0.11849 0.303711 0.11849 0.304688 0.119792 0.305664 0.119792 0.306641 0.121094 0.307617 0.121094 0.308594 0.122396 0.30957 0.122396 0.310547 0.123698 0.311523 0.123698 0.3125 0.125 0.313477 0.125 0.31543 0.127604 0.316406 0.127604 0.317383 0.128906 0.318359 0.128906 0.320312 0.13151 0.321289 0.13151 0.323242 0.134115 0.324219 0.134115 0.325195 0.135417 0.326172 0.135417 0.328125 0.138021 0.329102 0.138021 0.333008 0.143229 0.333984 0.143229 0.337891 0.148438 0.338867 0.148438 0.341797 0.152344 0.342773 0.152344 0.344727 0.154948 0.345703 0.154948 0.34668 0.15625 0.347656 0.15625 0.349609 0.158854 0.350586 0.158854 0.351562 0.160156 0.352539 0.160156 0.353516 0.161458 0.356445 0.161458 0.357422 0.16276 0.359375 0.16276 0.360352 0.164062 0.363281 0.164062 0.364258 0.165365 0.366211 0.165365 0.367188 0.166667 0.369141 0.166667 0.370117 0.167969 0.37207 0.167969 0.373047 0.169271 0.375 0.169271 0.375977 0.170573 0.376953 0.170573 0.37793 0.171875 0.378906 0.171875 0.380859 0.174479 0.380859 0.178385 0.399414 0.178385 0.399414 0.15625 0.396484 0.15625 0.394531 0.153646 0.394531 0.151042 0.393555 0.14974 0.393555 0.148438 0.385742 0.138021 0.384766 0.138021 0.376953 0.127604 0.375977 0.127604 0.375 0.126302 0.374023 0.126302 0.37207 0.123698 0.371094 0.123698 0.368164 0.119792 0.367188 0.119792 0.365234 0.117188 0.364258 0.117188 0.360352 0.111979 0.359375 0.111979 0.357422 0.109375 0.356445 0.109375 0.350586 0.101562 0.349609 0.101562 0.347656 0.0989583 0.34668 0.0989583 0.344727 0.0963542 0.34375 0.0963542 0.342773 0.0950521 0.341797 0.0950521 0.34082 0.09375 0.339844 0.09375 0.337891 0.0911458 0.336914 0.0911458 0.335938 0.0898438 0.334961 0.0898438 0.333984 0.0885417 0.333008 0.0885417 0.332031 0.0872396 0.331055 0.0872396 0.330078 0.0859375 0.329102 0.0859375 0.328125 0.0846354 0.327148 0.0846354 0.326172 0.0833333 0.325195 0.0833333 0.324219 0.0820312 0.323242 0.0820312 0.322266 0.0807292 0.321289 0.0807292 0.320312 0.0794271 0.319336 0.0794271 0.318359 0.078125 0.317383 0.078125 0.314453 0.0742188 0.313477 0.0742188 0.3125 0.0729167 0.311523 0.0729167 0.30957 0.0703125 0.308594 0.0703125 0.307617 0.0690104 0.306641 0.0690104 0.305664 0.0677083 0.304688 0.0677083 0.302734 0.0651042 0.301758 0.0651042 0.300781 0.0638021 0.299805 0.0638021 0.297852 0.0611979 0.296875 0.0611979 0.295898 0.0598958 0.294922 0.0598958 0.293945 0.0585938 0.291992 0.0585938 0.291016 0.0572917 0.290039 0.0572917 0.289062 0.0559896 0.287109 0.0559896 0.285156 0.0533854 0.285156 0.0494792
1 0.126953 0.216146 0.126953 0.221354 0.12793 0.221354 0.128906 0.222656 0.129883 0.222656 0.131836 0.22526 0.131836 0.233073 0.125977 0.240885 0.125977 0.242188 0.125 0.24349 0.125 0.244792 0.124023 0.246094 0.124023 0.248698 0.123047 0.25 0.123047 0.251302 0.12207 0.252604 0.120117 0.252604 0.113281 0.261719 0.113281 0.263021 0.112305 0.264323 0.112305 0.265625 0.111328 0.266927 0.111328 0.286458 0.110352 0.28776 0.110352 0.291667 0.109375 0.292969 0.109375 0.296875 0.108398 0.298177 0.108398 0.300781 0.107422 0.302083 0.107422 0.307292 0.106445 0.308594 0.106445 0.311198 0.105469 0.3125 0.105469 0.316406 0.104492 0.317708 0.104492 0.320312 0.103516 0.321615 0.103516 0.325521 0.102539 0.326823 0.102539 0.332031 0.101562 0.333333 0.101562 0.335938 0.100586 0.33724 0.100586 0.341146 0.0996094 0.342448 0.0996094 0.34375 0.0986328 0.345052 0.0986328 0.346354 0.0976562 0.347656 0.0976562 0.35026 0.0966797 0.351562 0.0966797 0.354167 0.0947266 0.356771 0.0917969 0.356771 0.0917969 0.386719 0.0947266 0.386719 0.0957031 0.388021 0.0966797 0.388021 0.0976562 0.389323 0.110352 0.389323 0.111328 0.388021 0.112305 0.388021 0.114258 0.385417 0.115234 0.385417 0.117188 0.382812 0.118164 0.382812 0.120117 0.380208 0.121094 0.380208 0.12793 0.371094 0.12793 0.369792 0.129883 0.367188 0.129883 0.365885 0.130859 0.364583 0.130859 0.363281 0.131836 0.361979 0.131836 0.360677 0.132812 0.359375 0.132812 0.358073 0.134766 0.355469 0.134766 0.354167 0.135742 0.352865 0.135742 0.35026 0.136719 0.348958 0.136719 0.347656 0.137695 0.346354 0.137695 0.345052 0.138672 0.34375 0.138672 0.342448 0.139648 0.341146 0.139648 0.339844 0.140625 0.338542 0.140625 0.335938 0.141602 0.334635 0.141602 0.333333 0.142578 0.332031 0.142578 0.330729 0.143555 0.329427 0.143555 0.328125 0.145508 0.325521 0.145508 0.324219 0.146484 0.322917 0.146484 0.321615 0.148438 0.31901 0.148438 0.317708 0.150391 0.315104 0.150391 0.313802 0.151367 0.3125 0.151367 0.309896 0.15332 0.307292 0.15332 0.30599 0.154297 0.304688 0.154297 0.302083 0.155273 0.300781 0.155273 0.299479 0.15625 0.298177 0.15625 0.296875 0.157227 0.295573 0.157227 0.294271 0.158203 0.292969 0.158203 0.290365 0.15918 0.289062 0.15918 0.286458 0.160156 0.285156 0.160156 0.282552 0.161133 0.28125 0.161133 0.278646 0.162109 0.277344 0.162109 0.276042 0.163086 0.27474 0.163086 0.272135 0.164062 0.270833 0.164062 0.269531 0.165039 0.268229 0.165039 0.266927 0.166016 0.265625 0.168945 0.265625 0.168945 0.255208 0.166016 0.255208 0.165039 0.253906 0.165039 0.252604 0.164062 0.251302 0.164062 0.248698 0.163086 0.247396 0.163086 0.244792 0.162109 0.24349 0.162109 0.230469 0.161133 0.229167 0.161133 0.216146
1 0.0898438 0.190104 0.0898438 0.195312 0.0888672 0.196615 0.0888672 0.197917 0.0878906 0.199219 0.0878906 0.200521 0.0859375 0.203125 0.0859375 0.204427 0.0839844 0.207031 0.0839844 0.208333 0.0830078 0.209635 0.0830078 0.210938 0.0791016 0.216146 0.0791016 0.217448 0.0761719 0.221354 0.0761719 0.222656 0.0751953 0.223958 0.0751953 0.22526 0.0742188 0.226562 0.0742188 0.227865 0.0732422 0.229167 0.0732422 0.230469 0.0722656 0.231771 0.0722656 0.235677 0.0712891 0.236979 0.0712891 0.239583 0.0703125 0.240885 0.0703125 0.24349 0.0693359 0.244792 0.0693359 0.247396 0.0683594 0.248698 0.0683594 0.25 0.0673828 0.251302 0.0673828 0.25651 0.0664062 0.257812 0.0664062 0.263021 0.0654297 0.264323 0.0654297 0.272135 0.0644531 0.273438 0.0644531 0.278646 0.0634766 0.279948 0.0634766 0.285156 0.0625 0.286458 0.0625 0.290365 0.0615234 0.291667 0.0615234 0.294271 0.0605469 0.295573 0.0605469 0.299479 0.0595703 0.300781 0.0595703 0.304688 0.0585938 0.30599 0.0585938 0.3125 0.0576172 0.313802 0.0576172 0.31901 0.0566406 0.320312 0.0566406 0.324219 0.0556641 0.325521 0.0556641 0.328125 0.0546875 0.329427 0.0546875 0.333333 0.0537109 0.334635 0.0537109 0.338542 0.0527344 0.339844 0.0527344 0.342448 0.0517578 0.34375 0.0517578 0.346354 0.0507812 0.347656 0.0507812 0.351562 0.0498047 0.352865 0.0498047 0.355469 0.0488281 0.356771 0.0488281 0.359375 0.0478516 0.360677 0.0478516 0.363281 0.046875 0.364583 0.046875 0.365885 0.0458984 0.367188 0.0458984 0.36849 0.0449219 0.369792 0.0449219 0.372396 0.0439453 0.373698 0.0439453 0.376302 0.0429688 0.377604 0.0429688 0.380208 0.0419922 0.38151 0.0419922 0.382812 0.0400391 0.385417 0.0400391 0.386719 0.0390625 0.388021 0.0390625 0.389323 0.0361328 0.393229 0.0332031 0.393229 0.0332031 0.438802 0.0595703 0.438802 0.0595703 0.434896 0.0673828 0.424479 0.0673828 0.423177 0.0683594 0.421875 0.0683594 0.420573 0.0693359 0.419271 0.0693359 0.417969 0.0712891 0.415365 0.0712891 0.414062 0.0722656 0.41276 0.0722656 0.410156 0.0732422 0.408854 0.0732422 0.404948 0.0742188 0.403646 0.0742188 0.391927 0.0751953 0.390625 0.0751953 0.389323 0.0761719 0.388021 0.0761719 0.386719 0.0771484 0.385417 0.0771484 0.384115 0.078125 0.382812 0.078125 0.38151 0.0859375 0.371094 0.0869141 0.371094 0.0917969 0.364583 0.0917969 0.363281 0.0927734 0.361979 0.0927734 0.359375 0.09375 0.358073 0.09375 0.356771 0.0947266 0.355469 0.0947266 0.352865 0.0957031 0.351562 0.0957031 0.35026 0.0966797 0.348958 0.0966797 0.346354 0.0976562 0.345052 0.0976562 0.342448 0.0986328 0.341146 0.0986328 0.339844 0.0996094 0.338542 0.0996094 0.334635 0.100586 0.333333 0.100586 0.329427 0.101562 0.328125 0.101562 0.326823 0.102539 0.325521 0.102539 0.322917 0.103516 0.321615 0.103516 0.31901 0.104492 0.317708 0.104492 0.313802 0.105469 0.3125 0.105469 0.309896 0.106445 0.308594 0.106445 0.30599 0.107422 0.304688 0.107422 0.302083 0.108398 0.300781 0.108398 0.294271 0.109375 0.292969 0.109375 0.279948 0.108398 0.278646 0.108398 0.266927 0.109375 0.265625 0.109375 0.261719 0.110352 0.260417 0.110352 0.259115 0.111328 0.257812 0.111328 0.25651 0.112305 0.255208 0.112305 0.253906 0.113281 0.252604 0.113281 0.25 0.114258 0.248698 0.114258 0.247396 0.115234 0.246094 0.115234 0.235677 0.116211 0.234375 0.116211 0.227865 0.117188 0.226562 0.116211 0.22526 0.116211 0.223958 0.115234 0.222656 0.115234 0.221354 0.109375 0.213542 0.109375 0.21224 0.107422 0.209635 0.107422 0.208333 0.105469 0.205729 0.105469 0.204427 0.104492 0.203125 0.104492 0.201823 0.102539 0.199219 0.102539 0.197917 0.101562 0.196615 0.101562 0.190104
1 0.279297 0.341146 0.279297 0.359375 0.283203 0.359375 0.285156 0.361979 0.286133 0.361979 0.287109 0.363281 0.288086 0.363281 0.289062 0.364583 0.290039 0.364583 0.291016 0.365885 0.291992 0.365885 0.292969 0.367188 0.297852 0.367188 0.298828 0.36849 0.305664 0.36849 0.306641 0.369792 0.311523 0.369792 0.3125 0.371094 0.31543 0.371094 0.316406 0.372396 0.320312 0.372396 0.321289 0.373698 0.324219 0.373698 0.325195 0.375 0.329102 0.375 0.330078 0.376302 0.332031 0.376302 0.333008 0.377604 0.336914 0.377604 0.337891 0.378906 0.344727 0.378906 0.345703 0.380208 0.351562 0.380208 0.352539 0.38151 0.361328 0.38151 0.362305 0.382812 0.370117 0.382812 0.371094 0.384115 0.375977 0.384115 0.376953 0.385417 0.378906 0.385417 0.379883 0.386719 0.380859 0.386719 0.381836 0.388021 0.383789 0.388021 0.384766 0.389323 0.386719 0.389323 0.387695 0.390625 0.391602 0.390625 0.392578 0.391927 0.400391 0.391927 0.401367 0.390625 0.407227 0.390625 0.408203 0.389323 0.40918 0.389323 0.410156 0.388021 0.411133 0.388021 0.413086 0.385417 0.414062 0.385417 0.415039 0.384115 0.418945 0.384115 0.418945 0.376302 0.415039 0.376302 0.412109 0.372396 0.411133 0.372396 0.410156 0.371094 0.408203 0.371094 0.407227 0.369792 0.40625 0.369792 0.405273 0.36849 0.404297 0.36849 0.40332 0.367188 0.402344 0.367188 0.401367 0.365885 0.398438 0.365885 0.397461 0.364583 0.394531 0.364583 0.393555 0.363281 0.389648 0.363281 0.388672 0.361979 0.385742 0.361979 0.384766 0.360677 0.382812 0.360677 0.381836 0.359375 0.378906 0.359375 0.37793 0.358073 0.375977 0.358073 0.375 0.356771 0.373047 0.356771 0.37207 0.355469 0.371094 0.355469 0.370117 0.354167 0.367188 0.354167 0.366211 0.352865 0.365234 0.352865 0.364258 0.351562 0.363281 0.351562 0.362305 0.35026 0.361328 0.35026 0.360352 0.348958 0.358398 0.348958 0.357422 0.347656 0.355469 0.347656 0.353516 0.345052 0.353516 0.341146
1 0.368164 0.481771 0.368164 0.485677 0.365234 0.489583 0.364258 0.489583 0.360352 0.494792 0.359375 0.494792 0.358398 0.496094 0.357422 0.496094 0.355469 0.498698 0.354492 0.498698 0.353516 0.5 0.352539 0.5 0.350586 0.502604 0.349609 0.502604 0.34668 0.50651 0.345703 0.50651 0.344727 0.507812 0.34375 0.507812 0.342773 0.509115 0.341797 0.509115 0.34082 0.510417 0.339844 0.510417 0.338867 0.511719 0.333984 0.511719 0.333984 0.528646 0.353516 0.528646 0.354492 0.529948 0.359375 0.529948 0.360352 0.53125 0.365234 0.53125 0.366211 0.532552 0.367188 0.532552 0.368164 0.533854 0.368164 0.53776 0.388672 0.53776 0.388672 0.533854 0.389648 0.532552 0.390625 0.532552 0.391602 0.53125 0.394531 0.53125 0.395508 0.529948 0.397461 0.529948 0.398438 0.528646 0.400391 0.528646 0.401367 0.527344 0.402344 0.527344 0.40332 0.526042 0.404297 0.526042 0.405273 0.52474 0.407227 0.52474 0.40918 0.522135 0.410156 0.522135 0.416016 0.514323 0.418945 0.514323 0.418945 0.497396 0.415039 0.497396 0.414062 0.496094 0.414062 0.494792 0.408203 0.486979 0.408203 0.481771
1 0.338867 0.216146 0.338867 0.220052 0.336914 0.222656 0.334961 0.222656 0.333984 0.223958 0.331055 0.223958 0.330078 0.22526 0.328125 0.22526 0.327148 0.226562 0.325195 0.226562 0.324219 0.227865 0.321289 0.227865 0.320312 0.229167 0.318359 0.229167 0.317383 0.230469 0.314453 0.230469 0.313477 0.231771 0.311523 0.231771 0.310547 0.233073 0.306641 0.233073 0.305664 0.234375 0.303711 0.234375 0.302734 0.235677 0.301758 0.235677 0.300781 0.236979 0.298828 0.236979 0.297852 0.238281 0.294922 0.238281 0.293945 0.239583 0.291016 0.239583 0.290039 0.240885 0.283203 0.240885 0.283203 0.260417 0.287109 0.260417 0.295898 0.272135 0.296875 0.272135 0.297852 0.273438 0.299805 0.273438 0.300781 0.27474 0.304688 0.27474 0.305664 0.276042 0.311523 0.276042 0.3125 0.277344 0.31543 0.277344 0.316406 0.278646 0.316406 0.282552 0.34668 0.282552 0.34668 0.278646 0.347656 0.277344 0.348633 0.277344 0.349609 0.276042 0.351562 0.276042 0.352539 0.27474 0.355469 0.27474 0.356445 0.273438 0.360352 0.273438 0.361328 0.272135 0.365234 0.272135 0.366211 0.270833 0.371094 0.270833 0.37207 0.269531 0.384766 0.269531 0.385742 0.268229 0.394531 0.268229 0.395508 0.266927 0.402344 0.266927 0.40332 0.265625 0.411133 0.265625 0.412109 0.264323 0.417969 0.264323 0.418945 0.263021 0.43457 0.263021 0.435547 0.261719 0.439453 0.261719 0.44043 0.260417 0.441406 0.260417 0.442383 0.259115 0.443359 0.259115 0.444336 0.257812 0.445312 0.257812 0.446289 0.25651 0.450195 0.25651 0.450195 0.24349 0.447266 0.24349 0.446289 0.242188 0.446289 0.239583 0.445312 0.238281 0.445312 0.234375 0.444336 0.233073 0.444336 0.231771 0.442383 0.229167 0.442383 0.227865 0.441406 0.226562 0.441406 0.22526 0.439453 0.222656 0.439453 0.221354 0.438477 0.220052 0.438477 0.216146
1 0.604492 0.283854 0.604492 0.28776 0.602539 0.290365 0.601562 0.290365 0.600586 0.291667 0.597656 0.291667 0.59668 0.292969 0.592773 0.292969 0.591797 0.294271 0.585938 0.294271 0.584961 0.295573 0.580078 0.295573 0.579102 0.296875 0.573242 0.296875 0.572266 0.298177 0.550781 0.298177 0.549805 0.299479 0.541992 0.299479 0.541016 0.300781 0.535156 0.300781 0.53418 0.302083 0.530273 0.302083 0.529297 0.303385 0.525391 0.303385 0.524414 0.304688 0.523438 0.304688 0.522461 0.30599 0.521484 0.30599 0.520508 0.307292 0.519531 0.307292 0.518555 0.308594 0.513672 0.308594 0.513672 0.334635 0.517578 0.334635 0.519531 0.33724 0.520508 0.33724 0.524414 0.342448 0.525391 0.342448 0.52832 0.346354 0.52832 0.35026 0.560547 0.35026 0.560547 0.346354 0.561523 0.345052 0.563477 0.345052 0.564453 0.34375 0.571289 0.34375 0.572266 0.342448 0.579102 0.342448 0.580078 0.341146 0.585938 0.341146 0.586914 0.339844 0.591797 0.339844 0.592773 0.338542 0.595703 0.338542 0.59668 0.33724 0.599609 0.33724 0.600586 0.335938 0.601562 0.335938 0.602539 0.334635 0.603516 0.334635 0.604492 0.333333 0.605469 0.333333 0.607422 0.330729 0.608398 0.330729 0.610352 0.328125 0.611328 0.328125 0.614258 0.324219 0.615234 0.324219 0.623047 0.313802 0.623047 0.3125 0.625 0.309896 0.625 0.307292 0.625977 0.30599 0.625977 0.294271 0.625 0.292969 0.625 0.291667 0.623047 0.289062 0.623047 0.283854
1 0.345703 0 0.345703 0.00390625 0.347656 0.00651042 0.347656 0.0078125 0.348633 0.00911458 0.348633 0.0117188 0.351562 0.015625 0.351562 0.0169271 0.352539 0.0182292 0.352539 0.0195312 0.353516 0.0208333 0.353516 0.0221354 0.354492 0.0234375 0.354492 0.0247396 0.355469 0.0260417 0.355469 0.0286458 0.356445 0.0299479 0.356445 0.03125 0.360352 0.0364583 0.360352 0.0377604 0.362305 0.0403646 0.362305 0.0416667 0.364258 0.0442708 0.364258 0.0455729 0.368164 0.0507812 0.368164 0.0520833 0.371094 0.0559896 0.371094 0.0572917 0.373047 0.0598958 0.373047 0.0611979 0.379883 0.0703125 0.380859 0.0703125 0.384766 0.0755208 0.385742 0.0755208 0.393555 0.0859375 0.394531 0.0859375 0.404297 0.0989583 0.404297 0.10026 0.40625 0.102865 0.40625 0.104167 0.407227 0.105469 0.407227 0.106771 0.40918 0.109375 0.40918 0.110677 0.410156 0.111979 0.410156 0.113281 0.411133 0.114583 0.411133 0.115885 0.412109 0.117188 0.412109 0.11849 0.415039 0.122396 0.415039 0.125 0.416016 0.126302 0.416016 0.127604 0.416992 0.128906 0.416992 0.13151 0.417969 0.132812 0.417969 0.135417 0.420898 0.139323 0.421875 0.139323 0.423828 0.141927 0.424805 0.141927 0.426758 0.144531 0.427734 0.144531 0.430664 0.148438 0.430664 0.14974 0.433594 0.153646 0.433594 0.154948 0.43457 0.15625 0.43457 0.157552 0.435547 0.158854 0.435547 0.160156 0.436523 0.161458 0.436523 0.16276 0.4375 0.164062 0.4375 0.166667 0.438477 0.167969 0.438477 0.169271 0.439453 0.170573 0.439453 0.171875 0.44043 0.173177 0.44043 0.174479 0.441406 0.175781 0.441406 0.177083 0.442383 0.178385 0.442383 0.179688 0.447266 0.186198 0.448242 0.186198 0.449219 0.1875 0.450195 0.1875 0.451172 0.188802 0.452148 0.188802 0.453125 0.190104 0.455078 0.190104 0.456055 0.191406 0.457031 0.191406 0.458008 0.192708 0.460938 0.192708 0.461914 0.19401 0.462891 0.19401 0.463867 0.195312 0.463867 0.199219 0.470703 0.199219 0.470703 0.195312 0.472656 0.192708 0.473633 0.192708 0.476562 0.188802 0.476562 0.1875 0.477539 0.186198 0.481445 0.186198 0.481445 0.153646 0.478516 0.153646 0.476562 0.151042 0.476562 0.14974 0.475586 0.148438 0.475586 0.147135 0.474609 0.145833 0.474609 0.144531 0.473633 0.143229 0.473633 0.141927 0.47168 0.139323 0.47168 0.138021 0.467773 0.132812 0.467773 0.13151 0.463867 0.126302 0.463867 0.125 0.461914 0.122396 0.461914 0.121094 0.460938 0.119792 0.460938 0.11849 0.458984 0.115885 0.458984 0.114583 0.457031 0.111979 0.457031 0.110677 0.455078 0.108073 0.455078 0.106771 0.453125 0.104167 0.453125 0.102865 0.448242 0.0963542 0.447266 0.0963542 0.441406 0.0885417 0.44043 0.0885417 0.435547 0.0820312 0.43457 0.0820312 0.431641 0.078125 0.430664 0.078125 0.428711 0.0755208 0.427734 0.0755208 0.425781 0.0729167 0.424805 0.0729167 0.423828 0.0716146 0.422852 0.0716146 0.419922 0.0677083 0.418945 0.0677083 0.411133 0.0572917 0.411133 0.0559896 0.40918 0.0533854 0.40918 0.0520833 0.40625 0.0481771 0.40625 0.046875 0.404297 0.0442708 0.404297 0.0429688 0.40332 0.0416667 0.40332 0.0403646 0.402344 0.0390625 0.402344 0.0377604 0.400391 0.0351562 0.400391 0.0325521 0.399414 0.03125 0.399414 0.0299479 0.398438 0.0286458 0.398438 0.0273438 0.397461 0.0260417 0.397461 0.0234375 0.396484 0.0221354 0.396484 0.0182292 0.395508 0.0169271 0.395508 0.0143229 0.394531 0.0130208 0.394531 0.0117188 0.393555 0.0104167 0.393555 0.0078125 0.392578 0.00651042 0.392578 0
1 0.681641 0.572917 0.677734 0.578125 0.677734 0.582031 0.678711 0.583333 0.680664 0.583333 0.681641 0.582031 0.681641 0.572917 0.682617 0.570312 0.683594 0.571615 0.68457 0.571615 0.709961 0.59375 0.709961 0.595052 0.708984 0.596354 0.708984 0.597656 0.708008 0.598958 0.708008 0.60026 0.707031 0.601562 0.707031 0.602865 0.706055 0.604167 0.706055 0.606771 0.704102 0.609375 0.704102 0.610677 0.703125 0.611979 0.703125 0.613281 0.702148 0.614583 0.702148 0.615885 0.701172 0.617188 0.701172 0.619792 0.700195 0.621094 0.700195 0.626302 0.699219 0.627604 0.699219 0.630208 0.698242 0.63151 0.698242 0.632812 0.697266 0.634115 0.697266 0.638021 0.696289 0.639323 0.696289 0.640625 0.695312 0.641927 0.695312 0.644531 0.694336 0.645833 0.694336 0.648438 0.693359 0.64974 0.693359 0.651042 0.692383 0.652344 0.692383 0.65625 0.691406 0.657552 0.691406 0.660156 0.69043 0.661458 0.69043 0.664062 0.689453 0.665365 0.689453 0.669271 0.688477 0.670573 0.688477 0.673177 0.6875 0.674479 0.6875 0.678385 0.686523 0.679688 0.686523 0.682292 0.685547 0.683594 0.685547 0.684896 0.68457 0.686198 0.68457 0.688802 0.683594 0.690104 0.683594 0.696615 0.682617 0.697917 0.682617 0.716146 0.681641 0.717448 0.681641 0.736979 0.682617 0.738281 0.682617 0.744792 0.681641 0.746094 0.681641 0.752604 0.680664 0.753906 0.680664 0.757812 0.679688 0.759115 0.679688 0.763021 0.678711 0.764323 0.678711 0.768229 0.677734 0.769531 0.677734 0.773438 0.676758 0.77474 0.676758 0.778646 0.675781 0.779948 0.675781 0.782552 0.674805 0.783854 0.674805 0.785156 0.673828 0.786458 0.673828 0.789062 0.672852 0.790365 0.672852 0.791667 0.671875 0.792969 0.671875 0.794271 0.670898 0.795573 0.670898 0.796875 0.668945 0.799479 0.668945 0.800781 0.667969 0.802083 0.667969 0.803385 0.666992 0.804688 0.666992 0.807292 0.666016 0.808594 0.666016 0.811198 0.665039 0.8125 0.665039 0.81901 0.664062 0.820312 0.664062 0.821615 0.663086 0.822917 0.663086 0.824219 0.662109 0.825521 0.658203 0.825521 0.658203 0.877604 0.661133 0.877604 0.664062 0.88151 0.664062 0.882812 0.666992 0.886719 0.667969 0.886719 0.669922 0.889323 0.670898 0.889323 0.673828 0.893229 0.673828 0.897135 0.685547 0.897135 0.685547 0.893229 0.6875 0.890625 0.688477 0.890625 0.692383 0.885417 0.692383 0.884115 0.693359 0.882812 0.693359 0.880208 0.694336 0.878906 0.694336 0.873698 0.695312 0.872396 0.695312 0.863281 0.696289 0.861979 0.696289 0.855469 0.697266 0.854167 0.697266 0.851562 0.698242 0.85026 0.698242 0.848958 0.699219 0.847656 0.699219 0.846354 0.700195 0.845052 0.700195 0.84375 0.701172 0.842448 0.701172 0.841146 0.702148 0.839844 0.702148 0.838542 0.703125 0.83724 0.703125 0.835938 0.704102 0.834635 0.704102 0.830729 0.705078 0.829427 0.705078 0.825521 0.706055 0.824219 0.706055 0.81901 0.707031 0.817708 0.707031 0.815104 0.708008 0.813802 0.708008 0.808594 0.708984 0.807292 0.708984 0.802083 0.709961 0.800781 0.709961 0.791667 0.710938 0.790365 0.710938 0.777344 0.711914 0.776042 0.711914 0.769531 0.712891 0.768229 0.712891 0.746094 0.713867 0.744792 0.713867 0.713542 0.714844 0.71224 0.714844 0.704427 0.71582 0.703125 0.71582 0.690104 0.716797 0.688802 0.716797 0.68099 0.717773 0.679688 0.717773 0.674479 0.71875 0.673177 0.71875 0.669271 0.719727 0.667969 0.719727 0.665365 0.720703 0.664062 0.720703 0.661458 0.72168 0.660156 0.72168 0.658854 0.722656 0.657552 0.722656 0.65625 0.723633 0.654948 0.723633 0.653646 0.724609 0.652344 0.724609 0.651042 0.726562 0.648438 0.726562 0.647135 0.727539 0.645833 0.727539 0.644531 0.729492 0.641927 0.729492 0.640625 0.730469 0.639323 0.730469 0.638021 0.731445 0.636719 0.731445 0.635417 0.733398 0.632812 0.733398 0.63151 0.734375 0.630208 0.734375 0.628906 0.735352 0.627604 0.735352 0.626302 0.736328 0.625 0.736328 0.623698 0.737305 0.622396 0.737305 0.621094 0.738281 0.619792 0.738281 0.61849 0.739258 0.617188 0.739258 0.615885 0.740234 0.614583 0.740234 0.611979 0.741211 0.610677 0.741211 0.609375 0.743164 0.606771 0.743164 0.605469 0.744141 0.604167 0.744141 0.602865 0.745117 0.601562 0.745117 0.60026 0.746094 0.598958 0.746094 0.596354 0.748047 0.59375 0.750977 0.59375 0.750977 0.58724 0.748047 0.58724 0.74707 0.585938 0.74707 0.584635 0.746094 0.583333 0.746094 0.579427 0.745117 0.578125 0.745117 0.575521 0.744141 0.574219 0.744141 0.572917 0.740234 0.567708 0.739258 0.567708 0.736328 0.563802 0.736328 0.559896 0.725586 0.559896 0.725586 0.565104 0.720703 0.571615 0.720703 0.572917 0.71875 0.575521 0.71875 0.576823 0.716797 0.579427 0.716797 0.582031 0.71582 0.583333 0.71582 0.584635 0.712891 0.588542 0.712891 0.589844 0.709961 0.59375 0.68457 0.571615 0.68457 0.566406 0.68457 0.567708 0.682617 0.570312
1 0.448242 0.00260417 0.448242 0.0078125 0.449219 0.00911458 0.449219 0.0117188 0.450195 0.0130208 0.450195 0.0169271 0.451172 0.0182292 0.451172 0.0325521 0.450195 0.0338542 0.450195 0.0364583 0.449219 0.0377604 0.449219 0.0403646 0.448242 0.0416667 0.448242 0.0455729 0.447266 0.046875 0.447266 0.0507812 0.448242 0.0520833 0.448242 0.0598958 0.449219 0.0611979 0.449219 0.0625 0.450195 0.0638021 0.450195 0.0664062 0.452148 0.0690104 0.452148 0.0703125 0.454102 0.0729167 0.454102 0.0742188 0.457031 0.078125 0.457031 0.0794271 0.459961 0.0833333 0.460938 0.0833333 0.461914 0.0846354 0.461914 0.0859375 0.462891 0.0872396 0.463867 0.0872396 0.464844 0.0885417 0.469727 0.0885417 0.47168 0.0859375 0.472656 0.0859375 0.476562 0.0807292 0.477539 0.0807292 0.480469 0.0768229 0.480469 0.0755208 0.482422 0.0729167 0.482422 0.0716146 0.483398 0.0703125 0.483398 0.0677083 0.484375 0.0664062 0.484375 0.0638021 0.485352 0.0625 0.485352 0.0572917 0.486328 0.0559896 0.486328 0.0416667 0.487305 0.0403646 0.487305 0.00260417
1 0.357422 0.773438 0.357422 0.802083 0.360352 0.802083 0.361328 0.803385 0.361328 0.815104 0.360352 0.816406 0.357422 0.816406 0.357422 0.85026 0.360352 0.85026 0.362305 0.852865 0.362305 0.854167 0.363281 0.855469 0.363281 0.856771 0.365234 0.859375 0.365234 0.860677 0.366211 0.861979 0.366211 0.863281 0.367188 0.864583 0.367188 0.865885 0.368164 0.867188 0.368164 0.86849 0.369141 0.869792 0.369141 0.871094 0.370117 0.872396 0.370117 0.873698 0.371094 0.875 0.371094 0.878906 0.37207 0.880208 0.37207 0.884115 0.373047 0.885417 0.373047 0.894531 0.374023 0.895833 0.374023 0.901042 0.375 0.902344 0.375 0.904948 0.375977 0.90625 0.375977 0.910156 0.376953 0.911458 0.376953 0.915365 0.37793 0.916667 0.37793 0.919271 0.378906 0.920573 0.378906 0.921875 0.380859 0.924479 0.380859 0.928385 0.43457 0.928385 0.43457 0.91276 0.431641 0.91276 0.429688 0.910156 0.429688 0.908854 0.428711 0.907552 0.428711 0.90625 0.427734 0.904948 0.427734 0.903646 0.425781 0.901042 0.425781 0.89974 0.424805 0.898438 0.424805 0.897135 0.423828 0.895833 0.423828 0.894531 0.422852 0.893229 0.422852 0.891927 0.421875 0.890625 0.421875 0.889323 0.420898 0.888021 0.420898 0.886719 0.419922 0.885417 0.419922 0.884115 0.418945 0.882812 0.418945 0.88151 0.417969 0.880208 0.417969 0.878906 0.416992 0.877604 0.416992 0.876302 0.416016 0.875 0.416016 0.873698 0.415039 0.872396 0.415039 0.869792 0.414062 0.86849 0.414062 0.867188 0.413086 0.865885 0.413086 0.863281 0.412109 0.861979 0.412109 0.860677 0.411133 0.859375 0.411133 0.856771 0.410156 0.855469 0.410156 0.854167 0.40918 0.852865 0.40918 0.85026 0.408203 0.848958 0.408203 0.847656 0.407227 0.846354 0.407227 0.84375 0.40625 0.842448 0.40625 0.841146 0.405273 0.839844 0.405273 0.838542 0.40332 0.835938 0.40332 0.834635 0.402344 0.833333 0.402344 0.832031 0.401367 0.830729 0.401367 0.829427 0.399414 0.826823 0.399414 0.825521 0.398438 0.824219 0.398438 0.822917 0.397461 0.821615 0.397461 0.820312 0.395508 0.817708 0.395508 0.816406 0.394531 0.815104 0.394531 0.813802 0.393555 0.8125 0.393555 0.811198 0.392578 0.809896 0.392578 0.807292 0.391602 0.80599 0.391602 0.803385 0.390625 0.802083 0.390625 0.798177 0.389648 0.796875 0.389648 0.792969 0.388672 0.791667 0.388672 0.78776 0.387695 0.786458 0.387695 0.785156 0.386719 0.783854 0.386719 0.782552 0.385742 0.78125 0.385742 0.779948 0.384766 0.778646 0.384766 0.773438
1 0.392578 0.731771 0.392578 0.778646 0.395508 0.778646 0.396484 0.779948 0.397461 0.779948 0.400391 0.783854 0.401367 0.783854 0.404297 0.78776 0.405273 0.78776 0.40918 0.792969 0.410156 0.792969 0.413086 0.796875 0.414062 0.796875 0.416016 0.799479 0.416992 0.799479 0.417969 0.800781 0.418945 0.800781 0.420898 0.803385 0.421875 0.803385 0.423828 0.80599 0.424805 0.80599 0.425781 0.807292 0.426758 0.807292 0.427734 0.808594 0.428711 0.808594 0.429688 0.809896 0.430664 0.809896 0.431641 0.811198 0.432617 0.811198 0.433594 0.8125 0.43457 0.8125 0.436523 0.815104 0.4375 0.815104 0.438477 0.816406 0.439453 0.816406 0.442383 0.820312 0.443359 0.820312 0.446289 0.824219 0.447266 0.824219 0.449219 0.826823 0.450195 0.826823 0.453125 0.830729 0.454102 0.830729 0.455078 0.832031 0.456055 0.832031 0.458008 0.834635 0.458984 0.834635 0.459961 0.835938 0.460938 0.835938 0.461914 0.83724 0.462891 0.83724 0.46582 0.841146 0.46582 0.845052 0.476562 0.845052 0.476562 0.841146 0.477539 0.839844 0.479492 0.839844 0.480469 0.838542 0.485352 0.838542 0.485352 0.81901 0.482422 0.81901 0.480469 0.816406 0.480469 0.815104 0.479492 0.813802 0.479492 0.811198 0.477539 0.808594 0.477539 0.807292 0.476562 0.80599 0.476562 0.804688 0.475586 0.803385 0.475586 0.802083 0.474609 0.800781 0.474609 0.799479 0.473633 0.798177 0.473633 0.796875 0.47168 0.794271 0.47168 0.792969 0.46875 0.789062 0.46875 0.78776 0.46582 0.783854 0.464844 0.783854 0.461914 0.779948 0.460938 0.779948 0.457031 0.77474 0.456055 0.77474 0.454102 0.772135 0.453125 0.772135 0.452148 0.770833 0.451172 0.770833 0.446289 0.764323 0.445312 0.764323 0.439453 0.75651 0.438477 0.75651 0.433594 0.75 0.432617 0.75 0.430664 0.747396 0.429688 0.747396 0.427734 0.744792 0.426758 0.744792 0.424805 0.742188 0.423828 0.742188 0.421875 0.739583 0.420898 0.739583 0.417969 0.735677 0.417969 0.731771
1 0.916016 0.434896 0.916016 0.464844 0.918945 0.464844 0.920898 0.467448 0.920898 0.471354 0.921875 0.472656 0.921875 0.476562 0.922852 0.477865 0.922852 0.483073 0.923828 0.484375 0.923828 0.488281 0.924805 0.489583 0.924805 0.496094 0.925781 0.497396 0.925781 0.507812 0.926758 0.509115 0.926758 0.514323 0.927734 0.515625 0.927734 0.519531 0.928711 0.520833 0.928711 0.533854 0.927734 0.535156 0.927734 0.541667 0.926758 0.542969 0.926758 0.550781 0.925781 0.552083 0.925781 0.566406 0.924805 0.567708 0.924805 0.589844 0.925781 0.591146 0.925781 0.592448 0.927734 0.595052 0.928711 0.595052 0.929688 0.596354 0.929688 0.60026 0.931641 0.60026 0.931641 0.596354 0.933594 0.59375 0.93457 0.59375 0.936523 0.591146 0.9375 0.591146 0.94043 0.58724 0.94043 0.585938 0.941406 0.584635 0.941406 0.582031 0.942383 0.580729 0.942383 0.578125 0.943359 0.576823 0.943359 0.572917 0.944336 0.571615 0.944336 0.565104 0.945312 0.563802 0.945312 0.557292 0.946289 0.55599 0.946289 0.542969 0.947266 0.541667 0.950195 0.541667 0.950195 0.515625 0.947266 0.515625 0.946289 0.514323 0.946289 0.510417 0.945312 0.509115 0.945312 0.502604 0.944336 0.501302 0.944336 0.497396 0.943359 0.496094 0.943359 0.490885 0.942383 0.489583 0.942383 0.485677 0.941406 0.484375 0.941406 0.483073 0.94043 0.481771 0.94043 0.477865 0.939453 0.476562 0.939453 0.467448 0.938477 0.466146 0.938477 0.460938 0.9375 0.459635 0.9375 0.457031 0.936523 0.455729 0.936523 0.454427 0.935547 0.453125 0.935547 0.449219 0.93457 0.447917 0.93457 0.446615 0.929688 0.440104 0.929688 0.434896
1 0.581055 0.236979 0.581055 0.240885 0.580078 0.242188 0.575195 0.242188 0.574219 0.24349 0.558594 0.24349 0.557617 0.244792 0.555664 0.244792 0.554688 0.246094 0.553711 0.246094 0.552734 0.247396 0.550781 0.247396 0.549805 0.248698 0.545898 0.248698 0.544922 0.247396 0.542969 0.247396 0.541992 0.246094 0.541016 0.246094 0.540039 0.247396 0.540039 0.25 0.541016 0.251302 0.540039 0.252604 0.538086 0.252604 0.537109 0.253906 0.536133 0.253906 0.535156 0.255208 0.533203 0.255208 0.532227 0.25651 0.53125 0.25651 0.530273 0.257812 0.52832 0.257812 0.527344 0.259115 0.526367 0.259115 0.525391 0.260417 0.524414 0.260417 0.522461 0.263021 0.521484 0.263021 0.519531 0.265625 0.518555 0.265625 0.517578 0.266927 0.516602 0.266927 0.515625 0.268229 0.513672 0.268229 0.512695 0.269531 0.511719 0.269531 0.510742 0.270833 0.505859 0.270833 0.505859 0.308594 0.523438 0.308594 0.523438 0.304688 0.525391 0.302083 0.527344 0.302083 0.52832 0.300781 0.532227 0.300781 0.533203 0.299479 0.539062 0.299479 0.540039 0.298177 0.546875 0.298177 0.547852 0.296875 0.554688 0.296875 0.555664 0.295573 0.574219 0.295573 0.575195 0.294271 0.582031 0.294271 0.583008 0.292969 0.587891 0.292969 0.588867 0.291667 0.591797 0.291667 0.592773 0.290365 0.595703 0.290365 0.59668 0.289062 0.599609 0.289062 0.600586 0.28776 0.602539 0.28776 0.603516 0.286458 0.604492 0.286458 0.605469 0.285156 0.607422 0.285156 0.608398 0.283854 0.609375 0.283854 0.610352 0.282552 0.611328 0.282552 0.613281 0.279948 0.614258 0.279948 0.619141 0.273438 0.619141 0.272135 0.620117 0.270833 0.620117 0.257812 0.619141 0.25651 0.619141 0.25 0.618164 0.248698 0.618164 0.247396 0.617188 0.246094 0.617188 0.244792 0.616211 0.244792 0.614258 0.242188 0.614258 0.236979
1 0.5 0.00260417 0.5 0.00911458 0.499023 0.0104167 0.499023 0.0117188 0.495117 0.0169271 0.495117 0.0182292 0.492188 0.0221354 0.492188 0.0234375 0.491211 0.0247396 0.491211 0.0273438 0.490234 0.0286458 0.490234 0.0299479 0.489258 0.03125 0.486328 0.03125 0.486328 0.0742188 0.49707 0.0742188 0.49707 0.0703125 0.498047 0.0690104 0.499023 0.0690104 0.5 0.0677083 0.507812 0.0677083 0.508789 0.0664062 0.512695 0.0664062 0.513672 0.0651042 0.514648 0.0651042 0.515625 0.0638021 0.516602 0.0638021 0.521484 0.0572917 0.521484 0.0559896 0.522461 0.0546875 0.522461 0.0533854 0.523438 0.0520833 0.523438 0.0507812 0.524414 0.0494792 0.524414 0.0481771 0.525391 0.046875 0.525391 0.0442708 0.526367 0.0429688 0.526367 0.0416667 0.527344 0.0403646 0.527344 0.0390625 0.52832 0.0377604 0.52832 0.0364583 0.529297 0.0351562 0.529297 0.0338542 0.530273 0.0325521 0.530273 0.03125 0.532227 0.0286458 0.532227 0.0273438 0.533203 0.0260417 0.533203 0.0234375 0.53418 0.0221354 0.53418 0.0208333 0.536133 0.0182292 0.536133 0.0169271 0.537109 0.015625 0.537109 0.0117188 0.538086 0.0104167 0.538086 0.00260417
1 0.829102 0.00260417 0.829102 0.00651042 0.828125 0.0078125 0.828125 0.0117188 0.827148 0.0130208 0.827148 0.015625 0.826172 0.0169271 0.826172 0.0182292 0.825195 0.0195312 0.825195 0.0208333 0.823242 0.0234375 0.823242 0.0247396 0.816406 0.0338542 0.816406 0.0351562 0.81543 0.0364583 0.81543 0.0377604 0.814453 0.0390625 0.814453 0.0403646 0.8125 0.0429688 0.8125 0.0442708 0.811523 0.0455729 0.810547 0.0455729 0.80957 0.046875 0.806641 0.046875 0.806641 0.0625 0.816406 0.0625 0.817383 0.0638021 0.820312 0.0638021 0.821289 0.0651042 0.824219 0.0651042 0.825195 0.0664062 0.828125 0.0664062 0.829102 0.0677083 0.830078 0.0677083 0.831055 0.0690104 0.832031 0.0690104 0.834961 0.0729167 0.835938 0.0729167 0.837891 0.0755208 0.837891 0.0768229 0.84082 0.0807292 0.84082 0.0820312 0.842773 0.0846354 0.842773 0.0859375 0.84375 0.0872396 0.84375 0.0885417 0.844727 0.0898438 0.844727 0.0911458 0.845703 0.0924479 0.845703 0.09375 0.84668 0.0950521 0.84668 0.0963542 0.847656 0.0976562 0.847656 0.0989583 0.848633 0.10026 0.848633 0.105469 0.853516 0.105469 0.853516 0.10026 0.857422 0.0950521 0.857422 0.09375 0.866211 0.0820312 0.866211 0.0807292 0.869141 0.0768229 0.869141 0.0755208 0.871094 0.0729167 0.871094 0.0716146 0.87207 0.0703125 0.87207 0.0690104 0.873047 0.0677083 0.873047 0.0664062 0.874023 0.0651042 0.874023 0.0625 0.875 0.0611979 0.875 0.0585938 0.875977 0.0572917 0.875977 0.0559896 0.876953 0.0546875 0.876953 0.0520833 0.87793 0.0507812 0.87793 0.0481771 0.878906 0.046875 0.878906 0.0455729 0.879883 0.0442708 0.879883 0.0429688 0.880859 0.0416667 0.880859 0.0390625 0.881836 0.0377604 0.881836 0.0364583 0.883789 0.0338542 0.887695 0.0338542 0.887695 0.0169271 0.884766 0.0169271 0.882812 0.0143229 0.882812 0.0130208 0.881836 0.0117188 0.881836 0.00911458 0.880859 0.0078125 0.880859 0.00260417
1 0.580078 0.403646 0.580078 0.410156 0.581055 0.411458 0.581055 0.414062 0.582031 0.415365 0.582031 0.433594 0.581055 0.434896 0.581055 0.440104 0.580078 0.441406 0.580078 0.442708 0.579102 0.44401 0.579102 0.446615 0.578125 0.447917 0.578125 0.449219 0.569336 0.460938 0.569336 0.464844 0.568359 0.466146 0.568359 0.472656 0.567383 0.473958 0.564453 0.473958 0.564453 0.511719 0.567383 0.511719 0.573242 0.519531 0.573242 0.520833 0.574219 0.522135 0.574219 0.527344 0.582031 0.527344 0.582031 0.523438 0.583008 0.522135 0.583008 0.520833 0.584961 0.518229 0.584961 0.516927 0.585938 0.515625 0.585938 0.513021 0.586914 0.511719 0.586914 0.510417 0.587891 0.509115 0.587891 0.507812 0.589844 0.505208 0.589844 0.503906 0.592773 0.5 0.592773 0.498698 0.600586 0.488281 0.601562 0.488281 0.607422 0.480469 0.607422 0.479167 0.609375 0.476562 0.609375 0.47526 0.610352 0.473958 0.610352 0.472656 0.612305 0.470052 0.612305 0.46875 0.613281 0.467448 0.613281 0.466146 0.614258 0.464844 0.614258 0.463542 0.615234 0.46224 0.618164 0.46224 0.618164 0.442708 0.615234 0.442708 0.614258 0.441406 0.614258 0.438802 0.613281 0.4375 0.613281 0.43099 0.612305 0.429688 0.612305 0.424479 0.611328 0.423177 0.611328 0.421875 0.610352 0.420573 0.610352 0.417969 0.609375 0.416667 0.609375 0.415365 0.608398 0.414062 0.608398 0.41276 0.605469 0.408854 0.605469 0.403646
1 0.396484 0.00260417 0.396484 0.0169271 0.400391 0.0169271 0.404297 0.0221354 0.405273 0.0221354 0.40625 0.0234375 0.407227 0.0234375 0.40918 0.0260417 0.410156 0.0260417 0.412109 0.0286458 0.413086 0.0286458 0.414062 0.0299479 0.415039 0.0299479 0.416992 0.0325521 0.417969 0.0325521 0.419922 0.0351562 0.420898 0.0351562 0.422852 0.0377604 0.423828 0.0377604 0.424805 0.0390625 0.426758 0.0390625 0.427734 0.0403646 0.429688 0.0403646 0.430664 0.0416667 0.43457 0.0416667 0.435547 0.0429688 0.436523 0.0429688 0.4375 0.0442708 0.4375 0.0481771 0.442383 0.0481771 0.442383 0.0442708 0.445312 0.0403646 0.446289 0.0403646 0.447266 0.0390625 0.447266 0.0377604 0.448242 0.0364583 0.448242 0.0351562 0.449219 0.0338542 0.449219 0.03125 0.451172 0.0286458 0.454102 0.0286458 0.454102 0.0221354 0.451172 0.0221354 0.450195 0.0208333 0.450195 0.0182292 0.449219 0.0169271 0.449219 0.0143229 0.448242 0.0130208 0.448242 0.0104167 0.447266 0.00911458 0.447266 0.00260417
1 0.537109 0.00260417 0.537109 0.0520833 0.541016 0.0520833 0.554688 0.0703125 0.555664 0.0703125 0.557617 0.0729167 0.558594 0.0729167 0.55957 0.0742188 0.561523 0.0742188 0.5625 0.0755208 0.5625 0.0794271 0.564453 0.0794271 0.564453 0.0755208 0.566406 0.0729167 0.573242 0.0729167 0.574219 0.0716146 0.579102 0.0716146 0.582031 0.0677083 0.583008 0.0677083 0.589844 0.0585938 0.589844 0.0572917 0.591797 0.0546875 0.594727 0.0546875 0.594727 0.0286458 0.591797 0.0286458 0.589844 0.0260417 0.589844 0.0234375 0.588867 0.0221354 0.588867 0.0195312 0.587891 0.0182292 0.587891 0.015625 0.586914 0.0143229 0.586914 0.0130208 0.585938 0.0117188 0.585938 0.00911458 0.584961 0.0078125 0.584961 0.00260417
1 0.624023 0.539062 0.624023 0.542969 0.62207 0.545573 0.621094 0.545573 0.619141 0.548177 0.618164 0.548177 0.615234 0.552083 0.614258 0.552083 0.611328 0.55599 0.610352 0.55599 0.609375 0.557292 0.608398 0.557292 0.607422 0.558594 0.603516 0.558594 0.603516 0.574219 0.607422 0.574219 0.608398 0.575521 0.609375 0.575521 0.610352 0.576823 0.611328 0.576823 0.613281 0.579427 0.614258 0.579427 0.619141 0.585938 0.620117 0.585938 0.623047 0.589844 0.624023 0.589844 0.628906 0.596354 0.629883 0.596354 0.634766 0.602865 0.634766 0.604167 0.637695 0.608073 0.637695 0.609375 0.639648 0.611979 0.639648 0.613281 0.641602 0.615885 0.641602 0.617188 0.644531 0.621094 0.644531 0.622396 0.645508 0.623698 0.645508 0.625 0.646484 0.626302 0.650391 0.626302 0.651367 0.625 0.652344 0.625 0.65332 0.623698 0.65332 0.622396 0.654297 0.621094 0.654297 0.619792 0.655273 0.61849 0.655273 0.617188 0.657227 0.614583 0.657227 0.613281 0.658203 0.611979 0.658203 0.610677 0.65918 0.609375 0.65918 0.608073 0.660156 0.606771 0.660156 0.604167 0.661133 0.602865 0.661133 0.596354 0.660156 0.595052 0.660156 0.59375 0.65918 0.592448 0.65918 0.591146 0.658203 0.589844 0.658203 0.588542 0.657227 0.58724 0.657227 0.585938 0.65625 0.584635 0.65625 0.583333 0.654297 0.580729 0.654297 0.579427 0.65332 0.578125 0.65332 0.576823 0.652344 0.575521 0.652344 0.574219 0.650391 0.571615 0.650391 0.570312 0.649414 0.56901 0.649414 0.567708 0.648438 0.566406 0.648438 0.565104 0.646484 0.5625 0.646484 0.561198 0.645508 0.559896 0.645508 0.558594 0.644531 0.557292 0.644531 0.55599 0.643555 0.554688 0.643555 0.553385 0.642578 0.552083 0.642578 0.550781 0.641602 0.549479 0.641602 0.548177 0.640625 0.546875 0.640625 0.545573 0.639648 0.544271 0.639648 0.539062
1 0.880859 0.408854 0.880859 0.43099 0.883789 0.43099 0.885742 0.433594 0.885742 0.434896 0.887695 0.4375 0.887695 0.438802 0.889648 0.441406 0.889648 0.442708 0.890625 0.44401 0.890625 0.445312 0.892578 0.447917 0.892578 0.450521 0.893555 0.451823 0.893555 0.453125 0.894531 0.454427 0.894531 0.457031 0.895508 0.458333 0.895508 0.459635 0.896484 0.460938 0.896484 0.46224 0.899414 0.466146 0.899414 0.467448 0.902344 0.471354 0.902344 0.472656 0.905273 0.476562 0.905273 0.477865 0.907227 0.480469 0.907227 0.483073 0.908203 0.484375 0.908203 0.488281 0.90918 0.489583 0.90918 0.497396 0.910156 0.498698 0.910156 0.522135 0.911133 0.523438 0.911133 0.527344 0.912109 0.528646 0.912109 0.532552 0.913086 0.533854 0.913086 0.53776 0.914062 0.539062 0.914062 0.561198 0.915039 0.5625 0.915039 0.56901 0.916016 0.570312 0.916016 0.576823 0.916992 0.578125 0.916992 0.583333 0.917969 0.584635 0.917969 0.585938 0.918945 0.58724 0.918945 0.588542 0.919922 0.589844 0.922852 0.589844 0.922852 0.588542 0.923828 0.58724 0.923828 0.55599 0.924805 0.554688 0.924805 0.548177 0.925781 0.546875 0.925781 0.544271 0.926758 0.542969 0.926758 0.541667 0.927734 0.540365 0.930664 0.540365 0.930664 0.516927 0.927734 0.516927 0.925781 0.514323 0.925781 0.510417 0.924805 0.509115 0.924805 0.502604 0.923828 0.501302 0.923828 0.489583 0.922852 0.488281 0.922852 0.483073 0.921875 0.481771 0.921875 0.477865 0.920898 0.476562 0.920898 0.473958 0.919922 0.472656 0.919922 0.46875 0.918945 0.467448 0.918945 0.464844 0.917969 0.463542 0.917969 0.46224 0.916992 0.460938 0.916992 0.458333 0.916016 0.457031 0.916016 0.454427 0.915039 0.453125 0.915039 0.450521 0.914062 0.449219 0.914062 0.447917 0.913086 0.446615 0.913086 0.445312 0.912109 0.44401 0.912109 0.442708 0.911133 0.441406 0.911133 0.438802 0.910156 0.4375 0.910156 0.434896 0.90918 0.433594 0.90918 0.429688 0.908203 0.428385 0.908203 0.423177 0.907227 0.421875 0.907227 0.420573 0.90625 0.419271 0.90625 0.417969 0.904297 0.415365 0.904297 0.408854
1 0.362305 0.388021 0.362305 0.393229 0.360352 0.395833 0.357422 0.395833 0.357422 0.446615 0.361328 0.446615 0.362305 0.447917 0.363281 0.447917 0.365234 0.450521 0.365234 0.451823 0.367188 0.454427 0.367188 0.458333 0.366211 0.459635 0.366211 0.460938 0.367188 0.46224 0.367188 0.466146 0.368164 0.466146 0.369141 0.467448 0.370117 0.467448 0.371094 0.46875 0.37207 0.46875 0.373047 0.470052 0.374023 0.470052 0.375 0.471354 0.376953 0.471354 0.37793 0.472656 0.379883 0.472656 0.380859 0.473958 0.382812 0.473958 0.383789 0.47526 0.397461 0.47526 0.398438 0.476562 0.401367 0.476562 0.402344 0.477865 0.40332 0.477865 0.405273 0.480469 0.40625 0.480469 0.416992 0.494792 0.416992 0.496094 0.419922 0.5 0.420898 0.5 0.421875 0.501302 0.421875 0.50651 0.433594 0.50651 0.433594 0.501302 0.43457 0.5 0.435547 0.5 0.4375 0.497396 0.4375 0.496094 0.438477 0.494792 0.442383 0.494792 0.442383 0.473958 0.439453 0.473958 0.432617 0.464844 0.432617 0.463542 0.424805 0.453125 0.424805 0.451823 0.410156 0.432292 0.40918 0.432292 0.389648 0.40625 0.389648 0.404948 0.386719 0.401042 0.386719 0.39974 0.381836 0.393229 0.381836 0.388021
1 0.551758 0.513021 0.551758 0.518229 0.550781 0.519531 0.550781 0.520833 0.549805 0.522135 0.549805 0.523438 0.546875 0.527344 0.546875 0.528646 0.545898 0.529948 0.545898 0.53125 0.543945 0.533854 0.543945 0.535156 0.542969 0.536458 0.542969 0.53776 0.541016 0.540365 0.541016 0.542969 0.539062 0.545573 0.539062 0.546875 0.537109 0.549479 0.537109 0.550781 0.536133 0.552083 0.536133 0.553385 0.535156 0.554688 0.535156 0.55599 0.533203 0.558594 0.533203 0.559896 0.530273 0.563802 0.530273 0.565104 0.522461 0.575521 0.522461 0.576823 0.521484 0.578125 0.521484 0.580729 0.520508 0.582031 0.520508 0.585938 0.519531 0.58724 0.519531 0.588542 0.518555 0.589844 0.518555 0.592448 0.514648 0.597656 0.514648 0.598958 0.512695 0.601562 0.511719 0.601562 0.507812 0.606771 0.506836 0.606771 0.504883 0.609375 0.503906 0.609375 0.501953 0.611979 0.5 0.611979 0.499023 0.613281 0.49707 0.613281 0.496094 0.614583 0.491211 0.614583 0.490234 0.615885 0.487305 0.615885 0.486328 0.617188 0.485352 0.617188 0.481445 0.622396 0.478516 0.622396 0.478516 0.714844 0.488281 0.714844 0.488281 0.710938 0.490234 0.708333 0.491211 0.708333 0.492188 0.707031 0.493164 0.707031 0.495117 0.704427 0.496094 0.704427 0.498047 0.701823 0.499023 0.701823 0.5 0.700521 0.5 0.699219 0.503906 0.69401 0.503906 0.692708 0.504883 0.691406 0.504883 0.690104 0.505859 0.688802 0.505859 0.6875 0.507812 0.684896 0.507812 0.683594 0.508789 0.682292 0.508789 0.68099 0.509766 0.679688 0.509766 0.678385 0.510742 0.677083 0.510742 0.675781 0.515625 0.669271 0.515625 0.667969 0.517578 0.665365 0.517578 0.664062 0.519531 0.661458 0.520508 0.661458 0.522461 0.658854 0.523438 0.658854 0.524414 0.657552 0.525391 0.657552 0.526367 0.65625 0.527344 0.65625 0.52832 0.654948 0.529297 0.654948 0.530273 0.653646 0.53125 0.653646 0.536133 0.647135 0.536133 0.645833 0.537109 0.644531 0.537109 0.643229 0.538086 0.641927 0.538086 0.640625 0.539062 0.639323 0.539062 0.638021 0.540039 0.636719 0.540039 0.635417 0.541016 0.634115 0.541016 0.632812 0.541992 0.63151 0.541992 0.630208 0.542969 0.628906 0.542969 0.627604 0.544922 0.625 0.545898 0.625 0.546875 0.623698 0.546875 0.622396 0.548828 0.619792 0.549805 0.619792 0.554688 0.613281 0.555664 0.613281 0.560547 0.606771 0.561523 0.606771 0.5625 0.605469 0.5625 0.604167 0.56543 0.60026 0.56543 0.598958 0.566406 0.597656 0.566406 0.596354 0.567383 0.595052 0.567383 0.59375 0.568359 0.592448 0.568359 0.588542 0.569336 0.58724 0.569336 0.583333 0.570312 0.582031 0.570312 0.580729 0.571289 0.579427 0.571289 0.578125 0.572266 0.576823 0.572266 0.574219 0.573242 0.572917 0.573242 0.571615 0.574219 0.570312 0.574219 0.56901 0.575195 0.567708 0.575195 0.566406 0.576172 0.565104 0.576172 0.563802 0.577148 0.5625 0.577148 0.559896 0.578125 0.558594 0.578125 0.554688 0.579102 0.553385 0.578125 0.552083 0.578125 0.539062 0.580078 0.536458 0.583008 0.536458 0.583008 0.513021 0.574219 0.513021 0.574219 0.516927 0.573242 0.518229 0.573242 0.522135 0.572266 0.523438 0.570312 0.520833 0.570312 0.519531 0.568359 0.516927 0.568359 0.513021
1 0.000976562 0.424479 0 0.424479 0 0.428385 0.000976562 0.428385 0.000976562 0.424479 0.00488281 0.415365 0.00585938 0.415365 0.00976562 0.420573 0.0107422 0.420573 0.0117188 0.421875 0.0146484 0.421875 0.015625 0.423177 0.0166016 0.423177 0.0175781 0.424479 0.0175781 0.428385 0.0214844 0.428385 0.0214844 0.424479 0.0234375 0.421875 0.0244141 0.421875 0.0253906 0.420573 0.0263672 0.420573 0.0302734 0.415365 0.0302734 0.414062 0.03125 0.41276 0.03125 0.410156 0.0322266 0.408854 0.0322266 0.40625 0.0332031 0.404948 0.0332031 0.402344 0.0341797 0.401042 0.0341797 0.398438 0.0351562 0.397135 0.0351562 0.395833 0.0361328 0.394531 0.0361328 0.393229 0.0371094 0.391927 0.0371094 0.390625 0.0380859 0.389323 0.0380859 0.388021 0.0390625 0.386719 0.0390625 0.385417 0.0400391 0.384115 0.0400391 0.382812 0.0410156 0.38151 0.0410156 0.377604 0.0419922 0.376302 0.0419922 0.375 0.0429688 0.373698 0.0429688 0.371094 0.0439453 0.369792 0.0439453 0.36849 0.0449219 0.367188 0.0449219 0.363281 0.0458984 0.361979 0.0458984 0.360677 0.046875 0.359375 0.046875 0.356771 0.0478516 0.355469 0.0478516 0.352865 0.0488281 0.351562 0.0488281 0.347656 0.0498047 0.346354 0.0498047 0.342448 0.0507812 0.341146 0.0507812 0.338542 0.0517578 0.33724 0.0517578 0.334635 0.0527344 0.333333 0.0527344 0.329427 0.0537109 0.328125 0.0537109 0.325521 0.0546875 0.324219 0.0546875 0.321615 0.0556641 0.320312 0.0556641 0.316406 0.0566406 0.315104 0.0566406 0.309896 0.0576172 0.308594 0.0576172 0.303385 0.0585938 0.302083 0.0585938 0.298177 0.0595703 0.296875 0.0595703 0.294271 0.0605469 0.292969 0.0634766 0.292969 0.0634766 0.231771 0.0283203 0.231771 0.0283203 0.235677 0.0273438 0.236979 0.0273438 0.238281 0.0263672 0.239583 0.0263672 0.240885 0.0205078 0.248698 0.0185547 0.248698 0.0175781 0.25 0.0166016 0.25 0.0136719 0.253906 0.0136719 0.255208 0.0117188 0.257812 0.0117188 0.263021 0.0107422 0.264323 0.0107422 0.265625 0.00976562 0.266927 0.00976562 0.269531 0.00878906 0.270833 0.00878906 0.273438 0.0078125 0.27474 0.0078125 0.277344 0.00683594 0.278646 0.00683594 0.28125 0.00585938 0.282552 0.00585938 0.286458 0.00488281 0.28776 0.00488281 0.290365 0.00390625 0.291667 0.00390625 0.294271 0.00292969 0.295573 0.00292969 0.296875 0.00195312 0.298177 0.00195312 0.299479 0.000976562 0.300781 0 0.300781 0 0.410156 0.000976562 0.410156 0.00488281 0.415365
1 0.470703 0.773438 0.470703 0.795573 0.474609 0.795573 0.475586 0.796875 0.475586 0.798177 0.476562 0.799479 0.476562 0.800781 0.477539 0.802083 0.477539 0.804688 0.478516 0.80599 0.478516 0.808594 0.479492 0.809896 0.479492 0.811198 0.480469 0.8125 0.480469 0.815104 0.481445 0.816406 0.481445 0.81901 0.482422 0.820312 0.482422 0.822917 0.483398 0.824219 0.483398 0.825521 0.484375 0.826823 0.484375 0.842448 0.483398 0.84375 0.483398 0.852865 0.484375 0.854167 0.484375 0.856771 0.486328 0.859375 0.486328 0.860677 0.488281 0.863281 0.488281 0.864583 0.490234 0.867188 0.490234 0.86849 0.492188 0.871094 0.492188 0.872396 0.493164 0.873698 0.493164 0.875 0.494141 0.876302 0.494141 0.877604 0.495117 0.878906 0.495117 0.880208 0.49707 0.882812 0.49707 0.884115 0.5 0.888021 0.5 0.889323 0.500977 0.890625 0.500977 0.891927 0.503906 0.895833 0.503906 0.897135 0.510742 0.90625 0.510742 0.907552 0.515625 0.914062 0.515625 0.915365 0.518555 0.919271 0.519531 0.919271 0.520508 0.920573 0.521484 0.920573 0.522461 0.921875 0.523438 0.921875 0.524414 0.923177 0.526367 0.923177 0.527344 0.924479 0.527344 0.928385 0.540039 0.928385 0.540039 0.924479 0.541016 0.923177 0.542969 0.923177 0.543945 0.921875 0.552734 0.921875 0.553711 0.923177 0.554688 0.923177 0.555664 0.924479 0.555664 0.928385 0.55957 0.928385 0.55957 0.897135 0.553711 0.897135 0.551758 0.894531 0.551758 0.893229 0.550781 0.893229 0.548828 0.890625 0.544922 0.890625 0.543945 0.889323 0.542969 0.889323 0.537109 0.88151 0.537109 0.876302 0.536133 0.875 0.536133 0.871094 0.533203 0.867188 0.533203 0.865885 0.532227 0.864583 0.53125 0.864583 0.530273 0.863281 0.530273 0.861979 0.529297 0.860677 0.52832 0.860677 0.525391 0.856771 0.525391 0.855469 0.519531 0.847656 0.519531 0.846354 0.513672 0.838542 0.512695 0.838542 0.50293 0.825521 0.50293 0.824219 0.500977 0.821615 0.500977 0.820312 0.499023 0.817708 0.499023 0.816406 0.495117 0.811198 0.495117 0.809896 0.491211 0.804688 0.491211 0.803385 0.490234 0.802083 0.490234 0.800781 0.489258 0.799479 0.489258 0.798177 0.486328 0.794271 0.486328 0.792969 0.485352 0.791667 0.485352 0.790365 0.484375 0.789062 0.484375 0.78776 0.483398 0.78776 0.481445 0.785156 0.481445 0.783854 0.478516 0.779948 0.477539 0.779948 0.476562 0.778646 0.476562 0.773438
0 0.722656 0.565104 0.722656 0.570312 0.71875 0.575521 0.71875 0.576823 0.717773 0.578125 0.717773 0.579427 0.716797 0.580729 0.716797 0.582031 0.71582 0.583333 0.71582 0.584635 0.713867 0.58724 0.713867 0.588542 0.710938 0.592448 0.710938 0.59375 0.708984 0.596354 0.708984 0.597656 0.708008 0.598958 0.708008 0.60026 0.707031 0.601562 0.707031 0.604167 0.706055 0.605469 0.706055 0.606771 0.705078 0.608073 0.705078 0.609375 0.703125 0.611979 0.703125 0.613281 0.702148 0.614583 0.702148 0.615885 0.701172 0.617188 0.701172 0.61849 0.700195 0.619792 0.700195 0.625 0.699219 0.626302 0.699219 0.628906 0.698242 0.630208 0.698242 0.632812 0.697266 0.634115 0.697266 0.636719 0.696289 0.638021 0.696289 0.640625 0.695312 0.641927 0.695312 0.643229 0.694336 0.644531 0.694336 0.647135 0.693359 0.648438 0.693359 0.651042 0.692383 0.652344 0.692383 0.654948 0.691406 0.65625 0.691406 0.660156 0.69043 0.661458 0.69043 0.664062 0.689453 0.665365 0.689453 0.667969 0.688477 0.669271 0.688477 0.671875 0.6875 0.673177 0.6875 0.677083 0.686523 0.678385 0.686523 0.68099 0.685547 0.682292 0.685547 0.684896 0.68457 0.686198 0.68457 0.688802 0.683594 0.690104 0.683594 0.69401 0.682617 0.695312 0.682617 0.71875 0.681641 0.720052 0.681641 0.736979 0.682617 0.738281 0.682617 0.744792 0.681641 0.746094 0.681641 0.752604 0.680664 0.753906 0.680664 0.757812 0.679688 0.759115 0.679688 0.764323 0.678711 0.765625 0.678711 0.768229 0.677734 0.769531 0.677734 0.773438 0.676758 0.77474 0.676758 0.778646 0.675781 0.779948 0.675781 0.783854 0.674805 0.785156 0.674805 0.786458 0.673828 0.78776 0.673828 0.790365 0.672852 0.791667 0.672852 0.794271 0.670898 0.796875 0.670898 0.798177 0.669922 0.799479 0.669922 0.800781 0.668945 0.802083 0.668945 0.803385 0.667969 0.804688 0.667969 0.807292 0.666992 0.808594 0.666992 0.809896 0.666016 0.811198 0.666016 0.815104 0.665039 0.816406 0.665039 0.820312 0.663086 0.822917 0.663086 0.824219 0.661133 0.826823 0.658203 0.826823 0.658203 0.878906 0.662109 0.878906 0.663086 0.880208 0.663086 0.88151 0.665039 0.884115 0.665039 0.885417 0.666992 0.888021 0.667969 0.888021 0.669922 0.890625 0.670898 0.890625 0.672852 0.893229 0.672852 0.897135 0.683594 0.897135 0.683594 0.893229 0.685547 0.890625 0.686523 0.890625 0.691406 0.884115 0.691406 0.882812 0.692383 0.88151 0.692383 0.880208 0.693359 0.878906 0.693359 0.875 0.694336 0.873698 0.694336 0.860677 0.695312 0.859375 0.695312 0.855469 0.696289 0.854167 0.696289 0.851562 0.697266 0.85026 0.697266 0.847656 0.698242 0.846354 0.698242 0.845052 0.699219 0.84375 0.699219 0.842448 0.701172 0.839844 0.701172 0.83724 0.702148 0.835938 0.702148 0.833333 0.703125 0.832031 0.703125 0.830729 0.704102 0.829427 0.704102 0.826823 0.705078 0.825521 0.705078 0.821615 0.706055 0.820312 0.706055 0.816406 0.707031 0.815104 0.707031 0.811198 0.708008 0.809896 0.708008 0.80599 0.708984 0.804688 0.708984 0.798177 0.709961 0.796875 0.709961 0.786458 0.710938 0.785156 0.710938 0.776042 0.711914 0.77474 0.711914 0.766927 0.712891 0.765625 0.712891 0.736979 0.713867 0.735677 0.713867 0.710938 0.714844 0.709635 0.714844 0.703125 0.71582 0.701823 0.71582 0.688802 0.716797 0.6875 0.716797 0.679688 0.717773 0.678385 0.717773 0.673177 0.71875 0.671875 0.71875 0.669271 0.719727 0.667969 0.719727 0.665365 0.720703 0.664062 0.720703 0.661458 0.72168 0.660156 0.72168 0.657552 0.723633 0.654948 0.723633 0.653646 0.724609 0.652344 0.724609 0.651042 0.725586 0.64974 0.725586 0.648438 0.727539 0.645833 0.727539 0.644531 0.729492 0.641927 0.729492 0.640625 0.730469 0.639323 0.730469 0.638021 0.731445 0.636719 0.731445 0.635417 0.732422 0.634115 0.732422 0.632812 0.734375 0.630208 0.734375 0.628906 0.735352 0.627604 0.735352 0.626302 0.736328 0.625 0.736328 0.623698 0.737305 0.622396 0.737305 0.619792 0.738281 0.61849 0.738281 0.617188 0.739258 0.615885 0.739258 0.614583 0.740234 0.613281 0.740234 0.611979 0.741211 0.610677 0.741211 0.609375 0.742188 0.608073 0.742188 0.606771 0.743164 0.605469 0.743164 0.604167 0.745117 0.601562 0.745117 0.598958 0.746094 0.597656 0.746094 0.596354 0.74707 0.595052 0.74707 0.59375 0.748047 0.592448 0.750977 0.592448 0.750977 0.585938 0.748047 0.585938 0.74707 0.584635 0.74707 0.583333 0.746094 0.582031 0.746094 0.579427 0.745117 0.578125 0.745117 0.575521 0.744141 0.574219 0.744141 0.572917 0.743164 0.571615 0.742188 0.571615 0.741211 0.570312 0.741211 0.565104
1 0.724609 0.00260417 0.724609 0.0325521 0.727539 0.0325521 0.731445 0.0377604 0.731445 0.0390625 0.732422 0.0403646 0.732422 0.0416667 0.733398 0.0429688 0.733398 0.0442708 0.734375 0.0455729 0.734375 0.046875 0.735352 0.0481771 0.735352 0.0494792 0.736328 0.0507812 0.736328 0.0520833 0.737305 0.0533854 0.737305 0.0572917 0.738281 0.0585938 0.738281 0.0677083 0.739258 0.0690104 0.739258 0.078125 0.740234 0.0794271 0.740234 0.0859375 0.741211 0.0872396 0.741211 0.0950521 0.742188 0.0963542 0.742188 0.101562 0.743164 0.102865 0.743164 0.106771 0.744141 0.108073 0.744141 0.110677 0.745117 0.111979 0.745117 0.113281 0.746094 0.114583 0.746094 0.115885 0.748047 0.11849 0.751953 0.11849 0.75293 0.117188 0.75293 0.115885 0.754883 0.113281 0.754883 0.111979 0.755859 0.110677 0.755859 0.109375 0.756836 0.108073 0.756836 0.106771 0.758789 0.104167 0.758789 0.102865 0.759766 0.101562 0.759766 0.10026 0.760742 0.0989583 0.760742 0.0976562 0.761719 0.0963542 0.761719 0.0950521 0.763672 0.0924479 0.763672 0.0898438 0.764648 0.0885417 0.764648 0.0846354 0.765625 0.0833333 0.765625 0.0794271 0.766602 0.078125 0.766602 0.0742188 0.767578 0.0729167 0.767578 0.0690104 0.768555 0.0677083 0.768555 0.0221354 0.769531 0.0208333 0.769531 0.00260417
1 0.587891 0 0.587891 0.0260417 0.59082 0.0260417 0.592773 0.0286458 0.592773 0.0299479 0.59375 0.03125 0.59375 0.0338542 0.594727 0.0351562 0.594727 0.0364583 0.598633 0.0416667 0.634766 0.0416667 0.635742 0.0403646 0.638672 0.0403646 0.640625 0.0377604 0.641602 0.0377604 0.642578 0.0364583 0.644531 0.0364583 0.645508 0.0351562 0.648438 0.0351562 0.649414 0.0338542 0.651367 0.0338542 0.652344 0.0325521 0.65332 0.0325521 0.654297 0.03125 0.655273 0.03125 0.65625 0.0299479 0.657227 0.0299479 0.658203 0.0286458 0.660156 0.0286458 0.661133 0.0273438 0.662109 0.0273438 0.663086 0.0260417 0.664062 0.0260417 0.665039 0.0247396 0.666016 0.0247396 0.666992 0.0234375 0.667969 0.0234375 0.668945 0.0221354 0.670898 0.0221354 0.671875 0.0208333 0.673828 0.0208333 0.674805 0.0195312 0.677734 0.0195312 0.678711 0.0182292 0.683594 0.0182292 0.68457 0.0169271 0.686523 0.0169271 0.6875 0.015625 0.688477 0.015625 0.689453 0.0143229 0.69043 0.0143229 0.691406 0.0130208 0.692383 0.0130208 0.693359 0.0117188 0.694336 0.0117188 0.696289 0.00911458 0.697266 0.00911458 0.698242 0.0078125 0.699219 0.0078125 0.700195 0.00651042 0.701172 0.00651042 0.703125 0.00390625 0.704102 0.00390625 0.705078 0.00260417 0.707031 0.00260417 0.708008 0.00130208 0.708008 0
1 0.248047 0.0494792 0.248047 0.0794271 0.251953 0.0794271 0.25293 0.0807292 0.253906 0.0807292 0.255859 0.0833333 0.256836 0.0833333 0.258789 0.0859375 0.259766 0.0859375 0.262695 0.0898438 0.263672 0.0898438 0.265625 0.0924479 0.266602 0.0924479 0.269531 0.0963542 0.270508 0.0963542 0.273438 0.10026 0.274414 0.10026 0.276367 0.102865 0.277344 0.102865 0.27832 0.104167 0.279297 0.104167 0.280273 0.105469 0.28125 0.105469 0.282227 0.106771 0.283203 0.106771 0.28418 0.108073 0.285156 0.108073 0.286133 0.109375 0.287109 0.109375 0.288086 0.110677 0.289062 0.110677 0.290039 0.111979 0.291992 0.111979 0.292969 0.113281 0.293945 0.113281 0.294922 0.114583 0.295898 0.114583 0.296875 0.115885 0.297852 0.115885 0.299805 0.11849 0.301758 0.11849 0.302734 0.119792 0.303711 0.119792 0.304688 0.121094 0.305664 0.121094 0.307617 0.123698 0.308594 0.123698 0.30957 0.125 0.311523 0.125 0.313477 0.127604 0.314453 0.127604 0.31543 0.128906 0.316406 0.128906 0.317383 0.130208 0.318359 0.130208 0.320312 0.132812 0.321289 0.132812 0.323242 0.135417 0.324219 0.135417 0.325195 0.136719 0.326172 0.136719 0.328125 0.139323 0.329102 0.139323 0.333984 0.145833 0.334961 0.145833 0.337891 0.14974 0.338867 0.14974 0.341797 0.153646 0.342773 0.153646 0.344727 0.15625 0.345703 0.15625 0.34668 0.157552 0.347656 0.157552 0.349609 0.160156 0.350586 0.160156 0.351562 0.161458 0.353516 0.161458 0.354492 0.16276 0.356445 0.16276 0.357422 0.164062 0.359375 0.164062 0.360352 0.165365 0.363281 0.165365 0.364258 0.166667 0.366211 0.166667 0.367188 0.167969 0.368164 0.167969 0.369141 0.169271 0.371094 0.169271 0.37207 0.170573 0.374023 0.170573 0.375 0.171875 0.376953 0.171875 0.37793 0.173177 0.378906 0.173177 0.384766 0.18099 0.384766 0.182292 0.385742 0.183594 0.385742 0.184896 0.386719 0.186198 0.386719 0.1875 0.387695 0.188802 0.387695 0.190104 0.388672 0.191406 0.388672 0.19401 0.389648 0.195312 0.389648 0.196615 0.390625 0.197917 0.390625 0.199219 0.392578 0.201823 0.392578 0.203125 0.395508 0.207031 0.395508 0.208333 0.396484 0.209635 0.397461 0.209635 0.398438 0.210938 0.401367 0.210938 0.402344 0.21224 0.407227 0.21224 0.408203 0.210938 0.40918 0.210938 0.410156 0.209635 0.410156 0.208333 0.412109 0.205729 0.415039 0.205729 0.415039 0.186198 0.412109 0.186198 0.405273 0.177083 0.404297 0.177083 0.399414 0.170573 0.399414 0.169271 0.398438 0.167969 0.398438 0.166667 0.397461 0.165365 0.397461 0.161458 0.396484 0.160156 0.396484 0.157552 0.395508 0.15625 0.395508 0.154948 0.394531 0.153646 0.394531 0.151042 0.393555 0.14974 0.393555 0.148438 0.392578 0.147135 0.392578 0.145833 0.387695 0.139323 0.386719 0.139323 0.383789 0.135417 0.382812 0.135417 0.375977 0.126302 0.375 0.126302 0.374023 0.125 0.373047 0.125 0.370117 0.121094 0.369141 0.121094 0.366211 0.117188 0.365234 0.117188 0.361328 0.111979 0.360352 0.111979 0.359375 0.110677 0.358398 0.110677 0.352539 0.102865 0.351562 0.102865 0.349609 0.10026 0.348633 0.10026 0.345703 0.0963542 0.344727 0.0963542 0.34375 0.0950521 0.342773 0.0950521 0.341797 0.09375 0.34082 0.09375 0.339844 0.0924479 0.338867 0.0924479 0.336914 0.0898438 0.335938 0.0898438 0.334961 0.0885417 0.333984 0.0885417 0.333008 0.0872396 0.332031 0.0872396 0.331055 0.0859375 0.330078 0.0859375 0.329102 0.0846354 0.328125 0.0846354 0.327148 0.0833333 0.325195 0.0833333 0.323242 0.0807292 0.322266 0.0807292 0.321289 0.0794271 0.320312 0.0794271 0.319336 0.078125 0.318359 0.078125 0.316406 0.0755208 0.31543 0.0755208 0.313477 0.0729167 0.3125 0.0729167 0.310547 0.0703125 0.30957 0.0703125 0.308594 0.0690104 0.307617 0.0690104 0.306641 0.0677083 0.305664 0.0677083 0.304688 0.0664062 0.303711 0.0664062 0.301758 0.0638021 0.300781 0.0638021 0.298828 0.0611979 0.296875 0.0611979 0.294922 0.0585938 0.293945 0.0585938 0.292969 0.0572917 0.291992 0.0572917 0.291016 0.0559896 0.289062 0.0559896 0.287109 0.0533854 0.287109 0.0494792
1 0.448242 0.00260417 0.448242 0.0078125 0.449219 0.00911458 0.449219 0.0104167 0.450195 0.0117188 0.450195 0.0169271 0.451172 0.0182292 0.451172 0.0325521 0.450195 0.0338542 0.450195 0.0364583 0.449219 0.0377604 0.449219 0.0403646 0.448242 0.0416667 0.448242 0.0455729 0.447266 0.046875 0.447266 0.0533854 0.448242 0.0546875 0.448242 0.0598958 0.449219 0.0611979 0.449219 0.0638021 0.450195 0.0651042 0.450195 0.0664062 0.451172 0.0677083 0.451172 0.0690104 0.453125 0.0716146 0.453125 0.0729167 0.455078 0.0755208 0.455078 0.0768229 0.460938 0.0846354 0.460938 0.0859375 0.462891 0.0885417 0.463867 0.0885417 0.464844 0.0898438 0.467773 0.0898438 0.46875 0.0885417 0.469727 0.0885417 0.470703 0.0872396 0.47168 0.0872396 0.475586 0.0820312 0.476562 0.0820312 0.481445 0.0755208 0.481445 0.0742188 0.482422 0.0729167 0.482422 0.0716146 0.483398 0.0703125 0.483398 0.0690104 0.484375 0.0677083 0.484375 0.0651042 0.485352 0.0638021 0.485352 0.0625 0.486328 0.0611979 0.489258 0.0611979 0.489258 0.00260417
0 0.896484 0.00260417 0.896484 0.046875 0.899414 0.046875 0.901367 0.0494792 0.901367 0.0520833 0.902344 0.0533854 0.902344 0.0677083 0.90332 0.0690104 0.90332 0.0729167 0.904297 0.0742188 0.904297 0.0768229 0.90625 0.0794271 0.90625 0.0807292 0.907227 0.0820312 0.907227 0.0833333 0.908203 0.0846354 0.908203 0.0859375 0.90918 0.0872396 0.90918 0.0885417 0.910156 0.0898438 0.910156 0.0911458 0.911133 0.0924479 0.911133 0.09375 0.912109 0.0950521 0.912109 0.0963542 0.915039 0.10026 0.915039 0.101562 0.916016 0.102865 0.916016 0.104167 0.916992 0.105469 0.916992 0.106771 0.919922 0.110677 0.919922 0.111979 0.923828 0.117188 0.924805 0.117188 0.928711 0.122396 0.928711 0.123698 0.939453 0.138021 0.939453 0.141927 0.972656 0.141927 0.972656 0.136719 0.975586 0.132812 0.975586 0.13151 0.976562 0.130208 0.977539 0.130208 0.979492 0.127604 0.979492 0.126302 0.982422 0.122396 0.982422 0.121094 0.983398 0.119792 0.983398 0.11849 0.984375 0.117188 0.984375 0.115885 0.985352 0.114583 0.985352 0.113281 0.986328 0.111979 0.986328 0.109375 0.987305 0.108073 0.987305 0.105469 0.988281 0.104167 0.988281 0.10026 0.989258 0.0989583 0.989258 0.0950521 0.990234 0.09375 0.990234 0.0898438 0.991211 0.0885417 0.991211 0.0833333 0.992188 0.0820312 0.992188 0.0729167 0.993164 0.0716146 0.993164 0.0690104 0.992188 0.0677083 0.992188 0.0598958 0.991211 0.0585938 0.991211 0.0559896 0.990234 0.0546875 0.990234 0.0520833 0.989258 0.0507812 0.989258 0.0481771 0.988281 0.046875 0.988281 0.0442708 0.987305 0.0429688 0.987305 0.0403646 0.986328 0.0390625 0.986328 0.0377604 0.985352 0.0364583 0.985352 0.0351562 0.984375 0.0338542 0.984375 0.03125 0.983398 0.0299479 0.983398 0.0273438 0.982422 0.0260417 0.982422 0.0234375 0.981445 0.0221354 0.981445 0.0195312 0.980469 0.0182292 0.980469 0.0117188 0.979492 0.0104167 0.979492 0.00260417
1 0.93457 0.752604 0.93457 0.75651 0.933594 0.757812 0.933594 0.759115 0.932617 0.760417 0.932617 0.761719 0.931641 0.763021 0.931641 0.766927 0.930664 0.768229 0.930664 0.776042 0.929688 0.777344 0.929688 0.783854 0.928711 0.785156 0.928711 0.791667 0.927734 0.792969 0.927734 0.798177 0.926758 0.799479 0.926758 0.804688 0.925781 0.80599 0.925781 0.809896 0.924805 0.811198 0.924805 0.815104 0.923828 0.816406 0.923828 0.817708 0.922852 0.81901 0.922852 0.820312 0.921875 0.821615 0.921875 0.822917 0.919922 0.825521 0.919922 0.826823 0.918945 0.828125 0.918945 0.829427 0.916016 0.833333 0.916016 0.834635 0.907227 0.846354 0.90625 0.846354 0.904297 0.848958 0.902344 0.848958 0.901367 0.85026 0.900391 0.85026 0.899414 0.851562 0.898438 0.851562 0.896484 0.854167 0.895508 0.854167 0.894531 0.855469 0.893555 0.855469 0.887695 0.863281 0.884766 0.863281 0.884766 0.902344 0.887695 0.902344 0.888672 0.903646 0.892578 0.903646 0.893555 0.904948 0.895508 0.904948 0.896484 0.90625 0.898438 0.90625 0.900391 0.908854 0.900391 0.91276 0.924805 0.91276 0.924805 0.908854 0.925781 0.907552 0.926758 0.907552 0.928711 0.904948 0.929688 0.904948 0.93457 0.898438 0.935547 0.898438 0.941406 0.890625 0.942383 0.890625 0.955078 0.873698 0.955078 0.872396 0.958984 0.867188 0.958984 0.865885 0.960938 0.863281 0.960938 0.861979 0.962891 0.859375 0.962891 0.858073 0.963867 0.856771 0.963867 0.855469 0.966797 0.851562 0.966797 0.85026 0.967773 0.848958 0.967773 0.847656 0.970703 0.84375 0.970703 0.842448 0.97168 0.841146 0.97168 0.839844 0.973633 0.83724 0.973633 0.835938 0.974609 0.834635 0.974609 0.833333 0.975586 0.832031 0.975586 0.830729 0.977539 0.828125 0.977539 0.826823 0.978516 0.825521 0.978516 0.824219 0.982422 0.81901 0.985352 0.81901 0.985352 0.809896 0.982422 0.809896 0.981445 0.808594 0.981445 0.807292 0.980469 0.80599 0.980469 0.783854 0.979492 0.782552 0.979492 0.772135 0.978516 0.770833 0.978516 0.766927 0.977539 0.765625 0.977539 0.764323 0.976562 0.763021 0.976562 0.760417 0.975586 0.759115 0.975586 0.752604
