1 0.693359 0.518229 0.693359 0.559896 0.696289 0.559896 0.700195 0.565104 0.700195 0.566406 0.703125 0.570312 0.703125 0.571615 0.705078 0.574219 0.705078 0.575521 0.707031 0.578125 0.707031 0.579427 0.708984 0.582031 0.708984 0.583333 0.710938 0.585938 0.710938 0.58724 0.712891 0.589844 0.712891 0.591146 0.713867 0.592448 0.713867 0.59375 0.71582 0.596354 0.71582 0.597656 0.717773 0.60026 0.717773 0.601562 0.728516 0.615885 0.729492 0.615885 0.733398 0.621094 0.734375 0.621094 0.743164 0.632812 0.744141 0.632812 0.767578 0.664062 0.768555 0.664062 0.77832 0.677083 0.779297 0.677083 0.798828 0.703125 0.798828 0.704427 0.802734 0.709635 0.802734 0.710938 0.814453 0.726562 0.814453 0.727865 0.828125 0.746094 0.828125 0.747396 0.831055 0.751302 0.831055 0.752604 0.833984 0.75651 0.833984 0.757812 0.836914 0.761719 0.836914 0.763021 0.839844 0.766927 0.839844 0.768229 0.841797 0.770833 0.841797 0.772135 0.842773 0.773438 0.842773 0.77474 0.84375 0.776042 0.84375 0.777344 0.844727 0.778646 0.844727 0.779948 0.845703 0.78125 0.845703 0.782552 0.84668 0.783854 0.84668 0.785156 0.847656 0.786458 0.847656 0.78776 0.848633 0.789062 0.848633 0.790365 0.849609 0.791667 0.849609 0.792969 0.850586 0.794271 0.850586 0.795573 0.851562 0.796875 0.851562 0.798177 0.852539 0.799479 0.852539 0.800781 0.853516 0.802083 0.853516 0.803385 0.855469 0.80599 0.855469 0.807292 0.856445 0.808594 0.856445 0.809896 0.859375 0.813802 0.859375 0.815104 0.860352 0.816406 0.860352 0.817708 0.861328 0.81901 0.861328 0.820312 0.862305 0.821615 0.862305 0.822917 0.863281 0.824219 0.863281 0.825521 0.864258 0.826823 0.864258 0.828125 0.865234 0.829427 0.865234 0.830729 0.866211 0.832031 0.866211 0.833333 0.868164 0.835938 0.868164 0.83724 0.869141 0.838542 0.869141 0.839844 0.871094 0.842448 0.871094 0.84375 0.873047 0.846354 0.873047 0.847656 0.875 0.85026 0.875 0.851562 0.879883 0.858073 0.879883 0.859375 0.891602 0.875 0.892578 0.875 0.894531 0.877604 0.895508 0.877604 0.896484 0.878906 0.904297 0.878906 0.90625 0.876302 0.907227 0.876302 0.912109 0.869792 0.913086 0.869792 0.917969 0.863281 0.917969 0.861979 0.922852 0.855469 0.922852 0.854167 0.923828 0.852865 0.923828 0.84375 0.922852 0.842448 0.922852 0.839844 0.921875 0.838542 0.921875 0.835938 0.920898 0.834635 0.920898 0.833333 0.919922 0.832031 0.919922 0.830729 0.917969 0.828125 0.917969 0.826823 0.915039 0.822917 0.915039 0.821615 0.905273 0.808594 0.905273 0.807292 0.902344 0.803385 0.902344 0.802083 0.901367 0.800781 0.901367 0.799479 0.899414 0.796875 0.899414 0.795573 0.898438 0.794271 0.898438 0.792969 0.897461 0.791667 0.897461 0.790365 0.895508 0.78776 0.895508 0.786458 0.893555 0.783854 0.893555 0.782552 0.891602 0.779948 0.891602 0.778646 0.890625 0.777344 0.890625 0.776042 0.887695 0.772135 0.887695 0.770833 0.885742 0.768229 0.885742 0.766927 0.882812 0.763021 0.882812 0.761719 0.880859 0.759115 0.880859 0.757812 0.878906 0.755208 0.878906 0.753906 0.876953 0.751302 0.876953 0.75 0.875977 0.748698 0.875977 0.747396 0.875 0.746094 0.875 0.744792 0.874023 0.74349 0.874023 0.742188 0.873047 0.740885 0.873047 0.739583 0.87207 0.738281 0.87207 0.736979 0.871094 0.735677 0.871094 0.734375 0.870117 0.733073 0.870117 0.731771 0.869141 0.730469 0.869141 0.729167 0.867188 0.726562 0.867188 0.723958 0.866211 0.722656 0.866211 0.721354 0.865234 0.720052 0.865234 0.71875 0.864258 0.717448 0.864258 0.716146 0.862305 0.713542 0.862305 0.71224 0.860352 0.709635 0.860352 0.708333 0.854492 0.700521 0.853516 0.700521 0.849609 0.695312 0.848633 0.695312 0.84668 0.692708 0.845703 0.692708 0.833984 0.677083 0.833984 0.675781 0.831055 0.671875 0.830078 0.671875 0.821289 0.660156 0.821289 0.658854 0.8125 0.647135 0.8125 0.645833 0.810547 0.643229 0.810547 0.641927 0.808594 0.639323 0.808594 0.638021 0.807617 0.636719 0.807617 0.635417 0.805664 0.632812 0.805664 0.63151 0.803711 0.628906 0.803711 0.627604 0.800781 0.623698 0.800781 0.622396 0.799805 0.621094 0.799805 0.619792 0.797852 0.617188 0.797852 0.615885 0.795898 0.613281 0.795898 0.611979 0.793945 0.609375 0.793945 0.608073 0.792969 0.606771 0.792969 0.605469 0.791992 0.604167 0.791992 0.602865 0.791016 0.601562 0.791016 0.60026 0.788086 0.596354 0.788086 0.595052 0.786133 0.592448 0.786133 0.591146 0.785156 0.589844 0.785156 0.588542 0.782227 0.584635 0.782227 0.583333 0.779297 0.579427 0.779297 0.578125 0.767578 0.5625 0.766602 0.5625 0.761719 0.55599 0.760742 0.55599 0.753906 0.546875 0.75293 0.546875 0.750977 0.544271 0.75 0.544271 0.74707 0.540365 0.746094 0.540365 0.744141 0.53776 0.743164 0.53776 0.742188 0.536458 0.741211 0.536458 0.740234 0.535156 0.739258 0.535156 0.738281 0.533854 0.737305 0.533854 0.736328 0.532552 0.735352 0.532552 0.734375 0.53125 0.733398 0.53125 0.732422 0.529948 0.731445 0.529948 0.730469 0.528646 0.729492 0.528646 0.728516 0.527344 0.727539 0.527344 0.726562 0.526042 0.725586 0.526042 0.724609 0.52474 0.723633 0.52474 0.72168 0.522135 0.72168 0.518229
1 0.0683594 0.455729 0.0683594 0.486979 0.0722656 0.486979 0.0761719 0.492188 0.0771484 0.492188 0.0869141 0.505208 0.0869141 0.50651 0.0878906 0.507812 0.0888672 0.507812 0.09375 0.514323 0.0947266 0.514323 0.0976562 0.518229 0.0986328 0.518229 0.101562 0.522135 0.102539 0.522135 0.105469 0.526042 0.106445 0.526042 0.108398 0.528646 0.109375 0.528646 0.111328 0.53125 0.112305 0.53125 0.114258 0.533854 0.115234 0.533854 0.117188 0.536458 0.118164 0.536458 0.119141 0.53776 0.120117 0.53776 0.12207 0.540365 0.123047 0.540365 0.125 0.542969 0.125977 0.542969 0.12793 0.545573 0.128906 0.545573 0.131836 0.549479 0.132812 0.549479 0.135742 0.553385 0.136719 0.553385 0.138672 0.55599 0.139648 0.55599 0.145508 0.563802 0.146484 0.563802 0.155273 0.575521 0.15625 0.575521 0.160156 0.580729 0.161133 0.580729 0.164062 0.584635 0.165039 0.584635 0.167969 0.588542 0.168945 0.588542 0.171875 0.592448 0.172852 0.592448 0.175781 0.596354 0.176758 0.596354 0.182617 0.604167 0.183594 0.604167 0.185547 0.606771 0.185547 0.608073 0.19043 0.614583 0.19043 0.615885 0.191406 0.617188 0.191406 0.622396 0.192383 0.623698 0.192383 0.627604 0.193359 0.627604 0.194336 0.628906 0.195312 0.628906 0.197266 0.63151 0.198242 0.630208 0.202148 0.630208 0.203125 0.63151 0.205078 0.63151 0.206055 0.632812 0.208008 0.632812 0.208984 0.634115 0.210938 0.634115 0.211914 0.635417 0.21582 0.635417 0.216797 0.634115 0.219727 0.634115 0.220703 0.635417 0.222656 0.635417 0.229492 0.644531 0.230469 0.644531 0.235352 0.651042 0.236328 0.651042 0.238281 0.653646 0.239258 0.653646 0.241211 0.65625 0.242188 0.65625 0.246094 0.661458 0.24707 0.661458 0.248047 0.66276 0.249023 0.66276 0.25 0.664062 0.25 0.667969 0.27832 0.667969 0.27832 0.653646 0.275391 0.653646 0.274414 0.652344 0.275391 0.651042 0.27832 0.651042 0.27832 0.636719 0.275391 0.636719 0.273438 0.634115 0.273438 0.632812 0.272461 0.63151 0.272461 0.630208 0.271484 0.628906 0.271484 0.627604 0.270508 0.626302 0.270508 0.625 0.269531 0.623698 0.269531 0.622396 0.267578 0.619792 0.267578 0.61849 0.258789 0.606771 0.258789 0.605469 0.254883 0.60026 0.253906 0.60026 0.250977 0.596354 0.25 0.596354 0.248047 0.59375 0.24707 0.59375 0.245117 0.591146 0.244141 0.591146 0.242188 0.588542 0.241211 0.588542 0.240234 0.58724 0.239258 0.58724 0.237305 0.584635 0.236328 0.584635 0.234375 0.582031 0.233398 0.582031 0.230469 0.578125 0.229492 0.578125 0.225586 0.572917 0.224609 0.572917 0.220703 0.567708 0.219727 0.567708 0.216797 0.563802 0.21582 0.563802 0.208008 0.553385 0.207031 0.553385 0.197266 0.540365 0.196289 0.540365 0.192383 0.535156 0.191406 0.535156 0.1875 0.529948 0.186523 0.529948 0.18457 0.527344 0.183594 0.527344 0.181641 0.52474 0.180664 0.52474 0.179688 0.523438 0.178711 0.523438 0.175781 0.519531 0.174805 0.519531 0.171875 0.515625 0.170898 0.515625 0.168945 0.513021 0.167969 0.513021 0.166992 0.511719 0.166016 0.511719 0.165039 0.510417 0.164062 0.510417 0.162109 0.507812 0.15918 0.507812 0.158203 0.50651 0.15625 0.50651 0.155273 0.505208 0.15332 0.505208 0.152344 0.503906 0.151367 0.503906 0.150391 0.502604 0.148438 0.502604 0.147461 0.501302 0.145508 0.501302 0.144531 0.5 0.142578 0.5 0.141602 0.498698 0.138672 0.498698 0.137695 0.497396 0.135742 0.497396 0.134766 0.496094 0.133789 0.496094 0.132812 0.494792 0.131836 0.494792 0.130859 0.49349 0.129883 0.49349 0.128906 0.492188 0.12793 0.492188 0.126953 0.490885 0.125 0.490885 0.124023 0.489583 0.123047 0.489583 0.120117 0.485677 0.119141 0.485677 0.115234 0.480469 0.115234 0.479167 0.106445 0.467448 0.105469 0.467448 0.102539 0.463542 0.102539 0.46224 0.101562 0.460938 0.101562 0.455729
1 0.808594 0.231771 0.808594 0.235677 0.807617 0.236979 0.807617 0.238281 0.803711 0.24349 0.803711 0.244792 0.800781 0.248698 0.800781 0.25 0.799805 0.251302 0.799805 0.252604 0.77832 0.28125 0.77832 0.282552 0.775391 0.286458 0.775391 0.28776 0.773438 0.290365 0.773438 0.291667 0.771484 0.294271 0.771484 0.295573 0.768555 0.299479 0.768555 0.300781 0.766602 0.303385 0.766602 0.304688 0.764648 0.307292 0.764648 0.308594 0.763672 0.309896 0.763672 0.311198 0.762695 0.3125 0.762695 0.313802 0.761719 0.315104 0.761719 0.316406 0.760742 0.317708 0.760742 0.31901 0.759766 0.320312 0.759766 0.321615 0.758789 0.322917 0.758789 0.324219 0.756836 0.326823 0.756836 0.328125 0.755859 0.329427 0.755859 0.330729 0.754883 0.332031 0.754883 0.333333 0.753906 0.334635 0.753906 0.335938 0.751953 0.338542 0.751953 0.339844 0.75 0.342448 0.75 0.34375 0.749023 0.345052 0.749023 0.346354 0.748047 0.347656 0.748047 0.348958 0.74707 0.35026 0.74707 0.351562 0.746094 0.352865 0.746094 0.354167 0.745117 0.355469 0.745117 0.356771 0.744141 0.358073 0.744141 0.359375 0.743164 0.360677 0.743164 0.361979 0.742188 0.363281 0.742188 0.364583 0.741211 0.365885 0.741211 0.367188 0.740234 0.36849 0.740234 0.369792 0.739258 0.371094 0.739258 0.372396 0.738281 0.373698 0.738281 0.375 0.737305 0.376302 0.737305 0.377604 0.736328 0.378906 0.736328 0.380208 0.734375 0.382812 0.734375 0.384115 0.732422 0.386719 0.732422 0.388021 0.731445 0.389323 0.731445 0.390625 0.730469 0.391927 0.730469 0.393229 0.729492 0.394531 0.729492 0.395833 0.725586 0.401042 0.725586 0.402344 0.722656 0.40625 0.722656 0.407552 0.711914 0.421875 0.708984 0.421875 0.708984 0.458333 0.712891 0.458333 0.71875 0.466146 0.719727 0.466146 0.72168 0.46875 0.723633 0.46875 0.724609 0.470052 0.726562 0.470052 0.727539 0.471354 0.727539 0.47526 0.727539 0.471354 0.728516 0.470052 0.731445 0.470052 0.732422 0.46875 0.734375 0.46875 0.735352 0.467448 0.736328 0.467448 0.737305 0.466146 0.738281 0.466146 0.740234 0.463542 0.741211 0.463542 0.750977 0.450521 0.750977 0.449219 0.75293 0.446615 0.75293 0.445312 0.754883 0.442708 0.754883 0.441406 0.755859 0.440104 0.755859 0.438802 0.757812 0.436198 0.757812 0.434896 0.759766 0.432292 0.759766 0.43099 0.761719 0.428385 0.761719 0.427083 0.763672 0.424479 0.763672 0.423177 0.765625 0.420573 0.765625 0.419271 0.766602 0.417969 0.766602 0.416667 0.767578 0.415365 0.767578 0.41276 0.768555 0.411458 0.768555 0.408854 0.769531 0.407552 0.769531 0.404948 0.770508 0.403646 0.770508 0.401042 0.772461 0.398438 0.772461 0.397135 0.773438 0.395833 0.773438 0.394531 0.775391 0.391927 0.775391 0.390625 0.779297 0.385417 0.779297 0.384115 0.785156 0.376302 0.785156 0.375 0.788086 0.371094 0.788086 0.369792 0.791016 0.365885 0.791016 0.364583 0.793945 0.360677 0.793945 0.359375 0.797852 0.354167 0.797852 0.352865 0.798828 0.351562 0.798828 0.35026 0.800781 0.347656 0.800781 0.346354 0.803711 0.342448 0.803711 0.341146 0.808594 0.334635 0.808594 0.333333 0.8125 0.328125 0.8125 0.326823 0.816406 0.321615 0.816406 0.320312 0.821289 0.313802 0.821289 0.3125 0.824219 0.308594 0.824219 0.307292 0.826172 0.304688 0.826172 0.303385 0.829102 0.299479 0.829102 0.298177 0.831055 0.295573 0.831055 0.294271 0.833008 0.291667 0.833008 0.290365 0.833984 0.289062 0.833984 0.28776 0.835938 0.285156 0.835938 0.283854 0.836914 0.282552 0.836914 0.28125 0.839844 0.277344 0.839844 0.276042 0.84082 0.27474 0.84082 0.273438 0.841797 0.272135 0.841797 0.270833 0.842773 0.269531 0.842773 0.268229 0.84375 0.266927 0.84375 0.264323 0.845703 0.261719 0.848633 0.261719 0.848633 0.242188 0.845703 0.242188 0.844727 0.240885 0.844727 0.239583 0.84375 0.238281 0.84375 0.236979 0.842773 0.235677 0.842773 0.231771
1 0 0.158854 0 0.222656 0.000976562 0.222656 0.0107422 0.235677 0.0117188 0.235677 0.015625 0.240885 0.0166016 0.240885 0.0224609 0.248698 0.0234375 0.248698 0.0273438 0.253906 0.0283203 0.253906 0.0332031 0.260417 0.0341797 0.260417 0.0400391 0.268229 0.0410156 0.268229 0.0439453 0.272135 0.0449219 0.272135 0.0478516 0.276042 0.0488281 0.276042 0.0517578 0.279948 0.0527344 0.279948 0.0556641 0.283854 0.0566406 0.283854 0.0585938 0.286458 0.0595703 0.286458 0.0615234 0.289062 0.0625 0.289062 0.0654297 0.292969 0.0664062 0.292969 0.0683594 0.295573 0.0693359 0.295573 0.0722656 0.299479 0.0732422 0.299479 0.0742188 0.300781 0.0751953 0.300781 0.0771484 0.303385 0.078125 0.303385 0.0791016 0.304688 0.0810547 0.304688 0.0830078 0.307292 0.0839844 0.307292 0.0859375 0.309896 0.0869141 0.309896 0.0878906 0.311198 0.0888672 0.311198 0.0898438 0.3125 0.0908203 0.3125 0.0917969 0.313802 0.0927734 0.313802 0.09375 0.315104 0.0957031 0.315104 0.0966797 0.316406 0.0976562 0.316406 0.0986328 0.317708 0.101562 0.317708 0.102539 0.31901 0.104492 0.31901 0.105469 0.320312 0.108398 0.320312 0.109375 0.321615 0.111328 0.321615 0.112305 0.322917 0.114258 0.322917 0.115234 0.324219 0.120117 0.324219 0.121094 0.325521 0.125 0.325521 0.125977 0.326823 0.12793 0.326823 0.128906 0.328125 0.130859 0.328125 0.131836 0.329427 0.133789 0.329427 0.134766 0.330729 0.136719 0.330729 0.138672 0.333333 0.139648 0.333333 0.140625 0.334635 0.142578 0.334635 0.143555 0.335938 0.144531 0.335938 0.145508 0.33724 0.146484 0.33724 0.147461 0.338542 0.148438 0.338542 0.149414 0.339844 0.180664 0.339844 0.181641 0.341146 0.183594 0.341146 0.18457 0.342448 0.185547 0.342448 0.186523 0.34375 0.1875 0.34375 0.188477 0.345052 0.189453 0.345052 0.19043 0.346354 0.191406 0.346354 0.192383 0.347656 0.193359 0.347656 0.194336 0.348958 0.196289 0.348958 0.197266 0.35026 0.198242 0.35026 0.199219 0.351562 0.199219 0.355469 0.21875 0.355469 0.21875 0.351562 0.219727 0.35026 0.220703 0.35026 0.22168 0.348958 0.223633 0.348958 0.224609 0.347656 0.225586 0.347656 0.228516 0.34375 0.228516 0.342448 0.229492 0.341146 0.229492 0.338542 0.230469 0.33724 0.230469 0.335938 0.231445 0.334635 0.231445 0.333333 0.232422 0.332031 0.232422 0.320312 0.231445 0.31901 0.231445 0.316406 0.230469 0.315104 0.230469 0.313802 0.227539 0.309896 0.226562 0.309896 0.225586 0.308594 0.224609 0.308594 0.223633 0.307292 0.22168 0.307292 0.220703 0.30599 0.21875 0.30599 0.217773 0.304688 0.214844 0.304688 0.213867 0.303385 0.209961 0.303385 0.208984 0.302083 0.206055 0.302083 0.205078 0.300781 0.202148 0.300781 0.201172 0.299479 0.198242 0.299479 0.197266 0.298177 0.191406 0.298177 0.19043 0.296875 0.180664 0.296875 0.179688 0.295573 0.174805 0.295573 0.173828 0.294271 0.169922 0.294271 0.168945 0.292969 0.165039 0.292969 0.164062 0.291667 0.161133 0.291667 0.160156 0.290365 0.15625 0.290365 0.155273 0.289062 0.15332 0.289062 0.152344 0.28776 0.150391 0.28776 0.149414 0.286458 0.147461 0.286458 0.146484 0.285156 0.144531 0.285156 0.143555 0.283854 0.142578 0.283854 0.141602 0.282552 0.140625 0.282552 0.139648 0.28125 0.138672 0.28125 0.137695 0.279948 0.136719 0.279948 0.135742 0.278646 0.134766 0.278646 0.132812 0.276042 0.131836 0.276042 0.130859 0.27474 0.129883 0.27474 0.126953 0.270833 0.125977 0.270833 0.125 0.269531 0.124023 0.269531 0.121094 0.265625 0.120117 0.265625 0.117188 0.261719 0.116211 0.261719 0.113281 0.257812 0.112305 0.257812 0.109375 0.253906 0.108398 0.253906 0.0947266 0.235677 0.09375 0.235677 0.0917969 0.233073 0.0908203 0.233073 0.0859375 0.226562 0.0849609 0.226562 0.0820312 0.222656 0.0810547 0.222656 0.0771484 0.217448 0.0761719 0.217448 0.0722656 0.21224 0.0712891 0.21224 0.0693359 0.209635 0.0693359 0.208333 0.0566406 0.191406 0.0556641 0.191406 0.0537109 0.188802 0.0527344 0.188802 0.0498047 0.184896 0.0488281 0.184896 0.0478516 0.183594 0.046875 0.183594 0.0458984 0.182292 0.0449219 0.182292 0.0439453 0.18099 0.0419922 0.18099 0.0410156 0.179688 0.0400391 0.179688 0.0390625 0.178385 0.0380859 0.178385 0.0371094 0.177083 0.0361328 0.177083 0.0351562 0.175781 0.0341797 0.175781 0.0322266 0.173177 0.03125 0.173177 0.0292969 0.170573 0.0283203 0.170573 0.0273438 0.169271 0.0263672 0.169271 0.0253906 0.167969 0.0244141 0.167969 0.0224609 0.165365 0.0214844 0.165365 0.0195312 0.16276 0.0195312 0.158854
1 0.582031 0.0338542 0.582031 0.0377604 0.580078 0.0403646 0.579102 0.0403646 0.578125 0.0416667 0.576172 0.0416667 0.575195 0.0429688 0.574219 0.0429688 0.573242 0.0442708 0.571289 0.0442708 0.570312 0.0455729 0.568359 0.0455729 0.567383 0.046875 0.56543 0.046875 0.564453 0.0481771 0.5625 0.0481771 0.561523 0.0494792 0.558594 0.0494792 0.557617 0.0507812 0.555664 0.0507812 0.554688 0.0520833 0.552734 0.0520833 0.551758 0.0533854 0.549805 0.0533854 0.548828 0.0546875 0.546875 0.0546875 0.545898 0.0559896 0.543945 0.0559896 0.542969 0.0572917 0.541992 0.0572917 0.540039 0.0598958 0.538086 0.0598958 0.537109 0.0611979 0.53418 0.0611979 0.533203 0.0625 0.53125 0.0625 0.530273 0.0638021 0.529297 0.0638021 0.52832 0.0651042 0.527344 0.0651042 0.526367 0.0664062 0.524414 0.0664062 0.523438 0.0677083 0.521484 0.0677083 0.520508 0.0690104 0.518555 0.0690104 0.517578 0.0703125 0.515625 0.0703125 0.514648 0.0716146 0.508789 0.0716146 0.507812 0.0729167 0.500977 0.0729167 0.5 0.0716146 0.495117 0.0716146 0.494141 0.0703125 0.492188 0.0703125 0.491211 0.0716146 0.481445 0.0716146 0.480469 0.0729167 0.477539 0.0729167 0.476562 0.0742188 0.475586 0.0742188 0.473633 0.0768229 0.472656 0.0768229 0.469727 0.0807292 0.46875 0.0807292 0.464844 0.0859375 0.463867 0.0859375 0.462891 0.0872396 0.460938 0.0872396 0.459961 0.0885417 0.458984 0.0885417 0.456055 0.0924479 0.456055 0.09375 0.454102 0.0963542 0.452148 0.0963542 0.451172 0.0976562 0.448242 0.0976562 0.447266 0.0989583 0.443359 0.0989583 0.443359 0.110677 0.447266 0.110677 0.449219 0.113281 0.450195 0.113281 0.457031 0.122396 0.458008 0.122396 0.458984 0.123698 0.459961 0.123698 0.462891 0.127604 0.462891 0.13151 0.542969 0.13151 0.542969 0.127604 0.543945 0.126302 0.545898 0.126302 0.546875 0.125 0.550781 0.125 0.551758 0.123698 0.553711 0.123698 0.554688 0.122396 0.555664 0.122396 0.557617 0.119792 0.558594 0.119792 0.55957 0.11849 0.560547 0.11849 0.561523 0.117188 0.5625 0.117188 0.563477 0.115885 0.564453 0.115885 0.56543 0.114583 0.566406 0.114583 0.567383 0.113281 0.568359 0.113281 0.569336 0.111979 0.570312 0.111979 0.571289 0.110677 0.572266 0.110677 0.573242 0.109375 0.574219 0.109375 0.575195 0.108073 0.577148 0.108073 0.578125 0.106771 0.580078 0.106771 0.581055 0.105469 0.582031 0.105469 0.583008 0.104167 0.584961 0.104167 0.585938 0.102865 0.587891 0.102865 0.588867 0.101562 0.59082 0.101562 0.591797 0.10026 0.59375 0.10026 0.594727 0.0989583 0.595703 0.0989583 0.59668 0.0976562 0.598633 0.0976562 0.599609 0.0963542 0.600586 0.0963542 0.601562 0.0950521 0.603516 0.0950521 0.604492 0.09375 0.605469 0.09375 0.606445 0.0924479 0.608398 0.0924479 0.609375 0.0911458 0.611328 0.0911458 0.612305 0.0898438 0.614258 0.0898438 0.615234 0.0885417 0.616211 0.0885417 0.617188 0.0872396 0.619141 0.0872396 0.620117 0.0859375 0.62207 0.0859375 0.623047 0.0846354 0.624023 0.0846354 0.625 0.0833333 0.626953 0.0833333 0.62793 0.0820312 0.628906 0.0820312 0.629883 0.0807292 0.630859 0.0807292 0.631836 0.0794271 0.632812 0.0794271 0.633789 0.078125 0.634766 0.078125 0.636719 0.0755208 0.637695 0.0755208 0.638672 0.0742188 0.639648 0.0742188 0.641602 0.0716146 0.642578 0.0716146 0.652344 0.0585938 0.652344 0.0572917 0.654297 0.0546875 0.657227 0.0546875 0.657227 0.0494792 0.654297 0.0494792 0.652344 0.046875 0.652344 0.0442708 0.651367 0.0429688 0.651367 0.0416667 0.650391 0.0403646 0.650391 0.0338542
1 0.583984 0.283854 0.583984 0.289062 0.584961 0.290365 0.584961 0.299479 0.583008 0.302083 0.580078 0.302083 0.580078 0.342448 0.583008 0.342448 0.583984 0.34375 0.584961 0.34375 0.586914 0.346354 0.587891 0.346354 0.589844 0.348958 0.59082 0.348958 0.592773 0.351562 0.59375 0.351562 0.595703 0.354167 0.59668 0.354167 0.597656 0.355469 0.598633 0.355469 0.600586 0.358073 0.601562 0.358073 0.603516 0.360677 0.604492 0.360677 0.605469 0.361979 0.606445 0.361979 0.607422 0.363281 0.608398 0.363281 0.609375 0.364583 0.610352 0.364583 0.612305 0.367188 0.613281 0.367188 0.614258 0.36849 0.615234 0.36849 0.617188 0.371094 0.618164 0.371094 0.621094 0.375 0.62207 0.375 0.623047 0.376302 0.624023 0.376302 0.625977 0.378906 0.626953 0.378906 0.629883 0.382812 0.630859 0.382812 0.631836 0.384115 0.632812 0.384115 0.635742 0.388021 0.636719 0.388021 0.637695 0.389323 0.638672 0.389323 0.639648 0.390625 0.640625 0.390625 0.642578 0.393229 0.643555 0.393229 0.644531 0.394531 0.645508 0.394531 0.646484 0.395833 0.647461 0.395833 0.648438 0.397135 0.649414 0.397135 0.650391 0.398438 0.65332 0.398438 0.654297 0.39974 0.65625 0.39974 0.657227 0.401042 0.658203 0.401042 0.65918 0.402344 0.661133 0.402344 0.662109 0.403646 0.663086 0.403646 0.664062 0.404948 0.665039 0.404948 0.666016 0.40625 0.666992 0.40625 0.668945 0.408854 0.670898 0.408854 0.671875 0.410156 0.673828 0.410156 0.674805 0.411458 0.679688 0.411458 0.680664 0.41276 0.691406 0.41276 0.692383 0.411458 0.696289 0.411458 0.697266 0.410156 0.698242 0.410156 0.699219 0.408854 0.701172 0.408854 0.703125 0.40625 0.704102 0.40625 0.706055 0.403646 0.707031 0.403646 0.708984 0.401042 0.711914 0.401042 0.711914 0.376302 0.708984 0.376302 0.704102 0.369792 0.703125 0.369792 0.701172 0.367188 0.700195 0.367188 0.698242 0.364583 0.697266 0.364583 0.695312 0.361979 0.694336 0.361979 0.692383 0.359375 0.691406 0.359375 0.689453 0.356771 0.688477 0.356771 0.686523 0.354167 0.685547 0.354167 0.68457 0.352865 0.683594 0.352865 0.682617 0.351562 0.681641 0.351562 0.680664 0.35026 0.679688 0.35026 0.678711 0.348958 0.677734 0.348958 0.676758 0.347656 0.675781 0.347656 0.674805 0.346354 0.673828 0.346354 0.672852 0.345052 0.671875 0.345052 0.670898 0.34375 0.669922 0.34375 0.668945 0.342448 0.666992 0.342448 0.666016 0.341146 0.664062 0.341146 0.663086 0.339844 0.662109 0.339844 0.661133 0.338542 0.660156 0.338542 0.65918 0.33724 0.65625 0.33724 0.655273 0.335938 0.65332 0.335938 0.652344 0.334635 0.651367 0.334635 0.650391 0.333333 0.649414 0.333333 0.648438 0.332031 0.647461 0.332031 0.646484 0.330729 0.645508 0.330729 0.643555 0.328125 0.642578 0.328125 0.641602 0.326823 0.640625 0.326823 0.639648 0.325521 0.638672 0.325521 0.636719 0.322917 0.635742 0.322917 0.634766 0.321615 0.633789 0.321615 0.630859 0.317708 0.629883 0.317708 0.62793 0.315104 0.626953 0.315104 0.624023 0.311198 0.623047 0.311198 0.605469 0.28776 0.605469 0.283854
0 0.262695 0.410156 0.266602 0.410156 0.266602 0.388021 0.254883 0.388021 0.254883 0.393229 0.258789 0.398438 0.258789 0.39974 0.259766 0.401042 0.259766 0.402344 0.260742 0.403646 0.260742 0.404948 0.261719 0.40625 0.261719 0.407552 0.262695 0.408854 0.262695 0.410156 0.253906 0.420573 0.25293 0.420573 0.25 0.416667 0.249023 0.416667 0.244141 0.410156 0.243164 0.410156 0.239258 0.404948 0.238281 0.404948 0.237305 0.403646 0.236328 0.403646 0.233398 0.39974 0.232422 0.39974 0.230469 0.397135 0.229492 0.397135 0.225586 0.391927 0.225586 0.388021 0.147461 0.388021 0.147461 0.391927 0.133789 0.410156 0.130859 0.410156 0.130859 0.432292 0.134766 0.432292 0.135742 0.433594 0.136719 0.433594 0.143555 0.442708 0.144531 0.442708 0.148438 0.447917 0.149414 0.447917 0.151367 0.450521 0.152344 0.450521 0.154297 0.453125 0.155273 0.453125 0.157227 0.455729 0.158203 0.455729 0.160156 0.458333 0.161133 0.458333 0.162109 0.459635 0.163086 0.459635 0.164062 0.460938 0.165039 0.460938 0.166016 0.46224 0.166992 0.46224 0.167969 0.463542 0.169922 0.463542 0.170898 0.464844 0.173828 0.464844 0.174805 0.466146 0.177734 0.466146 0.178711 0.467448 0.180664 0.467448 0.181641 0.46875 0.193359 0.46875 0.194336 0.470052 0.198242 0.470052 0.199219 0.471354 0.199219 0.47526 0.235352 0.47526 0.235352 0.471354 0.237305 0.46875 0.239258 0.46875 0.240234 0.467448 0.241211 0.467448 0.243164 0.464844 0.244141 0.464844 0.245117 0.463542 0.24707 0.463542 0.248047 0.46224 0.249023 0.46224 0.25 0.460938 0.250977 0.460938 0.251953 0.459635 0.253906 0.459635 0.254883 0.458333 0.255859 0.458333 0.256836 0.457031 0.257812 0.457031 0.258789 0.455729 0.259766 0.455729 0.262695 0.451823 0.266602 0.451823 0.266602 0.433594 0.263672 0.433594 0.260742 0.429688 0.260742 0.428385 0.257812 0.424479 0.256836 0.424479 0.253906 0.420573
0 0.444336 0.71875 0.443359 0.720052 0.443359 0.730469 0.458008 0.730469 0.458008 0.710938 0.455078 0.710938 0.454102 0.71224 0.453125 0.71224 0.451172 0.714844 0.449219 0.714844 0.447266 0.717448 0.446289 0.717448 0.445312 0.71875 0.444336 0.71875 0.442383 0.713542 0.447266 0.707031 0.448242 0.707031 0.449219 0.705729 0.449219 0.704427 0.455078 0.696615 0.458008 0.696615 0.458008 0.686198 0.455078 0.686198 0.441406 0.667969 0.44043 0.667969 0.439453 0.666667 0.438477 0.666667 0.4375 0.665365 0.436523 0.665365 0.43457 0.66276 0.433594 0.66276 0.432617 0.661458 0.431641 0.661458 0.430664 0.660156 0.429688 0.660156 0.428711 0.658854 0.427734 0.658854 0.426758 0.657552 0.425781 0.657552 0.424805 0.65625 0.423828 0.65625 0.422852 0.654948 0.421875 0.654948 0.420898 0.653646 0.419922 0.653646 0.418945 0.652344 0.417969 0.652344 0.416992 0.651042 0.415039 0.651042 0.414062 0.64974 0.413086 0.64974 0.412109 0.648438 0.411133 0.648438 0.410156 0.647135 0.40918 0.647135 0.408203 0.645833 0.40625 0.645833 0.405273 0.644531 0.40332 0.644531 0.402344 0.643229 0.401367 0.643229 0.400391 0.641927 0.399414 0.641927 0.398438 0.640625 0.396484 0.640625 0.395508 0.639323 0.389648 0.639323 0.388672 0.638021 0.382812 0.638021 0.381836 0.636719 0.374023 0.636719 0.373047 0.635417 0.366211 0.635417 0.365234 0.634115 0.361328 0.634115 0.360352 0.632812 0.359375 0.632812 0.358398 0.63151 0.358398 0.627604 0.31543 0.627604 0.31543 0.63151 0.314453 0.632812 0.313477 0.632812 0.3125 0.634115 0.310547 0.634115 0.30957 0.635417 0.306641 0.635417 0.305664 0.636719 0.302734 0.636719 0.302734 0.669271 0.305664 0.669271 0.306641 0.670573 0.307617 0.670573 0.314453 0.679688 0.31543 0.679688 0.323242 0.690104 0.324219 0.690104 0.331055 0.699219 0.332031 0.699219 0.333984 0.701823 0.334961 0.701823 0.337891 0.705729 0.338867 0.705729 0.339844 0.707031 0.34082 0.707031 0.341797 0.708333 0.342773 0.708333 0.34375 0.709635 0.344727 0.709635 0.345703 0.710938 0.34668 0.710938 0.347656 0.71224 0.349609 0.71224 0.350586 0.713542 0.351562 0.713542 0.352539 0.714844 0.353516 0.714844 0.354492 0.716146 0.356445 0.716146 0.357422 0.717448 0.359375 0.717448 0.360352 0.71875 0.361328 0.71875 0.362305 0.720052 0.363281 0.720052 0.364258 0.721354 0.366211 0.721354 0.367188 0.722656 0.369141 0.722656 0.370117 0.723958 0.37207 0.723958 0.373047 0.72526 0.375 0.72526 0.375977 0.726562 0.375977 0.730469 0.400391 0.730469 0.400391 0.726562 0.401367 0.72526 0.407227 0.72526 0.408203 0.723958 0.414062 0.723958 0.415039 0.722656 0.416992 0.722656 0.417969 0.721354 0.420898 0.721354 0.421875 0.720052 0.424805 0.720052 0.425781 0.71875 0.429688 0.71875 0.430664 0.717448 0.43457 0.717448 0.435547 0.716146 0.4375 0.716146 0.438477 0.714844 0.439453 0.714844 0.44043 0.713542 0.442383 0.713542
0 0.333984 0.222656 0.336914 0.222656 0.336914 0.205729 0.333008 0.205729 0.333008 0.221354 0.333984 0.222656 0.321289 0.239583 0.316406 0.233073 0.31543 0.233073 0.314453 0.231771 0.313477 0.231771 0.3125 0.230469 0.3125 0.229167 0.311523 0.227865 0.310547 0.227865 0.30957 0.226562 0.30957 0.22526 0.308594 0.223958 0.308594 0.222656 0.307617 0.221354 0.306641 0.221354 0.305664 0.220052 0.305664 0.21875 0.304688 0.217448 0.304688 0.214844 0.303711 0.213542 0.303711 0.210938 0.302734 0.209635 0.302734 0.205729 0.283203 0.205729 0.283203 0.209635 0.276367 0.21875 0.276367 0.220052 0.275391 0.221354 0.275391 0.223958 0.274414 0.22526 0.274414 0.226562 0.273438 0.227865 0.273438 0.229167 0.272461 0.230469 0.272461 0.233073 0.271484 0.234375 0.271484 0.235677 0.270508 0.236979 0.270508 0.239583 0.269531 0.240885 0.269531 0.242188 0.268555 0.24349 0.268555 0.247396 0.267578 0.248698 0.267578 0.251302 0.265625 0.253906 0.265625 0.255208 0.264648 0.25651 0.264648 0.257812 0.263672 0.259115 0.263672 0.261719 0.262695 0.263021 0.262695 0.265625 0.261719 0.266927 0.261719 0.268229 0.260742 0.269531 0.260742 0.272135 0.256836 0.277344 0.256836 0.278646 0.254883 0.28125 0.253906 0.28125 0.253906 0.282552 0.248047 0.290365 0.248047 0.291667 0.246094 0.294271 0.246094 0.295573 0.244141 0.298177 0.244141 0.299479 0.243164 0.300781 0.243164 0.302083 0.242188 0.303385 0.242188 0.304688 0.241211 0.30599 0.241211 0.308594 0.240234 0.309896 0.240234 0.3125 0.239258 0.313802 0.239258 0.317708 0.238281 0.31901 0.238281 0.326823 0.237305 0.328125 0.237305 0.338542 0.236328 0.339844 0.236328 0.356771 0.235352 0.358073 0.232422 0.358073 0.232422 0.394531 0.235352 0.394531 0.240234 0.401042 0.241211 0.401042 0.243164 0.403646 0.25 0.403646 0.250977 0.404948 0.25293 0.402344 0.253906 0.402344 0.254883 0.401042 0.255859 0.402344 0.256836 0.402344 0.258789 0.404948 0.259766 0.404948 0.262695 0.408854 0.267578 0.408854 0.28418 0.386719 0.285156 0.386719 0.307617 0.356771 0.307617 0.355469 0.310547 0.351562 0.310547 0.35026 0.311523 0.348958 0.311523 0.347656 0.3125 0.346354 0.3125 0.345052 0.314453 0.342448 0.314453 0.341146 0.31543 0.339844 0.31543 0.33724 0.316406 0.335938 0.316406 0.333333 0.317383 0.332031 0.317383 0.329427 0.318359 0.328125 0.318359 0.325521 0.319336 0.324219 0.319336 0.321615 0.320312 0.320312 0.320312 0.317708 0.321289 0.316406 0.321289 0.3125 0.322266 0.311198 0.322266 0.308594 0.323242 0.307292 0.323242 0.30599 0.324219 0.304688 0.324219 0.302083 0.325195 0.300781 0.325195 0.299479 0.326172 0.298177 0.326172 0.296875 0.327148 0.295573 0.327148 0.294271 0.328125 0.292969 0.328125 0.290365 0.329102 0.289062 0.329102 0.28776 0.330078 0.286458 0.330078 0.285156 0.331055 0.283854 0.331055 0.28125 0.332031 0.279948 0.332031 0.277344 0.333008 0.276042 0.333008 0.27474 0.333984 0.273438 0.336914 0.273438 0.336914 0.268229 0.333984 0.268229 0.333008 0.266927 0.333008 0.265625 0.332031 0.264323 0.332031 0.261719 0.331055 0.260417 0.331055 0.259115 0.330078 0.257812 0.330078 0.25651 0.328125 0.253906 0.328125 0.252604 0.326172 0.25 0.326172 0.248698 0.324219 0.246094 0.324219 0.244792 0.321289 0.240885 0.321289 0.239583
0 0.00195312 0.513021 0.00195312 0.571615 0.00683594 0.571615 0.0078125 0.572917 0.0126953 0.572917 0.0136719 0.574219 0.0205078 0.574219 0.0214844 0.575521 0.0253906 0.575521 0.0263672 0.576823 0.0283203 0.576823 0.0302734 0.579427 0.03125 0.579427 0.0390625 0.589844 0.0400391 0.589844 0.0488281 0.601562 0.0488281 0.602865 0.0498047 0.604167 0.0498047 0.605469 0.0517578 0.608073 0.0517578 0.609375 0.0527344 0.610677 0.0537109 0.610677 0.0546875 0.611979 0.0566406 0.611979 0.0576172 0.613281 0.0605469 0.613281 0.0615234 0.614583 0.0634766 0.614583 0.0644531 0.615885 0.0664062 0.615885 0.0673828 0.617188 0.0693359 0.617188 0.0703125 0.61849 0.0712891 0.61849 0.0722656 0.619792 0.0742188 0.619792 0.0751953 0.621094 0.0761719 0.621094 0.0771484 0.622396 0.078125 0.622396 0.0791016 0.623698 0.0810547 0.623698 0.0820312 0.625 0.0830078 0.625 0.0839844 0.626302 0.0849609 0.626302 0.0859375 0.627604 0.0869141 0.627604 0.0878906 0.628906 0.0898438 0.628906 0.0908203 0.630208 0.0917969 0.630208 0.0927734 0.63151 0.09375 0.63151 0.0947266 0.632812 0.0947266 0.636719 0.110352 0.636719 0.110352 0.632812 0.111328 0.63151 0.112305 0.63151 0.113281 0.630208 0.114258 0.630208 0.115234 0.628906 0.117188 0.628906 0.118164 0.627604 0.119141 0.627604 0.120117 0.626302 0.124023 0.626302 0.125 0.625 0.130859 0.625 0.131836 0.623698 0.137695 0.623698 0.138672 0.622396 0.143555 0.622396 0.144531 0.621094 0.148438 0.621094 0.149414 0.619792 0.150391 0.619792 0.152344 0.617188 0.15332 0.617188 0.154297 0.615885 0.157227 0.615885 0.157227 0.585938 0.15332 0.585938 0.152344 0.584635 0.152344 0.583333 0.136719 0.5625 0.135742 0.5625 0.130859 0.55599 0.129883 0.55599 0.126953 0.552083 0.125977 0.552083 0.124023 0.549479 0.123047 0.549479 0.120117 0.545573 0.119141 0.545573 0.116211 0.541667 0.115234 0.541667 0.114258 0.540365 0.113281 0.540365 0.112305 0.539062 0.111328 0.539062 0.109375 0.536458 0.108398 0.536458 0.106445 0.533854 0.105469 0.533854 0.103516 0.53125 0.102539 0.53125 0.101562 0.529948 0.100586 0.529948 0.0996094 0.528646 0.0986328 0.528646 0.0966797 0.526042 0.0957031 0.526042 0.0947266 0.52474 0.09375 0.52474 0.0917969 0.522135 0.0908203 0.522135 0.0898438 0.520833 0.0878906 0.520833 0.0869141 0.519531 0.0839844 0.519531 0.0830078 0.518229 0.0810547 0.518229 0.0800781 0.516927 0.0800781 0.513021 0.0673828 0.513021 0.0673828 0.516927 0.0664062 0.518229 0.0537109 0.518229 0.0527344 0.519531 0.0449219 0.519531 0.0439453 0.520833 0.0361328 0.520833 0.0351562 0.519531 0.0322266 0.519531 0.0302734 0.516927 0.0302734 0.513021
1 0.553711 0.942708 0.551758 0.942708 0.550781 0.941406 0.542969 0.941406 0.541992 0.940104 0.540039 0.940104 0.539062 0.938802 0.537109 0.938802 0.536133 0.9375 0.535156 0.9375 0.53418 0.936198 0.529297 0.936198 0.529297 0.973958 0.533203 0.973958 0.53418 0.97526 0.537109 0.97526 0.538086 0.976562 0.542969 0.976562 0.543945 0.977865 0.557617 0.977865 0.558594 0.976562 0.55957 0.976562 0.563477 0.971354 0.563477 0.970052 0.564453 0.96875 0.564453 0.96224 0.563477 0.960938 0.563477 0.958333 0.5625 0.957031 0.5625 0.955729 0.561523 0.954427 0.561523 0.951823 0.55957 0.949219 0.55957 0.947917 0.557617 0.945312 0.556641 0.945312 0.555664 0.94401 0.554688 0.94401 0.553711 0.942708 0.555664 0.929688 0.558594 0.929688 0.55957 0.93099 0.563477 0.93099 0.564453 0.932292 0.567383 0.932292 0.568359 0.933594 0.571289 0.933594 0.572266 0.934896 0.573242 0.934896 0.574219 0.936198 0.576172 0.936198 0.577148 0.9375 0.579102 0.9375 0.580078 0.938802 0.581055 0.938802 0.582031 0.940104 0.583008 0.940104 0.583984 0.941406 0.585938 0.941406 0.586914 0.942708 0.591797 0.942708 0.592773 0.94401 0.611328 0.94401 0.612305 0.945312 0.615234 0.945312 0.616211 0.946615 0.618164 0.946615 0.619141 0.947917 0.620117 0.947917 0.621094 0.949219 0.62207 0.949219 0.623047 0.950521 0.625 0.950521 0.625977 0.951823 0.62793 0.951823 0.628906 0.953125 0.631836 0.953125 0.632812 0.954427 0.634766 0.954427 0.636719 0.957031 0.637695 0.957031 0.638672 0.958333 0.639648 0.958333 0.640625 0.959635 0.641602 0.959635 0.642578 0.960938 0.644531 0.960938 0.645508 0.96224 0.646484 0.96224 0.647461 0.963542 0.648438 0.963542 0.649414 0.964844 0.650391 0.964844 0.651367 0.966146 0.652344 0.966146 0.654297 0.96875 0.655273 0.96875 0.65625 0.970052 0.657227 0.970052 0.658203 0.971354 0.660156 0.971354 0.661133 0.972656 0.664062 0.972656 0.665039 0.973958 0.667969 0.973958 0.668945 0.97526 0.671875 0.97526 0.672852 0.976562 0.673828 0.976562 0.674805 0.977865 0.676758 0.977865 0.677734 0.979167 0.679688 0.979167 0.680664 0.980469 0.681641 0.980469 0.682617 0.981771 0.68457 0.981771 0.685547 0.983073 0.6875 0.983073 0.688477 0.984375 0.689453 0.984375 0.69043 0.985677 0.691406 0.985677 0.692383 0.986979 0.693359 0.986979 0.694336 0.988281 0.695312 0.988281 0.697266 0.990885 0.698242 0.990885 0.700195 0.99349 0.701172 0.99349 0.702148 0.994792 0.704102 0.994792 0.706055 0.997396 0.706055 0.998698 0.716797 0.998698 0.716797 0.997396 0.71875 0.994792 0.719727 0.994792 0.722656 0.990885 0.722656 0.989583 0.725586 0.985677 0.725586 0.983073 0.726562 0.981771 0.726562 0.979167 0.727539 0.977865 0.727539 0.976562 0.728516 0.97526 0.731445 0.97526 0.731445 0.971354 0.728516 0.971354 0.725586 0.967448 0.725586 0.966146 0.723633 0.963542 0.722656 0.963542 0.719727 0.959635 0.717773 0.959635 0.716797 0.958333 0.71582 0.958333 0.714844 0.957031 0.713867 0.957031 0.711914 0.954427 0.710938 0.954427 0.709961 0.953125 0.708984 0.953125 0.707031 0.950521 0.706055 0.950521 0.705078 0.949219 0.704102 0.949219 0.703125 0.947917 0.701172 0.947917 0.700195 0.946615 0.698242 0.946615 0.697266 0.945312 0.696289 0.945312 0.695312 0.94401 0.694336 0.94401 0.693359 0.942708 0.691406 0.942708 0.69043 0.941406 0.688477 0.941406 0.6875 0.940104 0.686523 0.940104 0.685547 0.938802 0.683594 0.938802 0.682617 0.9375 0.681641 0.9375 0.680664 0.936198 0.677734 0.936198 0.676758 0.934896 0.675781 0.934896 0.674805 0.933594 0.672852 0.933594 0.671875 0.932292 0.668945 0.932292 0.667969 0.93099 0.666992 0.93099 0.666016 0.929688 0.664062 0.929688 0.663086 0.928385 0.662109 0.928385 0.661133 0.927083 0.660156 0.927083 0.65918 0.925781 0.658203 0.925781 0.657227 0.924479 0.655273 0.924479 0.654297 0.923177 0.65332 0.923177 0.652344 0.921875 0.649414 0.921875 0.648438 0.920573 0.646484 0.920573 0.645508 0.919271 0.643555 0.919271 0.642578 0.917969 0.641602 0.917969 0.640625 0.916667 0.639648 0.916667 0.638672 0.915365 0.636719 0.915365 0.635742 0.914062 0.633789 0.914062 0.632812 0.91276 0.631836 0.91276 0.630859 0.911458 0.629883 0.911458 0.628906 0.910156 0.626953 0.910156 0.625977 0.908854 0.625 0.908854 0.624023 0.907552 0.623047 0.907552 0.62207 0.90625 0.621094 0.90625 0.620117 0.904948 0.618164 0.904948 0.617188 0.903646 0.616211 0.903646 0.615234 0.902344 0.613281 0.902344 0.612305 0.901042 0.611328 0.901042 0.610352 0.89974 0.607422 0.89974 0.606445 0.898438 0.603516 0.898438 0.602539 0.897135 0.600586 0.897135 0.599609 0.895833 0.597656 0.895833 0.59668 0.894531 0.594727 0.894531 0.59375 0.893229 0.592773 0.893229 0.591797 0.891927 0.591797 0.888021 0.540039 0.888021 0.540039 0.891927 0.538086 0.894531 0.537109 0.894531 0.536133 0.895833 0.535156 0.895833 0.532227 0.89974 0.529297 0.89974 0.529297 0.914062 0.533203 0.914062 0.535156 0.916667 0.536133 0.916667 0.537109 0.917969 0.538086 0.917969 0.540039 0.920573 0.541992 0.920573 0.542969 0.921875 0.543945 0.921875 0.544922 0.923177 0.545898 0.923177 0.546875 0.924479 0.547852 0.924479 0.548828 0.925781 0.550781 0.925781 0.551758 0.927083 0.552734 0.927083 0.553711 0.928385 0.554688 0.928385 0.555664 0.929688
1 0.392578 0.289062 0.392578 0.292969 0.390625 0.295573 0.389648 0.295573 0.388672 0.296875 0.387695 0.296875 0.386719 0.298177 0.385742 0.298177 0.379883 0.30599 0.378906 0.30599 0.375 0.311198 0.374023 0.311198 0.373047 0.3125 0.37207 0.3125 0.367188 0.31901 0.366211 0.31901 0.357422 0.330729 0.356445 0.330729 0.352539 0.335938 0.351562 0.335938 0.349609 0.338542 0.348633 0.338542 0.345703 0.342448 0.34375 0.342448 0.342773 0.34375 0.341797 0.34375 0.339844 0.346354 0.338867 0.346354 0.337891 0.347656 0.336914 0.347656 0.335938 0.348958 0.334961 0.348958 0.333984 0.35026 0.333008 0.35026 0.332031 0.351562 0.331055 0.351562 0.330078 0.352865 0.328125 0.352865 0.327148 0.354167 0.325195 0.354167 0.324219 0.355469 0.323242 0.355469 0.321289 0.358073 0.320312 0.358073 0.318359 0.360677 0.317383 0.360677 0.31543 0.363281 0.314453 0.363281 0.3125 0.365885 0.311523 0.365885 0.308594 0.369792 0.307617 0.369792 0.303711 0.375 0.302734 0.375 0.300781 0.377604 0.300781 0.378906 0.297852 0.382812 0.296875 0.382812 0.294922 0.385417 0.293945 0.385417 0.291016 0.389323 0.290039 0.389323 0.286133 0.394531 0.286133 0.395833 0.283203 0.39974 0.279297 0.39974 0.279297 0.423177 0.282227 0.423177 0.283203 0.424479 0.28418 0.424479 0.287109 0.428385 0.288086 0.428385 0.290039 0.43099 0.291992 0.43099 0.293945 0.433594 0.294922 0.433594 0.295898 0.434896 0.295898 0.438802 0.311523 0.438802 0.311523 0.434896 0.3125 0.433594 0.313477 0.433594 0.314453 0.432292 0.316406 0.432292 0.317383 0.43099 0.320312 0.43099 0.321289 0.429688 0.322266 0.429688 0.323242 0.428385 0.325195 0.428385 0.326172 0.427083 0.327148 0.427083 0.328125 0.425781 0.330078 0.425781 0.331055 0.424479 0.332031 0.424479 0.333008 0.423177 0.333984 0.423177 0.334961 0.421875 0.336914 0.421875 0.337891 0.420573 0.338867 0.420573 0.339844 0.419271 0.34082 0.419271 0.341797 0.417969 0.342773 0.417969 0.34375 0.416667 0.344727 0.416667 0.345703 0.415365 0.347656 0.415365 0.348633 0.414062 0.350586 0.414062 0.351562 0.41276 0.353516 0.41276 0.354492 0.411458 0.357422 0.411458 0.358398 0.410156 0.361328 0.410156 0.362305 0.408854 0.364258 0.408854 0.365234 0.407552 0.366211 0.407552 0.367188 0.40625 0.369141 0.40625 0.370117 0.404948 0.371094 0.404948 0.37207 0.403646 0.374023 0.403646 0.375 0.402344 0.375977 0.402344 0.376953 0.401042 0.378906 0.401042 0.379883 0.39974 0.380859 0.39974 0.382812 0.397135 0.383789 0.397135 0.384766 0.395833 0.385742 0.395833 0.386719 0.394531 0.387695 0.394531 0.388672 0.393229 0.389648 0.393229 0.390625 0.391927 0.391602 0.391927 0.393555 0.389323 0.394531 0.389323 0.395508 0.388021 0.396484 0.388021 0.397461 0.386719 0.398438 0.386719 0.399414 0.385417 0.400391 0.385417 0.401367 0.384115 0.402344 0.384115 0.405273 0.380208 0.40625 0.380208 0.407227 0.378906 0.408203 0.378906 0.411133 0.375 0.412109 0.375 0.413086 0.373698 0.414062 0.373698 0.417969 0.36849 0.418945 0.36849 0.421875 0.364583 0.422852 0.364583 0.432617 0.351562 0.433594 0.351562 0.435547 0.348958 0.435547 0.347656 0.4375 0.345052 0.4375 0.34375 0.439453 0.341146 0.442383 0.341146 0.442383 0.333333 0.439453 0.333333 0.4375 0.330729 0.4375 0.329427 0.435547 0.326823 0.435547 0.325521 0.432617 0.321615 0.432617 0.320312 0.431641 0.31901 0.431641 0.317708 0.429688 0.315104 0.429688 0.313802 0.428711 0.3125 0.428711 0.311198 0.427734 0.309896 0.427734 0.308594 0.426758 0.307292 0.426758 0.30599 0.425781 0.304688 0.425781 0.302083 0.424805 0.300781 0.424805 0.298177 0.423828 0.296875 0.423828 0.289062
0 0.958984 0.174479 0.958984 0.178385 0.957031 0.18099 0.956055 0.18099 0.955078 0.182292 0.954102 0.182292 0.952148 0.184896 0.951172 0.184896 0.950195 0.186198 0.949219 0.186198 0.948242 0.1875 0.947266 0.1875 0.946289 0.188802 0.945312 0.188802 0.944336 0.190104 0.943359 0.190104 0.942383 0.191406 0.941406 0.191406 0.94043 0.192708 0.939453 0.192708 0.938477 0.19401 0.9375 0.19401 0.935547 0.196615 0.933594 0.196615 0.932617 0.197917 0.931641 0.197917 0.930664 0.199219 0.929688 0.199219 0.927734 0.201823 0.926758 0.201823 0.925781 0.203125 0.924805 0.203125 0.922852 0.205729 0.921875 0.205729 0.918945 0.209635 0.917969 0.209635 0.914062 0.214844 0.913086 0.214844 0.908203 0.221354 0.904297 0.221354 0.904297 0.259115 0.907227 0.259115 0.908203 0.260417 0.90918 0.260417 0.912109 0.264323 0.913086 0.264323 0.914062 0.265625 0.915039 0.265625 0.916016 0.266927 0.916992 0.266927 0.917969 0.268229 0.917969 0.272135 0.946289 0.272135 0.946289 0.268229 0.947266 0.266927 0.950195 0.266927 0.951172 0.265625 0.955078 0.265625 0.956055 0.264323 0.958984 0.264323 0.959961 0.263021 0.961914 0.263021 0.962891 0.261719 0.963867 0.261719 0.964844 0.260417 0.966797 0.260417 0.967773 0.259115 0.970703 0.259115 0.97168 0.257812 0.973633 0.257812 0.974609 0.25651 0.976562 0.25651 0.977539 0.255208 0.979492 0.255208 0.980469 0.253906 0.982422 0.253906 0.983398 0.252604 0.985352 0.252604 0.991211 0.244792 0.992188 0.244792 0.995117 0.240885 0.996094 0.240885 0.99707 0.239583 0.999023 0.239583 0.999023 0.174479
0 0.31543 0.101562 0.31543 0.105469 0.311523 0.110677 0.310547 0.110677 0.307617 0.114583 0.306641 0.114583 0.303711 0.11849 0.303711 0.119792 0.297852 0.127604 0.294922 0.127604 0.294922 0.261719 0.326172 0.261719 0.326172 0.25651 0.325195 0.255208 0.325195 0.248698 0.324219 0.247396 0.324219 0.246094 0.325195 0.244792 0.325195 0.24349 0.326172 0.242188 0.327148 0.242188 0.328125 0.240885 0.330078 0.240885 0.331055 0.242188 0.333008 0.242188 0.333984 0.24349 0.334961 0.24349 0.335938 0.244792 0.336914 0.244792 0.339844 0.248698 0.339844 0.25 0.341797 0.252604 0.342773 0.252604 0.34668 0.257812 0.34668 0.261719 0.358398 0.261719 0.358398 0.25651 0.361328 0.252604 0.361328 0.251302 0.362305 0.25 0.362305 0.247396 0.373047 0.233073 0.374023 0.233073 0.376953 0.229167 0.37793 0.229167 0.380859 0.22526 0.382812 0.22526 0.383789 0.223958 0.385742 0.223958 0.386719 0.222656 0.387695 0.222656 0.388672 0.221354 0.390625 0.221354 0.391602 0.220052 0.392578 0.220052 0.393555 0.21875 0.394531 0.21875 0.401367 0.209635 0.401367 0.207031 0.402344 0.205729 0.402344 0.203125 0.404297 0.200521 0.407227 0.200521 0.407227 0.19401 0.404297 0.19401 0.40332 0.192708 0.40332 0.190104 0.402344 0.188802 0.402344 0.1875 0.401367 0.186198 0.401367 0.184896 0.399414 0.182292 0.399414 0.18099 0.396484 0.177083 0.396484 0.175781 0.391602 0.169271 0.391602 0.167969 0.382812 0.15625 0.382812 0.154948 0.378906 0.14974 0.37793 0.14974 0.376953 0.148438 0.375977 0.148438 0.374023 0.145833 0.373047 0.145833 0.371094 0.143229 0.369141 0.143229 0.366211 0.139323 0.365234 0.139323 0.362305 0.135417 0.362305 0.134115 0.361328 0.134115 0.360352 0.132812 0.360352 0.13151 0.355469 0.125 0.355469 0.123698 0.353516 0.121094 0.353516 0.119792 0.350586 0.115885 0.350586 0.114583 0.348633 0.111979 0.348633 0.110677 0.347656 0.109375 0.347656 0.106771 0.34668 0.105469 0.34668 0.101562
0 0.779297 0.539062 0.779297 0.575521 0.782227 0.575521 0.785156 0.579427 0.785156 0.580729 0.787109 0.583333 0.787109 0.584635 0.788086 0.585938 0.788086 0.58724 0.789062 0.588542 0.789062 0.589844 0.791016 0.592448 0.791016 0.59375 0.791992 0.595052 0.791992 0.596354 0.793945 0.598958 0.793945 0.60026 0.795898 0.602865 0.795898 0.604167 0.797852 0.606771 0.797852 0.608073 0.799805 0.610677 0.799805 0.611979 0.802734 0.615885 0.802734 0.617188 0.805664 0.621094 0.805664 0.622396 0.80957 0.627604 0.80957 0.628906 0.818359 0.640625 0.818359 0.641927 0.84375 0.675781 0.844727 0.675781 0.847656 0.679688 0.847656 0.68099 0.852539 0.6875 0.852539 0.688802 0.853516 0.690104 0.854492 0.690104 0.856445 0.692708 0.857422 0.692708 0.858398 0.69401 0.860352 0.69401 0.861328 0.695312 0.863281 0.695312 0.864258 0.696615 0.866211 0.696615 0.867188 0.697917 0.868164 0.697917 0.869141 0.699219 0.870117 0.699219 0.871094 0.700521 0.87207 0.700521 0.873047 0.701823 0.874023 0.701823 0.875 0.703125 0.875977 0.703125 0.876953 0.704427 0.87793 0.704427 0.878906 0.705729 0.880859 0.705729 0.881836 0.707031 0.883789 0.707031 0.884766 0.708333 0.887695 0.708333 0.888672 0.709635 0.890625 0.709635 0.891602 0.710938 0.894531 0.710938 0.895508 0.71224 0.898438 0.71224 0.899414 0.713542 0.902344 0.713542 0.90332 0.714844 0.905273 0.714844 0.90625 0.716146 0.90918 0.716146 0.910156 0.717448 0.911133 0.717448 0.912109 0.71875 0.914062 0.71875 0.915039 0.720052 0.915039 0.72526 0.932617 0.72526 0.932617 0.720052 0.933594 0.71875 0.935547 0.71875 0.936523 0.717448 0.939453 0.717448 0.94043 0.71875 0.944336 0.71875 0.946289 0.721354 0.946289 0.72526 0.957031 0.72526 0.957031 0.721354 0.958984 0.71875 0.961914 0.71875 0.961914 0.678385 0.957031 0.678385 0.956055 0.677083 0.955078 0.677083 0.953125 0.674479 0.952148 0.674479 0.951172 0.673177 0.950195 0.673177 0.948242 0.670573 0.947266 0.670573 0.946289 0.669271 0.945312 0.669271 0.942383 0.665365 0.941406 0.665365 0.94043 0.664062 0.939453 0.664062 0.938477 0.66276 0.936523 0.66276 0.935547 0.661458 0.93457 0.661458 0.933594 0.660156 0.932617 0.660156 0.930664 0.657552 0.929688 0.657552 0.927734 0.654948 0.926758 0.654948 0.924805 0.652344 0.924805 0.651042 0.921875 0.647135 0.921875 0.645833 0.918945 0.641927 0.918945 0.640625 0.917969 0.639323 0.917969 0.638021 0.916992 0.636719 0.916992 0.635417 0.914062 0.63151 0.914062 0.630208 0.912109 0.627604 0.912109 0.626302 0.911133 0.625 0.911133 0.623698 0.90918 0.621094 0.90918 0.619792 0.907227 0.617188 0.907227 0.615885 0.90625 0.614583 0.90625 0.613281 0.90332 0.609375 0.90332 0.608073 0.899414 0.602865 0.899414 0.601562 0.890625 0.589844 0.889648 0.589844 0.886719 0.585938 0.885742 0.585938 0.883789 0.583333 0.882812 0.583333 0.880859 0.580729 0.879883 0.580729 0.875 0.574219 0.874023 0.574219 0.87207 0.571615 0.871094 0.571615 0.870117 0.570312 0.869141 0.570312 0.868164 0.56901 0.867188 0.56901 0.865234 0.566406 0.864258 0.566406 0.861328 0.5625 0.860352 0.5625 0.858398 0.559896 0.857422 0.559896 0.853516 0.554688 0.852539 0.554688 0.849609 0.550781 0.848633 0.550781 0.84668 0.548177 0.845703 0.548177 0.844727 0.546875 0.84375 0.546875 0.842773 0.545573 0.841797 0.545573 0.84082 0.544271 0.838867 0.544271 0.837891 0.542969 0.837891 0.539062 0.832031 0.539062 0.832031 0.542969 0.831055 0.544271 0.825195 0.544271 0.824219 0.545573 0.823242 0.545573 0.822266 0.546875 0.821289 0.546875 0.820312 0.548177 0.817383 0.548177 0.816406 0.546875 0.816406 0.545573 0.81543 0.544271 0.81543 0.539062
1 0.818359 0.315104 0.818359 0.31901 0.817383 0.320312 0.817383 0.321615 0.811523 0.329427 0.811523 0.330729 0.808594 0.334635 0.808594 0.335938 0.805664 0.339844 0.805664 0.341146 0.803711 0.34375 0.803711 0.345052 0.800781 0.348958 0.800781 0.35026 0.798828 0.352865 0.798828 0.354167 0.796875 0.356771 0.796875 0.358073 0.793945 0.361979 0.793945 0.363281 0.791992 0.365885 0.791992 0.367188 0.790039 0.369792 0.790039 0.371094 0.788086 0.373698 0.788086 0.375 0.785156 0.378906 0.785156 0.380208 0.78125 0.385417 0.78125 0.386719 0.776367 0.393229 0.776367 0.394531 0.774414 0.397135 0.774414 0.398438 0.773438 0.39974 0.773438 0.401042 0.772461 0.402344 0.772461 0.403646 0.771484 0.404948 0.771484 0.407552 0.770508 0.408854 0.770508 0.41276 0.769531 0.414062 0.769531 0.416667 0.768555 0.417969 0.768555 0.419271 0.767578 0.420573 0.767578 0.421875 0.766602 0.423177 0.766602 0.424479 0.765625 0.425781 0.765625 0.427083 0.763672 0.429688 0.763672 0.43099 0.761719 0.433594 0.761719 0.434896 0.759766 0.4375 0.755859 0.4375 0.755859 0.480469 0.759766 0.480469 0.760742 0.481771 0.761719 0.481771 0.763672 0.484375 0.763672 0.485677 0.765625 0.485677 0.766602 0.486979 0.768555 0.486979 0.769531 0.488281 0.773438 0.488281 0.774414 0.489583 0.779297 0.489583 0.780273 0.488281 0.782227 0.488281 0.783203 0.486979 0.78418 0.486979 0.785156 0.485677 0.785156 0.484375 0.787109 0.481771 0.787109 0.479167 0.788086 0.477865 0.788086 0.476562 0.789062 0.47526 0.789062 0.472656 0.790039 0.471354 0.790039 0.46875 0.791016 0.467448 0.791016 0.46224 0.791992 0.460938 0.791992 0.457031 0.792969 0.455729 0.792969 0.451823 0.793945 0.450521 0.793945 0.447917 0.794922 0.446615 0.794922 0.44401 0.795898 0.442708 0.795898 0.441406 0.796875 0.440104 0.796875 0.438802 0.797852 0.4375 0.797852 0.434896 0.798828 0.433594 0.798828 0.432292 0.799805 0.43099 0.799805 0.429688 0.800781 0.428385 0.800781 0.425781 0.801758 0.424479 0.801758 0.423177 0.802734 0.421875 0.802734 0.420573 0.803711 0.419271 0.803711 0.417969 0.804688 0.416667 0.804688 0.415365 0.805664 0.414062 0.805664 0.41276 0.806641 0.411458 0.806641 0.408854 0.807617 0.407552 0.807617 0.40625 0.808594 0.404948 0.808594 0.402344 0.80957 0.401042 0.80957 0.39974 0.810547 0.398438 0.810547 0.395833 0.811523 0.394531 0.811523 0.393229 0.8125 0.391927 0.8125 0.389323 0.813477 0.388021 0.813477 0.385417 0.814453 0.384115 0.814453 0.38151 0.81543 0.380208 0.81543 0.378906 0.816406 0.377604 0.816406 0.376302 0.818359 0.373698 0.818359 0.372396 0.819336 0.371094 0.819336 0.369792 0.821289 0.367188 0.821289 0.365885 0.822266 0.364583 0.822266 0.363281 0.824219 0.360677 0.824219 0.359375 0.825195 0.358073 0.825195 0.356771 0.826172 0.355469 0.826172 0.354167 0.827148 0.352865 0.827148 0.351562 0.828125 0.35026 0.828125 0.348958 0.830078 0.346354 0.833008 0.346354 0.833008 0.315104
1 0.0390625 0.325521 0.0390625 0.329427 0.0361328 0.333333 0.0351562 0.333333 0.0341797 0.334635 0.0332031 0.334635 0.0322266 0.335938 0.03125 0.335938 0.0283203 0.339844 0.0273438 0.339844 0.0263672 0.341146 0.0253906 0.341146 0.0234375 0.34375 0.0224609 0.34375 0.0214844 0.345052 0.0205078 0.345052 0.0175781 0.348958 0.0166016 0.348958 0.015625 0.35026 0.0146484 0.35026 0.0136719 0.351562 0.0126953 0.351562 0.0117188 0.352865 0.0107422 0.352865 0.00976562 0.354167 0.00683594 0.354167 0.00585938 0.355469 0.00195312 0.355469 0.00195312 0.386719 0.0273438 0.386719 0.0273438 0.382812 0.0283203 0.38151 0.0292969 0.38151 0.0302734 0.380208 0.0322266 0.380208 0.0332031 0.378906 0.0351562 0.378906 0.0361328 0.377604 0.0380859 0.377604 0.0390625 0.376302 0.0400391 0.376302 0.0410156 0.375 0.0419922 0.375 0.0429688 0.373698 0.0449219 0.373698 0.0458984 0.372396 0.0488281 0.372396 0.0498047 0.371094 0.0507812 0.371094 0.0517578 0.369792 0.0537109 0.369792 0.0546875 0.36849 0.0566406 0.36849 0.0576172 0.367188 0.0595703 0.367188 0.0605469 0.365885 0.0634766 0.365885 0.0644531 0.364583 0.0673828 0.364583 0.0683594 0.363281 0.0722656 0.363281 0.0732422 0.361979 0.078125 0.361979 0.0791016 0.360677 0.0898438 0.360677 0.0908203 0.359375 0.0917969 0.359375 0.0927734 0.360677 0.114258 0.360677 0.115234 0.359375 0.12793 0.359375 0.128906 0.358073 0.130859 0.358073 0.131836 0.356771 0.132812 0.356771 0.133789 0.355469 0.134766 0.355469 0.134766 0.354167 0.135742 0.352865 0.135742 0.351562 0.136719 0.35026 0.136719 0.33724 0.132812 0.332031 0.131836 0.332031 0.130859 0.330729 0.130859 0.325521
1 0.34668 0.867188 0.34668 0.88151 0.345703 0.882812 0.345703 0.884115 0.344727 0.885417 0.344727 0.886719 0.342773 0.889323 0.342773 0.890625 0.34082 0.893229 0.337891 0.893229 0.337891 0.923177 0.341797 0.923177 0.342773 0.924479 0.34375 0.924479 0.347656 0.929688 0.348633 0.929688 0.352539 0.934896 0.353516 0.934896 0.355469 0.9375 0.356445 0.9375 0.358398 0.940104 0.359375 0.940104 0.362305 0.94401 0.363281 0.94401 0.365234 0.946615 0.366211 0.946615 0.367188 0.947917 0.368164 0.947917 0.370117 0.950521 0.371094 0.950521 0.373047 0.953125 0.374023 0.953125 0.375977 0.955729 0.376953 0.955729 0.380859 0.960938 0.381836 0.960938 0.384766 0.964844 0.385742 0.964844 0.389648 0.970052 0.390625 0.970052 0.399414 0.981771 0.400391 0.981771 0.401367 0.983073 0.40332 0.983073 0.404297 0.984375 0.408203 0.984375 0.40918 0.985677 0.411133 0.985677 0.412109 0.986979 0.414062 0.986979 0.415039 0.988281 0.416016 0.988281 0.416992 0.989583 0.417969 0.989583 0.419922 0.992188 0.420898 0.992188 0.421875 0.99349 0.422852 0.99349 0.425781 0.997396 0.425781 0.998698 0.517578 0.998698 0.517578 0.996094 0.516602 0.994792 0.516602 0.99349 0.515625 0.992188 0.515625 0.990885 0.513672 0.988281 0.513672 0.986979 0.509766 0.981771 0.509766 0.980469 0.506836 0.976562 0.505859 0.976562 0.503906 0.973958 0.50293 0.973958 0.500977 0.971354 0.5 0.971354 0.499023 0.970052 0.498047 0.970052 0.49707 0.96875 0.496094 0.96875 0.495117 0.967448 0.494141 0.967448 0.493164 0.966146 0.492188 0.966146 0.491211 0.964844 0.489258 0.964844 0.488281 0.963542 0.486328 0.963542 0.485352 0.96224 0.483398 0.96224 0.482422 0.960938 0.479492 0.960938 0.478516 0.959635 0.477539 0.959635 0.476562 0.958333 0.474609 0.958333 0.473633 0.957031 0.469727 0.957031 0.46875 0.955729 0.466797 0.955729 0.46582 0.954427 0.464844 0.954427 0.463867 0.953125 0.462891 0.953125 0.461914 0.951823 0.460938 0.951823 0.459961 0.950521 0.458984 0.950521 0.458008 0.949219 0.457031 0.949219 0.456055 0.947917 0.454102 0.947917 0.453125 0.946615 0.452148 0.946615 0.451172 0.945312 0.450195 0.945312 0.449219 0.94401 0.448242 0.94401 0.447266 0.942708 0.446289 0.942708 0.444336 0.940104 0.443359 0.940104 0.441406 0.9375 0.44043 0.9375 0.439453 0.936198 0.438477 0.936198 0.436523 0.933594 0.435547 0.933594 0.432617 0.929688 0.431641 0.929688 0.429688 0.927083 0.428711 0.927083 0.427734 0.925781 0.426758 0.925781 0.424805 0.923177 0.423828 0.923177 0.422852 0.921875 0.420898 0.921875 0.419922 0.920573 0.418945 0.920573 0.417969 0.919271 0.416992 0.919271 0.415039 0.916667 0.414062 0.916667 0.412109 0.914062 0.411133 0.914062 0.407227 0.908854 0.40625 0.908854 0.399414 0.89974 0.399414 0.898438 0.392578 0.889323 0.391602 0.889323 0.389648 0.886719 0.388672 0.886719 0.387695 0.885417 0.386719 0.885417 0.384766 0.882812 0.383789 0.882812 0.381836 0.880208 0.380859 0.880208 0.379883 0.878906 0.378906 0.878906 0.376953 0.876302 0.375977 0.876302 0.374023 0.873698 0.373047 0.873698 0.37207 0.872396 0.37207 0.867188
1 0.396484 0.188802 0.396484 0.190104 0.397461 0.190104 0.397461 0.188802 0.396484 0.188802 0.374023 0.0716146 0.375 0.0703125 0.376953 0.0703125 0.37793 0.0690104 0.379883 0.0690104 0.381836 0.0664062 0.382812 0.0664062 0.383789 0.0651042 0.384766 0.0651042 0.385742 0.0638021 0.386719 0.0638021 0.387695 0.0625 0.388672 0.0625 0.390625 0.0598958 0.391602 0.0598958 0.392578 0.0585938 0.393555 0.0585938 0.404297 0.0442708 0.405273 0.0442708 0.407227 0.0416667 0.407227 0.0403646 0.40918 0.0377604 0.40918 0.0351562 0.410156 0.0338542 0.410156 0.0325521 0.40918 0.03125 0.40918 0.0234375 0.381836 0.0234375 0.381836 0.0273438 0.378906 0.03125 0.37793 0.03125 0.375977 0.0338542 0.375 0.0338542 0.374023 0.0351562 0.37207 0.0351562 0.371094 0.0364583 0.370117 0.0364583 0.369141 0.0377604 0.368164 0.0377604 0.366211 0.0403646 0.365234 0.0403646 0.363281 0.0429688 0.362305 0.0429688 0.360352 0.0455729 0.358398 0.0455729 0.357422 0.046875 0.354492 0.046875 0.353516 0.0481771 0.351562 0.0481771 0.350586 0.0494792 0.348633 0.0494792 0.347656 0.0507812 0.345703 0.0507812 0.344727 0.0520833 0.341797 0.0520833 0.34082 0.0533854 0.338867 0.0533854 0.337891 0.0546875 0.334961 0.0546875 0.333984 0.0559896 0.330078 0.0559896 0.329102 0.0572917 0.323242 0.0572917 0.322266 0.0585938 0.319336 0.0585938 0.318359 0.0598958 0.317383 0.0598958 0.316406 0.0611979 0.314453 0.0611979 0.3125 0.0638021 0.311523 0.0638021 0.30957 0.0664062 0.308594 0.0664062 0.305664 0.0703125 0.304688 0.0703125 0.302734 0.0729167 0.301758 0.0729167 0.300781 0.0742188 0.298828 0.0742188 0.292969 0.0820312 0.291992 0.0820312 0.291016 0.0833333 0.290039 0.0833333 0.282227 0.09375 0.28125 0.09375 0.280273 0.0950521 0.280273 0.0963542 0.279297 0.0976562 0.279297 0.10026 0.27832 0.101562 0.27832 0.102865 0.277344 0.104167 0.277344 0.106771 0.276367 0.108073 0.276367 0.111979 0.275391 0.113281 0.275391 0.114583 0.274414 0.115885 0.274414 0.119792 0.273438 0.121094 0.273438 0.123698 0.272461 0.125 0.272461 0.126302 0.271484 0.127604 0.271484 0.128906 0.269531 0.13151 0.269531 0.132812 0.266602 0.136719 0.266602 0.138021 0.264648 0.140625 0.264648 0.141927 0.262695 0.144531 0.262695 0.145833 0.261719 0.147135 0.261719 0.148438 0.260742 0.14974 0.260742 0.151042 0.259766 0.152344 0.259766 0.153646 0.258789 0.154948 0.258789 0.157552 0.257812 0.158854 0.257812 0.160156 0.256836 0.161458 0.256836 0.16276 0.255859 0.164062 0.255859 0.165365 0.254883 0.166667 0.254883 0.167969 0.253906 0.169271 0.253906 0.170573 0.25293 0.171875 0.25293 0.173177 0.251953 0.174479 0.251953 0.175781 0.250977 0.177083 0.250977 0.178385 0.25 0.179688 0.25 0.18099 0.249023 0.182292 0.249023 0.183594 0.24707 0.186198 0.24707 0.1875 0.246094 0.188802 0.246094 0.190104 0.245117 0.191406 0.245117 0.192708 0.244141 0.19401 0.244141 0.195312 0.243164 0.196615 0.243164 0.199219 0.242188 0.200521 0.242188 0.203125 0.241211 0.204427 0.241211 0.207031 0.240234 0.208333 0.240234 0.209635 0.239258 0.210938 0.239258 0.214844 0.238281 0.216146 0.238281 0.220052 0.237305 0.221354 0.237305 0.223958 0.235352 0.226562 0.232422 0.226562 0.232422 0.257812 0.244141 0.257812 0.245117 0.259115 0.251953 0.259115 0.251953 0.257812 0.253906 0.255208 0.253906 0.253906 0.255859 0.251302 0.255859 0.25 0.256836 0.248698 0.256836 0.247396 0.263672 0.238281 0.263672 0.236979 0.265625 0.234375 0.265625 0.233073 0.266602 0.231771 0.266602 0.230469 0.267578 0.229167 0.267578 0.226562 0.268555 0.22526 0.268555 0.221354 0.269531 0.220052 0.269531 0.217448 0.270508 0.216146 0.270508 0.21224 0.271484 0.210938 0.271484 0.207031 0.272461 0.205729 0.272461 0.203125 0.273438 0.201823 0.273438 0.200521 0.274414 0.199219 0.274414 0.195312 0.275391 0.19401 0.275391 0.191406 0.276367 0.190104 0.276367 0.1875 0.277344 0.186198 0.277344 0.184896 0.27832 0.183594 0.27832 0.18099 0.279297 0.179688 0.279297 0.177083 0.280273 0.175781 0.280273 0.173177 0.28125 0.171875 0.28125 0.169271 0.282227 0.167969 0.282227 0.166667 0.283203 0.165365 0.283203 0.164062 0.28418 0.16276 0.28418 0.160156 0.285156 0.158854 0.285156 0.157552 0.286133 0.15625 0.286133 0.154948 0.288086 0.152344 0.288086 0.151042 0.289062 0.14974 0.289062 0.148438 0.290039 0.147135 0.290039 0.145833 0.291016 0.144531 0.291016 0.141927 0.291992 0.140625 0.291992 0.138021 0.293945 0.135417 0.293945 0.134115 0.294922 0.132812 0.294922 0.13151 0.296875 0.128906 0.296875 0.127604 0.298828 0.125 0.298828 0.123698 0.302734 0.11849 0.302734 0.117188 0.306641 0.111979 0.307617 0.111979 0.30957 0.109375 0.310547 0.109375 0.3125 0.106771 0.313477 0.106771 0.314453 0.105469 0.31543 0.105469 0.318359 0.101562 0.319336 0.101562 0.322266 0.0976562 0.323242 0.0976562 0.324219 0.0963542 0.325195 0.0963542 0.326172 0.0950521 0.327148 0.0950521 0.328125 0.09375 0.329102 0.09375 0.330078 0.0924479 0.331055 0.0924479 0.332031 0.0911458 0.333008 0.0911458 0.333984 0.0898438 0.334961 0.0898438 0.336914 0.0872396 0.338867 0.0872396 0.339844 0.0859375 0.34082 0.0859375 0.341797 0.0846354 0.34375 0.0846354 0.344727 0.0833333 0.345703 0.0833333 0.34668 0.0820312 0.349609 0.0820312 0.350586 0.0807292 0.351562 0.0807292 0.352539 0.0794271 0.354492 0.0794271 0.355469 0.078125 0.357422 0.078125 0.358398 0.0768229 0.360352 0.0768229 0.361328 0.0755208 0.364258 0.0755208 0.365234 0.0742188 0.367188 0.0742188 0.368164 0.0729167 0.370117 0.0729167 0.371094 0.0716146 0.374023 0.0716146
1 0.101562 0.710938 0.101562 0.716146 0.100586 0.717448 0.100586 0.71875 0.0996094 0.720052 0.0996094 0.721354 0.0976562 0.723958 0.0976562 0.72526 0.0966797 0.726562 0.0966797 0.729167 0.0947266 0.731771 0.0917969 0.731771 0.0917969 0.871094 0.107422 0.871094 0.107422 0.865885 0.108398 0.864583 0.108398 0.863281 0.109375 0.861979 0.109375 0.860677 0.110352 0.859375 0.110352 0.856771 0.111328 0.855469 0.111328 0.851562 0.112305 0.85026 0.112305 0.847656 0.113281 0.846354 0.113281 0.845052 0.114258 0.84375 0.114258 0.842448 0.115234 0.841146 0.115234 0.839844 0.116211 0.838542 0.116211 0.83724 0.117188 0.835938 0.117188 0.834635 0.118164 0.833333 0.118164 0.832031 0.119141 0.830729 0.119141 0.829427 0.120117 0.828125 0.120117 0.825521 0.121094 0.824219 0.121094 0.821615 0.12207 0.820312 0.12207 0.817708 0.123047 0.816406 0.123047 0.8125 0.124023 0.811198 0.124023 0.80599 0.125 0.804688 0.125 0.78776 0.125977 0.786458 0.125977 0.779948 0.126953 0.778646 0.126953 0.77474 0.12793 0.773438 0.12793 0.769531 0.128906 0.768229 0.128906 0.757812 0.129883 0.75651 0.129883 0.747396 0.130859 0.746094 0.133789 0.746094 0.133789 0.730469 0.130859 0.730469 0.128906 0.727865 0.128906 0.72526 0.12793 0.723958 0.12793 0.722656 0.126953 0.721354 0.126953 0.720052 0.125977 0.71875 0.125977 0.717448 0.125 0.716146 0.125 0.710938
0 0.349609 0.0859375 0.349609 0.117188 0.352539 0.117188 0.354492 0.119792 0.354492 0.121094 0.355469 0.122396 0.355469 0.123698 0.356445 0.125 0.356445 0.126302 0.357422 0.127604 0.357422 0.128906 0.362305 0.135417 0.362305 0.136719 0.365234 0.140625 0.366211 0.140625 0.37207 0.148438 0.373047 0.148438 0.375977 0.152344 0.376953 0.152344 0.378906 0.154948 0.379883 0.154948 0.381836 0.157552 0.382812 0.157552 0.385742 0.161458 0.386719 0.161458 0.388672 0.164062 0.389648 0.164062 0.398438 0.175781 0.398438 0.177083 0.401367 0.18099 0.401367 0.182292 0.410156 0.19401 0.411133 0.19401 0.412109 0.195312 0.413086 0.195312 0.414062 0.196615 0.416016 0.196615 0.416992 0.197917 0.417969 0.197917 0.419922 0.200521 0.419922 0.204427 0.444336 0.204427 0.444336 0.200521 0.445312 0.199219 0.447266 0.199219 0.448242 0.200521 0.448242 0.204427 0.461914 0.204427 0.461914 0.199219 0.459961 0.196615 0.459961 0.195312 0.457031 0.191406 0.457031 0.188802 0.460938 0.183594 0.460938 0.182292 0.462891 0.179688 0.46582 0.179688 0.46582 0.161458 0.462891 0.161458 0.461914 0.160156 0.461914 0.158854 0.460938 0.157552 0.460938 0.154948 0.459961 0.153646 0.459961 0.152344 0.458984 0.151042 0.458984 0.14974 0.457031 0.147135 0.457031 0.145833 0.455078 0.143229 0.455078 0.141927 0.453125 0.139323 0.453125 0.138021 0.452148 0.136719 0.452148 0.135417 0.450195 0.132812 0.450195 0.13151 0.448242 0.128906 0.448242 0.127604 0.44043 0.117188 0.439453 0.117188 0.4375 0.114583 0.436523 0.114583 0.433594 0.110677 0.432617 0.110677 0.430664 0.108073 0.429688 0.108073 0.424805 0.101562 0.423828 0.101562 0.415039 0.0898438 0.415039 0.0859375
1 0.419922 0.205729 0.419922 0.239583 0.422852 0.239583 0.424805 0.242188 0.425781 0.242188 0.426758 0.24349 0.426758 0.244792 0.432617 0.252604 0.433594 0.252604 0.435547 0.255208 0.436523 0.255208 0.4375 0.25651 0.438477 0.25651 0.439453 0.257812 0.44043 0.257812 0.441406 0.259115 0.443359 0.259115 0.444336 0.260417 0.446289 0.260417 0.447266 0.261719 0.449219 0.261719 0.450195 0.263021 0.451172 0.263021 0.452148 0.264323 0.453125 0.264323 0.455078 0.266927 0.456055 0.266927 0.460938 0.273438 0.461914 0.273438 0.464844 0.277344 0.46582 0.277344 0.467773 0.279948 0.46875 0.279948 0.469727 0.28125 0.470703 0.28125 0.472656 0.283854 0.473633 0.283854 0.474609 0.285156 0.475586 0.285156 0.477539 0.28776 0.478516 0.28776 0.479492 0.289062 0.480469 0.289062 0.481445 0.290365 0.482422 0.290365 0.483398 0.291667 0.485352 0.291667 0.486328 0.292969 0.487305 0.292969 0.488281 0.294271 0.489258 0.294271 0.490234 0.295573 0.491211 0.295573 0.493164 0.298177 0.494141 0.298177 0.495117 0.299479 0.49707 0.299479 0.498047 0.300781 0.499023 0.300781 0.5 0.302083 0.500977 0.302083 0.501953 0.303385 0.503906 0.303385 0.504883 0.304688 0.505859 0.304688 0.506836 0.30599 0.508789 0.30599 0.509766 0.307292 0.511719 0.307292 0.513672 0.309896 0.513672 0.313802 0.517578 0.313802 0.517578 0.309896 0.518555 0.308594 0.519531 0.308594 0.520508 0.307292 0.521484 0.307292 0.522461 0.30599 0.523438 0.30599 0.52832 0.299479 0.529297 0.299479 0.530273 0.298177 0.530273 0.296875 0.533203 0.292969 0.533203 0.290365 0.53418 0.289062 0.53418 0.285156 0.535156 0.283854 0.535156 0.28125 0.53418 0.279948 0.53418 0.270833 0.535156 0.269531 0.535156 0.261719 0.53418 0.260417 0.53418 0.259115 0.527344 0.25 0.526367 0.25 0.525391 0.248698 0.523438 0.248698 0.522461 0.247396 0.517578 0.247396 0.516602 0.246094 0.513672 0.246094 0.512695 0.244792 0.511719 0.244792 0.510742 0.24349 0.509766 0.24349 0.508789 0.242188 0.507812 0.242188 0.506836 0.240885 0.505859 0.240885 0.504883 0.239583 0.503906 0.239583 0.50293 0.238281 0.501953 0.238281 0.500977 0.236979 0.5 0.236979 0.499023 0.235677 0.498047 0.235677 0.49707 0.234375 0.495117 0.234375 0.494141 0.233073 0.492188 0.233073 0.491211 0.231771 0.489258 0.231771 0.488281 0.230469 0.486328 0.230469 0.485352 0.229167 0.482422 0.229167 0.481445 0.227865 0.480469 0.227865 0.479492 0.226562 0.477539 0.226562 0.475586 0.223958 0.474609 0.223958 0.472656 0.221354 0.47168 0.221354 0.470703 0.220052 0.469727 0.220052 0.46875 0.21875 0.467773 0.21875 0.466797 0.217448 0.46582 0.217448 0.464844 0.216146 0.463867 0.216146 0.460938 0.21224 0.459961 0.21224 0.458008 0.209635 0.458008 0.205729
1 0.439453 0.898438 0.439453 0.929688 0.443359 0.929688 0.444336 0.93099 0.445312 0.93099 0.448242 0.934896 0.449219 0.934896 0.452148 0.938802 0.453125 0.938802 0.455078 0.941406 0.456055 0.941406 0.457031 0.942708 0.458008 0.942708 0.458984 0.94401 0.459961 0.94401 0.460938 0.945312 0.461914 0.945312 0.462891 0.946615 0.463867 0.946615 0.464844 0.947917 0.46582 0.947917 0.466797 0.949219 0.46875 0.949219 0.469727 0.950521 0.47168 0.950521 0.472656 0.951823 0.474609 0.951823 0.475586 0.953125 0.477539 0.953125 0.478516 0.954427 0.479492 0.954427 0.480469 0.955729 0.482422 0.955729 0.483398 0.957031 0.485352 0.957031 0.486328 0.958333 0.487305 0.958333 0.488281 0.959635 0.489258 0.959635 0.490234 0.960938 0.493164 0.960938 0.494141 0.96224 0.49707 0.96224 0.498047 0.963542 0.500977 0.963542 0.501953 0.964844 0.503906 0.964844 0.504883 0.966146 0.506836 0.966146 0.507812 0.967448 0.508789 0.967448 0.509766 0.96875 0.510742 0.96875 0.511719 0.970052 0.513672 0.970052 0.514648 0.971354 0.517578 0.971354 0.518555 0.972656 0.522461 0.972656 0.523438 0.973958 0.526367 0.973958 0.527344 0.97526 0.529297 0.97526 0.530273 0.976562 0.532227 0.976562 0.533203 0.977865 0.535156 0.977865 0.536133 0.979167 0.539062 0.979167 0.540039 0.980469 0.541992 0.980469 0.542969 0.981771 0.542969 0.985677 0.566406 0.985677 0.566406 0.981771 0.569336 0.977865 0.569336 0.976562 0.570312 0.97526 0.570312 0.973958 0.572266 0.971354 0.575195 0.971354 0.575195 0.957031 0.572266 0.957031 0.571289 0.955729 0.571289 0.954427 0.570312 0.953125 0.570312 0.951823 0.569336 0.950521 0.569336 0.949219 0.563477 0.941406 0.5625 0.941406 0.561523 0.940104 0.560547 0.940104 0.557617 0.936198 0.556641 0.936198 0.554688 0.933594 0.554688 0.932292 0.553711 0.93099 0.553711 0.928385 0.554688 0.927083 0.555664 0.927083 0.55957 0.921875 0.560547 0.921875 0.561523 0.920573 0.563477 0.920573 0.56543 0.923177 0.566406 0.923177 0.569336 0.927083 0.570312 0.927083 0.571289 0.928385 0.575195 0.928385 0.575195 0.898438 0.53418 0.898438 0.53418 0.903646 0.533203 0.904948 0.53125 0.904948 0.530273 0.903646 0.527344 0.903646 0.526367 0.902344 0.526367 0.898438
1 0.181641 0.658854 0.181641 0.769531 0.18457 0.769531 0.189453 0.776042 0.189453 0.777344 0.19043 0.778646 0.19043 0.779948 0.191406 0.78125 0.191406 0.782552 0.192383 0.783854 0.192383 0.785156 0.194336 0.78776 0.194336 0.789062 0.195312 0.790365 0.195312 0.791667 0.197266 0.794271 0.197266 0.795573 0.198242 0.796875 0.198242 0.798177 0.199219 0.799479 0.199219 0.800781 0.200195 0.802083 0.200195 0.803385 0.201172 0.804688 0.201172 0.80599 0.202148 0.807292 0.202148 0.808594 0.203125 0.809896 0.203125 0.8125 0.204102 0.813802 0.204102 0.816406 0.205078 0.817708 0.205078 0.821615 0.206055 0.822917 0.206055 0.826823 0.207031 0.828125 0.207031 0.830729 0.208008 0.832031 0.208008 0.834635 0.208984 0.835938 0.208984 0.83724 0.209961 0.838542 0.209961 0.839844 0.210938 0.841146 0.210938 0.842448 0.211914 0.84375 0.211914 0.845052 0.212891 0.846354 0.212891 0.847656 0.216797 0.852865 0.220703 0.852865 0.22168 0.851562 0.222656 0.851562 0.223633 0.85026 0.224609 0.85026 0.229492 0.84375 0.229492 0.842448 0.231445 0.839844 0.231445 0.838542 0.233398 0.835938 0.233398 0.834635 0.235352 0.832031 0.235352 0.830729 0.237305 0.828125 0.237305 0.826823 0.240234 0.822917 0.240234 0.821615 0.241211 0.820312 0.242188 0.820312 0.242188 0.81901 0.251953 0.80599 0.254883 0.80599 0.254883 0.794271 0.250977 0.794271 0.25 0.792969 0.249023 0.792969 0.248047 0.791667 0.24707 0.791667 0.242188 0.785156 0.242188 0.783854 0.241211 0.782552 0.241211 0.78125 0.239258 0.778646 0.239258 0.777344 0.238281 0.776042 0.238281 0.773438 0.237305 0.772135 0.237305 0.765625 0.236328 0.764323 0.236328 0.759115 0.235352 0.757812 0.235352 0.752604 0.234375 0.751302 0.234375 0.74349 0.233398 0.742188 0.233398 0.738281 0.234375 0.736979 0.234375 0.734375 0.235352 0.733073 0.235352 0.730469 0.236328 0.729167 0.236328 0.726562 0.237305 0.72526 0.237305 0.720052 0.236328 0.71875 0.236328 0.717448 0.235352 0.716146 0.235352 0.714844 0.230469 0.708333 0.230469 0.705729 0.228516 0.703125 0.228516 0.701823 0.227539 0.700521 0.227539 0.697917 0.226562 0.696615 0.226562 0.695312 0.225586 0.69401 0.225586 0.692708 0.223633 0.690104 0.223633 0.688802 0.22168 0.686198 0.22168 0.684896 0.21582 0.677083 0.214844 0.677083 0.213867 0.675781 0.213867 0.674479 0.212891 0.674479 0.210938 0.671875 0.209961 0.671875 0.204102 0.664062 0.204102 0.658854
1 0.998047 0.800781 0.99707 0.802083 0.996094 0.802083 0.995117 0.803385 0.994141 0.803385 0.993164 0.804688 0.992188 0.804688 0.990234 0.807292 0.988281 0.807292 0.987305 0.808594 0.986328 0.808594 0.985352 0.809896 0.984375 0.809896 0.983398 0.811198 0.982422 0.811198 0.981445 0.8125 0.980469 0.8125 0.978516 0.815104 0.977539 0.815104 0.976562 0.816406 0.975586 0.816406 0.974609 0.817708 0.973633 0.817708 0.969727 0.822917 0.96875 0.822917 0.966797 0.825521 0.96582 0.825521 0.964844 0.826823 0.963867 0.826823 0.961914 0.829427 0.960938 0.829427 0.959961 0.830729 0.958984 0.830729 0.958008 0.832031 0.957031 0.832031 0.956055 0.833333 0.955078 0.833333 0.952148 0.83724 0.951172 0.83724 0.946289 0.84375 0.945312 0.84375 0.94043 0.85026 0.939453 0.85026 0.938477 0.851562 0.9375 0.851562 0.935547 0.854167 0.93457 0.854167 0.931641 0.858073 0.930664 0.858073 0.928711 0.860677 0.927734 0.860677 0.924805 0.864583 0.923828 0.864583 0.920898 0.86849 0.919922 0.86849 0.915039 0.875 0.915039 0.876302 0.913086 0.878906 0.912109 0.878906 0.908203 0.884115 0.907227 0.884115 0.90625 0.885417 0.905273 0.885417 0.904297 0.886719 0.90332 0.886719 0.902344 0.888021 0.901367 0.888021 0.900391 0.889323 0.899414 0.889323 0.898438 0.890625 0.897461 0.890625 0.896484 0.891927 0.894531 0.891927 0.892578 0.894531 0.891602 0.894531 0.890625 0.895833 0.889648 0.895833 0.888672 0.897135 0.887695 0.897135 0.885742 0.89974 0.884766 0.89974 0.882812 0.902344 0.881836 0.902344 0.880859 0.903646 0.880859 0.904948 0.879883 0.90625 0.879883 0.907552 0.878906 0.908854 0.878906 0.910156 0.87793 0.911458 0.87793 0.914062 0.876953 0.915365 0.876953 0.919271 0.875977 0.920573 0.875977 0.923177 0.875 0.924479 0.875 0.927083 0.874023 0.928385 0.874023 0.929688 0.87207 0.932292 0.87207 0.933594 0.871094 0.934896 0.871094 0.936198 0.870117 0.9375 0.870117 0.938802 0.867188 0.942708 0.867188 0.94401 0.864258 0.947917 0.864258 0.949219 0.855469 0.960938 0.854492 0.960938 0.844727 0.973958 0.841797 0.973958 0.841797 0.998698 0.892578 0.998698 0.892578 0.996094 0.893555 0.994792 0.894531 0.994792 0.895508 0.99349 0.896484 0.99349 0.897461 0.992188 0.898438 0.992188 0.899414 0.990885 0.900391 0.990885 0.901367 0.989583 0.902344 0.989583 0.90332 0.988281 0.904297 0.988281 0.90625 0.985677 0.907227 0.985677 0.908203 0.984375 0.90918 0.984375 0.910156 0.983073 0.911133 0.983073 0.912109 0.981771 0.913086 0.981771 0.917969 0.97526 0.918945 0.97526 0.921875 0.971354 0.922852 0.971354 0.939453 0.949219 0.939453 0.947917 0.945312 0.940104 0.945312 0.938802 0.948242 0.934896 0.948242 0.933594 0.950195 0.93099 0.950195 0.929688 0.956055 0.921875 0.956055 0.920573 0.957031 0.919271 0.958008 0.919271 0.958984 0.917969 0.958984 0.916667 0.959961 0.915365 0.960938 0.915365 0.96582 0.908854 0.966797 0.908854 0.969727 0.904948 0.970703 0.904948 0.97168 0.903646 0.972656 0.903646 0.973633 0.902344 0.974609 0.902344 0.976562 0.89974 0.977539 0.89974 0.978516 0.898438 0.979492 0.898438 0.980469 0.897135 0.981445 0.897135 0.983398 0.894531 0.984375 0.894531 0.987305 0.890625 0.988281 0.890625 0.990234 0.888021 0.991211 0.888021 0.993164 0.885417 0.994141 0.885417 0.99707 0.88151 0.999023 0.88151 0.999023 0.800781
1 0.423828 0.825521 0.423828 0.872396 0.426758 0.872396 0.429688 0.876302 0.430664 0.876302 0.433594 0.880208 0.43457 0.880208 0.436523 0.882812 0.4375 0.882812 0.439453 0.885417 0.44043 0.885417 0.441406 0.886719 0.442383 0.886719 0.443359 0.888021 0.444336 0.888021 0.445312 0.889323 0.446289 0.889323 0.447266 0.890625 0.450195 0.890625 0.451172 0.891927 0.454102 0.891927 0.455078 0.893229 0.460938 0.893229 0.461914 0.894531 0.470703 0.894531 0.47168 0.895833 0.486328 0.895833 0.487305 0.897135 0.491211 0.897135 0.492188 0.898438 0.492188 0.902344 0.521484 0.902344 0.521484 0.898438 0.523438 0.895833 0.524414 0.895833 0.525391 0.894531 0.526367 0.894531 0.529297 0.890625 0.53125 0.890625 0.532227 0.889323 0.533203 0.889323 0.535156 0.886719 0.536133 0.886719 0.537109 0.885417 0.538086 0.885417 0.539062 0.884115 0.540039 0.884115 0.541016 0.882812 0.541992 0.882812 0.543945 0.880208 0.547852 0.880208 0.547852 0.863281 0.543945 0.863281 0.542969 0.861979 0.541992 0.861979 0.541016 0.860677 0.540039 0.860677 0.538086 0.858073 0.537109 0.858073 0.535156 0.855469 0.53418 0.855469 0.533203 0.854167 0.532227 0.854167 0.53125 0.852865 0.530273 0.852865 0.529297 0.851562 0.52832 0.851562 0.527344 0.85026 0.526367 0.85026 0.523438 0.846354 0.522461 0.846354 0.521484 0.845052 0.516602 0.845052 0.515625 0.84375 0.507812 0.84375 0.506836 0.842448 0.501953 0.842448 0.500977 0.841146 0.498047 0.841146 0.49707 0.839844 0.496094 0.839844 0.495117 0.838542 0.493164 0.838542 0.492188 0.83724 0.490234 0.83724 0.489258 0.835938 0.486328 0.835938 0.485352 0.834635 0.480469 0.834635 0.479492 0.833333 0.470703 0.833333 0.469727 0.832031 0.46582 0.832031 0.464844 0.830729 0.463867 0.830729 0.462891 0.829427 0.462891 0.825521
1 0.705078 0.492188 0.705078 0.509115 0.708008 0.509115 0.709961 0.511719 0.710938 0.511719 0.711914 0.513021 0.712891 0.513021 0.713867 0.514323 0.714844 0.514323 0.71582 0.515625 0.716797 0.515625 0.717773 0.516927 0.71875 0.516927 0.719727 0.518229 0.720703 0.518229 0.72168 0.519531 0.722656 0.519531 0.723633 0.520833 0.724609 0.520833 0.725586 0.522135 0.727539 0.522135 0.728516 0.523438 0.731445 0.523438 0.732422 0.52474 0.736328 0.52474 0.737305 0.526042 0.740234 0.526042 0.741211 0.527344 0.743164 0.527344 0.744141 0.528646 0.74707 0.528646 0.748047 0.529948 0.750977 0.529948 0.751953 0.53125 0.753906 0.53125 0.754883 0.532552 0.756836 0.532552 0.757812 0.533854 0.757812 0.53776 0.791016 0.53776 0.791016 0.533854 0.791992 0.532552 0.793945 0.532552 0.794922 0.53125 0.799805 0.53125 0.800781 0.529948 0.801758 0.529948 0.802734 0.528646 0.803711 0.528646 0.805664 0.526042 0.80957 0.526042 0.80957 0.503906 0.806641 0.503906 0.804688 0.501302 0.803711 0.501302 0.802734 0.5 0.801758 0.5 0.800781 0.498698 0.799805 0.498698 0.797852 0.496094 0.797852 0.492188
1 0.00195312 0.809896 0.00195312 0.832031 0.00488281 0.832031 0.0107422 0.839844 0.0107422 0.841146 0.015625 0.847656 0.015625 0.848958 0.0185547 0.852865 0.0185547 0.854167 0.0195312 0.855469 0.0195312 0.856771 0.0214844 0.859375 0.0214844 0.860677 0.0234375 0.863281 0.0234375 0.864583 0.0263672 0.86849 0.0263672 0.869792 0.0283203 0.872396 0.0283203 0.873698 0.0332031 0.880208 0.0332031 0.88151 0.0380859 0.888021 0.0380859 0.889323 0.0537109 0.910156 0.0546875 0.910156 0.0585938 0.915365 0.0595703 0.915365 0.0800781 0.942708 0.0810547 0.942708 0.0839844 0.946615 0.0849609 0.946615 0.0869141 0.949219 0.0878906 0.949219 0.0888672 0.950521 0.0898438 0.950521 0.09375 0.955729 0.09375 0.959635 0.106445 0.959635 0.106445 0.933594 0.103516 0.933594 0.100586 0.929688 0.100586 0.928385 0.0996094 0.927083 0.0996094 0.925781 0.0986328 0.924479 0.0986328 0.923177 0.0976562 0.921875 0.0976562 0.920573 0.0966797 0.919271 0.0966797 0.916667 0.0957031 0.915365 0.0957031 0.914062 0.0947266 0.91276 0.0947266 0.910156 0.09375 0.908854 0.09375 0.90625 0.0927734 0.904948 0.0927734 0.902344 0.0917969 0.901042 0.0917969 0.89974 0.0908203 0.898438 0.0908203 0.897135 0.0888672 0.894531 0.0888672 0.893229 0.0878906 0.891927 0.0878906 0.889323 0.0869141 0.888021 0.0869141 0.885417 0.0859375 0.884115 0.0859375 0.88151 0.0849609 0.880208 0.0849609 0.877604 0.0830078 0.875 0.0830078 0.873698 0.0810547 0.871094 0.0810547 0.869792 0.078125 0.865885 0.078125 0.864583 0.0732422 0.858073 0.0732422 0.856771 0.0712891 0.854167 0.0712891 0.852865 0.0693359 0.85026 0.0693359 0.848958 0.0673828 0.846354 0.0673828 0.845052 0.0654297 0.842448 0.0654297 0.841146 0.0625 0.83724 0.0625 0.835938 0.0566406 0.828125 0.0566406 0.826823 0.0546875 0.824219 0.0546875 0.822917 0.0537109 0.821615 0.0537109 0.820312 0.0517578 0.817708 0.0517578 0.816406 0.0498047 0.813802 0.0498047 0.809896
1 0.120117 0.445312 0.120117 0.449219 0.115234 0.455729 0.111328 0.455729 0.111328 0.481771 0.116211 0.481771 0.119141 0.485677 0.120117 0.485677 0.121094 0.486979 0.12207 0.486979 0.123047 0.488281 0.124023 0.488281 0.125977 0.490885 0.126953 0.490885 0.12793 0.492188 0.129883 0.492188 0.130859 0.49349 0.131836 0.49349 0.132812 0.494792 0.134766 0.494792 0.135742 0.496094 0.138672 0.496094 0.139648 0.497396 0.142578 0.497396 0.143555 0.498698 0.146484 0.498698 0.147461 0.5 0.149414 0.5 0.150391 0.501302 0.152344 0.501302 0.15332 0.502604 0.15625 0.502604 0.157227 0.503906 0.160156 0.503906 0.161133 0.505208 0.164062 0.505208 0.165039 0.50651 0.166016 0.50651 0.166992 0.507812 0.167969 0.507812 0.168945 0.509115 0.169922 0.509115 0.170898 0.510417 0.171875 0.510417 0.173828 0.513021 0.174805 0.513021 0.180664 0.520833 0.180664 0.522135 0.181641 0.522135 0.182617 0.523438 0.183594 0.523438 0.186523 0.527344 0.1875 0.527344 0.189453 0.529948 0.19043 0.529948 0.194336 0.535156 0.195312 0.535156 0.196289 0.536458 0.196289 0.53776 0.197266 0.53776 0.202148 0.544271 0.203125 0.544271 0.205078 0.546875 0.205078 0.548177 0.206055 0.548177 0.210938 0.554688 0.211914 0.554688 0.21582 0.559896 0.216797 0.559896 0.220703 0.565104 0.22168 0.565104 0.224609 0.56901 0.225586 0.56901 0.227539 0.571615 0.228516 0.571615 0.230469 0.574219 0.231445 0.574219 0.232422 0.575521 0.233398 0.575521 0.234375 0.576823 0.235352 0.576823 0.236328 0.578125 0.238281 0.578125 0.239258 0.579427 0.240234 0.579427 0.241211 0.580729 0.242188 0.580729 0.243164 0.582031 0.245117 0.582031 0.246094 0.583333 0.24707 0.583333 0.248047 0.584635 0.25 0.584635 0.250977 0.585938 0.251953 0.585938 0.25293 0.58724 0.253906 0.58724 0.254883 0.588542 0.256836 0.588542 0.257812 0.589844 0.259766 0.589844 0.260742 0.591146 0.262695 0.591146 0.263672 0.592448 0.266602 0.592448 0.267578 0.59375 0.268555 0.59375 0.270508 0.596354 0.270508 0.60026 0.277344 0.60026 0.277344 0.596354 0.282227 0.589844 0.282227 0.588542 0.285156 0.584635 0.285156 0.583333 0.289062 0.578125 0.290039 0.578125 0.293945 0.572917 0.293945 0.571615 0.295898 0.56901 0.295898 0.567708 0.296875 0.566406 0.296875 0.558594 0.295898 0.557292 0.295898 0.554688 0.294922 0.553385 0.294922 0.552083 0.287109 0.541667 0.287109 0.540365 0.286133 0.539062 0.286133 0.53776 0.285156 0.536458 0.285156 0.533854 0.28418 0.532552 0.28418 0.53125 0.283203 0.529948 0.283203 0.528646 0.282227 0.527344 0.282227 0.526042 0.28125 0.52474 0.28125 0.523438 0.270508 0.509115 0.269531 0.509115 0.267578 0.50651 0.266602 0.50651 0.265625 0.505208 0.264648 0.505208 0.263672 0.503906 0.262695 0.503906 0.261719 0.502604 0.259766 0.502604 0.258789 0.501302 0.257812 0.501302 0.256836 0.5 0.255859 0.5 0.254883 0.498698 0.253906 0.498698 0.251953 0.496094 0.25 0.496094 0.249023 0.494792 0.248047 0.494792 0.24707 0.49349 0.246094 0.49349 0.245117 0.492188 0.244141 0.492188 0.243164 0.490885 0.241211 0.490885 0.240234 0.489583 0.237305 0.489583 0.236328 0.488281 0.234375 0.488281 0.233398 0.489583 0.230469 0.489583 0.229492 0.490885 0.228516 0.490885 0.227539 0.492188 0.226562 0.492188 0.226562 0.501302 0.229492 0.505208 0.229492 0.50651 0.230469 0.507812 0.230469 0.511719 0.231445 0.513021 0.231445 0.522135 0.228516 0.526042 0.227539 0.526042 0.226562 0.52474 0.225586 0.52474 0.224609 0.523438 0.223633 0.523438 0.222656 0.522135 0.222656 0.519531 0.22168 0.518229 0.22168 0.515625 0.220703 0.514323 0.220703 0.511719 0.219727 0.510417 0.219727 0.509115 0.21875 0.507812 0.21875 0.5 0.217773 0.498698 0.217773 0.494792 0.216797 0.49349 0.216797 0.492188 0.21582 0.492188 0.214844 0.490885 0.211914 0.490885 0.208984 0.486979 0.206055 0.486979 0.205078 0.485677 0.202148 0.485677 0.201172 0.484375 0.200195 0.484375 0.199219 0.483073 0.198242 0.483073 0.197266 0.481771 0.196289 0.481771 0.195312 0.480469 0.194336 0.480469 0.193359 0.479167 0.191406 0.479167 0.19043 0.477865 0.189453 0.477865 0.188477 0.476562 0.1875 0.476562 0.186523 0.47526 0.18457 0.47526 0.182617 0.472656 0.181641 0.472656 0.180664 0.471354 0.179688 0.471354 0.178711 0.470052 0.176758 0.470052 0.175781 0.46875 0.174805 0.46875 0.172852 0.466146 0.169922 0.466146 0.168945 0.464844 0.166992 0.464844 0.166016 0.463542 0.165039 0.463542 0.164062 0.46224 0.162109 0.46224 0.161133 0.460938 0.160156 0.460938 0.15918 0.459635 0.158203 0.459635 0.15625 0.457031 0.155273 0.457031 0.154297 0.455729 0.15332 0.455729 0.148438 0.449219 0.148438 0.445312
1 0.387695 0.726562 0.387695 0.730469 0.385742 0.733073 0.384766 0.733073 0.383789 0.734375 0.381836 0.734375 0.380859 0.733073 0.379883 0.734375 0.37793 0.734375 0.376953 0.735677 0.37207 0.735677 0.37207 0.736979 0.371094 0.738281 0.371094 0.739583 0.368164 0.74349 0.367188 0.74349 0.366211 0.744792 0.365234 0.744792 0.364258 0.746094 0.364258 0.747396 0.363281 0.748698 0.363281 0.75 0.362305 0.751302 0.362305 0.753906 0.360352 0.75651 0.357422 0.75651 0.357422 0.766927 0.361328 0.766927 0.363281 0.769531 0.363281 0.770833 0.365234 0.773438 0.365234 0.77474 0.366211 0.776042 0.366211 0.777344 0.368164 0.779948 0.368164 0.78125 0.369141 0.782552 0.369141 0.783854 0.371094 0.786458 0.371094 0.78776 0.373047 0.790365 0.373047 0.791667 0.376953 0.796875 0.376953 0.798177 0.389648 0.815104 0.389648 0.816406 0.396484 0.825521 0.396484 0.826823 0.398438 0.829427 0.398438 0.830729 0.400391 0.833333 0.400391 0.834635 0.40332 0.838542 0.40332 0.839844 0.405273 0.842448 0.405273 0.84375 0.415039 0.856771 0.415039 0.858073 0.428711 0.876302 0.429688 0.876302 0.432617 0.880208 0.433594 0.880208 0.435547 0.882812 0.436523 0.882812 0.4375 0.884115 0.438477 0.884115 0.44043 0.886719 0.441406 0.886719 0.442383 0.888021 0.444336 0.888021 0.445312 0.889323 0.446289 0.889323 0.447266 0.890625 0.449219 0.890625 0.450195 0.891927 0.453125 0.891927 0.454102 0.893229 0.459961 0.893229 0.460938 0.894531 0.469727 0.894531 0.470703 0.895833 0.485352 0.895833 0.486328 0.897135 0.492188 0.897135 0.493164 0.898438 0.493164 0.902344 0.519531 0.902344 0.519531 0.898438 0.521484 0.895833 0.522461 0.895833 0.523438 0.894531 0.524414 0.894531 0.526367 0.891927 0.527344 0.891927 0.52832 0.890625 0.529297 0.890625 0.530273 0.889323 0.53125 0.889323 0.532227 0.888021 0.533203 0.888021 0.53418 0.886719 0.535156 0.886719 0.537109 0.884115 0.538086 0.884115 0.539062 0.882812 0.540039 0.882812 0.541992 0.880208 0.542969 0.880208 0.544922 0.877604 0.544922 0.876302 0.545898 0.875 0.545898 0.873698 0.546875 0.872396 0.546875 0.871094 0.545898 0.869792 0.545898 0.867188 0.542969 0.863281 0.541992 0.863281 0.539062 0.859375 0.538086 0.859375 0.536133 0.856771 0.535156 0.856771 0.533203 0.854167 0.532227 0.854167 0.53125 0.852865 0.530273 0.852865 0.529297 0.851562 0.527344 0.851562 0.526367 0.85026 0.525391 0.85026 0.523438 0.847656 0.521484 0.847656 0.520508 0.846354 0.514648 0.846354 0.513672 0.845052 0.507812 0.845052 0.506836 0.84375 0.50293 0.84375 0.501953 0.842448 0.499023 0.842448 0.498047 0.841146 0.496094 0.841146 0.495117 0.839844 0.494141 0.839844 0.493164 0.838542 0.491211 0.838542 0.490234 0.83724 0.485352 0.83724 0.484375 0.835938 0.470703 0.835938 0.469727 0.834635 0.467773 0.834635 0.466797 0.833333 0.464844 0.833333 0.463867 0.832031 0.462891 0.832031 0.461914 0.830729 0.460938 0.830729 0.458008 0.826823 0.457031 0.826823 0.455078 0.824219 0.454102 0.824219 0.453125 0.822917 0.452148 0.822917 0.451172 0.821615 0.450195 0.821615 0.449219 0.820312 0.448242 0.820312 0.447266 0.81901 0.445312 0.81901 0.444336 0.817708 0.442383 0.817708 0.441406 0.816406 0.44043 0.816406 0.4375 0.8125 0.4375 0.811198 0.433594 0.80599 0.432617 0.80599 0.424805 0.795573 0.423828 0.795573 0.422852 0.794271 0.421875 0.794271 0.420898 0.792969 0.419922 0.792969 0.416992 0.789062 0.416016 0.789062 0.414062 0.786458 0.413086 0.786458 0.40918 0.78125 0.408203 0.78125 0.40625 0.778646 0.405273 0.778646 0.404297 0.777344 0.402344 0.777344 0.401367 0.776042 0.399414 0.776042 0.396484 0.772135 0.396484 0.765625 0.397461 0.764323 0.397461 0.755208 0.395508 0.752604 0.395508 0.751302 0.396484 0.75 0.396484 0.748698 0.397461 0.747396 0.397461 0.746094 0.400391 0.742188 0.401367 0.742188 0.401367 0.739583 0.400391 0.738281 0.400391 0.735677 0.399414 0.734375 0.398438 0.734375 0.395508 0.730469 0.395508 0.726562
1 0.288086 0.481771 0.288086 0.485677 0.285156 0.489583 0.28418 0.489583 0.283203 0.490885 0.282227 0.490885 0.28125 0.492188 0.280273 0.492188 0.282227 0.494792 0.282227 0.498698 0.28125 0.5 0.28125 0.501302 0.27832 0.505208 0.277344 0.505208 0.276367 0.50651 0.271484 0.50651 0.271484 0.548177 0.280273 0.548177 0.280273 0.542969 0.279297 0.541667 0.279297 0.540365 0.27832 0.539062 0.27832 0.536458 0.277344 0.535156 0.277344 0.522135 0.27832 0.520833 0.279297 0.520833 0.280273 0.522135 0.28125 0.522135 0.282227 0.523438 0.28418 0.523438 0.285156 0.52474 0.287109 0.52474 0.288086 0.526042 0.295898 0.526042 0.296875 0.52474 0.318359 0.52474 0.319336 0.526042 0.324219 0.526042 0.325195 0.527344 0.328125 0.527344 0.329102 0.528646 0.333008 0.528646 0.333984 0.529948 0.337891 0.529948 0.338867 0.53125 0.341797 0.53125 0.342773 0.532552 0.345703 0.532552 0.34668 0.533854 0.347656 0.533854 0.348633 0.535156 0.351562 0.535156 0.352539 0.536458 0.354492 0.536458 0.355469 0.53776 0.359375 0.53776 0.360352 0.539062 0.363281 0.539062 0.364258 0.540365 0.368164 0.540365 0.369141 0.541667 0.37207 0.541667 0.373047 0.542969 0.375 0.542969 0.375977 0.544271 0.375977 0.548177 0.401367 0.548177 0.401367 0.544271 0.40332 0.541667 0.405273 0.541667 0.40625 0.540365 0.410156 0.540365 0.411133 0.539062 0.414062 0.539062 0.415039 0.540365 0.422852 0.540365 0.423828 0.539062 0.425781 0.539062 0.426758 0.53776 0.428711 0.53776 0.429688 0.536458 0.431641 0.536458 0.432617 0.535156 0.433594 0.535156 0.43457 0.533854 0.435547 0.533854 0.438477 0.529948 0.439453 0.529948 0.443359 0.52474 0.443359 0.523438 0.444336 0.522135 0.444336 0.515625 0.445312 0.514323 0.445312 0.503906 0.446289 0.502604 0.445312 0.501302 0.445312 0.5 0.443359 0.497396 0.443359 0.496094 0.442383 0.494792 0.44043 0.494792 0.439453 0.49349 0.429688 0.49349 0.428711 0.494792 0.404297 0.494792 0.40332 0.49349 0.391602 0.49349 0.390625 0.492188 0.383789 0.492188 0.382812 0.490885 0.380859 0.490885 0.379883 0.489583 0.378906 0.489583 0.37793 0.488281 0.375977 0.488281 0.374023 0.485677 0.374023 0.481771
1 0.868164 0.382812 0.868164 0.388021 0.866211 0.390625 0.865234 0.390625 0.862305 0.394531 0.861328 0.394531 0.858398 0.398438 0.857422 0.398438 0.855469 0.401042 0.855469 0.402344 0.853516 0.404948 0.853516 0.40625 0.852539 0.407552 0.852539 0.410156 0.851562 0.411458 0.851562 0.41276 0.850586 0.414062 0.850586 0.415365 0.849609 0.416667 0.849609 0.417969 0.847656 0.420573 0.847656 0.421875 0.844727 0.425781 0.844727 0.427083 0.842773 0.429688 0.842773 0.43099 0.84082 0.433594 0.84082 0.434896 0.838867 0.4375 0.838867 0.438802 0.837891 0.440104 0.837891 0.441406 0.836914 0.442708 0.836914 0.44401 0.834961 0.446615 0.834961 0.447917 0.833984 0.449219 0.833984 0.450521 0.833008 0.451823 0.833008 0.453125 0.831055 0.455729 0.831055 0.457031 0.829102 0.459635 0.829102 0.460938 0.828125 0.46224 0.828125 0.463542 0.827148 0.464844 0.827148 0.466146 0.825195 0.46875 0.825195 0.470052 0.824219 0.471354 0.824219 0.472656 0.822266 0.47526 0.822266 0.477865 0.821289 0.479167 0.821289 0.480469 0.820312 0.481771 0.820312 0.484375 0.819336 0.485677 0.819336 0.486979 0.817383 0.489583 0.814453 0.489583 0.814453 0.53776 0.818359 0.53776 0.819336 0.539062 0.819336 0.542969 0.836914 0.542969 0.836914 0.539062 0.837891 0.53776 0.838867 0.53776 0.839844 0.536458 0.842773 0.536458 0.84375 0.535156 0.844727 0.535156 0.845703 0.533854 0.84668 0.533854 0.849609 0.529948 0.850586 0.529948 0.855469 0.523438 0.856445 0.523438 0.856445 0.522135 0.857422 0.520833 0.857422 0.518229 0.858398 0.516927 0.858398 0.514323 0.859375 0.513021 0.859375 0.511719 0.860352 0.510417 0.860352 0.507812 0.861328 0.50651 0.861328 0.503906 0.862305 0.502604 0.862305 0.501302 0.864258 0.498698 0.864258 0.497396 0.867188 0.49349 0.867188 0.492188 0.871094 0.486979 0.871094 0.485677 0.873047 0.483073 0.873047 0.481771 0.875 0.479167 0.875 0.477865 0.876953 0.47526 0.876953 0.473958 0.878906 0.471354 0.878906 0.470052 0.881836 0.466146 0.881836 0.464844 0.883789 0.46224 0.883789 0.460938 0.885742 0.458333 0.885742 0.457031 0.887695 0.454427 0.887695 0.453125 0.888672 0.451823 0.888672 0.450521 0.889648 0.449219 0.889648 0.447917 0.890625 0.446615 0.890625 0.445312 0.891602 0.44401 0.891602 0.442708 0.893555 0.440104 0.893555 0.438802 0.894531 0.4375 0.894531 0.436198 0.895508 0.434896 0.895508 0.433594 0.896484 0.432292 0.896484 0.43099 0.898438 0.428385 0.898438 0.427083 0.900391 0.424479 0.90332 0.424479 0.90332 0.391927 0.900391 0.391927 0.899414 0.390625 0.899414 0.389323 0.898438 0.388021 0.898438 0.382812
0 0.394531 0.645833 0.391602 0.645833 0.390625 0.644531 0.386719 0.644531 0.385742 0.643229 0.382812 0.643229 0.381836 0.641927 0.374023 0.641927 0.373047 0.640625 0.37207 0.640625 0.371094 0.641927 0.368164 0.641927 0.367188 0.640625 0.362305 0.640625 0.361328 0.639323 0.357422 0.639323 0.357422 0.652344 0.397461 0.652344 0.397461 0.648438 0.396484 0.647135 0.395508 0.647135 0.394531 0.645833 0.396484 0.635417 0.400391 0.635417 0.401367 0.636719 0.404297 0.636719 0.405273 0.638021 0.411133 0.638021 0.412109 0.639323 0.423828 0.639323 0.424805 0.640625 0.430664 0.640625 0.431641 0.641927 0.43457 0.641927 0.435547 0.643229 0.4375 0.643229 0.438477 0.644531 0.441406 0.644531 0.442383 0.645833 0.445312 0.645833 0.446289 0.647135 0.448242 0.647135 0.449219 0.648438 0.449219 0.652344 0.458984 0.652344 0.458984 0.648438 0.459961 0.647135 0.462891 0.647135 0.463867 0.645833 0.470703 0.645833 0.47168 0.644531 0.486328 0.644531 0.487305 0.643229 0.500977 0.643229 0.501953 0.641927 0.507812 0.641927 0.508789 0.640625 0.510742 0.640625 0.511719 0.639323 0.513672 0.639323 0.514648 0.638021 0.516602 0.638021 0.519531 0.634115 0.520508 0.634115 0.521484 0.632812 0.522461 0.632812 0.523438 0.63151 0.52832 0.63151 0.52832 0.595052 0.523438 0.595052 0.521484 0.592448 0.520508 0.592448 0.519531 0.591146 0.518555 0.591146 0.517578 0.589844 0.516602 0.589844 0.515625 0.588542 0.514648 0.588542 0.513672 0.58724 0.512695 0.58724 0.511719 0.585938 0.510742 0.585938 0.509766 0.584635 0.507812 0.584635 0.506836 0.583333 0.50293 0.583333 0.501953 0.582031 0.495117 0.582031 0.494141 0.580729 0.492188 0.580729 0.491211 0.579427 0.489258 0.579427 0.488281 0.578125 0.486328 0.578125 0.485352 0.576823 0.483398 0.576823 0.482422 0.575521 0.479492 0.575521 0.478516 0.574219 0.476562 0.574219 0.475586 0.572917 0.473633 0.572917 0.472656 0.571615 0.470703 0.571615 0.469727 0.570312 0.46875 0.570312 0.467773 0.56901 0.466797 0.56901 0.46582 0.567708 0.464844 0.567708 0.463867 0.566406 0.462891 0.566406 0.460938 0.563802 0.460938 0.559896 0.378906 0.559896 0.378906 0.563802 0.376953 0.566406 0.375977 0.566406 0.375 0.567708 0.374023 0.567708 0.37207 0.570312 0.371094 0.570312 0.369141 0.572917 0.368164 0.572917 0.361328 0.582031 0.357422 0.582031 0.357422 0.613281 0.361328 0.613281 0.364258 0.617188 0.365234 0.617188 0.367188 0.619792 0.368164 0.619792 0.369141 0.621094 0.370117 0.621094 0.371094 0.622396 0.37207 0.622396 0.373047 0.623698 0.374023 0.623698 0.375 0.625 0.375977 0.625 0.376953 0.626302 0.37793 0.626302 0.378906 0.627604 0.379883 0.627604 0.380859 0.628906 0.382812 0.628906 0.383789 0.630208 0.385742 0.630208 0.386719 0.63151 0.388672 0.63151 0.389648 0.632812 0.391602 0.632812 0.392578 0.634115 0.395508 0.634115 0.396484 0.635417
1 0.47168 0.184896 0.469727 0.184896 0.469727 0.188802 0.47168 0.188802 0.47168 0.184896 0.480469 0.171875 0.481445 0.171875 0.484375 0.175781 0.485352 0.175781 0.487305 0.178385 0.489258 0.178385 0.490234 0.179688 0.491211 0.179688 0.493164 0.182292 0.494141 0.182292 0.495117 0.18099 0.505859 0.18099 0.506836 0.182292 0.509766 0.182292 0.510742 0.183594 0.512695 0.183594 0.513672 0.184896 0.513672 0.188802 0.538086 0.188802 0.538086 0.184896 0.539062 0.183594 0.540039 0.183594 0.541016 0.182292 0.542969 0.182292 0.543945 0.18099 0.544922 0.18099 0.548828 0.175781 0.549805 0.175781 0.552734 0.171875 0.553711 0.171875 0.554688 0.170573 0.554688 0.169271 0.557617 0.165365 0.557617 0.160156 0.558594 0.158854 0.558594 0.145833 0.557617 0.144531 0.557617 0.138021 0.558594 0.136719 0.558594 0.135417 0.560547 0.132812 0.563477 0.132812 0.563477 0.127604 0.455078 0.127604 0.455078 0.143229 0.458984 0.143229 0.459961 0.144531 0.459961 0.145833 0.46582 0.153646 0.466797 0.153646 0.467773 0.154948 0.46875 0.154948 0.475586 0.164062 0.475586 0.165365 0.476562 0.166667 0.477539 0.166667 0.479492 0.169271 0.479492 0.170573 0.480469 0.171875
0 0.99707 0.0520833 0.992188 0.0585938 0.992188 0.0598958 0.984375 0.0703125 0.983398 0.0703125 0.974609 0.0820312 0.974609 0.0833333 0.97168 0.0872396 0.97168 0.0885417 0.967773 0.09375 0.967773 0.0950521 0.960938 0.104167 0.959961 0.104167 0.957031 0.108073 0.956055 0.108073 0.954102 0.110677 0.951172 0.110677 0.951172 0.14974 0.955078 0.14974 0.958008 0.153646 0.958008 0.154948 0.958984 0.15625 0.959961 0.15625 0.960938 0.157552 0.961914 0.157552 0.962891 0.158854 0.964844 0.158854 0.966797 0.161458 0.967773 0.161458 0.96875 0.16276 0.970703 0.16276 0.97168 0.164062 0.977539 0.164062 0.978516 0.165365 0.979492 0.165365 0.981445 0.167969 0.983398 0.167969 0.984375 0.169271 0.986328 0.169271 0.988281 0.171875 0.989258 0.171875 0.991211 0.174479 0.991211 0.178385 0.999023 0.178385 0.999023 0.0520833
1 0.118164 0.351562 0.118164 0.355469 0.117188 0.356771 0.106445 0.356771 0.105469 0.358073 0.0966797 0.358073 0.0957031 0.359375 0.0878906 0.359375 0.0869141 0.360677 0.0830078 0.360677 0.0820312 0.361979 0.0810547 0.361979 0.0800781 0.363281 0.0761719 0.363281 0.0751953 0.364583 0.0722656 0.364583 0.0712891 0.365885 0.0673828 0.365885 0.0664062 0.367188 0.0625 0.367188 0.0615234 0.36849 0.0595703 0.36849 0.0585938 0.369792 0.0566406 0.369792 0.0556641 0.371094 0.0537109 0.371094 0.0527344 0.372396 0.046875 0.372396 0.0458984 0.373698 0.0439453 0.373698 0.0429688 0.375 0.0410156 0.375 0.0400391 0.376302 0.0380859 0.376302 0.0371094 0.377604 0.0361328 0.377604 0.0351562 0.378906 0.0341797 0.378906 0.0332031 0.380208 0.03125 0.380208 0.0302734 0.38151 0.0283203 0.38151 0.0273438 0.382812 0.0244141 0.382812 0.0234375 0.384115 0.0214844 0.384115 0.0205078 0.385417 0.0185547 0.385417 0.0175781 0.386719 0.0166016 0.386719 0.015625 0.388021 0.0136719 0.388021 0.0126953 0.389323 0.0107422 0.389323 0.00976562 0.390625 0.0078125 0.390625 0.00683594 0.391927 0.00585938 0.391927 0.00488281 0.393229 0.00292969 0.393229 0.00195312 0.394531 0 0.394531 0 0.438802 0.015625 0.438802 0.015625 0.434896 0.0175781 0.432292 0.0185547 0.432292 0.0195312 0.43099 0.0205078 0.43099 0.0224609 0.428385 0.0234375 0.428385 0.0244141 0.427083 0.0253906 0.427083 0.0283203 0.423177 0.0292969 0.423177 0.0302734 0.421875 0.03125 0.421875 0.0332031 0.419271 0.0341797 0.419271 0.0351562 0.417969 0.0361328 0.417969 0.0371094 0.416667 0.0380859 0.416667 0.0390625 0.415365 0.0400391 0.415365 0.0410156 0.414062 0.0419922 0.414062 0.0429688 0.41276 0.0439453 0.41276 0.0449219 0.411458 0.0458984 0.411458 0.046875 0.410156 0.0478516 0.410156 0.0488281 0.408854 0.0498047 0.408854 0.0507812 0.407552 0.0517578 0.407552 0.0527344 0.40625 0.0537109 0.40625 0.0546875 0.404948 0.0556641 0.404948 0.0566406 0.403646 0.0585938 0.403646 0.0595703 0.402344 0.0605469 0.402344 0.0615234 0.401042 0.0625 0.401042 0.0634766 0.39974 0.0654297 0.39974 0.0664062 0.398438 0.0673828 0.398438 0.0683594 0.397135 0.0712891 0.397135 0.0722656 0.395833 0.0751953 0.395833 0.0761719 0.394531 0.0800781 0.394531 0.0810547 0.393229 0.0830078 0.393229 0.0839844 0.391927 0.0869141 0.391927 0.0878906 0.390625 0.0898438 0.390625 0.0908203 0.389323 0.0947266 0.389323 0.0957031 0.388021 0.0996094 0.388021 0.100586 0.386719 0.104492 0.386719 0.105469 0.385417 0.113281 0.385417 0.114258 0.384115 0.133789 0.384115 0.134766 0.385417 0.141602 0.385417 0.142578 0.386719 0.161133 0.386719 0.162109 0.385417 0.166992 0.385417 0.167969 0.384115 0.170898 0.384115 0.171875 0.382812 0.174805 0.382812 0.175781 0.38151 0.176758 0.38151 0.177734 0.380208 0.178711 0.380208 0.179688 0.378906 0.180664 0.378906 0.181641 0.377604 0.182617 0.377604 0.185547 0.373698 0.185547 0.372396 0.1875 0.369792 0.1875 0.36849 0.189453 0.365885 0.189453 0.363281 0.19043 0.361979 0.19043 0.359375 0.191406 0.358073 0.191406 0.351562
1 0.681641 0.0286458 0.681641 0.0768229 0.68457 0.0768229 0.6875 0.0807292 0.6875 0.0820312 0.688477 0.0833333 0.688477 0.0859375 0.689453 0.0872396 0.689453 0.0885417 0.69043 0.0898438 0.69043 0.0911458 0.691406 0.0924479 0.691406 0.09375 0.692383 0.0950521 0.692383 0.0976562 0.693359 0.0989583 0.693359 0.10026 0.694336 0.101562 0.694336 0.102865 0.695312 0.104167 0.695312 0.105469 0.696289 0.106771 0.696289 0.108073 0.697266 0.109375 0.697266 0.110677 0.700195 0.114583 0.701172 0.114583 0.704102 0.11849 0.705078 0.11849 0.708984 0.123698 0.709961 0.123698 0.720703 0.138021 0.720703 0.139323 0.723633 0.143229 0.723633 0.144531 0.725586 0.147135 0.725586 0.148438 0.727539 0.151042 0.727539 0.152344 0.732422 0.158854 0.732422 0.160156 0.741211 0.171875 0.742188 0.171875 0.746094 0.177083 0.74707 0.177083 0.748047 0.178385 0.749023 0.178385 0.75 0.179688 0.750977 0.179688 0.751953 0.18099 0.75293 0.18099 0.753906 0.182292 0.754883 0.182292 0.756836 0.184896 0.757812 0.184896 0.758789 0.186198 0.759766 0.186198 0.761719 0.188802 0.762695 0.188802 0.771484 0.200521 0.772461 0.200521 0.773438 0.201823 0.775391 0.201823 0.776367 0.203125 0.777344 0.203125 0.77832 0.204427 0.782227 0.204427 0.783203 0.205729 0.785156 0.205729 0.786133 0.207031 0.788086 0.207031 0.789062 0.208333 0.791992 0.208333 0.792969 0.209635 0.799805 0.209635 0.800781 0.208333 0.802734 0.208333 0.803711 0.207031 0.805664 0.207031 0.806641 0.205729 0.8125 0.205729 0.813477 0.204427 0.816406 0.204427 0.817383 0.205729 0.819336 0.205729 0.820312 0.204427 0.819336 0.203125 0.819336 0.199219 0.818359 0.197917 0.818359 0.195312 0.817383 0.19401 0.817383 0.192708 0.81543 0.190104 0.81543 0.188802 0.814453 0.1875 0.814453 0.186198 0.811523 0.182292 0.810547 0.182292 0.805664 0.175781 0.804688 0.175781 0.796875 0.165365 0.795898 0.165365 0.776367 0.139323 0.775391 0.139323 0.771484 0.134115 0.770508 0.134115 0.767578 0.130208 0.766602 0.130208 0.764648 0.127604 0.763672 0.127604 0.757812 0.119792 0.757812 0.11849 0.753906 0.113281 0.753906 0.111979 0.751953 0.109375 0.751953 0.108073 0.75 0.105469 0.75 0.104167 0.748047 0.101562 0.748047 0.10026 0.746094 0.0976562 0.746094 0.0963542 0.745117 0.0950521 0.745117 0.09375 0.744141 0.0924479 0.744141 0.0911458 0.743164 0.0898438 0.743164 0.0885417 0.742188 0.0872396 0.742188 0.0859375 0.741211 0.0846354 0.741211 0.0820312 0.740234 0.0807292 0.740234 0.0794271 0.739258 0.078125 0.739258 0.0742188 0.738281 0.0729167 0.738281 0.0690104 0.737305 0.0677083 0.737305 0.0638021 0.736328 0.0625 0.736328 0.0598958 0.732422 0.0546875 0.732422 0.0533854 0.731445 0.0533854 0.724609 0.0442708 0.723633 0.0442708 0.72168 0.0416667 0.720703 0.0416667 0.719727 0.0403646 0.71875 0.0403646 0.717773 0.0390625 0.71582 0.0390625 0.713867 0.0364583 0.712891 0.0364583 0.709961 0.0325521 0.709961 0.0286458
1 0.783203 0.539062 0.783203 0.583333 0.786133 0.583333 0.788086 0.585938 0.788086 0.58724 0.789062 0.588542 0.789062 0.589844 0.790039 0.591146 0.790039 0.592448 0.791016 0.59375 0.791016 0.595052 0.793945 0.598958 0.793945 0.60026 0.794922 0.601562 0.794922 0.602865 0.797852 0.606771 0.797852 0.608073 0.799805 0.610677 0.799805 0.611979 0.801758 0.614583 0.801758 0.615885 0.804688 0.619792 0.804688 0.621094 0.808594 0.626302 0.808594 0.627604 0.814453 0.635417 0.814453 0.636719 0.842773 0.674479 0.84375 0.674479 0.851562 0.684896 0.851562 0.686198 0.855469 0.691406 0.856445 0.691406 0.857422 0.692708 0.858398 0.692708 0.859375 0.69401 0.860352 0.69401 0.861328 0.695312 0.863281 0.695312 0.864258 0.696615 0.865234 0.696615 0.866211 0.697917 0.868164 0.697917 0.869141 0.699219 0.870117 0.699219 0.871094 0.700521 0.87207 0.700521 0.873047 0.701823 0.874023 0.701823 0.875 0.703125 0.875977 0.703125 0.876953 0.704427 0.878906 0.704427 0.879883 0.705729 0.880859 0.705729 0.881836 0.707031 0.883789 0.707031 0.884766 0.708333 0.887695 0.708333 0.888672 0.709635 0.890625 0.709635 0.891602 0.710938 0.894531 0.710938 0.895508 0.71224 0.898438 0.71224 0.899414 0.713542 0.901367 0.713542 0.902344 0.714844 0.905273 0.714844 0.90625 0.716146 0.908203 0.716146 0.90918 0.717448 0.911133 0.717448 0.912109 0.71875 0.913086 0.71875 0.914062 0.720052 0.915039 0.720052 0.916016 0.721354 0.917969 0.721354 0.918945 0.722656 0.921875 0.722656 0.922852 0.723958 0.923828 0.723958 0.924805 0.722656 0.929688 0.722656 0.930664 0.721354 0.932617 0.721354 0.933594 0.720052 0.93457 0.720052 0.935547 0.71875 0.941406 0.71875 0.942383 0.720052 0.945312 0.720052 0.946289 0.721354 0.948242 0.721354 0.949219 0.722656 0.953125 0.722656 0.954102 0.723958 0.955078 0.722656 0.957031 0.722656 0.958984 0.720052 0.958984 0.71875 0.959961 0.717448 0.959961 0.714844 0.960938 0.713542 0.960938 0.71224 0.962891 0.709635 0.96582 0.709635 0.96582 0.68099 0.961914 0.68099 0.960938 0.679688 0.959961 0.679688 0.958984 0.678385 0.958008 0.678385 0.957031 0.677083 0.956055 0.677083 0.954102 0.674479 0.953125 0.674479 0.952148 0.673177 0.951172 0.673177 0.950195 0.671875 0.949219 0.671875 0.947266 0.669271 0.946289 0.669271 0.944336 0.666667 0.943359 0.666667 0.941406 0.664062 0.94043 0.664062 0.939453 0.66276 0.938477 0.66276 0.9375 0.661458 0.935547 0.661458 0.933594 0.658854 0.932617 0.658854 0.930664 0.65625 0.929688 0.65625 0.928711 0.654948 0.927734 0.654948 0.923828 0.64974 0.923828 0.648438 0.920898 0.644531 0.920898 0.643229 0.917969 0.639323 0.917969 0.638021 0.916992 0.636719 0.916992 0.635417 0.915039 0.632812 0.915039 0.63151 0.913086 0.628906 0.913086 0.627604 0.912109 0.626302 0.912109 0.625 0.910156 0.622396 0.910156 0.621094 0.908203 0.61849 0.908203 0.617188 0.90625 0.614583 0.90625 0.613281 0.904297 0.610677 0.904297 0.609375 0.901367 0.605469 0.901367 0.604167 0.889648 0.588542 0.888672 0.588542 0.885742 0.584635 0.884766 0.584635 0.882812 0.582031 0.881836 0.582031 0.878906 0.578125 0.87793 0.578125 0.874023 0.572917 0.873047 0.572917 0.87207 0.571615 0.871094 0.571615 0.869141 0.56901 0.868164 0.56901 0.867188 0.567708 0.866211 0.567708 0.863281 0.563802 0.862305 0.563802 0.859375 0.559896 0.858398 0.559896 0.856445 0.557292 0.855469 0.557292 0.851562 0.552083 0.850586 0.552083 0.848633 0.549479 0.847656 0.549479 0.844727 0.545573 0.84375 0.545573 0.841797 0.542969 0.841797 0.539062
1 0.882812 0.320312 0.882812 0.324219 0.881836 0.325521 0.87793 0.325521 0.876953 0.326823 0.874023 0.326823 0.873047 0.325521 0.869141 0.325521 0.868164 0.326823 0.867188 0.326823 0.865234 0.329427 0.864258 0.329427 0.862305 0.332031 0.859375 0.332031 0.858398 0.333333 0.854492 0.333333 0.853516 0.334635 0.845703 0.334635 0.844727 0.335938 0.842773 0.335938 0.841797 0.33724 0.84082 0.33724 0.838867 0.339844 0.837891 0.339844 0.836914 0.341146 0.836914 0.342448 0.835938 0.34375 0.835938 0.345052 0.833008 0.348958 0.833008 0.35026 0.830078 0.354167 0.830078 0.355469 0.825195 0.361979 0.822266 0.361979 0.822266 0.377604 0.830078 0.377604 0.831055 0.378906 0.834961 0.378906 0.835938 0.380208 0.839844 0.380208 0.84082 0.38151 0.844727 0.38151 0.845703 0.382812 0.852539 0.382812 0.853516 0.384115 0.856445 0.384115 0.857422 0.382812 0.863281 0.382812 0.864258 0.38151 0.869141 0.38151 0.870117 0.380208 0.87207 0.380208 0.873047 0.378906 0.879883 0.378906 0.880859 0.377604 0.894531 0.377604 0.895508 0.376302 0.90332 0.376302 0.904297 0.377604 0.908203 0.377604 0.90918 0.378906 0.912109 0.378906 0.913086 0.380208 0.915039 0.380208 0.916016 0.38151 0.921875 0.38151 0.922852 0.382812 0.931641 0.382812 0.932617 0.384115 0.939453 0.384115 0.94043 0.382812 0.941406 0.382812 0.942383 0.38151 0.946289 0.38151 0.947266 0.380208 0.951172 0.380208 0.952148 0.378906 0.955078 0.378906 0.956055 0.377604 0.958008 0.377604 0.958984 0.376302 0.961914 0.376302 0.963867 0.373698 0.964844 0.373698 0.967773 0.369792 0.96875 0.369792 0.969727 0.36849 0.970703 0.36849 0.97168 0.367188 0.972656 0.367188 0.973633 0.365885 0.977539 0.365885 0.977539 0.354167 0.974609 0.354167 0.961914 0.33724 0.961914 0.335938 0.960938 0.335938 0.953125 0.325521 0.953125 0.320312
0 0.683594 0 0.683594 0.00260417 0.686523 0.00651042 0.686523 0.0078125 0.692383 0.015625 0.692383 0.0169271 0.693359 0.0182292 0.694336 0.0182292 0.698242 0.0234375 0.699219 0.0234375 0.701172 0.0260417 0.702148 0.0260417 0.703125 0.0273438 0.704102 0.0273438 0.705078 0.0286458 0.707031 0.0286458 0.708984 0.03125 0.709961 0.03125 0.711914 0.0338542 0.711914 0.0377604 0.741211 0.0377604 0.741211 0.0338542 0.743164 0.03125 0.745117 0.03125 0.746094 0.0299479 0.74707 0.0299479 0.748047 0.0286458 0.749023 0.0286458 0.750977 0.0260417 0.751953 0.0260417 0.755859 0.0208333 0.755859 0.0195312 0.756836 0.0182292 0.756836 0.0169271 0.757812 0.015625 0.757812 0.0130208 0.759766 0.0104167 0.762695 0.0104167 0.762695 0
1 0.389648 0.645833 0.385742 0.645833 0.384766 0.644531 0.382812 0.644531 0.381836 0.643229 0.375 0.643229 0.374023 0.641927 0.365234 0.641927 0.364258 0.640625 0.360352 0.640625 0.359375 0.639323 0.358398 0.639323 0.357422 0.638021 0.353516 0.638021 0.353516 0.652344 0.394531 0.652344 0.394531 0.648438 0.393555 0.648438 0.392578 0.647135 0.390625 0.647135 0.389648 0.645833 0.392578 0.634115 0.395508 0.634115 0.396484 0.635417 0.399414 0.635417 0.400391 0.636719 0.40332 0.636719 0.404297 0.638021 0.40918 0.638021 0.410156 0.639323 0.420898 0.639323 0.421875 0.640625 0.429688 0.640625 0.430664 0.641927 0.433594 0.641927 0.43457 0.643229 0.436523 0.643229 0.4375 0.644531 0.44043 0.644531 0.441406 0.645833 0.445312 0.645833 0.446289 0.647135 0.447266 0.647135 0.448242 0.648438 0.448242 0.652344 0.459961 0.652344 0.459961 0.648438 0.460938 0.647135 0.462891 0.647135 0.463867 0.645833 0.470703 0.645833 0.47168 0.644531 0.485352 0.644531 0.486328 0.643229 0.499023 0.643229 0.5 0.641927 0.506836 0.641927 0.507812 0.640625 0.509766 0.640625 0.510742 0.639323 0.516602 0.639323 0.516602 0.58724 0.511719 0.58724 0.510742 0.585938 0.509766 0.585938 0.508789 0.584635 0.507812 0.584635 0.506836 0.583333 0.503906 0.583333 0.50293 0.582031 0.496094 0.582031 0.495117 0.580729 0.492188 0.580729 0.491211 0.579427 0.490234 0.579427 0.489258 0.578125 0.486328 0.578125 0.485352 0.576823 0.483398 0.576823 0.482422 0.575521 0.480469 0.575521 0.479492 0.574219 0.477539 0.574219 0.476562 0.572917 0.473633 0.572917 0.472656 0.571615 0.470703 0.571615 0.469727 0.570312 0.46875 0.570312 0.467773 0.56901 0.466797 0.56901 0.464844 0.566406 0.462891 0.566406 0.460938 0.563802 0.460938 0.559896 0.379883 0.559896 0.379883 0.563802 0.37793 0.566406 0.376953 0.566406 0.375977 0.567708 0.375 0.567708 0.374023 0.56901 0.373047 0.56901 0.371094 0.571615 0.370117 0.571615 0.366211 0.576823 0.365234 0.576823 0.359375 0.584635 0.358398 0.584635 0.356445 0.58724 0.353516 0.58724 0.353516 0.608073 0.356445 0.608073 0.360352 0.613281 0.361328 0.613281 0.363281 0.615885 0.364258 0.615885 0.367188 0.619792 0.368164 0.619792 0.369141 0.621094 0.370117 0.621094 0.371094 0.622396 0.37207 0.622396 0.373047 0.623698 0.374023 0.623698 0.375 0.625 0.375977 0.625 0.376953 0.626302 0.37793 0.626302 0.378906 0.627604 0.379883 0.627604 0.380859 0.628906 0.382812 0.628906 0.383789 0.630208 0.385742 0.630208 0.386719 0.63151 0.388672 0.63151 0.389648 0.632812 0.391602 0.632812 0.392578 0.634115
1 0.580078 0.950521 0.580078 0.986979 0.583984 0.986979 0.584961 0.988281 0.585938 0.988281 0.592773 0.997396 0.592773 0.998698 0.685547 0.998698 0.685547 0.997396 0.68457 0.996094 0.683594 0.996094 0.682617 0.994792 0.681641 0.994792 0.679688 0.992188 0.678711 0.992188 0.677734 0.990885 0.676758 0.990885 0.673828 0.986979 0.672852 0.986979 0.669922 0.983073 0.668945 0.983073 0.667969 0.981771 0.666992 0.981771 0.666016 0.980469 0.665039 0.980469 0.664062 0.979167 0.663086 0.979167 0.662109 0.977865 0.661133 0.977865 0.660156 0.976562 0.658203 0.976562 0.657227 0.97526 0.65625 0.97526 0.655273 0.973958 0.654297 0.973958 0.652344 0.971354 0.651367 0.971354 0.650391 0.970052 0.649414 0.970052 0.647461 0.967448 0.646484 0.967448 0.645508 0.966146 0.644531 0.966146 0.643555 0.964844 0.642578 0.964844 0.641602 0.963542 0.640625 0.963542 0.639648 0.96224 0.638672 0.96224 0.637695 0.960938 0.636719 0.960938 0.635742 0.959635 0.634766 0.959635 0.632812 0.957031 0.631836 0.957031 0.629883 0.954427 0.629883 0.950521
1 0.0664062 0.361979 0.0664062 0.365885 0.0654297 0.367188 0.0644531 0.367188 0.0634766 0.36849 0.0605469 0.36849 0.0595703 0.369792 0.0576172 0.369792 0.0566406 0.371094 0.0546875 0.371094 0.0537109 0.372396 0.0507812 0.372396 0.0498047 0.373698 0.046875 0.373698 0.0458984 0.375 0.0439453 0.375 0.0429688 0.376302 0.0410156 0.376302 0.0400391 0.377604 0.0390625 0.377604 0.0380859 0.378906 0.0361328 0.378906 0.0351562 0.380208 0.0332031 0.380208 0.0322266 0.38151 0.0302734 0.38151 0.0292969 0.382812 0.0253906 0.382812 0.0244141 0.384115 0.0224609 0.384115 0.0214844 0.385417 0.0195312 0.385417 0.0185547 0.386719 0.0166016 0.386719 0.015625 0.388021 0.0146484 0.388021 0.0136719 0.389323 0.0117188 0.389323 0.0107422 0.390625 0.00976562 0.390625 0.00878906 0.391927 0.0078125 0.391927 0.00683594 0.393229 0.00488281 0.393229 0.00390625 0.394531 0.00195312 0.394531 0.000976562 0.395833 0 0.395833 0 0.438802 0.000976562 0.438802 0.00195312 0.4375 0.00488281 0.4375 0.00585938 0.436198 0.0107422 0.436198 0.0117188 0.434896 0.0136719 0.434896 0.0146484 0.433594 0.015625 0.433594 0.0166016 0.432292 0.0175781 0.432292 0.0185547 0.43099 0.0195312 0.43099 0.0205078 0.429688 0.0214844 0.429688 0.0234375 0.427083 0.0244141 0.427083 0.0253906 0.425781 0.0263672 0.425781 0.0292969 0.421875 0.0302734 0.421875 0.03125 0.420573 0.0322266 0.420573 0.0341797 0.417969 0.0351562 0.417969 0.0361328 0.416667 0.0371094 0.416667 0.0380859 0.415365 0.0390625 0.415365 0.0400391 0.414062 0.0410156 0.414062 0.0419922 0.41276 0.0429688 0.41276 0.0439453 0.411458 0.0449219 0.411458 0.0458984 0.410156 0.046875 0.410156 0.0478516 0.408854 0.0488281 0.408854 0.0498047 0.407552 0.0507812 0.407552 0.0517578 0.40625 0.0527344 0.40625 0.0537109 0.404948 0.0556641 0.404948 0.0566406 0.403646 0.0576172 0.403646 0.0585938 0.402344 0.0595703 0.402344 0.0605469 0.401042 0.0615234 0.401042 0.0625 0.39974 0.0644531 0.39974 0.0654297 0.398438 0.0673828 0.398438 0.0683594 0.397135 0.0693359 0.397135 0.0703125 0.395833 0.0732422 0.395833 0.0742188 0.394531 0.078125 0.394531 0.0791016 0.393229 0.0830078 0.393229 0.0839844 0.391927 0.0859375 0.391927 0.0869141 0.390625 0.0888672 0.390625 0.0898438 0.389323 0.09375 0.389323 0.0947266 0.388021 0.0986328 0.388021 0.0996094 0.386719 0.103516 0.386719 0.104492 0.385417 0.107422 0.385417 0.108398 0.384115 0.114258 0.384115 0.115234 0.382812 0.120117 0.382812 0.121094 0.38151 0.128906 0.38151 0.129883 0.382812 0.140625 0.382812 0.141602 0.384115 0.144531 0.384115 0.145508 0.385417 0.149414 0.385417 0.149414 0.361979
1 0.919922 0.726562 0.919922 0.778646 0.922852 0.778646 0.924805 0.78125 0.924805 0.785156 0.925781 0.786458 0.925781 0.790365 0.926758 0.791667 0.926758 0.796875 0.927734 0.798177 0.927734 0.80599 0.926758 0.807292 0.926758 0.816406 0.925781 0.817708 0.925781 0.825521 0.924805 0.826823 0.924805 0.832031 0.925781 0.833333 0.925781 0.838542 0.926758 0.839844 0.926758 0.842448 0.927734 0.84375 0.927734 0.845052 0.928711 0.846354 0.928711 0.847656 0.929688 0.848958 0.933594 0.848958 0.93457 0.847656 0.936523 0.847656 0.9375 0.846354 0.938477 0.846354 0.941406 0.842448 0.942383 0.842448 0.952148 0.829427 0.952148 0.828125 0.956055 0.822917 0.956055 0.821615 0.957031 0.820312 0.957031 0.81901 0.958984 0.816406 0.961914 0.816406 0.961914 0.726562 0.957031 0.726562 0.957031 0.731771 0.956055 0.733073 0.956055 0.734375 0.955078 0.735677 0.954102 0.735677 0.953125 0.734375 0.951172 0.734375 0.948242 0.730469 0.948242 0.726562
1 0.294922 0 0.294922 0.00520833 0.301758 0.00520833 0.303711 0.0078125 0.301758 0.0104167 0.300781 0.0104167 0.299805 0.0117188 0.298828 0.0117188 0.297852 0.0130208 0.294922 0.0130208 0.294922 0.046875 0.299805 0.046875 0.300781 0.0481771 0.303711 0.0481771 0.304688 0.0494792 0.30957 0.0494792 0.310547 0.0507812 0.316406 0.0507812 0.317383 0.0520833 0.336914 0.0520833 0.337891 0.0507812 0.339844 0.0507812 0.34082 0.0494792 0.34375 0.0494792 0.344727 0.0481771 0.345703 0.0481771 0.34668 0.046875 0.348633 0.046875 0.349609 0.0455729 0.350586 0.0455729 0.351562 0.0442708 0.353516 0.0442708 0.354492 0.0429688 0.355469 0.0429688 0.356445 0.0416667 0.357422 0.0416667 0.358398 0.0403646 0.359375 0.0403646 0.360352 0.0390625 0.361328 0.0390625 0.362305 0.0377604 0.363281 0.0377604 0.364258 0.0364583 0.365234 0.0364583 0.366211 0.0351562 0.367188 0.0351562 0.368164 0.0338542 0.369141 0.0338542 0.370117 0.0325521 0.371094 0.0325521 0.37207 0.03125 0.373047 0.03125 0.374023 0.0299479 0.375 0.0299479 0.375977 0.0286458 0.376953 0.0286458 0.37793 0.0273438 0.378906 0.0273438 0.379883 0.0260417 0.380859 0.0260417 0.381836 0.0247396 0.382812 0.0247396 0.383789 0.0234375 0.384766 0.0234375 0.386719 0.0208333 0.387695 0.0208333 0.389648 0.0182292 0.390625 0.0182292 0.393555 0.0143229 0.393555 0.0130208 0.394531 0.0117188 0.394531 0.0104167 0.396484 0.0078125 0.399414 0.0078125 0.399414 0.00520833 0.396484 0.00520833 0.395508 0.00390625 0.395508 0
0 0.294922 0 0.294922 0.00520833 0.301758 0.00520833 0.303711 0.0078125 0.302734 0.00911458 0.302734 0.0104167 0.301758 0.0117188 0.301758 0.0130208 0.299805 0.015625 0.299805 0.0169271 0.297852 0.0195312 0.294922 0.0195312 0.294922 0.046875 0.298828 0.046875 0.299805 0.0481771 0.302734 0.0481771 0.303711 0.0494792 0.310547 0.0494792 0.311523 0.0507812 0.320312 0.0507812 0.321289 0.0520833 0.334961 0.0520833 0.335938 0.0507812 0.338867 0.0507812 0.339844 0.0494792 0.341797 0.0494792 0.342773 0.0481771 0.345703 0.0481771 0.34668 0.046875 0.347656 0.046875 0.348633 0.0455729 0.350586 0.0455729 0.351562 0.0442708 0.352539 0.0442708 0.353516 0.0429688 0.354492 0.0429688 0.355469 0.0416667 0.356445 0.0416667 0.357422 0.0403646 0.358398 0.0403646 0.359375 0.0390625 0.361328 0.0390625 0.363281 0.0364583 0.365234 0.0364583 0.366211 0.0351562 0.367188 0.0351562 0.368164 0.0338542 0.369141 0.0338542 0.371094 0.03125 0.37207 0.03125 0.373047 0.0299479 0.374023 0.0299479 0.375 0.0286458 0.375977 0.0286458 0.376953 0.0273438 0.37793 0.0273438 0.378906 0.0260417 0.379883 0.0260417 0.380859 0.0247396 0.381836 0.0247396 0.383789 0.0221354 0.384766 0.0221354 0.386719 0.0195312 0.387695 0.0195312 0.388672 0.0182292 0.389648 0.0182292 0.394531 0.0117188 0.394531 0.00911458 0.395508 0.0078125 0.395508 0
1 0.439453 0.705729 0.439453 0.729167 0.443359 0.729167 0.445312 0.731771 0.446289 0.731771 0.447266 0.733073 0.448242 0.733073 0.449219 0.734375 0.450195 0.734375 0.452148 0.736979 0.453125 0.736979 0.454102 0.738281 0.455078 0.738281 0.456055 0.739583 0.457031 0.739583 0.458984 0.742188 0.459961 0.742188 0.460938 0.74349 0.461914 0.74349 0.462891 0.744792 0.463867 0.744792 0.46582 0.747396 0.466797 0.747396 0.467773 0.748698 0.46875 0.748698 0.469727 0.75 0.470703 0.75 0.47168 0.751302 0.472656 0.751302 0.473633 0.752604 0.474609 0.752604 0.475586 0.753906 0.476562 0.753906 0.477539 0.755208 0.478516 0.755208 0.479492 0.75651 0.480469 0.75651 0.481445 0.757812 0.483398 0.757812 0.484375 0.759115 0.485352 0.759115 0.486328 0.760417 0.487305 0.760417 0.488281 0.761719 0.489258 0.761719 0.490234 0.763021 0.491211 0.763021 0.492188 0.764323 0.493164 0.764323 0.494141 0.765625 0.495117 0.765625 0.496094 0.766927 0.498047 0.766927 0.499023 0.768229 0.5 0.768229 0.500977 0.769531 0.50293 0.769531 0.503906 0.770833 0.505859 0.770833 0.506836 0.772135 0.508789 0.772135 0.509766 0.773438 0.510742 0.773438 0.511719 0.77474 0.513672 0.77474 0.514648 0.776042 0.516602 0.776042 0.517578 0.777344 0.518555 0.777344 0.519531 0.778646 0.520508 0.778646 0.521484 0.779948 0.522461 0.779948 0.523438 0.78125 0.525391 0.78125 0.527344 0.783854 0.52832 0.783854 0.529297 0.785156 0.530273 0.785156 0.53125 0.786458 0.532227 0.786458 0.53418 0.789062 0.535156 0.789062 0.536133 0.790365 0.537109 0.790365 0.540039 0.794271 0.540039 0.798177 0.575195 0.798177 0.575195 0.753906 0.572266 0.753906 0.570312 0.751302 0.569336 0.751302 0.566406 0.747396 0.56543 0.747396 0.563477 0.744792 0.5625 0.744792 0.561523 0.74349 0.560547 0.74349 0.558594 0.740885 0.557617 0.740885 0.556641 0.739583 0.555664 0.739583 0.553711 0.736979 0.552734 0.736979 0.550781 0.734375 0.549805 0.734375 0.547852 0.731771 0.546875 0.731771 0.544922 0.729167 0.543945 0.729167 0.539062 0.722656 0.538086 0.722656 0.535156 0.71875 0.53418 0.71875 0.533203 0.717448 0.532227 0.717448 0.53125 0.716146 0.529297 0.716146 0.52832 0.714844 0.523438 0.714844 0.522461 0.713542 0.503906 0.713542 0.50293 0.71224 0.496094 0.71224 0.495117 0.710938 0.494141 0.710938 0.493164 0.709635 0.493164 0.705729 0.449219 0.705729 0.449219 0.709635 0.448242 0.710938 0.447266 0.710938 0.446289 0.709635 0.446289 0.705729
1 0.47168 0.169271 0.47168 0.174479 0.470703 0.175781 0.469727 0.175781 0.466797 0.179688 0.462891 0.179688 0.462891 0.209635 0.466797 0.209635 0.46875 0.21224 0.469727 0.21224 0.47168 0.214844 0.472656 0.214844 0.474609 0.217448 0.475586 0.217448 0.477539 0.220052 0.478516 0.220052 0.479492 0.221354 0.481445 0.221354 0.482422 0.222656 0.483398 0.222656 0.484375 0.223958 0.486328 0.223958 0.487305 0.22526 0.488281 0.22526 0.489258 0.226562 0.490234 0.226562 0.491211 0.227865 0.492188 0.227865 0.493164 0.229167 0.495117 0.229167 0.496094 0.230469 0.49707 0.230469 0.498047 0.231771 0.5 0.231771 0.500977 0.233073 0.503906 0.233073 0.504883 0.234375 0.507812 0.234375 0.508789 0.235677 0.510742 0.235677 0.511719 0.234375 0.518555 0.234375 0.519531 0.235677 0.520508 0.235677 0.521484 0.236979 0.522461 0.236979 0.523438 0.238281 0.524414 0.238281 0.525391 0.239583 0.526367 0.239583 0.52832 0.242188 0.529297 0.242188 0.53125 0.244792 0.532227 0.244792 0.537109 0.251302 0.537109 0.252604 0.541016 0.257812 0.541992 0.257812 0.543945 0.260417 0.544922 0.260417 0.546875 0.263021 0.546875 0.266927 0.55957 0.266927 0.55957 0.263021 0.560547 0.261719 0.561523 0.261719 0.5625 0.260417 0.564453 0.260417 0.56543 0.259115 0.566406 0.259115 0.567383 0.257812 0.568359 0.257812 0.569336 0.25651 0.569336 0.255208 0.570312 0.253906 0.570312 0.25 0.571289 0.248698 0.571289 0.244792 0.572266 0.24349 0.575195 0.24349 0.575195 0.22526 0.571289 0.22526 0.569336 0.222656 0.569336 0.221354 0.568359 0.221354 0.560547 0.210938 0.55957 0.210938 0.556641 0.207031 0.555664 0.207031 0.547852 0.196615 0.546875 0.196615 0.545898 0.195312 0.544922 0.195312 0.543945 0.19401 0.542969 0.19401 0.541016 0.191406 0.540039 0.191406 0.538086 0.188802 0.538086 0.1875 0.536133 0.184896 0.53418 0.184896 0.533203 0.183594 0.529297 0.183594 0.52832 0.182292 0.523438 0.182292 0.522461 0.18099 0.518555 0.18099 0.517578 0.182292 0.513672 0.182292 0.512695 0.18099 0.508789 0.18099 0.507812 0.179688 0.506836 0.179688 0.505859 0.178385 0.504883 0.178385 0.503906 0.177083 0.501953 0.177083 0.500977 0.175781 0.498047 0.175781 0.496094 0.173177 0.496094 0.169271
1 0.657227 0.959635 0.65332 0.959635 0.65625 0.959635 0.657227 0.960938 0.657227 0.959635 0.662109 0.933594 0.663086 0.934896 0.663086 0.938802 0.661133 0.938802 0.660156 0.9375 0.658203 0.9375 0.657227 0.936198 0.655273 0.936198 0.452148 0.923177 0.613281 0.920573 0.615234 0.923177 0.615234 0.924479 0.53418 0.910156 0.53418 0.911458 0.532227 0.911458 0.53125 0.910156 0.530273 0.910156 0.529297 0.908854 0.529297 0.90625 0.530273 0.904948 0.53125 0.904948 0.526367 0.894531 0.52832 0.891927 0.529297 0.891927 0.530273 0.890625 0.53125 0.890625 0.532227 0.889323 0.533203 0.889323 0.535156 0.886719 0.536133 0.886719 0.537109 0.885417 0.538086 0.885417 0.540039 0.882812 0.541016 0.882812 0.541016 0.88151 0.542969 0.878906 0.542969 0.875 0.543945 0.873698 0.543945 0.871094 0.542969 0.869792 0.542969 0.86849 0.535156 0.858073 0.53418 0.858073 0.53125 0.854167 0.530273 0.854167 0.52832 0.851562 0.527344 0.851562 0.525391 0.848958 0.524414 0.848958 0.523438 0.847656 0.522461 0.847656 0.521484 0.846354 0.544922 0.761719 0.544922 0.75651 0.545898 0.755208 0.547852 0.755208 0.548828 0.75651 0.548828 0.765625 0.549805 0.766927 0.549805 0.770833 0.550781 0.772135 0.550781 0.773438 0.553711 0.777344 0.554688 0.777344 0.560547 0.785156 0.560547 0.786458 0.56543 0.792969 0.56543 0.799479 0.566406 0.800781 0.566406 0.802083 0.570312 0.807292 0.570312 0.808594 0.571289 0.808594 0.573242 0.811198 0.574219 0.811198 0.575195 0.8125 0.580078 0.8125 0.581055 0.813802 0.582031 0.813802 0.583008 0.815104 0.583984 0.815104 0.584961 0.816406 0.586914 0.816406 0.588867 0.81901 0.589844 0.81901 0.591797 0.821615 0.59375 0.821615 0.594727 0.822917 0.595703 0.822917 0.599609 0.828125 0.600586 0.828125 0.601562 0.829427 0.602539 0.829427 0.604492 0.832031 0.604492 0.833333 0.607422 0.83724 0.607422 0.838542 0.611328 0.84375 0.611328 0.845052 0.615234 0.85026 0.616211 0.85026 0.617188 0.851562 0.618164 0.851562 0.623047 0.858073 0.626953 0.858073 0.628906 0.860677 0.629883 0.860677 0.630859 0.861979 0.632812 0.861979 0.633789 0.863281 0.634766 0.863281 0.635742 0.864583 0.636719 0.864583 0.637695 0.865885 0.642578 0.865885 0.643555 0.867188 0.654297 0.867188 0.655273 0.86849 0.65918 0.86849 0.660156 0.869792 0.667969 0.869792 0.668945 0.871094 0.669922 0.871094 0.670898 0.872396 0.671875 0.872396 0.672852 0.873698 0.673828 0.873698 0.675781 0.876302 0.676758 0.876302 0.677734 0.877604 0.678711 0.877604 0.679688 0.878906 0.680664 0.878906 0.681641 0.880208 0.682617 0.880208 0.68457 0.882812 0.68457 0.884115 0.688477 0.889323 0.688477 0.890625 0.69043 0.893229 0.69043 0.895833 0.691406 0.897135 0.691406 0.902344 0.692383 0.903646 0.692383 0.907552 0.693359 0.908854 0.693359 0.910156 0.694336 0.911458 0.694336 0.91276 0.695312 0.914062 0.695312 0.915365 0.696289 0.916667 0.696289 0.917969 0.700195 0.923177 0.701172 0.923177 0.704102 0.927083 0.705078 0.927083 0.708984 0.932292 0.709961 0.932292 0.712891 0.936198 0.713867 0.936198 0.71582 0.938802 0.716797 0.938802 0.71875 0.941406 0.719727 0.941406 0.724609 0.947917 0.725586 0.947917 0.727539 0.950521 0.728516 0.950521 0.731445 0.954427 0.732422 0.954427 0.735352 0.958333 0.736328 0.958333 0.738281 0.960938 0.739258 0.960938 0.740234 0.96224 0.741211 0.96224 0.743164 0.964844 0.744141 0.964844 0.745117 0.966146 0.746094 0.966146 0.74707 0.967448 0.748047 0.967448 0.749023 0.96875 0.75 0.96875 0.750977 0.970052 0.751953 0.970052 0.75293 0.971354 0.754883 0.971354 0.755859 0.972656 0.767578 0.972656 0.768555 0.971354 0.773438 0.971354 0.774414 0.970052 0.777344 0.970052 0.77832 0.96875 0.779297 0.96875 0.787109 0.958333 0.787109 0.957031 0.788086 0.955729 0.788086 0.954427 0.789062 0.953125 0.789062 0.951823 0.790039 0.950521 0.790039 0.947917 0.789062 0.946615 0.789062 0.940104 0.788086 0.938802 0.788086 0.9375 0.787109 0.936198 0.787109 0.933594 0.786133 0.932292 0.786133 0.929688 0.78418 0.927083 0.78418 0.925781 0.782227 0.923177 0.782227 0.921875 0.78125 0.920573 0.78125 0.919271 0.780273 0.917969 0.780273 0.916667 0.779297 0.915365 0.779297 0.914062 0.77832 0.91276 0.77832 0.911458 0.777344 0.910156 0.777344 0.908854 0.776367 0.907552 0.776367 0.90625 0.775391 0.904948 0.775391 0.903646 0.774414 0.902344 0.774414 0.89974 0.773438 0.898438 0.773438 0.894531 0.772461 0.893229 0.772461 0.891927 0.771484 0.890625 0.771484 0.889323 0.770508 0.888021 0.770508 0.886719 0.769531 0.885417 0.769531 0.884115 0.767578 0.88151 0.767578 0.880208 0.764648 0.876302 0.764648 0.875 0.761719 0.871094 0.761719 0.869792 0.758789 0.865885 0.757812 0.865885 0.756836 0.864583 0.755859 0.864583 0.753906 0.861979 0.75293 0.861979 0.751953 0.860677 0.750977 0.860677 0.75 0.859375 0.749023 0.859375 0.748047 0.858073 0.74707 0.858073 0.745117 0.855469 0.744141 0.855469 0.743164 0.854167 0.742188 0.854167 0.741211 0.852865 0.740234 0.852865 0.739258 0.851562 0.738281 0.851562 0.736328 0.848958 0.735352 0.848958 0.734375 0.847656 0.733398 0.847656 0.732422 0.846354 0.730469 0.846354 0.729492 0.845052 0.726562 0.845052 0.725586 0.84375 0.720703 0.84375 0.719727 0.842448 0.716797 0.842448 0.71582 0.841146 0.713867 0.841146 0.712891 0.839844 0.711914 0.839844 0.710938 0.838542 0.708008 0.838542 0.707031 0.83724 0.706055 0.83724 0.705078 0.835938 0.704102 0.835938 0.703125 0.834635 0.702148 0.834635 0.701172 0.833333 0.700195 0.833333 0.698242 0.830729 0.697266 0.830729 0.694336 0.826823 0.693359 0.826823 0.6875 0.81901 0.686523 0.81901 0.681641 0.8125 0.680664 0.8125 0.676758 0.807292 0.675781 0.807292 0.673828 0.804688 0.672852 0.804688 0.671875 0.803385 0.670898 0.803385 0.669922 0.802083 0.668945 0.802083 0.667969 0.800781 0.666992 0.800781 0.666016 0.799479 0.665039 0.799479 0.663086 0.796875 0.662109 0.796875 0.660156 0.794271 0.65918 0.794271 0.65625 0.790365 0.655273 0.790365 0.654297 0.789062 0.65332 0.789062 0.650391 0.785156 0.649414 0.785156 0.646484 0.78125 0.645508 0.78125 0.644531 0.779948 0.643555 0.779948 0.641602 0.777344 0.640625 0.777344 0.639648 0.776042 0.638672 0.776042 0.637695 0.77474 0.636719 0.77474 0.634766 0.772135 0.633789 0.772135 0.632812 0.770833 0.631836 0.770833 0.630859 0.769531 0.629883 0.769531 0.628906 0.768229 0.62793 0.768229 0.626953 0.766927 0.625977 0.766927 0.625 0.765625 0.624023 0.765625 0.623047 0.764323 0.621094 0.764323 0.620117 0.763021 0.618164 0.763021 0.617188 0.761719 0.615234 0.761719 0.614258 0.760417 0.611328 0.760417 0.610352 0.759115 0.608398 0.759115 0.607422 0.757812 0.606445 0.757812 0.605469 0.75651 0.603516 0.75651 0.602539 0.755208 0.601562 0.755208 0.600586 0.753906 0.599609 0.753906 0.598633 0.752604 0.597656 0.752604 0.59668 0.751302 0.595703 0.751302 0.594727 0.75 0.592773 0.75 0.591797 0.748698 0.570312 0.748698 0.569336 0.747396 0.566406 0.747396 0.56543 0.746094 0.563477 0.746094 0.5625 0.744792 0.561523 0.744792 0.560547 0.74349 0.556641 0.74349 0.555664 0.742188 0.554688 0.742188 0.553711 0.740885 0.552734 0.740885 0.551758 0.739583 0.549805 0.739583 0.547852 0.736979 0.546875 0.736979 0.544922 0.734375 0.543945 0.734375 0.542969 0.733073 0.541992 0.733073 0.540039 0.730469 0.538086 0.730469 0.537109 0.729167 0.535156 0.729167 0.53418 0.727865 0.53125 0.727865 0.530273 0.726562 0.526367 0.726562 0.525391 0.727865 0.524414 0.727865 0.523438 0.729167 0.522461 0.729167 0.520508 0.731771 0.522461 0.734375 0.524414 0.734375 0.529297 0.740885 0.530273 0.740885 0.53125 0.742188 0.533203 0.742188 0.535156 0.744792 0.535156 0.746094 0.536133 0.747396 0.536133 0.748698 0.537109 0.75 0.540039 0.75 0.544922 0.75651 0.544922 0.761719 0.544922 0.761719 0.521484 0.846354 0.515625 0.846354 0.514648 0.845052 0.505859 0.845052 0.504883 0.84375 0.500977 0.84375 0.5 0.842448 0.49707 0.842448 0.496094 0.841146 0.494141 0.841146 0.493164 0.839844 0.491211 0.839844 0.490234 0.838542 0.486328 0.838542 0.485352 0.83724 0.473633 0.83724 0.472656 0.835938 0.46875 0.835938 0.467773 0.834635 0.46582 0.834635 0.464844 0.833333 0.463867 0.833333 0.462891 0.832031 0.461914 0.832031 0.460938 0.830729 0.459961 0.830729 0.456055 0.825521 0.455078 0.825521 0.454102 0.824219 0.453125 0.824219 0.451172 0.821615 0.450195 0.821615 0.449219 0.820312 0.447266 0.820312 0.446289 0.81901 0.443359 0.81901 0.442383 0.817708 0.439453 0.817708 0.439453 0.890625 0.443359 0.890625 0.445312 0.893229 0.445312 0.894531 0.447266 0.897135 0.447266 0.904948 0.448242 0.904948 0.449219 0.90625 0.451172 0.90625 0.452148 0.907552 0.453125 0.907552 0.454102 0.908854 0.455078 0.908854 0.456055 0.910156 0.456055 0.911458 0.457031 0.91276 0.457031 0.916667 0.456055 0.917969 0.456055 0.929688 0.457031 0.93099 0.457031 0.932292 0.458008 0.933594 0.458008 0.934896 0.459961 0.9375 0.459961 0.938802 0.460938 0.938802 0.462891 0.941406 0.463867 0.941406 0.46582 0.94401 0.467773 0.94401 0.46875 0.945312 0.469727 0.945312 0.470703 0.946615 0.473633 0.946615 0.474609 0.947917 0.476562 0.947917 0.477539 0.949219 0.485352 0.949219 0.485352 0.94401 0.480469 0.9375 0.480469 0.936198 0.479492 0.934896 0.479492 0.933594 0.481445 0.93099 0.481445 0.929688 0.485352 0.924479 0.485352 0.923177 0.484375 0.921875 0.484375 0.920573 0.482422 0.917969 0.481445 0.917969 0.480469 0.916667 0.479492 0.916667 0.477539 0.914062 0.477539 0.911458 0.478516 0.910156 0.478516 0.908854 0.481445 0.904948 0.487305 0.904948 0.488281 0.903646 0.5 0.903646 0.500977 0.904948 0.510742 0.904948 0.511719 0.903646 0.513672 0.903646 0.514648 0.902344 0.516602 0.902344 0.517578 0.901042 0.518555 0.901042 0.519531 0.89974 0.520508 0.89974 0.523438 0.895833 0.524414 0.895833 0.525391 0.894531 0.526367 0.894531 0.53125 0.904948 0.532227 0.903646 0.535156 0.907552 0.535156 0.908854 0.53418 0.910156 0.615234 0.924479 0.616211 0.925781 0.616211 0.928385 0.618164 0.93099 0.619141 0.93099 0.620117 0.932292 0.621094 0.932292 0.62207 0.933594 0.625977 0.933594 0.626953 0.934896 0.62793 0.934896 0.631836 0.940104 0.632812 0.940104 0.633789 0.941406 0.634766 0.941406 0.635742 0.942708 0.639648 0.942708 0.640625 0.94401 0.643555 0.94401 0.643555 0.945312 0.642578 0.946615 0.642578 0.947917 0.641602 0.949219 0.637695 0.949219 0.636719 0.947917 0.632812 0.947917 0.631836 0.946615 0.625977 0.946615 0.625 0.945312 0.623047 0.945312 0.62207 0.94401 0.621094 0.94401 0.620117 0.942708 0.619141 0.942708 0.618164 0.941406 0.616211 0.941406 0.615234 0.940104 0.588867 0.940104 0.587891 0.938802 0.584961 0.938802 0.583984 0.9375 0.583008 0.9375 0.582031 0.936198 0.581055 0.936198 0.580078 0.934896 0.579102 0.934896 0.578125 0.933594 0.578125 0.929688 0.579102 0.928385 0.579102 0.924479 0.583008 0.919271 0.583008 0.917969 0.583984 0.916667 0.583984 0.914062 0.584961 0.914062 0.586914 0.911458 0.587891 0.911458 0.588867 0.910156 0.59082 0.910156 0.591797 0.908854 0.592773 0.908854 0.594727 0.90625 0.599609 0.90625 0.600586 0.907552 0.602539 0.907552 0.603516 0.908854 0.604492 0.908854 0.605469 0.910156 0.606445 0.910156 0.607422 0.911458 0.608398 0.911458 0.612305 0.916667 0.612305 0.917969 0.613281 0.919271 0.613281 0.920573 0.452148 0.923177 0.451172 0.921875 0.451172 0.917969 0.450195 0.917969 0.449219 0.916667 0.448242 0.916667 0.447266 0.915365 0.446289 0.915365 0.443359 0.919271 0.444336 0.920573 0.444336 0.923177 0.446289 0.925781 0.450195 0.925781 0.452148 0.923177 0.655273 0.936198 0.654297 0.934896 0.65332 0.934896 0.65332 0.933594 0.654297 0.933594 0.655273 0.932292 0.658203 0.932292 0.65918 0.933594 0.662109 0.933594
1 0.923828 0.273438 0.923828 0.30599 0.926758 0.30599 0.930664 0.311198 0.931641 0.311198 0.932617 0.3125 0.933594 0.3125 0.93457 0.313802 0.936523 0.313802 0.9375 0.315104 0.94043 0.315104 0.941406 0.316406 0.944336 0.316406 0.945312 0.317708 0.946289 0.317708 0.947266 0.31901 0.948242 0.31901 0.949219 0.320312 0.950195 0.320312 0.952148 0.322917 0.953125 0.322917 0.961914 0.334635 0.962891 0.334635 0.969727 0.34375 0.970703 0.34375 0.972656 0.346354 0.973633 0.346354 0.974609 0.347656 0.975586 0.347656 0.977539 0.35026 0.978516 0.35026 0.979492 0.351562 0.980469 0.351562 0.982422 0.354167 0.983398 0.354167 0.987305 0.359375 0.988281 0.359375 0.989258 0.360677 0.989258 0.361979 0.990234 0.361979 0.993164 0.365885 0.993164 0.367188 0.99707 0.372396 0.999023 0.372396 0.999023 0.311198 0.998047 0.311198 0.996094 0.308594 0.995117 0.308594 0.987305 0.298177 0.986328 0.298177 0.981445 0.291667 0.980469 0.291667 0.978516 0.289062 0.977539 0.289062 0.975586 0.286458 0.974609 0.286458 0.973633 0.285156 0.972656 0.285156 0.97168 0.283854 0.970703 0.283854 0.96875 0.28125 0.967773 0.28125 0.966797 0.279948 0.96582 0.279948 0.963867 0.277344 0.963867 0.273438
1 0.362305 0.861979 0.358398 0.861979 0.357422 0.860677 0.356445 0.861979 0.353516 0.861979 0.350586 0.865885 0.350586 0.869792 0.351562 0.871094 0.351562 0.877604 0.350586 0.878906 0.350586 0.88151 0.349609 0.882812 0.349609 0.884115 0.348633 0.885417 0.348633 0.886719 0.347656 0.888021 0.347656 0.889323 0.34668 0.890625 0.34668 0.891927 0.341797 0.898438 0.341797 0.89974 0.34082 0.901042 0.34082 0.902344 0.339844 0.903646 0.339844 0.907552 0.338867 0.908854 0.338867 0.917969 0.410156 0.917969 0.410156 0.914062 0.402344 0.903646 0.402344 0.902344 0.398438 0.897135 0.398438 0.895833 0.397461 0.894531 0.396484 0.894531 0.391602 0.888021 0.390625 0.888021 0.388672 0.885417 0.387695 0.885417 0.385742 0.882812 0.384766 0.882812 0.382812 0.880208 0.381836 0.880208 0.380859 0.878906 0.379883 0.878906 0.378906 0.877604 0.37793 0.877604 0.375977 0.875 0.375 0.875 0.374023 0.873698 0.373047 0.873698 0.370117 0.869792 0.369141 0.869792 0.364258 0.863281 0.363281 0.863281 0.362305 0.861979 0.432617 0.664062 0.432617 0.665365 0.433594 0.666667 0.43457 0.666667 0.266602 0.625 0.267578 0.626302 0.267578 0.628906 0.262695 0.61849 0.262695 0.617188 0.255859 0.610677 0.269531 0.63151 0.269531 0.635417 0.270508 0.636719 0.270508 0.648438 0.268555 0.651042 0.267578 0.651042 0.266602 0.652344 0.264648 0.652344 0.263672 0.653646 0.262695 0.653646 0.261719 0.654948 0.260742 0.654948 0.259766 0.65625 0.257812 0.65625 0.255859 0.653646 0.254883 0.653646 0.253906 0.652344 0.25293 0.652344 0.25 0.648438 0.249023 0.648438 0.248047 0.647135 0.24707 0.647135 0.246094 0.645833 0.245117 0.645833 0.244141 0.644531 0.242188 0.644531 0.238281 0.639323 0.238281 0.636719 0.237305 0.635417 0.237305 0.634115 0.236328 0.632812 0.236328 0.63151 0.234375 0.628906 0.233398 0.628906 0.232422 0.627604 0.232422 0.626302 0.231445 0.625 0.231445 0.623698 0.228516 0.619792 0.227539 0.619792 0.225586 0.617188 0.224609 0.617188 0.223633 0.615885 0.222656 0.615885 0.22168 0.614583 0.220703 0.614583 0.21875 0.611979 0.217773 0.611979 0.216797 0.610677 0.216797 0.609375 0.21582 0.608073 0.21582 0.606771 0.214844 0.605469 0.214844 0.601562 0.185547 0.601562 0.185547 0.609375 0.18457 0.610677 0.181641 0.610677 0.181641 0.63151 0.18457 0.63151 0.185547 0.632812 0.186523 0.632812 0.189453 0.636719 0.189453 0.638021 0.191406 0.640625 0.191406 0.641927 0.192383 0.643229 0.192383 0.644531 0.198242 0.652344 0.199219 0.652344 0.200195 0.653646 0.201172 0.653646 0.202148 0.654948 0.203125 0.654948 0.206055 0.658854 0.207031 0.658854 0.210938 0.664062 0.211914 0.664062 0.212891 0.665365 0.213867 0.665365 0.21582 0.667969 0.216797 0.667969 0.224609 0.678385 0.225586 0.678385 0.233398 0.688802 0.234375 0.688802 0.236328 0.691406 0.236328 0.692708 0.240234 0.697917 0.240234 0.699219 0.241211 0.700521 0.242188 0.700521 0.243164 0.701823 0.243164 0.703125 0.245117 0.705729 0.246094 0.705729 0.25293 0.714844 0.253906 0.714844 0.254883 0.716146 0.255859 0.716146 0.256836 0.717448 0.257812 0.717448 0.258789 0.71875 0.259766 0.71875 0.260742 0.720052 0.261719 0.720052 0.262695 0.721354 0.264648 0.721354 0.265625 0.722656 0.267578 0.722656 0.268555 0.723958 0.269531 0.723958 0.270508 0.72526 0.271484 0.72526 0.272461 0.726562 0.273438 0.726562 0.274414 0.727865 0.275391 0.727865 0.277344 0.730469 0.27832 0.730469 0.280273 0.733073 0.28125 0.733073 0.282227 0.734375 0.283203 0.734375 0.291016 0.744792 0.291016 0.746094 0.293945 0.75 0.293945 0.751302 0.296875 0.755208 0.297852 0.755208 0.302734 0.761719 0.303711 0.761719 0.307617 0.766927 0.308594 0.766927 0.311523 0.770833 0.3125 0.770833 0.31543 0.77474 0.316406 0.77474 0.318359 0.777344 0.319336 0.777344 0.321289 0.779948 0.322266 0.779948 0.323242 0.78125 0.324219 0.78125 0.332031 0.791667 0.332031 0.792969 0.334961 0.796875 0.334961 0.798177 0.345703 0.8125 0.34668 0.8125 0.351562 0.81901 0.352539 0.81901 0.356445 0.824219 0.356445 0.825521 0.362305 0.833333 0.362305 0.834635 0.364258 0.83724 0.364258 0.838542 0.37207 0.848958 0.37207 0.85026 0.373047 0.851562 0.374023 0.851562 0.375977 0.854167 0.375977 0.855469 0.37793 0.855469 0.378906 0.856771 0.381836 0.856771 0.382812 0.855469 0.384766 0.855469 0.385742 0.854167 0.386719 0.854167 0.391602 0.847656 0.392578 0.847656 0.393555 0.846354 0.393555 0.845052 0.392578 0.84375 0.392578 0.841146 0.389648 0.83724 0.389648 0.835938 0.386719 0.832031 0.386719 0.830729 0.384766 0.828125 0.384766 0.826823 0.383789 0.825521 0.383789 0.824219 0.381836 0.821615 0.381836 0.820312 0.379883 0.817708 0.379883 0.816406 0.375977 0.811198 0.375977 0.809896 0.373047 0.80599 0.373047 0.804688 0.369141 0.799479 0.369141 0.798177 0.364258 0.791667 0.364258 0.790365 0.361328 0.786458 0.361328 0.785156 0.358398 0.78125 0.357422 0.78125 0.354492 0.777344 0.353516 0.777344 0.350586 0.773438 0.350586 0.772135 0.345703 0.765625 0.345703 0.764323 0.341797 0.759115 0.341797 0.757812 0.34082 0.75651 0.339844 0.75651 0.337891 0.753906 0.337891 0.752604 0.336914 0.751302 0.336914 0.75 0.335938 0.748698 0.335938 0.746094 0.334961 0.744792 0.334961 0.74349 0.333984 0.742188 0.333984 0.740885 0.333008 0.739583 0.333008 0.738281 0.326172 0.729167 0.326172 0.727865 0.325195 0.726562 0.324219 0.726562 0.321289 0.722656 0.320312 0.722656 0.319336 0.721354 0.318359 0.721354 0.317383 0.720052 0.31543 0.720052 0.314453 0.71875 0.313477 0.71875 0.3125 0.717448 0.311523 0.717448 0.310547 0.716146 0.30957 0.716146 0.307617 0.713542 0.306641 0.713542 0.304688 0.710938 0.303711 0.710938 0.302734 0.709635 0.302734 0.708333 0.298828 0.703125 0.298828 0.701823 0.297852 0.701823 0.295898 0.699219 0.295898 0.697917 0.292969 0.69401 0.292969 0.692708 0.291992 0.691406 0.291992 0.690104 0.291016 0.688802 0.291016 0.6875 0.290039 0.686198 0.290039 0.678385 0.289062 0.677083 0.289062 0.675781 0.287109 0.673177 0.287109 0.671875 0.286133 0.670573 0.285156 0.670573 0.28418 0.669271 0.277344 0.669271 0.276367 0.667969 0.267578 0.667969 0.266602 0.666667 0.265625 0.666667 0.264648 0.665365 0.258789 0.665365 0.257812 0.664062 0.256836 0.664062 0.255859 0.66276 0.256836 0.661458 0.257812 0.661458 0.258789 0.660156 0.259766 0.660156 0.260742 0.661458 0.263672 0.661458 0.264648 0.660156 0.265625 0.660156 0.267578 0.657552 0.267578 0.65625 0.268555 0.654948 0.269531 0.654948 0.271484 0.652344 0.271484 0.647135 0.272461 0.645833 0.272461 0.638021 0.271484 0.636719 0.271484 0.634115 0.270508 0.632812 0.270508 0.63151 0.269531 0.63151 0.255859 0.610677 0.255859 0.601562 0.25 0.601562 0.25 0.605469 0.250977 0.606771 0.251953 0.606771 0.25293 0.608073 0.253906 0.608073 0.254883 0.609375 0.254883 0.610677 0.255859 0.610677 0.262695 0.617188 0.262695 0.61849 0.267578 0.628906 0.266602 0.627604 0.266602 0.623698 0.266602 0.625 0.43457 0.666667 0.436523 0.669271 0.433594 0.669271 0.432617 0.667969 0.432617 0.666667 0.430664 0.664062 0.432617 0.664062
1 0.241211 0.726562 0.241211 0.731771 0.239258 0.734375 0.238281 0.734375 0.235352 0.738281 0.232422 0.738281 0.232422 0.766927 0.235352 0.766927 0.237305 0.769531 0.238281 0.769531 0.239258 0.770833 0.240234 0.770833 0.24707 0.779948 0.248047 0.779948 0.25 0.782552 0.250977 0.782552 0.251953 0.783854 0.25293 0.783854 0.253906 0.785156 0.254883 0.785156 0.255859 0.786458 0.256836 0.786458 0.257812 0.78776 0.258789 0.78776 0.259766 0.789062 0.260742 0.789062 0.261719 0.790365 0.262695 0.790365 0.265625 0.794271 0.265625 0.798177 0.287109 0.798177 0.287109 0.794271 0.289062 0.791667 0.290039 0.791667 0.293945 0.786458 0.294922 0.786458 0.295898 0.78776 0.295898 0.789062 0.296875 0.790365 0.296875 0.792969 0.297852 0.794271 0.297852 0.798177 0.301758 0.798177 0.301758 0.760417 0.297852 0.760417 0.290039 0.75 0.290039 0.748698 0.280273 0.735677 0.279297 0.735677 0.276367 0.731771 0.276367 0.726562
1 0.177734 0.611979 0.177734 0.621094 0.180664 0.621094 0.182617 0.623698 0.182617 0.625 0.183594 0.626302 0.183594 0.627604 0.18457 0.628906 0.18457 0.63151 0.189453 0.638021 0.189453 0.639323 0.19043 0.640625 0.19043 0.641927 0.191406 0.643229 0.191406 0.644531 0.198242 0.653646 0.199219 0.653646 0.201172 0.65625 0.202148 0.65625 0.204102 0.658854 0.205078 0.658854 0.211914 0.667969 0.212891 0.667969 0.21582 0.671875 0.216797 0.671875 0.220703 0.677083 0.22168 0.677083 0.222656 0.678385 0.222656 0.679688 0.223633 0.68099 0.224609 0.68099 0.231445 0.690104 0.231445 0.691406 0.232422 0.692708 0.233398 0.692708 0.242188 0.704427 0.243164 0.704427 0.249023 0.71224 0.25 0.71224 0.255859 0.720052 0.257812 0.720052 0.258789 0.721354 0.259766 0.721354 0.260742 0.722656 0.262695 0.722656 0.263672 0.723958 0.265625 0.723958 0.266602 0.72526 0.268555 0.72526 0.269531 0.726562 0.270508 0.726562 0.271484 0.727865 0.272461 0.727865 0.273438 0.729167 0.274414 0.729167 0.275391 0.730469 0.276367 0.730469 0.277344 0.731771 0.27832 0.731771 0.279297 0.733073 0.28125 0.733073 0.282227 0.734375 0.283203 0.734375 0.289062 0.742188 0.289062 0.74349 0.291992 0.747396 0.291992 0.748698 0.292969 0.75 0.292969 0.751302 0.293945 0.752604 0.293945 0.753906 0.302734 0.765625 0.303711 0.765625 0.305664 0.768229 0.305664 0.772135 0.321289 0.772135 0.321289 0.765625 0.322266 0.764323 0.322266 0.760417 0.323242 0.759115 0.323242 0.757812 0.324219 0.75651 0.324219 0.755208 0.326172 0.752604 0.326172 0.751302 0.328125 0.748698 0.328125 0.747396 0.329102 0.746094 0.329102 0.744792 0.330078 0.74349 0.330078 0.739583 0.329102 0.738281 0.329102 0.736979 0.327148 0.734375 0.327148 0.733073 0.325195 0.730469 0.325195 0.729167 0.322266 0.72526 0.321289 0.72526 0.319336 0.722656 0.318359 0.722656 0.316406 0.720052 0.31543 0.720052 0.314453 0.71875 0.313477 0.71875 0.3125 0.717448 0.311523 0.717448 0.310547 0.716146 0.30957 0.716146 0.308594 0.714844 0.307617 0.714844 0.305664 0.71224 0.304688 0.71224 0.301758 0.708333 0.300781 0.708333 0.296875 0.703125 0.295898 0.703125 0.287109 0.691406 0.287109 0.690104 0.286133 0.688802 0.286133 0.686198 0.285156 0.684896 0.285156 0.683594 0.28418 0.682292 0.28418 0.679688 0.28125 0.675781 0.280273 0.675781 0.279297 0.674479 0.27832 0.674479 0.277344 0.673177 0.276367 0.673177 0.275391 0.671875 0.274414 0.671875 0.273438 0.670573 0.271484 0.670573 0.270508 0.669271 0.265625 0.669271 0.264648 0.667969 0.262695 0.667969 0.261719 0.666667 0.259766 0.666667 0.258789 0.665365 0.257812 0.665365 0.256836 0.664062 0.255859 0.664062 0.254883 0.66276 0.25293 0.66276 0.251953 0.661458 0.25 0.661458 0.249023 0.660156 0.248047 0.660156 0.24707 0.658854 0.245117 0.658854 0.243164 0.65625 0.242188 0.65625 0.241211 0.654948 0.240234 0.654948 0.238281 0.652344 0.237305 0.652344 0.228516 0.640625 0.228516 0.639323 0.223633 0.632812 0.222656 0.632812 0.22168 0.63151 0.220703 0.63151 0.219727 0.630208 0.21875 0.630208 0.217773 0.628906 0.216797 0.628906 0.21582 0.627604 0.214844 0.627604 0.213867 0.626302 0.212891 0.626302 0.208984 0.621094 0.207031 0.621094 0.206055 0.619792 0.204102 0.619792 0.203125 0.61849 0.202148 0.61849 0.200195 0.615885 0.200195 0.611979
1 0.337891 0.773438 0.337891 0.808594 0.341797 0.808594 0.357422 0.829427 0.357422 0.830729 0.359375 0.833333 0.359375 0.834635 0.362305 0.838542 0.362305 0.839844 0.366211 0.845052 0.366211 0.846354 0.369141 0.85026 0.369141 0.851562 0.371094 0.854167 0.371094 0.855469 0.37207 0.856771 0.37207 0.858073 0.373047 0.859375 0.373047 0.860677 0.375 0.863281 0.375 0.864583 0.378906 0.869792 0.379883 0.869792 0.380859 0.871094 0.381836 0.871094 0.383789 0.873698 0.384766 0.873698 0.385742 0.875 0.386719 0.875 0.387695 0.876302 0.388672 0.876302 0.389648 0.877604 0.390625 0.877604 0.402344 0.893229 0.402344 0.894531 0.415039 0.911458 0.416016 0.911458 0.417969 0.914062 0.418945 0.914062 0.419922 0.915365 0.420898 0.915365 0.421875 0.916667 0.422852 0.916667 0.423828 0.917969 0.424805 0.917969 0.425781 0.919271 0.427734 0.919271 0.428711 0.920573 0.435547 0.920573 0.436523 0.919271 0.438477 0.919271 0.439453 0.917969 0.442383 0.917969 0.442383 0.898438 0.439453 0.898438 0.4375 0.895833 0.4375 0.894531 0.43457 0.890625 0.43457 0.889323 0.423828 0.875 0.423828 0.873698 0.416016 0.863281 0.416016 0.861979 0.412109 0.856771 0.412109 0.855469 0.410156 0.852865 0.40918 0.852865 0.40625 0.848958 0.405273 0.848958 0.402344 0.845052 0.401367 0.845052 0.386719 0.825521 0.386719 0.824219 0.382812 0.81901 0.382812 0.817708 0.379883 0.813802 0.379883 0.8125 0.37793 0.809896 0.37793 0.808594 0.375 0.804688 0.375 0.803385 0.371094 0.798177 0.371094 0.796875 0.369141 0.794271 0.369141 0.792969 0.368164 0.791667 0.368164 0.790365 0.366211 0.78776 0.366211 0.786458 0.365234 0.785156 0.365234 0.783854 0.364258 0.782552 0.364258 0.78125 0.362305 0.778646 0.362305 0.773438
