1 0.285156 0.690104 0.285156 0.69401 0.283203 0.696615 0.28125 0.696615 0.280273 0.697917 0.27832 0.697917 0.277344 0.699219 0.275391 0.699219 0.274414 0.700521 0.273438 0.700521 0.272461 0.701823 0.270508 0.701823 0.269531 0.703125 0.267578 0.703125 0.266602 0.704427 0.259766 0.704427 0.258789 0.705729 0.256836 0.705729 0.255859 0.707031 0.254883 0.707031 0.253906 0.708333 0.25293 0.708333 0.251953 0.709635 0.25 0.709635 0.249023 0.710938 0.248047 0.710938 0.24707 0.71224 0.246094 0.71224 0.245117 0.713542 0.244141 0.713542 0.243164 0.714844 0.242188 0.714844 0.241211 0.716146 0.239258 0.716146 0.238281 0.717448 0.237305 0.717448 0.236328 0.71875 0.234375 0.71875 0.233398 0.720052 0.231445 0.720052 0.230469 0.721354 0.228516 0.721354 0.227539 0.722656 0.226562 0.722656 0.224609 0.72526 0.223633 0.72526 0.222656 0.726562 0.22168 0.726562 0.220703 0.727865 0.219727 0.727865 0.21875 0.729167 0.217773 0.729167 0.216797 0.730469 0.21582 0.730469 0.212891 0.734375 0.211914 0.734375 0.208984 0.738281 0.208008 0.738281 0.205078 0.742188 0.204102 0.742188 0.194336 0.755208 0.194336 0.75651 0.191406 0.760417 0.191406 0.761719 0.1875 0.766927 0.186523 0.766927 0.18457 0.769531 0.181641 0.769531 0.181641 0.798177 0.193359 0.798177 0.193359 0.794271 0.195312 0.791667 0.196289 0.791667 0.198242 0.789062 0.199219 0.789062 0.201172 0.786458 0.202148 0.786458 0.203125 0.785156 0.204102 0.785156 0.205078 0.783854 0.206055 0.783854 0.208984 0.779948 0.209961 0.779948 0.210938 0.778646 0.211914 0.778646 0.214844 0.77474 0.21582 0.77474 0.216797 0.773438 0.217773 0.773438 0.21875 0.772135 0.219727 0.772135 0.22168 0.769531 0.222656 0.769531 0.223633 0.768229 0.224609 0.768229 0.225586 0.766927 0.227539 0.766927 0.228516 0.765625 0.229492 0.765625 0.230469 0.764323 0.231445 0.764323 0.232422 0.763021 0.234375 0.763021 0.235352 0.761719 0.236328 0.761719 0.237305 0.760417 0.238281 0.760417 0.239258 0.759115 0.240234 0.759115 0.241211 0.757812 0.243164 0.757812 0.244141 0.75651 0.245117 0.75651 0.246094 0.755208 0.248047 0.755208 0.249023 0.753906 0.250977 0.753906 0.251953 0.752604 0.254883 0.752604 0.255859 0.751302 0.259766 0.751302 0.260742 0.75 0.264648 0.75 0.265625 0.748698 0.268555 0.748698 0.269531 0.747396 0.271484 0.747396 0.272461 0.746094 0.273438 0.746094 0.274414 0.744792 0.276367 0.744792 0.277344 0.74349 0.27832 0.74349 0.279297 0.742188 0.280273 0.742188 0.28125 0.740885 0.282227 0.740885 0.283203 0.739583 0.285156 0.739583 0.286133 0.738281 0.287109 0.738281 0.288086 0.736979 0.289062 0.736979 0.290039 0.735677 0.291992 0.735677 0.292969 0.734375 0.293945 0.734375 0.294922 0.733073 0.295898 0.733073 0.296875 0.731771 0.298828 0.731771 0.299805 0.730469 0.300781 0.730469 0.301758 0.729167 0.302734 0.729167 0.303711 0.727865 0.304688 0.727865 0.305664 0.726562 0.306641 0.726562 0.307617 0.72526 0.308594 0.72526 0.310547 0.722656 0.311523 0.722656 0.314453 0.71875 0.31543 0.71875 0.318359 0.714844 0.319336 0.714844 0.320312 0.713542 0.320312 0.71224 0.322266 0.709635 0.322266 0.701823 0.321289 0.700521 0.321289 0.699219 0.320312 0.697917 0.320312 0.696615 0.319336 0.695312 0.319336 0.690104
1 0.537109 0.320312 0.537109 0.342448 0.541016 0.342448 0.550781 0.355469 0.550781 0.356771 0.5625 0.372396 0.563477 0.372396 0.566406 0.376302 0.567383 0.376302 0.569336 0.378906 0.570312 0.378906 0.572266 0.38151 0.573242 0.38151 0.574219 0.382812 0.575195 0.382812 0.576172 0.384115 0.577148 0.384115 0.579102 0.386719 0.580078 0.386719 0.582031 0.389323 0.583008 0.389323 0.584961 0.391927 0.585938 0.391927 0.589844 0.397135 0.59082 0.397135 0.59375 0.401042 0.594727 0.401042 0.595703 0.402344 0.59668 0.402344 0.598633 0.404948 0.599609 0.404948 0.600586 0.40625 0.601562 0.40625 0.603516 0.408854 0.604492 0.408854 0.605469 0.410156 0.606445 0.410156 0.607422 0.411458 0.608398 0.411458 0.609375 0.41276 0.610352 0.41276 0.611328 0.414062 0.612305 0.414062 0.614258 0.416667 0.615234 0.416667 0.617188 0.419271 0.618164 0.419271 0.620117 0.421875 0.621094 0.421875 0.62207 0.423177 0.623047 0.423177 0.625 0.425781 0.625977 0.425781 0.626953 0.427083 0.62793 0.427083 0.630859 0.43099 0.631836 0.43099 0.633789 0.433594 0.634766 0.433594 0.636719 0.436198 0.637695 0.436198 0.640625 0.440104 0.640625 0.44401 0.661133 0.44401 0.661133 0.417969 0.657227 0.417969 0.651367 0.410156 0.650391 0.410156 0.642578 0.39974 0.641602 0.39974 0.638672 0.395833 0.637695 0.395833 0.635742 0.393229 0.634766 0.393229 0.631836 0.389323 0.630859 0.389323 0.626953 0.384115 0.625977 0.384115 0.624023 0.38151 0.623047 0.38151 0.621094 0.378906 0.620117 0.378906 0.619141 0.377604 0.618164 0.377604 0.616211 0.375 0.615234 0.375 0.613281 0.372396 0.612305 0.372396 0.608398 0.367188 0.607422 0.367188 0.604492 0.363281 0.603516 0.363281 0.602539 0.361979 0.601562 0.361979 0.600586 0.360677 0.599609 0.360677 0.598633 0.359375 0.597656 0.359375 0.59668 0.358073 0.594727 0.358073 0.59375 0.356771 0.592773 0.356771 0.59082 0.354167 0.589844 0.354167 0.588867 0.352865 0.587891 0.352865 0.585938 0.35026 0.584961 0.35026 0.583984 0.348958 0.583008 0.348958 0.579102 0.34375 0.578125 0.34375 0.577148 0.342448 0.576172 0.342448 0.575195 0.341146 0.574219 0.341146 0.573242 0.339844 0.572266 0.339844 0.571289 0.338542 0.570312 0.338542 0.563477 0.329427 0.5625 0.329427 0.560547 0.326823 0.55957 0.326823 0.557617 0.324219 0.557617 0.320312
1 0.40918 0.00260417 0.40918 0.0104167 0.410156 0.0117188 0.410156 0.015625 0.411133 0.0169271 0.411133 0.0221354 0.412109 0.0234375 0.412109 0.0260417 0.413086 0.0273438 0.413086 0.03125 0.414062 0.0325521 0.414062 0.0572917 0.413086 0.0585938 0.413086 0.0625 0.412109 0.0638021 0.412109 0.0677083 0.411133 0.0690104 0.411133 0.0716146 0.410156 0.0729167 0.410156 0.0755208 0.40918 0.0768229 0.40918 0.0794271 0.408203 0.0807292 0.408203 0.0833333 0.407227 0.0846354 0.407227 0.0859375 0.405273 0.0885417 0.405273 0.0898438 0.404297 0.0911458 0.404297 0.09375 0.40332 0.0950521 0.40332 0.0976562 0.402344 0.0989583 0.402344 0.102865 0.401367 0.104167 0.401367 0.108073 0.400391 0.109375 0.400391 0.113281 0.399414 0.114583 0.399414 0.117188 0.398438 0.11849 0.398438 0.119792 0.397461 0.121094 0.397461 0.122396 0.396484 0.123698 0.396484 0.126302 0.395508 0.127604 0.395508 0.128906 0.394531 0.130208 0.394531 0.13151 0.393555 0.132812 0.393555 0.134115 0.392578 0.135417 0.392578 0.136719 0.390625 0.139323 0.390625 0.140625 0.388672 0.143229 0.388672 0.144531 0.387695 0.145833 0.387695 0.147135 0.386719 0.148438 0.386719 0.14974 0.381836 0.15625 0.381836 0.157552 0.37207 0.170573 0.37207 0.171875 0.363281 0.183594 0.363281 0.184896 0.357422 0.192708 0.357422 0.19401 0.336914 0.221354 0.336914 0.222656 0.333008 0.227865 0.333008 0.229167 0.331055 0.231771 0.331055 0.233073 0.324219 0.242188 0.324219 0.24349 0.322266 0.246094 0.322266 0.247396 0.320312 0.25 0.320312 0.251302 0.318359 0.253906 0.318359 0.255208 0.316406 0.257812 0.316406 0.259115 0.31543 0.260417 0.31543 0.261719 0.303711 0.277344 0.302734 0.277344 0.293945 0.289062 0.293945 0.290365 0.291992 0.292969 0.291992 0.294271 0.291016 0.295573 0.287109 0.295573 0.287109 0.334635 0.298828 0.334635 0.298828 0.330729 0.300781 0.328125 0.301758 0.328125 0.302734 0.326823 0.303711 0.326823 0.307617 0.321615 0.308594 0.321615 0.319336 0.307292 0.319336 0.30599 0.324219 0.299479 0.325195 0.299479 0.325195 0.298177 0.330078 0.291667 0.330078 0.290365 0.338867 0.278646 0.338867 0.277344 0.345703 0.268229 0.345703 0.266927 0.348633 0.263021 0.348633 0.261719 0.354492 0.253906 0.354492 0.252604 0.363281 0.240885 0.364258 0.240885 0.366211 0.238281 0.367188 0.238281 0.369141 0.235677 0.370117 0.235677 0.371094 0.234375 0.37207 0.234375 0.373047 0.233073 0.374023 0.233073 0.375 0.231771 0.375977 0.231771 0.37793 0.229167 0.378906 0.229167 0.379883 0.227865 0.379883 0.226562 0.381836 0.223958 0.382812 0.223958 0.395508 0.207031 0.395508 0.205729 0.397461 0.203125 0.397461 0.201823 0.399414 0.199219 0.399414 0.197917 0.401367 0.195312 0.401367 0.19401 0.402344 0.192708 0.402344 0.191406 0.40332 0.190104 0.40332 0.188802 0.405273 0.186198 0.405273 0.184896 0.407227 0.182292 0.407227 0.18099 0.408203 0.179688 0.408203 0.178385 0.40918 0.177083 0.40918 0.175781 0.410156 0.174479 0.410156 0.173177 0.411133 0.171875 0.411133 0.170573 0.412109 0.169271 0.412109 0.167969 0.413086 0.166667 0.413086 0.164062 0.414062 0.16276 0.414062 0.161458 0.415039 0.160156 0.415039 0.158854 0.416016 0.157552 0.416016 0.15625 0.416992 0.154948 0.416992 0.153646 0.417969 0.152344 0.417969 0.151042 0.418945 0.14974 0.418945 0.148438 0.419922 0.147135 0.419922 0.145833 0.420898 0.144531 0.420898 0.143229 0.422852 0.140625 0.422852 0.139323 0.423828 0.138021 0.423828 0.136719 0.424805 0.135417 0.424805 0.134115 0.425781 0.132812 0.425781 0.13151 0.426758 0.130208 0.426758 0.128906 0.427734 0.127604 0.427734 0.125 0.428711 0.123698 0.428711 0.121094 0.429688 0.119792 0.429688 0.117188 0.430664 0.115885 0.430664 0.113281 0.431641 0.111979 0.431641 0.108073 0.432617 0.106771 0.432617 0.102865 0.433594 0.101562 0.433594 0.0989583 0.43457 0.0976562 0.43457 0.09375 0.435547 0.0924479 0.435547 0.0898438 0.436523 0.0885417 0.436523 0.0859375 0.4375 0.0846354 0.4375 0.0820312 0.439453 0.0794271 0.442383 0.0794271 0.442383 0.0221354 0.439453 0.0221354 0.4375 0.0195312 0.4375 0.015625 0.436523 0.0143229 0.436523 0.0104167 0.435547 0.00911458 0.435547 0.00260417 0.40918 0.00260417 0.333008 0.00260417 0.317383 0.00260417 0.317383 0.00651042 0.31543 0.00911458 0.314453 0.00911458 0.313477 0.0104167 0.311523 0.0104167 0.310547 0.0117188 0.308594 0.0117188 0.307617 0.0130208 0.301758 0.0130208 0.300781 0.0117188 0.299805 0.0117188 0.298828 0.0104167 0.297852 0.0104167 0.296875 0.00911458 0.295898 0.00911458 0.294922 0.0078125 0.294922 0.00260417 0.292969 0.00260417 0.292969 0.00651042 0.291992 0.0078125 0.287109 0.0078125 0.287109 0.0585938 0.291016 0.0585938 0.291992 0.0572917 0.291992 0.0559896 0.294922 0.0520833 0.295898 0.0520833 0.298828 0.0481771 0.299805 0.0481771 0.301758 0.0455729 0.302734 0.0455729 0.306641 0.0403646 0.307617 0.0403646 0.310547 0.0364583 0.311523 0.0364583 0.3125 0.0351562 0.313477 0.0351562 0.31543 0.0325521 0.316406 0.0325521 0.318359 0.0299479 0.319336 0.0299479 0.320312 0.0286458 0.321289 0.0286458 0.322266 0.0273438 0.323242 0.0273438 0.325195 0.0247396 0.326172 0.0247396 0.328125 0.0221354 0.328125 0.0208333 0.330078 0.0182292 0.330078 0.0143229 0.331055 0.0130208 0.331055 0.0104167 0.332031 0.00911458 0.332031 0.0078125 0.333008 0.00651042 0.333008 0.00260417
1 0.466797 0.673177 0.463867 0.677083 0.463867 0.678385 0.462891 0.679688 0.458984 0.679688 0.458984 0.695312 0.462891 0.695312 0.463867 0.696615 0.463867 0.697917 0.464844 0.699219 0.464844 0.700521 0.46582 0.701823 0.46582 0.703125 0.467773 0.705729 0.467773 0.707031 0.469727 0.709635 0.469727 0.710938 0.47168 0.713542 0.47168 0.714844 0.473633 0.717448 0.473633 0.71875 0.476562 0.722656 0.476562 0.723958 0.479492 0.727865 0.479492 0.729167 0.481445 0.731771 0.482422 0.731771 0.484375 0.734375 0.485352 0.734375 0.491211 0.742188 0.492188 0.742188 0.498047 0.75 0.499023 0.75 0.5 0.751302 0.500977 0.751302 0.507812 0.760417 0.507812 0.761719 0.508789 0.763021 0.509766 0.763021 0.510742 0.764323 0.513672 0.764323 0.514648 0.765625 0.517578 0.765625 0.521484 0.770833 0.521484 0.772135 0.522461 0.772135 0.523438 0.773438 0.524414 0.773438 0.525391 0.77474 0.526367 0.77474 0.527344 0.776042 0.529297 0.776042 0.530273 0.777344 0.532227 0.777344 0.533203 0.778646 0.535156 0.778646 0.536133 0.779948 0.538086 0.779948 0.539062 0.78125 0.541016 0.78125 0.541992 0.782552 0.542969 0.782552 0.543945 0.783854 0.545898 0.783854 0.546875 0.785156 0.548828 0.785156 0.549805 0.786458 0.550781 0.786458 0.551758 0.78776 0.552734 0.78776 0.553711 0.789062 0.555664 0.789062 0.556641 0.790365 0.558594 0.790365 0.55957 0.791667 0.560547 0.791667 0.561523 0.792969 0.563477 0.792969 0.564453 0.794271 0.56543 0.794271 0.566406 0.795573 0.568359 0.795573 0.569336 0.796875 0.570312 0.796875 0.571289 0.798177 0.573242 0.798177 0.574219 0.799479 0.575195 0.799479 0.576172 0.800781 0.578125 0.800781 0.579102 0.802083 0.580078 0.802083 0.581055 0.803385 0.583008 0.803385 0.583984 0.804688 0.585938 0.804688 0.586914 0.80599 0.588867 0.80599 0.589844 0.807292 0.59082 0.807292 0.591797 0.808594 0.592773 0.808594 0.59375 0.809896 0.595703 0.809896 0.59668 0.811198 0.598633 0.811198 0.599609 0.8125 0.600586 0.8125 0.601562 0.813802 0.603516 0.813802 0.604492 0.815104 0.607422 0.815104 0.608398 0.816406 0.611328 0.816406 0.612305 0.817708 0.615234 0.817708 0.616211 0.81901 0.619141 0.81901 0.620117 0.820312 0.62207 0.820312 0.623047 0.821615 0.624023 0.821615 0.625 0.822917 0.625977 0.822917 0.626953 0.824219 0.62793 0.824219 0.628906 0.825521 0.629883 0.825521 0.630859 0.826823 0.631836 0.826823 0.633789 0.829427 0.634766 0.829427 0.635742 0.830729 0.637695 0.830729 0.638672 0.832031 0.639648 0.832031 0.641602 0.834635 0.642578 0.834635 0.643555 0.835938 0.644531 0.835938 0.645508 0.83724 0.646484 0.83724 0.647461 0.838542 0.648438 0.838542 0.649414 0.839844 0.649414 0.845052 0.650391 0.845052 0.650391 0.841146 0.652344 0.838542 0.65332 0.838542 0.65625 0.834635 0.65625 0.833333 0.657227 0.832031 0.657227 0.830729 0.658203 0.829427 0.658203 0.826823 0.65918 0.825521 0.65918 0.824219 0.660156 0.822917 0.660156 0.821615 0.661133 0.820312 0.665039 0.820312 0.665039 0.815104 0.661133 0.815104 0.660156 0.813802 0.658203 0.813802 0.657227 0.815104 0.65625 0.815104 0.655273 0.816406 0.651367 0.816406 0.650391 0.815104 0.649414 0.815104 0.648438 0.813802 0.644531 0.813802 0.643555 0.8125 0.640625 0.8125 0.639648 0.811198 0.637695 0.811198 0.635742 0.808594 0.635742 0.800781 0.636719 0.799479 0.635742 0.799479 0.630859 0.792969 0.629883 0.792969 0.628906 0.791667 0.62793 0.791667 0.626953 0.790365 0.625 0.790365 0.624023 0.789062 0.623047 0.789062 0.62207 0.78776 0.620117 0.78776 0.619141 0.786458 0.618164 0.786458 0.617188 0.785156 0.615234 0.785156 0.614258 0.783854 0.613281 0.783854 0.611328 0.78125 0.610352 0.78125 0.609375 0.779948 0.608398 0.779948 0.607422 0.778646 0.606445 0.778646 0.605469 0.777344 0.603516 0.777344 0.602539 0.776042 0.601562 0.776042 0.600586 0.77474 0.598633 0.77474 0.595703 0.770833 0.594727 0.770833 0.59375 0.769531 0.592773 0.769531 0.59082 0.766927 0.589844 0.766927 0.587891 0.764323 0.586914 0.764323 0.585938 0.763021 0.584961 0.763021 0.583984 0.761719 0.582031 0.761719 0.581055 0.760417 0.580078 0.760417 0.579102 0.759115 0.578125 0.759115 0.577148 0.757812 0.575195 0.757812 0.574219 0.75651 0.572266 0.75651 0.571289 0.755208 0.570312 0.755208 0.569336 0.753906 0.567383 0.753906 0.566406 0.752604 0.564453 0.752604 0.563477 0.751302 0.5625 0.751302 0.561523 0.75 0.55957 0.75 0.558594 0.748698 0.557617 0.748698 0.556641 0.747396 0.554688 0.747396 0.553711 0.746094 0.552734 0.746094 0.551758 0.744792 0.549805 0.744792 0.548828 0.74349 0.547852 0.74349 0.546875 0.742188 0.545898 0.742188 0.544922 0.740885 0.543945 0.740885 0.542969 0.739583 0.541016 0.739583 0.540039 0.738281 0.539062 0.738281 0.538086 0.736979 0.537109 0.736979 0.536133 0.735677 0.535156 0.735677 0.533203 0.733073 0.532227 0.733073 0.53125 0.731771 0.530273 0.731771 0.529297 0.730469 0.52832 0.730469 0.526367 0.727865 0.525391 0.727865 0.523438 0.72526 0.522461 0.72526 0.521484 0.723958 0.520508 0.723958 0.519531 0.722656 0.518555 0.722656 0.516602 0.720052 0.515625 0.720052 0.514648 0.71875 0.513672 0.71875 0.511719 0.716146 0.510742 0.716146 0.509766 0.714844 0.508789 0.714844 0.507812 0.713542 0.506836 0.713542 0.503906 0.709635 0.50293 0.709635 0.490234 0.692708 0.490234 0.691406 0.486328 0.686198 0.486328 0.684896 0.483398 0.68099 0.483398 0.679688 0.482422 0.678385 0.481445 0.678385 0.480469 0.677083 0.479492 0.677083 0.478516 0.675781 0.476562 0.675781 0.475586 0.674479 0.474609 0.674479 0.473633 0.673177
1 0.716797 0.757812 0.716797 0.824219 0.719727 0.824219 0.720703 0.825521 0.720703 0.826823 0.72168 0.828125 0.72168 0.830729 0.722656 0.832031 0.722656 0.835938 0.723633 0.83724 0.723633 0.839844 0.724609 0.841146 0.724609 0.84375 0.725586 0.845052 0.725586 0.848958 0.726562 0.85026 0.726562 0.852865 0.727539 0.854167 0.727539 0.856771 0.728516 0.858073 0.728516 0.859375 0.729492 0.860677 0.729492 0.861979 0.730469 0.863281 0.730469 0.865885 0.732422 0.86849 0.732422 0.871094 0.733398 0.872396 0.733398 0.873698 0.734375 0.875 0.734375 0.876302 0.735352 0.877604 0.735352 0.880208 0.736328 0.88151 0.736328 0.882812 0.737305 0.884115 0.737305 0.885417 0.738281 0.886719 0.738281 0.888021 0.739258 0.889323 0.739258 0.891927 0.740234 0.893229 0.740234 0.894531 0.741211 0.895833 0.741211 0.898438 0.742188 0.89974 0.742188 0.902344 0.743164 0.903646 0.743164 0.90625 0.744141 0.907552 0.744141 0.908854 0.745117 0.910156 0.745117 0.91276 0.746094 0.914062 0.746094 0.916667 0.74707 0.917969 0.74707 0.919271 0.748047 0.920573 0.748047 0.921875 0.749023 0.923177 0.749023 0.924479 0.75 0.925781 0.75 0.927083 0.750977 0.928385 0.750977 0.93099 0.751953 0.932292 0.751953 0.933594 0.75293 0.934896 0.75293 0.9375 0.753906 0.938802 0.753906 0.940104 0.754883 0.941406 0.754883 0.94401 0.755859 0.945312 0.755859 0.946615 0.756836 0.947917 0.756836 0.949219 0.758789 0.951823 0.758789 0.953125 0.759766 0.954427 0.759766 0.955729 0.765625 0.963542 0.766602 0.963542 0.768555 0.966146 0.768555 0.970052 0.774414 0.970052 0.774414 0.964844 0.776367 0.96224 0.776367 0.960938 0.777344 0.959635 0.777344 0.955729 0.779297 0.953125 0.782227 0.953125 0.782227 0.93099 0.779297 0.93099 0.77832 0.929688 0.77832 0.928385 0.777344 0.927083 0.777344 0.924479 0.776367 0.923177 0.776367 0.919271 0.775391 0.917969 0.775391 0.915365 0.774414 0.914062 0.774414 0.911458 0.773438 0.910156 0.773438 0.90625 0.772461 0.904948 0.772461 0.901042 0.771484 0.89974 0.771484 0.894531 0.770508 0.893229 0.770508 0.889323 0.769531 0.888021 0.769531 0.884115 0.768555 0.882812 0.768555 0.88151 0.767578 0.880208 0.767578 0.878906 0.766602 0.877604 0.766602 0.876302 0.765625 0.875 0.765625 0.873698 0.764648 0.872396 0.764648 0.871094 0.762695 0.86849 0.762695 0.865885 0.761719 0.864583 0.761719 0.861979 0.760742 0.860677 0.760742 0.859375 0.759766 0.858073 0.759766 0.856771 0.755859 0.851562 0.755859 0.85026 0.753906 0.847656 0.753906 0.845052 0.75293 0.84375 0.75293 0.842448 0.751953 0.841146 0.751953 0.83724 0.750977 0.835938 0.750977 0.833333 0.75 0.832031 0.75 0.828125 0.749023 0.826823 0.749023 0.824219 0.748047 0.822917 0.748047 0.821615 0.74707 0.820312 0.74707 0.816406 0.746094 0.815104 0.746094 0.811198 0.745117 0.809896 0.745117 0.803385 0.744141 0.802083 0.744141 0.791667 0.743164 0.790365 0.743164 0.786458 0.742188 0.785156 0.742188 0.782552 0.741211 0.78125 0.741211 0.779948 0.740234 0.778646 0.740234 0.777344 0.739258 0.776042 0.739258 0.77474 0.737305 0.772135 0.737305 0.770833 0.735352 0.768229 0.735352 0.766927 0.732422 0.763021 0.732422 0.757812
1 0.345703 0.372396 0.345703 0.376302 0.339844 0.384115 0.338867 0.384115 0.334961 0.389323 0.333984 0.389323 0.332031 0.391927 0.331055 0.391927 0.329102 0.394531 0.328125 0.394531 0.325195 0.398438 0.324219 0.398438 0.321289 0.402344 0.320312 0.402344 0.316406 0.407552 0.31543 0.407552 0.311523 0.41276 0.310547 0.41276 0.30957 0.414062 0.30957 0.415365 0.302734 0.424479 0.301758 0.424479 0.301758 0.425781 0.298828 0.429688 0.297852 0.429688 0.295898 0.432292 0.294922 0.432292 0.292969 0.434896 0.292969 0.436198 0.291992 0.4375 0.291992 0.438802 0.290039 0.441406 0.290039 0.442708 0.287109 0.446615 0.287109 0.447917 0.28418 0.451823 0.28418 0.453125 0.283203 0.454427 0.279297 0.454427 0.279297 0.485677 0.282227 0.485677 0.283203 0.486979 0.283203 0.490885 0.287109 0.490885 0.287109 0.485677 0.288086 0.484375 0.289062 0.484375 0.290039 0.483073 0.291016 0.483073 0.291992 0.481771 0.292969 0.481771 0.300781 0.471354 0.301758 0.471354 0.306641 0.464844 0.307617 0.464844 0.313477 0.457031 0.314453 0.457031 0.320312 0.449219 0.321289 0.449219 0.329102 0.438802 0.330078 0.438802 0.334961 0.432292 0.335938 0.432292 0.34082 0.425781 0.341797 0.425781 0.350586 0.414062 0.350586 0.41276 0.356445 0.404948 0.357422 0.404948 0.367188 0.391927 0.367188 0.390625 0.368164 0.389323 0.368164 0.388021 0.369141 0.386719 0.37207 0.386719 0.37207 0.372396
1 0.487305 0.455729 0.487305 0.460938 0.482422 0.467448 0.478516 0.467448 0.478516 0.486979 0.491211 0.486979 0.492188 0.485677 0.49707 0.485677 0.498047 0.484375 0.518555 0.484375 0.519531 0.485677 0.522461 0.485677 0.523438 0.486979 0.525391 0.486979 0.526367 0.488281 0.52832 0.488281 0.529297 0.489583 0.532227 0.489583 0.533203 0.490885 0.535156 0.490885 0.536133 0.492188 0.540039 0.492188 0.541016 0.49349 0.544922 0.49349 0.545898 0.494792 0.549805 0.494792 0.550781 0.496094 0.553711 0.496094 0.554688 0.497396 0.557617 0.497396 0.558594 0.498698 0.563477 0.498698 0.564453 0.5 0.568359 0.5 0.569336 0.501302 0.573242 0.501302 0.574219 0.502604 0.578125 0.502604 0.579102 0.503906 0.583008 0.503906 0.583984 0.505208 0.586914 0.505208 0.587891 0.50651 0.588867 0.50651 0.589844 0.507812 0.59082 0.507812 0.591797 0.509115 0.592773 0.509115 0.59375 0.510417 0.594727 0.510417 0.595703 0.511719 0.59668 0.511719 0.597656 0.513021 0.598633 0.513021 0.599609 0.514323 0.601562 0.514323 0.602539 0.515625 0.604492 0.515625 0.606445 0.518229 0.606445 0.522135 0.624023 0.522135 0.624023 0.518229 0.62793 0.513021 0.62793 0.511719 0.628906 0.510417 0.628906 0.509115 0.629883 0.507812 0.629883 0.50651 0.628906 0.505208 0.628906 0.503906 0.62793 0.502604 0.62793 0.501302 0.625977 0.498698 0.625 0.498698 0.616211 0.486979 0.615234 0.486979 0.614258 0.485677 0.613281 0.485677 0.611328 0.483073 0.610352 0.483073 0.609375 0.481771 0.608398 0.481771 0.607422 0.480469 0.606445 0.480469 0.605469 0.479167 0.604492 0.479167 0.603516 0.477865 0.602539 0.477865 0.601562 0.476562 0.600586 0.476562 0.599609 0.47526 0.598633 0.47526 0.597656 0.473958 0.594727 0.473958 0.59375 0.472656 0.59082 0.472656 0.589844 0.471354 0.586914 0.471354 0.585938 0.470052 0.583984 0.470052 0.583008 0.46875 0.581055 0.46875 0.580078 0.467448 0.578125 0.467448 0.577148 0.466146 0.575195 0.466146 0.574219 0.464844 0.573242 0.464844 0.572266 0.463542 0.571289 0.463542 0.568359 0.459635 0.568359 0.455729
1 0.467773 0.52474 0.466797 0.523438 0.466797 0.522135 0.46582 0.520833 0.464844 0.522135 0.461914 0.522135 0.460938 0.520833 0.459961 0.520833 0.458984 0.519531 0.458008 0.519531 0.457031 0.518229 0.456055 0.518229 0.455078 0.516927 0.453125 0.516927 0.452148 0.518229 0.453125 0.519531 0.453125 0.523438 0.454102 0.52474 0.454102 0.526042 0.457031 0.529948 0.457031 0.53125 0.458984 0.533854 0.460938 0.533854 0.461914 0.535156 0.463867 0.535156 0.464844 0.533854 0.466797 0.533854 0.466797 0.53125 0.467773 0.529948 0.467773 0.52474 0.770508 0.480469 0.770508 0.479167 0.444336 0.438802 0.443359 0.4375 0.443359 0.432292 0.444336 0.43099 0.444336 0.427083 0.443359 0.425781 0.443359 0.417969 0.442383 0.416667 0.442383 0.415365 0.441406 0.414062 0.441406 0.411458 0.44043 0.410156 0.44043 0.40625 0.439453 0.404948 0.439453 0.402344 0.522461 0.317708 0.524414 0.317708 0.526367 0.320312 0.526367 0.321615 0.529297 0.325521 0.529297 0.328125 0.53125 0.330729 0.53125 0.332031 0.532227 0.333333 0.532227 0.334635 0.535156 0.338542 0.536133 0.338542 0.538086 0.341146 0.538086 0.342448 0.539062 0.34375 0.539062 0.345052 0.501953 0.227865 0.50293 0.226562 0.503906 0.226562 0.504883 0.22526 0.505859 0.22526 0.507812 0.222656 0.508789 0.222656 0.509766 0.221354 0.512695 0.221354 0.512695 0.210938 0.511719 0.209635 0.511719 0.204427 0.510742 0.203125 0.510742 0.200521 0.509766 0.199219 0.509766 0.19401 0.508789 0.192708 0.508789 0.190104 0.507812 0.188802 0.507812 0.1875 0.506836 0.186198 0.506836 0.183594 0.505859 0.182292 0.505859 0.179688 0.504883 0.178385 0.504883 0.177083 0.503906 0.175781 0.503906 0.174479 0.501953 0.171875 0.501953 0.170573 0.500977 0.169271 0.500977 0.167969 0.499023 0.165365 0.499023 0.164062 0.49707 0.161458 0.49707 0.160156 0.486328 0.145833 0.485352 0.145833 0.480469 0.139323 0.479492 0.139323 0.476562 0.135417 0.475586 0.135417 0.469727 0.127604 0.46875 0.127604 0.460938 0.117188 0.459961 0.117188 0.454102 0.109375 0.453125 0.109375 0.452148 0.108073 0.451172 0.108073 0.450195 0.106771 0.447266 0.106771 0.446289 0.108073 0.443359 0.108073 0.441406 0.110677 0.441406 0.114583 0.44043 0.115885 0.44043 0.125 0.441406 0.126302 0.441406 0.132812 0.442383 0.134115 0.442383 0.136719 0.443359 0.138021 0.443359 0.139323 0.444336 0.140625 0.444336 0.141927 0.446289 0.144531 0.446289 0.145833 0.449219 0.14974 0.449219 0.151042 0.459961 0.165365 0.460938 0.165365 0.463867 0.169271 0.464844 0.169271 0.467773 0.173177 0.46875 0.173177 0.478516 0.186198 0.478516 0.1875 0.479492 0.188802 0.479492 0.190104 0.481445 0.192708 0.481445 0.19401 0.482422 0.195312 0.482422 0.196615 0.488281 0.204427 0.488281 0.205729 0.489258 0.207031 0.489258 0.209635 0.491211 0.21224 0.491211 0.213542 0.493164 0.216146 0.493164 0.217448 0.494141 0.21875 0.494141 0.220052 0.49707 0.223958 0.498047 0.223958 0.499023 0.22526 0.5 0.22526 0.501953 0.227865 0.539062 0.345052 0.541016 0.347656 0.541992 0.347656 0.541992 0.348958 0.543945 0.351562 0.543945 0.354167 0.544922 0.355469 0.544922 0.356771 0.553711 0.36849 0.554688 0.36849 0.55957 0.375 0.55957 0.376302 0.560547 0.377604 0.561523 0.377604 0.563477 0.380208 0.564453 0.380208 0.567383 0.384115 0.568359 0.384115 0.569336 0.385417 0.570312 0.385417 0.572266 0.388021 0.573242 0.388021 0.575195 0.390625 0.576172 0.390625 0.577148 0.391927 0.578125 0.391927 0.580078 0.394531 0.581055 0.394531 0.582031 0.395833 0.583008 0.395833 0.585938 0.39974 0.586914 0.39974 0.587891 0.401042 0.588867 0.401042 0.589844 0.402344 0.59082 0.402344 0.592773 0.404948 0.59375 0.404948 0.595703 0.407552 0.59668 0.407552 0.598633 0.410156 0.599609 0.410156 0.600586 0.411458 0.601562 0.411458 0.603516 0.414062 0.604492 0.414062 0.607422 0.417969 0.608398 0.417969 0.610352 0.420573 0.611328 0.420573 0.612305 0.421875 0.613281 0.421875 0.615234 0.424479 0.616211 0.424479 0.617188 0.425781 0.618164 0.425781 0.620117 0.428385 0.621094 0.428385 0.623047 0.43099 0.625 0.43099 0.625977 0.432292 0.626953 0.432292 0.62793 0.433594 0.628906 0.433594 0.630859 0.436198 0.631836 0.436198 0.635742 0.441406 0.636719 0.441406 0.638672 0.44401 0.639648 0.44401 0.640625 0.445312 0.641602 0.445312 0.642578 0.446615 0.643555 0.446615 0.644531 0.447917 0.645508 0.447917 0.649414 0.453125 0.650391 0.453125 0.65625 0.460938 0.657227 0.460938 0.668945 0.476562 0.668945 0.477865 0.671875 0.481771 0.672852 0.481771 0.676758 0.486979 0.677734 0.486979 0.693359 0.507812 0.693359 0.509115 0.696289 0.513021 0.696289 0.514323 0.697266 0.515625 0.697266 0.518229 0.699219 0.520833 0.699219 0.522135 0.700195 0.523438 0.701172 0.523438 0.702148 0.52474 0.704102 0.52474 0.705078 0.526042 0.705078 0.528646 0.706055 0.529948 0.706055 0.542969 0.705078 0.544271 0.694336 0.544271 0.693359 0.542969 0.691406 0.542969 0.69043 0.541667 0.689453 0.541667 0.688477 0.540365 0.6875 0.540365 0.686523 0.539062 0.685547 0.539062 0.681641 0.533854 0.680664 0.533854 0.677734 0.529948 0.676758 0.529948 0.672852 0.52474 0.671875 0.52474 0.670898 0.523438 0.669922 0.523438 0.666992 0.519531 0.666016 0.519531 0.663086 0.515625 0.662109 0.515625 0.65918 0.511719 0.658203 0.511719 0.650391 0.501302 0.649414 0.501302 0.642578 0.492188 0.641602 0.492188 0.637695 0.486979 0.636719 0.486979 0.636719 0.485677 0.625977 0.471354 0.625 0.471354 0.62207 0.467448 0.621094 0.467448 0.619141 0.464844 0.618164 0.464844 0.615234 0.460938 0.614258 0.460938 0.612305 0.458333 0.611328 0.458333 0.609375 0.455729 0.608398 0.455729 0.607422 0.454427 0.606445 0.454427 0.603516 0.450521 0.602539 0.450521 0.600586 0.447917 0.599609 0.447917 0.598633 0.446615 0.597656 0.446615 0.59668 0.445312 0.595703 0.445312 0.59375 0.442708 0.592773 0.442708 0.591797 0.441406 0.59082 0.441406 0.589844 0.440104 0.588867 0.440104 0.587891 0.438802 0.586914 0.438802 0.584961 0.436198 0.583984 0.436198 0.582031 0.433594 0.581055 0.433594 0.579102 0.43099 0.578125 0.43099 0.577148 0.429688 0.575195 0.429688 0.573242 0.427083 0.572266 0.427083 0.571289 0.425781 0.570312 0.425781 0.569336 0.424479 0.568359 0.424479 0.567383 0.423177 0.566406 0.423177 0.56543 0.421875 0.563477 0.421875 0.5625 0.420573 0.561523 0.420573 0.560547 0.419271 0.558594 0.419271 0.557617 0.417969 0.556641 0.417969 0.554688 0.415365 0.553711 0.415365 0.549805 0.410156 0.548828 0.410156 0.547852 0.408854 0.546875 0.408854 0.543945 0.404948 0.542969 0.404948 0.536133 0.395833 0.536133 0.394531 0.53418 0.391927 0.53418 0.390625 0.533203 0.389323 0.533203 0.388021 0.527344 0.380208 0.527344 0.378906 0.524414 0.375 0.524414 0.373698 0.523438 0.372396 0.521484 0.372396 0.520508 0.371094 0.520508 0.36849 0.517578 0.364583 0.517578 0.363281 0.515625 0.360677 0.515625 0.358073 0.518555 0.354167 0.518555 0.347656 0.517578 0.346354 0.517578 0.345052 0.515625 0.342448 0.515625 0.341146 0.514648 0.339844 0.514648 0.33724 0.513672 0.335938 0.513672 0.329427 0.518555 0.322917 0.518555 0.31901 0.519531 0.31901 0.521484 0.316406 0.522461 0.317708 0.439453 0.402344 0.438477 0.401042 0.435547 0.401042 0.435547 0.458333 0.438477 0.458333 0.438477 0.457031 0.439453 0.455729 0.439453 0.454427 0.442383 0.450521 0.442383 0.442708 0.443359 0.441406 0.443359 0.440104 0.444336 0.438802 0.770508 0.479167 0.769531 0.477865 0.769531 0.476562 0.766602 0.472656 0.766602 0.471354 0.761719 0.464844 0.761719 0.463542 0.759766 0.460938 0.759766 0.459635 0.758789 0.458333 0.758789 0.457031 0.757812 0.455729 0.757812 0.454427 0.756836 0.453125 0.756836 0.451823 0.754883 0.449219 0.754883 0.446615 0.753906 0.445312 0.753906 0.44401 0.755859 0.441406 0.756836 0.441406 0.757812 0.440104 0.764648 0.440104 0.765625 0.438802 0.767578 0.438802 0.768555 0.440104 0.774414 0.440104 0.774414 0.481771 0.771484 0.481771 0.770508 0.480469
1 0.222656 0.528646 0.222656 0.532552 0.22168 0.533854 0.22168 0.535156 0.220703 0.536458 0.220703 0.53776 0.219727 0.539062 0.219727 0.540365 0.212891 0.549479 0.212891 0.550781 0.204102 0.5625 0.204102 0.563802 0.198242 0.571615 0.198242 0.572917 0.196289 0.575521 0.196289 0.576823 0.192383 0.582031 0.192383 0.583333 0.1875 0.589844 0.1875 0.591146 0.185547 0.59375 0.185547 0.595052 0.182617 0.598958 0.182617 0.60026 0.181641 0.601562 0.181641 0.602865 0.180664 0.604167 0.180664 0.605469 0.179688 0.606771 0.179688 0.608073 0.177734 0.610677 0.177734 0.611979 0.176758 0.613281 0.176758 0.614583 0.175781 0.615885 0.175781 0.617188 0.173828 0.619792 0.173828 0.621094 0.172852 0.622396 0.172852 0.623698 0.171875 0.625 0.171875 0.626302 0.170898 0.627604 0.170898 0.628906 0.169922 0.630208 0.169922 0.632812 0.168945 0.634115 0.168945 0.635417 0.166992 0.638021 0.166992 0.639323 0.166016 0.640625 0.166016 0.641927 0.165039 0.643229 0.165039 0.644531 0.164062 0.645833 0.164062 0.647135 0.163086 0.648438 0.163086 0.64974 0.162109 0.651042 0.162109 0.652344 0.161133 0.653646 0.161133 0.65625 0.160156 0.657552 0.160156 0.658854 0.15918 0.660156 0.15918 0.66276 0.158203 0.664062 0.158203 0.665365 0.157227 0.666667 0.157227 0.669271 0.15625 0.670573 0.15625 0.671875 0.155273 0.673177 0.155273 0.675781 0.15332 0.678385 0.150391 0.678385 0.150391 0.710938 0.154297 0.710938 0.155273 0.71224 0.15625 0.71224 0.157227 0.713542 0.15918 0.713542 0.161133 0.716146 0.161133 0.720052 0.163086 0.720052 0.163086 0.716146 0.164062 0.714844 0.166016 0.714844 0.166992 0.713542 0.168945 0.713542 0.169922 0.71224 0.169922 0.710938 0.170898 0.709635 0.170898 0.708333 0.171875 0.707031 0.171875 0.705729 0.173828 0.703125 0.173828 0.701823 0.174805 0.700521 0.174805 0.699219 0.175781 0.697917 0.175781 0.695312 0.176758 0.69401 0.176758 0.691406 0.177734 0.690104 0.177734 0.688802 0.178711 0.6875 0.178711 0.684896 0.179688 0.683594 0.179688 0.68099 0.180664 0.679688 0.180664 0.677083 0.181641 0.675781 0.181641 0.674479 0.182617 0.673177 0.182617 0.671875 0.18457 0.669271 0.18457 0.667969 0.185547 0.666667 0.185547 0.665365 0.186523 0.664062 0.186523 0.66276 0.1875 0.661458 0.1875 0.660156 0.188477 0.658854 0.188477 0.657552 0.189453 0.65625 0.189453 0.653646 0.19043 0.652344 0.19043 0.651042 0.191406 0.64974 0.191406 0.648438 0.192383 0.647135 0.192383 0.645833 0.195312 0.641927 0.195312 0.640625 0.197266 0.638021 0.197266 0.636719 0.199219 0.634115 0.199219 0.632812 0.201172 0.630208 0.201172 0.628906 0.205078 0.623698 0.205078 0.622396 0.207031 0.619792 0.207031 0.61849 0.208984 0.615885 0.208984 0.614583 0.210938 0.611979 0.210938 0.610677 0.212891 0.608073 0.212891 0.606771 0.21582 0.602865 0.21582 0.601562 0.22168 0.59375 0.22168 0.592448 0.225586 0.58724 0.225586 0.585938 0.230469 0.579427 0.230469 0.578125 0.232422 0.575521 0.232422 0.574219 0.233398 0.572917 0.233398 0.571615 0.236328 0.567708 0.239258 0.567708 0.239258 0.536458 0.236328 0.536458 0.234375 0.533854 0.234375 0.528646
1 0.548828 0.59375 0.547852 0.595052 0.549805 0.595052 0.548828 0.59375 0.548828 0.589844 0.549805 0.588542 0.556641 0.588542 0.557617 0.58724 0.560547 0.58724 0.561523 0.585938 0.56543 0.585938 0.567383 0.588542 0.567383 0.591146 0.568359 0.592448 0.568359 0.59375 0.570312 0.596354 0.571289 0.596354 0.572266 0.597656 0.577148 0.597656 0.580078 0.601562 0.580078 0.602865 0.581055 0.604167 0.581055 0.605469 0.583008 0.608073 0.583008 0.609375 0.583984 0.610677 0.585938 0.610677 0.586914 0.611979 0.592773 0.611979 0.59375 0.613281 0.614258 0.613281 0.615234 0.611979 0.62793 0.611979 0.628906 0.613281 0.635742 0.613281 0.637695 0.610677 0.639648 0.610677 0.640625 0.609375 0.647461 0.609375 0.648438 0.608073 0.654297 0.608073 0.655273 0.606771 0.657227 0.606771 0.658203 0.605469 0.657227 0.604167 0.657227 0.602865 0.654297 0.598958 0.645508 0.598958 0.642578 0.602865 0.637695 0.602865 0.635742 0.605469 0.634766 0.605469 0.633789 0.606771 0.631836 0.606771 0.630859 0.608073 0.629883 0.608073 0.628906 0.609375 0.617188 0.609375 0.616211 0.608073 0.614258 0.608073 0.612305 0.605469 0.609375 0.605469 0.608398 0.604167 0.606445 0.604167 0.605469 0.602865 0.604492 0.602865 0.602539 0.60026 0.602539 0.595052 0.603516 0.59375 0.604492 0.59375 0.606445 0.591146 0.609375 0.591146 0.610352 0.589844 0.611328 0.589844 0.612305 0.588542 0.625977 0.588542 0.626953 0.589844 0.631836 0.589844 0.632812 0.591146 0.650391 0.591146 0.651367 0.592448 0.654297 0.592448 0.655273 0.59375 0.658203 0.59375 0.65918 0.595052 0.660156 0.595052 0.661133 0.596354 0.662109 0.596354 0.663086 0.597656 0.666016 0.597656 0.666992 0.598958 0.670898 0.598958 0.671875 0.60026 0.673828 0.60026 0.674805 0.601562 0.676758 0.601562 0.677734 0.602865 0.679688 0.602865 0.680664 0.604167 0.68457 0.604167 0.685547 0.605469 0.688477 0.605469 0.689453 0.606771 0.693359 0.606771 0.694336 0.608073 0.698242 0.608073 0.699219 0.609375 0.701172 0.609375 0.702148 0.610677 0.704102 0.610677 0.705078 0.611979 0.708008 0.611979 0.708984 0.613281 0.71582 0.613281 0.716797 0.614583 0.724609 0.614583 0.725586 0.615885 0.729492 0.615885 0.730469 0.617188 0.732422 0.617188 0.733398 0.61849 0.735352 0.61849 0.736328 0.619792 0.738281 0.619792 0.739258 0.621094 0.741211 0.621094 0.742188 0.622396 0.74707 0.622396 0.748047 0.623698 0.754883 0.623698 0.755859 0.625 0.760742 0.625 0.761719 0.626302 0.763672 0.626302 0.764648 0.627604 0.766602 0.627604 0.767578 0.628906 0.770508 0.628906 0.771484 0.630208 0.774414 0.630208 0.775391 0.63151 0.777344 0.63151 0.77832 0.632812 0.780273 0.632812 0.78125 0.634115 0.782227 0.634115 0.783203 0.635417 0.785156 0.635417 0.786133 0.636719 0.788086 0.636719 0.789062 0.638021 0.791016 0.638021 0.791992 0.639323 0.793945 0.639323 0.794922 0.640625 0.797852 0.640625 0.798828 0.641927 0.799805 0.641927 0.800781 0.643229 0.802734 0.643229 0.803711 0.644531 0.804688 0.644531 0.805664 0.645833 0.807617 0.645833 0.808594 0.647135 0.810547 0.647135 0.811523 0.648438 0.814453 0.648438 0.81543 0.64974 0.817383 0.64974 0.818359 0.651042 0.820312 0.651042 0.821289 0.652344 0.822266 0.652344 0.823242 0.653646 0.824219 0.653646 0.825195 0.654948 0.826172 0.654948 0.827148 0.65625 0.829102 0.65625 0.830078 0.657552 0.831055 0.657552 0.832031 0.658854 0.833984 0.658854 0.834961 0.660156 0.835938 0.660156 0.837891 0.66276 0.838867 0.66276 0.842773 0.667969 0.84375 0.667969 0.845703 0.670573 0.84668 0.670573 0.850586 0.675781 0.851562 0.675781 0.854492 0.679688 0.855469 0.679688 0.857422 0.682292 0.858398 0.682292 0.861328 0.686198 0.861328 0.6875 0.863281 0.690104 0.863281 0.691406 0.869141 0.699219 0.870117 0.699219 0.871094 0.700521 0.873047 0.700521 0.874023 0.701823 0.875977 0.701823 0.876953 0.703125 0.878906 0.703125 0.879883 0.704427 0.880859 0.704427 0.883789 0.708333 0.884766 0.708333 0.885742 0.709635 0.885742 0.714844 0.893555 0.714844 0.893555 0.709635 0.896484 0.705729 0.896484 0.703125 0.897461 0.701823 0.897461 0.697917 0.896484 0.696615 0.896484 0.695312 0.895508 0.69401 0.895508 0.692708 0.894531 0.691406 0.894531 0.688802 0.892578 0.686198 0.892578 0.684896 0.885742 0.675781 0.885742 0.674479 0.883789 0.671875 0.882812 0.671875 0.879883 0.667969 0.878906 0.667969 0.87793 0.666667 0.87793 0.665365 0.875977 0.66276 0.875 0.66276 0.866211 0.651042 0.865234 0.651042 0.860352 0.644531 0.859375 0.644531 0.857422 0.641927 0.856445 0.641927 0.851562 0.635417 0.850586 0.635417 0.848633 0.632812 0.847656 0.632812 0.845703 0.630208 0.844727 0.630208 0.842773 0.627604 0.841797 0.627604 0.837891 0.622396 0.836914 0.622396 0.834961 0.619792 0.833984 0.619792 0.832031 0.617188 0.831055 0.617188 0.830078 0.615885 0.828125 0.615885 0.827148 0.614583 0.825195 0.614583 0.824219 0.613281 0.822266 0.613281 0.821289 0.611979 0.820312 0.611979 0.819336 0.610677 0.817383 0.610677 0.816406 0.609375 0.81543 0.609375 0.813477 0.606771 0.8125 0.606771 0.811523 0.605469 0.80957 0.605469 0.808594 0.604167 0.804688 0.604167 0.803711 0.602865 0.801758 0.602865 0.800781 0.601562 0.798828 0.601562 0.797852 0.60026 0.795898 0.60026 0.794922 0.598958 0.791992 0.598958 0.791016 0.597656 0.789062 0.597656 0.788086 0.596354 0.786133 0.596354 0.785156 0.595052 0.782227 0.595052 0.78125 0.59375 0.779297 0.59375 0.77832 0.592448 0.775391 0.592448 0.774414 0.591146 0.773438 0.591146 0.772461 0.589844 0.771484 0.589844 0.770508 0.588542 0.768555 0.588542 0.767578 0.58724 0.764648 0.58724 0.763672 0.585938 0.758789 0.585938 0.757812 0.584635 0.754883 0.584635 0.753906 0.583333 0.744141 0.583333 0.743164 0.582031 0.735352 0.582031 0.734375 0.580729 0.732422 0.580729 0.731445 0.579427 0.727539 0.579427 0.726562 0.578125 0.719727 0.578125 0.71875 0.576823 0.712891 0.576823 0.711914 0.575521 0.707031 0.575521 0.706055 0.574219 0.700195 0.574219 0.699219 0.572917 0.695312 0.572917 0.694336 0.571615 0.691406 0.571615 0.69043 0.570312 0.681641 0.570312 0.680664 0.56901 0.666016 0.56901 0.665039 0.567708 0.662109 0.567708 0.661133 0.566406 0.65918 0.566406 0.658203 0.565104 0.654297 0.565104 0.65332 0.563802 0.647461 0.563802 0.646484 0.5625 0.640625 0.5625 0.639648 0.561198 0.636719 0.561198 0.635742 0.559896 0.633789 0.559896 0.632812 0.558594 0.625 0.558594 0.624023 0.557292 0.597656 0.557292 0.59668 0.558594 0.589844 0.558594 0.588867 0.559896 0.587891 0.559896 0.586914 0.561198 0.583008 0.561198 0.582031 0.5625 0.580078 0.5625 0.579102 0.563802 0.577148 0.563802 0.576172 0.565104 0.573242 0.565104 0.572266 0.566406 0.560547 0.566406 0.55957 0.567708 0.555664 0.567708 0.554688 0.56901 0.552734 0.56901 0.551758 0.570312 0.549805 0.570312 0.548828 0.571615 0.546875 0.571615 0.545898 0.572917 0.542969 0.572917 0.541992 0.574219 0.538086 0.574219 0.537109 0.575521 0.53418 0.575521 0.533203 0.576823 0.529297 0.576823 0.529297 0.591146 0.535156 0.591146 0.536133 0.589844 0.548828 0.589844
1 0.362305 0.268229 0.362305 0.273438 0.361328 0.27474 0.357422 0.27474 0.357422 0.34375 0.360352 0.34375 0.361328 0.345052 0.361328 0.346354 0.362305 0.347656 0.362305 0.35026 0.363281 0.351562 0.363281 0.355469 0.364258 0.356771 0.364258 0.360677 0.365234 0.361979 0.365234 0.364583 0.366211 0.365885 0.366211 0.367188 0.367188 0.36849 0.367188 0.371094 0.368164 0.372396 0.368164 0.373698 0.369141 0.375 0.369141 0.376302 0.370117 0.377604 0.370117 0.38151 0.371094 0.382812 0.371094 0.385417 0.37207 0.386719 0.37207 0.389323 0.373047 0.390625 0.373047 0.393229 0.374023 0.394531 0.374023 0.395833 0.375 0.397135 0.375 0.39974 0.375977 0.401042 0.375977 0.40625 0.376953 0.407552 0.376953 0.408854 0.37793 0.410156 0.37793 0.41276 0.378906 0.414062 0.378906 0.417969 0.379883 0.419271 0.379883 0.423177 0.380859 0.424479 0.380859 0.427083 0.381836 0.428385 0.381836 0.429688 0.382812 0.43099 0.382812 0.432292 0.383789 0.433594 0.383789 0.434896 0.384766 0.436198 0.384766 0.4375 0.385742 0.438802 0.385742 0.440104 0.386719 0.441406 0.386719 0.442708 0.387695 0.44401 0.387695 0.445312 0.388672 0.446615 0.388672 0.447917 0.389648 0.449219 0.389648 0.450521 0.390625 0.451823 0.390625 0.453125 0.391602 0.454427 0.391602 0.455729 0.392578 0.457031 0.392578 0.459635 0.393555 0.460938 0.393555 0.46224 0.394531 0.463542 0.394531 0.467448 0.395508 0.46875 0.395508 0.472656 0.396484 0.473958 0.396484 0.476562 0.397461 0.477865 0.397461 0.479167 0.398438 0.480469 0.398438 0.483073 0.399414 0.484375 0.399414 0.486979 0.400391 0.488281 0.400391 0.490885 0.401367 0.492188 0.401367 0.49349 0.402344 0.494792 0.402344 0.498698 0.40332 0.5 0.40332 0.505208 0.404297 0.50651 0.404297 0.510417 0.405273 0.511719 0.405273 0.514323 0.40625 0.515625 0.40625 0.518229 0.407227 0.519531 0.407227 0.522135 0.408203 0.523438 0.408203 0.526042 0.40918 0.527344 0.40918 0.528646 0.410156 0.529948 0.410156 0.53125 0.411133 0.532552 0.411133 0.533854 0.413086 0.536458 0.413086 0.53776 0.414062 0.539062 0.414062 0.540365 0.415039 0.541667 0.415039 0.542969 0.416016 0.544271 0.416016 0.545573 0.417969 0.548177 0.417969 0.550781 0.418945 0.552083 0.418945 0.554688 0.425781 0.563802 0.426758 0.563802 0.427734 0.565104 0.439453 0.565104 0.44043 0.563802 0.441406 0.563802 0.442383 0.5625 0.446289 0.5625 0.446289 0.511719 0.442383 0.511719 0.441406 0.510417 0.441406 0.509115 0.44043 0.507812 0.44043 0.50651 0.439453 0.505208 0.439453 0.503906 0.438477 0.502604 0.438477 0.498698 0.4375 0.497396 0.4375 0.49349 0.436523 0.492188 0.436523 0.489583 0.435547 0.488281 0.435547 0.484375 0.43457 0.483073 0.43457 0.480469 0.433594 0.479167 0.433594 0.476562 0.432617 0.47526 0.432617 0.473958 0.431641 0.472656 0.431641 0.470052 0.430664 0.46875 0.430664 0.466146 0.429688 0.464844 0.429688 0.46224 0.428711 0.460938 0.428711 0.458333 0.427734 0.457031 0.427734 0.453125 0.426758 0.451823 0.426758 0.449219 0.425781 0.447917 0.425781 0.445312 0.424805 0.44401 0.424805 0.441406 0.423828 0.440104 0.423828 0.4375 0.422852 0.436198 0.422852 0.433594 0.421875 0.432292 0.421875 0.43099 0.420898 0.429688 0.420898 0.427083 0.419922 0.425781 0.419922 0.424479 0.418945 0.423177 0.418945 0.421875 0.417969 0.420573 0.417969 0.419271 0.416992 0.417969 0.416992 0.416667 0.416016 0.415365 0.416016 0.414062 0.415039 0.41276 0.415039 0.410156 0.413086 0.407552 0.413086 0.40625 0.412109 0.404948 0.412109 0.386719 0.411133 0.385417 0.411133 0.378906 0.410156 0.377604 0.410156 0.375 0.40918 0.373698 0.40918 0.371094 0.408203 0.369792 0.408203 0.36849 0.407227 0.367188 0.407227 0.365885 0.40625 0.364583 0.40625 0.361979 0.405273 0.360677 0.405273 0.358073 0.404297 0.356771 0.404297 0.347656 0.40332 0.346354 0.40332 0.342448 0.402344 0.341146 0.402344 0.338542 0.401367 0.33724 0.401367 0.334635 0.400391 0.333333 0.400391 0.330729 0.399414 0.329427 0.399414 0.326823 0.398438 0.325521 0.398438 0.322917 0.397461 0.321615 0.397461 0.320312 0.396484 0.31901 0.396484 0.315104 0.395508 0.313802 0.395508 0.3125 0.394531 0.311198 0.394531 0.309896 0.393555 0.308594 0.393555 0.307292 0.392578 0.30599 0.392578 0.303385 0.391602 0.302083 0.391602 0.300781 0.390625 0.299479 0.390625 0.298177 0.389648 0.296875 0.389648 0.294271 0.388672 0.292969 0.388672 0.291667 0.387695 0.290365 0.387695 0.289062 0.386719 0.28776 0.386719 0.286458 0.384766 0.283854 0.384766 0.282552 0.383789 0.28125 0.383789 0.279948 0.381836 0.277344 0.381836 0.276042 0.379883 0.273438 0.379883 0.268229
1 0.302734 0.825521 0.302734 0.873698 0.305664 0.873698 0.307617 0.876302 0.307617 0.877604 0.308594 0.878906 0.308594 0.880208 0.30957 0.88151 0.30957 0.884115 0.310547 0.885417 0.310547 0.886719 0.311523 0.888021 0.311523 0.890625 0.3125 0.891927 0.3125 0.895833 0.313477 0.897135 0.313477 0.898438 0.314453 0.89974 0.314453 0.902344 0.31543 0.903646 0.31543 0.907552 0.316406 0.908854 0.316406 0.914062 0.317383 0.915365 0.317383 0.921875 0.318359 0.923177 0.318359 0.947917 0.317383 0.949219 0.317383 0.958333 0.318359 0.959635 0.318359 0.964844 0.319336 0.966146 0.319336 0.970052 0.320312 0.971354 0.320312 0.97526 0.321289 0.976562 0.321289 0.980469 0.322266 0.981771 0.322266 0.985677 0.34375 0.985677 0.34375 0.979167 0.344727 0.977865 0.344727 0.976562 0.350586 0.96875 0.350586 0.967448 0.351562 0.966146 0.351562 0.964844 0.352539 0.963542 0.352539 0.96224 0.353516 0.960938 0.353516 0.958333 0.354492 0.957031 0.354492 0.953125 0.355469 0.951823 0.355469 0.942708 0.356445 0.941406 0.356445 0.938802 0.355469 0.9375 0.355469 0.928385 0.354492 0.927083 0.354492 0.923177 0.353516 0.921875 0.353516 0.919271 0.352539 0.917969 0.352539 0.916667 0.351562 0.915365 0.351562 0.91276 0.350586 0.911458 0.350586 0.910156 0.349609 0.908854 0.349609 0.90625 0.348633 0.904948 0.348633 0.902344 0.347656 0.901042 0.347656 0.898438 0.34668 0.897135 0.34668 0.895833 0.345703 0.894531 0.345703 0.893229 0.344727 0.891927 0.344727 0.890625 0.34375 0.889323 0.34375 0.886719 0.342773 0.885417 0.342773 0.884115 0.341797 0.882812 0.341797 0.88151 0.34082 0.880208 0.34082 0.877604 0.339844 0.876302 0.339844 0.875 0.338867 0.873698 0.338867 0.871094 0.337891 0.869792 0.337891 0.86849 0.336914 0.867188 0.336914 0.865885 0.335938 0.864583 0.335938 0.863281 0.334961 0.861979 0.334961 0.860677 0.333984 0.859375 0.333984 0.858073 0.333008 0.856771 0.333008 0.855469 0.332031 0.854167 0.332031 0.852865 0.331055 0.851562 0.331055 0.85026 0.330078 0.848958 0.330078 0.847656 0.329102 0.846354 0.329102 0.845052 0.328125 0.84375 0.328125 0.841146 0.327148 0.839844 0.327148 0.838542 0.326172 0.83724 0.326172 0.835938 0.325195 0.834635 0.325195 0.833333 0.324219 0.832031 0.324219 0.830729 0.323242 0.829427 0.323242 0.825521
1 0.650391 0.893229 0.650391 0.917969 0.65332 0.917969 0.654297 0.919271 0.655273 0.919271 0.660156 0.925781 0.661133 0.925781 0.663086 0.928385 0.664062 0.928385 0.665039 0.929688 0.666992 0.929688 0.667969 0.93099 0.668945 0.93099 0.670898 0.933594 0.671875 0.933594 0.673828 0.936198 0.674805 0.936198 0.675781 0.9375 0.676758 0.9375 0.677734 0.938802 0.678711 0.938802 0.679688 0.940104 0.680664 0.940104 0.681641 0.941406 0.682617 0.941406 0.683594 0.942708 0.686523 0.942708 0.6875 0.94401 0.691406 0.94401 0.692383 0.945312 0.696289 0.945312 0.697266 0.946615 0.702148 0.946615 0.703125 0.947917 0.706055 0.947917 0.707031 0.949219 0.708008 0.949219 0.708984 0.950521 0.710938 0.950521 0.711914 0.951823 0.713867 0.951823 0.714844 0.953125 0.71582 0.953125 0.716797 0.954427 0.71875 0.954427 0.719727 0.955729 0.720703 0.955729 0.72168 0.957031 0.723633 0.957031 0.724609 0.958333 0.726562 0.958333 0.727539 0.959635 0.728516 0.959635 0.730469 0.96224 0.731445 0.96224 0.732422 0.963542 0.733398 0.963542 0.735352 0.966146 0.735352 0.970052 0.754883 0.970052 0.754883 0.94401 0.750977 0.94401 0.75 0.942708 0.75 0.941406 0.742188 0.93099 0.742188 0.929688 0.736328 0.921875 0.735352 0.921875 0.734375 0.920573 0.733398 0.920573 0.732422 0.919271 0.731445 0.919271 0.729492 0.916667 0.727539 0.916667 0.726562 0.915365 0.725586 0.915365 0.724609 0.914062 0.722656 0.914062 0.72168 0.91276 0.719727 0.91276 0.71875 0.911458 0.716797 0.911458 0.71582 0.910156 0.713867 0.910156 0.712891 0.908854 0.711914 0.908854 0.710938 0.907552 0.709961 0.907552 0.708984 0.90625 0.707031 0.90625 0.706055 0.904948 0.705078 0.904948 0.704102 0.903646 0.703125 0.903646 0.701172 0.901042 0.700195 0.901042 0.699219 0.89974 0.698242 0.89974 0.697266 0.898438 0.696289 0.898438 0.695312 0.897135 0.695312 0.893229
1 0.112305 0.705729 0.112305 0.710938 0.109375 0.714844 0.109375 0.716146 0.107422 0.71875 0.107422 0.720052 0.106445 0.721354 0.106445 0.722656 0.105469 0.723958 0.105469 0.72526 0.104492 0.726562 0.104492 0.729167 0.103516 0.730469 0.103516 0.734375 0.102539 0.735677 0.102539 0.740885 0.101562 0.742188 0.101562 0.744792 0.100586 0.746094 0.100586 0.748698 0.0996094 0.75 0.0996094 0.751302 0.0986328 0.752604 0.0986328 0.753906 0.0966797 0.75651 0.0966797 0.757812 0.0957031 0.759115 0.0957031 0.760417 0.0947266 0.761719 0.0947266 0.763021 0.09375 0.764323 0.09375 0.765625 0.0927734 0.766927 0.0927734 0.768229 0.0917969 0.769531 0.0917969 0.770833 0.0908203 0.772135 0.0908203 0.773438 0.0898438 0.77474 0.0898438 0.776042 0.0888672 0.777344 0.0888672 0.792969 0.0898438 0.794271 0.0898438 0.800781 0.0908203 0.802083 0.0908203 0.807292 0.0898438 0.808594 0.0898438 0.8125 0.0888672 0.813802 0.0888672 0.817708 0.0878906 0.81901 0.0878906 0.821615 0.0869141 0.822917 0.0869141 0.825521 0.0859375 0.826823 0.0859375 0.829427 0.0849609 0.830729 0.0849609 0.832031 0.0839844 0.833333 0.0839844 0.834635 0.0830078 0.835938 0.0830078 0.838542 0.0820312 0.839844 0.0820312 0.842448 0.0810547 0.84375 0.0810547 0.846354 0.0800781 0.847656 0.0800781 0.848958 0.0791016 0.85026 0.0791016 0.851562 0.078125 0.852865 0.078125 0.854167 0.0771484 0.855469 0.0771484 0.856771 0.0732422 0.861979 0.0732422 0.863281 0.0712891 0.865885 0.0712891 0.867188 0.0693359 0.869792 0.0693359 0.871094 0.0673828 0.873698 0.0673828 0.875 0.0664062 0.876302 0.0664062 0.877604 0.0634766 0.88151 0.0605469 0.88151 0.0605469 0.907552 0.0673828 0.907552 0.0683594 0.90625 0.0722656 0.90625 0.0732422 0.904948 0.0751953 0.904948 0.0761719 0.903646 0.078125 0.903646 0.0791016 0.902344 0.0800781 0.902344 0.0810547 0.901042 0.0830078 0.901042 0.0849609 0.898438 0.0859375 0.898438 0.0917969 0.890625 0.0917969 0.889323 0.09375 0.886719 0.09375 0.885417 0.0947266 0.884115 0.0947266 0.882812 0.0957031 0.88151 0.0957031 0.880208 0.0966797 0.878906 0.0966797 0.877604 0.0976562 0.876302 0.0976562 0.875 0.0986328 0.873698 0.0986328 0.872396 0.0996094 0.871094 0.0996094 0.869792 0.100586 0.86849 0.100586 0.867188 0.101562 0.865885 0.101562 0.864583 0.102539 0.863281 0.102539 0.861979 0.103516 0.860677 0.103516 0.859375 0.104492 0.858073 0.104492 0.856771 0.105469 0.855469 0.105469 0.854167 0.106445 0.852865 0.106445 0.851562 0.107422 0.85026 0.107422 0.847656 0.108398 0.846354 0.108398 0.845052 0.109375 0.84375 0.109375 0.841146 0.110352 0.839844 0.110352 0.83724 0.111328 0.835938 0.111328 0.832031 0.112305 0.830729 0.112305 0.825521 0.113281 0.824219 0.113281 0.81901 0.114258 0.817708 0.114258 0.8125 0.115234 0.811198 0.115234 0.804688 0.116211 0.803385 0.116211 0.791667 0.117188 0.790365 0.117188 0.782552 0.118164 0.78125 0.118164 0.776042 0.119141 0.77474 0.119141 0.770833 0.120117 0.769531 0.120117 0.764323 0.121094 0.763021 0.121094 0.760417 0.12207 0.759115 0.12207 0.75651 0.123047 0.755208 0.123047 0.753906 0.125 0.751302 0.125 0.748698 0.125977 0.747396 0.125977 0.746094 0.126953 0.744792 0.126953 0.74349 0.12793 0.742188 0.12793 0.740885 0.128906 0.739583 0.128906 0.738281 0.129883 0.736979 0.129883 0.735677 0.130859 0.734375 0.133789 0.734375 0.133789 0.716146 0.130859 0.716146 0.129883 0.714844 0.129883 0.713542 0.128906 0.71224 0.128906 0.705729
1 0.262695 0.832031 0.261719 0.833333 0.260742 0.833333 0.259766 0.834635 0.254883 0.834635 0.253906 0.835938 0.250977 0.835938 0.25 0.83724 0.24707 0.83724 0.246094 0.838542 0.245117 0.838542 0.244141 0.839844 0.243164 0.839844 0.242188 0.841146 0.241211 0.841146 0.239258 0.84375 0.238281 0.84375 0.237305 0.845052 0.236328 0.845052 0.235352 0.846354 0.231445 0.846354 0.230469 0.847656 0.227539 0.847656 0.226562 0.846354 0.216797 0.846354 0.21582 0.845052 0.216797 0.84375 0.217773 0.84375 0.21875 0.842448 0.219727 0.842448 0.223633 0.83724 0.224609 0.83724 0.225586 0.835938 0.227539 0.835938 0.226562 0.834635 0.223633 0.834635 0.22168 0.832031 0.220703 0.832031 0.21875 0.829427 0.217773 0.829427 0.216797 0.828125 0.21582 0.828125 0.211914 0.822917 0.210938 0.822917 0.209961 0.821615 0.202148 0.821615 0.201172 0.822917 0.198242 0.822917 0.197266 0.824219 0.195312 0.824219 0.194336 0.825521 0.193359 0.825521 0.192383 0.826823 0.191406 0.826823 0.188477 0.830729 0.188477 0.833333 0.186523 0.835938 0.185547 0.835938 0.182617 0.839844 0.181641 0.839844 0.180664 0.841146 0.178711 0.841146 0.178711 0.842448 0.177734 0.84375 0.177734 0.845052 0.176758 0.846354 0.176758 0.848958 0.174805 0.851562 0.173828 0.851562 0.172852 0.852865 0.170898 0.852865 0.169922 0.854167 0.168945 0.854167 0.167969 0.855469 0.166992 0.855469 0.166016 0.856771 0.164062 0.856771 0.163086 0.858073 0.162109 0.858073 0.161133 0.859375 0.15918 0.859375 0.158203 0.860677 0.15625 0.860677 0.155273 0.861979 0.15332 0.861979 0.152344 0.863281 0.150391 0.863281 0.149414 0.864583 0.147461 0.864583 0.146484 0.865885 0.144531 0.865885 0.143555 0.867188 0.142578 0.867188 0.140625 0.869792 0.138672 0.869792 0.136719 0.872396 0.135742 0.872396 0.134766 0.873698 0.133789 0.873698 0.131836 0.876302 0.130859 0.876302 0.126953 0.88151 0.125977 0.88151 0.125 0.882812 0.124023 0.882812 0.123047 0.884115 0.12207 0.884115 0.121094 0.885417 0.120117 0.885417 0.119141 0.886719 0.117188 0.886719 0.116211 0.888021 0.115234 0.888021 0.114258 0.889323 0.113281 0.889323 0.112305 0.890625 0.111328 0.890625 0.110352 0.891927 0.108398 0.891927 0.107422 0.893229 0.106445 0.893229 0.105469 0.894531 0.103516 0.894531 0.102539 0.895833 0.100586 0.895833 0.0996094 0.897135 0.0986328 0.897135 0.0976562 0.898438 0.0966797 0.898438 0.0957031 0.89974 0.09375 0.89974 0.0927734 0.901042 0.0917969 0.901042 0.0908203 0.902344 0.0888672 0.902344 0.0878906 0.903646 0.0869141 0.903646 0.0859375 0.904948 0.0839844 0.904948 0.0830078 0.90625 0.0810547 0.90625 0.0800781 0.907552 0.0771484 0.907552 0.0761719 0.908854 0.0722656 0.908854 0.0712891 0.910156 0.0566406 0.910156 0.0556641 0.911458 0.0537109 0.911458 0.0527344 0.91276 0.0507812 0.91276 0.0498047 0.914062 0.0488281 0.914062 0.0478516 0.915365 0.046875 0.915365 0.0458984 0.916667 0.0449219 0.916667 0.0429688 0.919271 0.0419922 0.919271 0.0400391 0.921875 0.0390625 0.921875 0.0380859 0.923177 0.0371094 0.923177 0.0351562 0.925781 0.0341797 0.925781 0.0322266 0.928385 0.0302734 0.928385 0.0292969 0.929688 0.0283203 0.929688 0.0273438 0.93099 0.0263672 0.93099 0.0253906 0.932292 0.0244141 0.932292 0.0234375 0.933594 0.0224609 0.933594 0.0214844 0.934896 0.0205078 0.934896 0.0195312 0.936198 0.0185547 0.936198 0.0175781 0.9375 0.0166016 0.9375 0.015625 0.938802 0.0136719 0.938802 0.0126953 0.940104 0.0117188 0.940104 0.0107422 0.941406 0.00976562 0.941406 0.00878906 0.942708 0.0078125 0.942708 0.00683594 0.94401 0.00585938 0.94401 0.00488281 0.945312 0.00390625 0.945312 0.00195312 0.947917 0 0.947917 0 0.977865 0.00292969 0.977865 0.00390625 0.979167 0.00976562 0.979167 0.0107422 0.977865 0.0166016 0.977865 0.0175781 0.976562 0.0185547 0.976562 0.0195312 0.97526 0.0214844 0.97526 0.0224609 0.973958 0.0244141 0.973958 0.0253906 0.972656 0.0273438 0.972656 0.0283203 0.971354 0.0292969 0.971354 0.0302734 0.970052 0.0322266 0.970052 0.0341797 0.967448 0.0351562 0.967448 0.0371094 0.964844 0.0390625 0.964844 0.0400391 0.963542 0.0419922 0.963542 0.0429688 0.96224 0.046875 0.96224 0.0478516 0.960938 0.0498047 0.960938 0.0507812 0.959635 0.0517578 0.959635 0.0527344 0.958333 0.0537109 0.958333 0.0546875 0.957031 0.0566406 0.957031 0.0585938 0.954427 0.0605469 0.954427 0.0615234 0.953125 0.0625 0.953125 0.0634766 0.951823 0.0654297 0.951823 0.0664062 0.950521 0.0673828 0.950521 0.0683594 0.949219 0.0693359 0.949219 0.0703125 0.947917 0.0712891 0.947917 0.0722656 0.946615 0.0732422 0.946615 0.0751953 0.94401 0.078125 0.94401 0.0791016 0.942708 0.0839844 0.942708 0.0849609 0.941406 0.0908203 0.941406 0.0917969 0.940104 0.0957031 0.940104 0.0966797 0.938802 0.0986328 0.938802 0.0996094 0.9375 0.102539 0.9375 0.103516 0.936198 0.105469 0.936198 0.106445 0.934896 0.108398 0.934896 0.109375 0.933594 0.110352 0.933594 0.111328 0.932292 0.113281 0.932292 0.114258 0.93099 0.115234 0.93099 0.116211 0.929688 0.117188 0.929688 0.118164 0.928385 0.119141 0.928385 0.120117 0.927083 0.121094 0.927083 0.123047 0.924479 0.124023 0.924479 0.125 0.923177 0.125977 0.923177 0.126953 0.921875 0.12793 0.921875 0.129883 0.919271 0.130859 0.919271 0.132812 0.916667 0.133789 0.916667 0.134766 0.915365 0.135742 0.915365 0.137695 0.91276 0.138672 0.91276 0.139648 0.911458 0.141602 0.911458 0.142578 0.910156 0.143555 0.910156 0.144531 0.908854 0.145508 0.908854 0.147461 0.90625 0.148438 0.90625 0.149414 0.904948 0.150391 0.904948 0.151367 0.903646 0.152344 0.903646 0.154297 0.901042 0.155273 0.901042 0.15625 0.89974 0.157227 0.89974 0.158203 0.898438 0.15918 0.898438 0.160156 0.897135 0.161133 0.897135 0.162109 0.895833 0.163086 0.895833 0.164062 0.894531 0.166992 0.894531 0.167969 0.893229 0.170898 0.893229 0.171875 0.891927 0.176758 0.891927 0.177734 0.890625 0.182617 0.890625 0.183594 0.889323 0.188477 0.889323 0.189453 0.888021 0.193359 0.888021 0.194336 0.886719 0.197266 0.886719 0.198242 0.885417 0.201172 0.885417 0.202148 0.884115 0.206055 0.884115 0.207031 0.882812 0.211914 0.882812 0.212891 0.88151 0.21582 0.88151 0.216797 0.880208 0.223633 0.880208 0.224609 0.878906 0.227539 0.878906 0.228516 0.877604 0.232422 0.877604 0.233398 0.876302 0.236328 0.876302 0.237305 0.875 0.242188 0.875 0.243164 0.873698 0.24707 0.873698 0.248047 0.872396 0.251953 0.872396 0.25293 0.871094 0.256836 0.871094 0.257812 0.869792 0.258789 0.869792 0.259766 0.86849 0.260742 0.86849 0.261719 0.867188 0.262695 0.867188 0.263672 0.865885 0.263672 0.864583 0.265625 0.861979 0.265625 0.854167 0.266602 0.852865 0.266602 0.851562 0.268555 0.848958 0.269531 0.848958 0.270508 0.847656 0.272461 0.847656 0.273438 0.846354 0.277344 0.846354 0.27832 0.845052 0.280273 0.845052 0.286133 0.83724 0.286133 0.835938 0.287109 0.834635 0.287109 0.830729 0.285156 0.828125 0.28418 0.828125 0.283203 0.826823 0.282227 0.826823 0.28125 0.825521 0.275391 0.825521 0.274414 0.826823 0.273438 0.826823 0.272461 0.828125 0.271484 0.828125 0.270508 0.829427 0.269531 0.829427 0.267578 0.832031 0.262695 0.832031 0.260742 0.815104 0.261719 0.813802 0.263672 0.813802 0.264648 0.8125 0.265625 0.8125 0.269531 0.807292 0.270508 0.807292 0.272461 0.804688 0.273438 0.804688 0.273438 0.799479 0.245117 0.799479 0.245117 0.809896 0.246094 0.811198 0.246094 0.8125 0.24707 0.813802 0.24707 0.815104 0.253906 0.815104 0.254883 0.813802 0.255859 0.813802 0.256836 0.815104 0.260742 0.815104
1 0.699219 0.710938 0.699219 0.716146 0.697266 0.71875 0.697266 0.720052 0.695312 0.722656 0.695312 0.723958 0.693359 0.726562 0.693359 0.727865 0.692383 0.729167 0.692383 0.730469 0.691406 0.731771 0.691406 0.734375 0.69043 0.735677 0.69043 0.736979 0.689453 0.738281 0.689453 0.740885 0.688477 0.742188 0.688477 0.744792 0.6875 0.746094 0.6875 0.75 0.686523 0.751302 0.686523 0.753906 0.685547 0.755208 0.685547 0.757812 0.68457 0.759115 0.68457 0.761719 0.683594 0.763021 0.683594 0.765625 0.682617 0.766927 0.682617 0.769531 0.681641 0.770833 0.681641 0.772135 0.680664 0.773438 0.680664 0.776042 0.679688 0.777344 0.679688 0.778646 0.678711 0.779948 0.678711 0.782552 0.677734 0.783854 0.677734 0.786458 0.676758 0.78776 0.676758 0.789062 0.675781 0.790365 0.675781 0.791667 0.674805 0.792969 0.674805 0.794271 0.673828 0.795573 0.673828 0.796875 0.671875 0.799479 0.671875 0.800781 0.669922 0.803385 0.669922 0.804688 0.666992 0.808594 0.666992 0.809896 0.666016 0.811198 0.666016 0.8125 0.665039 0.813802 0.665039 0.816406 0.664062 0.817708 0.664062 0.81901 0.663086 0.820312 0.663086 0.821615 0.662109 0.822917 0.662109 0.825521 0.661133 0.826823 0.661133 0.829427 0.660156 0.830729 0.660156 0.832031 0.65918 0.833333 0.65918 0.835938 0.658203 0.83724 0.658203 0.838542 0.657227 0.839844 0.657227 0.841146 0.65625 0.842448 0.65625 0.84375 0.655273 0.845052 0.655273 0.847656 0.65332 0.85026 0.650391 0.85026 0.650391 0.902344 0.65332 0.902344 0.65332 0.898438 0.655273 0.895833 0.655273 0.894531 0.657227 0.891927 0.658203 0.891927 0.660156 0.889323 0.661133 0.889323 0.662109 0.888021 0.667969 0.888021 0.668945 0.886719 0.669922 0.888021 0.677734 0.888021 0.681641 0.882812 0.681641 0.88151 0.682617 0.880208 0.682617 0.878906 0.68457 0.876302 0.68457 0.875 0.686523 0.872396 0.686523 0.871094 0.688477 0.86849 0.688477 0.867188 0.689453 0.865885 0.689453 0.864583 0.692383 0.860677 0.692383 0.859375 0.693359 0.858073 0.693359 0.855469 0.696289 0.851562 0.696289 0.85026 0.697266 0.848958 0.697266 0.846354 0.698242 0.845052 0.698242 0.84375 0.699219 0.842448 0.699219 0.841146 0.700195 0.839844 0.700195 0.83724 0.701172 0.835938 0.701172 0.833333 0.702148 0.832031 0.702148 0.828125 0.703125 0.826823 0.703125 0.821615 0.704102 0.820312 0.704102 0.815104 0.705078 0.813802 0.705078 0.809896 0.706055 0.808594 0.706055 0.807292 0.707031 0.80599 0.707031 0.803385 0.708008 0.802083 0.708008 0.800781 0.708984 0.799479 0.708984 0.796875 0.709961 0.795573 0.709961 0.794271 0.710938 0.792969 0.710938 0.789062 0.711914 0.78776 0.711914 0.783854 0.712891 0.782552 0.712891 0.778646 0.713867 0.777344 0.713867 0.77474 0.714844 0.773438 0.714844 0.772135 0.71582 0.770833 0.71582 0.766927 0.716797 0.765625 0.716797 0.764323 0.717773 0.763021 0.717773 0.760417 0.71875 0.759115 0.71875 0.757812 0.720703 0.755208 0.723633 0.755208 0.723633 0.710938
1 0.75293 0.00260417 0.75293 0.00911458 0.745117 0.0195312 0.745117 0.0208333 0.741211 0.0260417 0.741211 0.0273438 0.738281 0.03125 0.738281 0.0325521 0.737305 0.0338542 0.737305 0.0351562 0.736328 0.0364583 0.736328 0.0377604 0.734375 0.0403646 0.734375 0.0416667 0.733398 0.0429688 0.733398 0.0442708 0.732422 0.0455729 0.732422 0.046875 0.731445 0.0481771 0.731445 0.0507812 0.730469 0.0520833 0.730469 0.0546875 0.729492 0.0559896 0.729492 0.0572917 0.728516 0.0585938 0.728516 0.0598958 0.724609 0.0651042 0.724609 0.0664062 0.722656 0.0690104 0.722656 0.0703125 0.720703 0.0729167 0.720703 0.0742188 0.717773 0.078125 0.717773 0.0794271 0.714844 0.0833333 0.714844 0.0846354 0.712891 0.0872396 0.712891 0.0885417 0.711914 0.0898438 0.711914 0.0911458 0.710938 0.0924479 0.710938 0.09375 0.709961 0.0950521 0.709961 0.0976562 0.708984 0.0989583 0.708984 0.10026 0.708008 0.101562 0.708008 0.102865 0.707031 0.104167 0.707031 0.106771 0.705078 0.109375 0.705078 0.110677 0.702148 0.114583 0.702148 0.115885 0.698242 0.121094 0.698242 0.122396 0.695312 0.126302 0.695312 0.127604 0.6875 0.138021 0.686523 0.138021 0.685547 0.139323 0.68457 0.139323 0.681641 0.143229 0.680664 0.143229 0.678711 0.145833 0.677734 0.145833 0.675781 0.148438 0.674805 0.148438 0.673828 0.14974 0.671875 0.14974 0.670898 0.151042 0.669922 0.151042 0.668945 0.14974 0.660156 0.14974 0.65918 0.151042 0.655273 0.151042 0.654297 0.152344 0.652344 0.152344 0.651367 0.153646 0.649414 0.153646 0.648438 0.154948 0.647461 0.154948 0.646484 0.15625 0.645508 0.15625 0.644531 0.157552 0.643555 0.157552 0.642578 0.158854 0.640625 0.158854 0.639648 0.160156 0.638672 0.160156 0.637695 0.161458 0.635742 0.161458 0.633789 0.164062 0.631836 0.164062 0.630859 0.165365 0.628906 0.165365 0.62793 0.166667 0.625977 0.166667 0.625 0.167969 0.62207 0.167969 0.621094 0.169271 0.618164 0.169271 0.617188 0.170573 0.613281 0.170573 0.612305 0.171875 0.607422 0.171875 0.606445 0.173177 0.601562 0.173177 0.600586 0.174479 0.597656 0.174479 0.59668 0.175781 0.591797 0.175781 0.59082 0.177083 0.585938 0.177083 0.584961 0.178385 0.581055 0.178385 0.580078 0.179688 0.575195 0.179688 0.574219 0.18099 0.571289 0.18099 0.570312 0.182292 0.569336 0.182292 0.568359 0.183594 0.56543 0.183594 0.564453 0.184896 0.563477 0.184896 0.5625 0.186198 0.561523 0.186198 0.560547 0.1875 0.558594 0.1875 0.557617 0.188802 0.556641 0.188802 0.555664 0.190104 0.554688 0.190104 0.553711 0.191406 0.552734 0.191406 0.551758 0.192708 0.549805 0.192708 0.548828 0.19401 0.547852 0.19401 0.546875 0.195312 0.544922 0.195312 0.543945 0.196615 0.541992 0.196615 0.541016 0.197917 0.540039 0.197917 0.539062 0.199219 0.537109 0.199219 0.532227 0.205729 0.530273 0.205729 0.529297 0.207031 0.526367 0.207031 0.525391 0.208333 0.524414 0.207031 0.517578 0.207031 0.517578 0.240885 0.530273 0.240885 0.530273 0.235677 0.53125 0.234375 0.532227 0.234375 0.533203 0.233073 0.535156 0.233073 0.536133 0.231771 0.538086 0.231771 0.539062 0.230469 0.541016 0.230469 0.541992 0.229167 0.544922 0.229167 0.545898 0.227865 0.550781 0.227865 0.551758 0.226562 0.554688 0.226562 0.555664 0.22526 0.557617 0.22526 0.558594 0.223958 0.560547 0.223958 0.561523 0.222656 0.564453 0.222656 0.56543 0.221354 0.568359 0.221354 0.569336 0.220052 0.573242 0.220052 0.574219 0.21875 0.576172 0.21875 0.577148 0.217448 0.581055 0.217448 0.582031 0.216146 0.585938 0.216146 0.586914 0.214844 0.59082 0.214844 0.591797 0.213542 0.594727 0.213542 0.595703 0.21224 0.599609 0.21224 0.600586 0.210938 0.603516 0.210938 0.604492 0.209635 0.608398 0.209635 0.609375 0.208333 0.615234 0.208333 0.616211 0.207031 0.619141 0.207031 0.620117 0.205729 0.625 0.205729 0.625977 0.204427 0.630859 0.204427 0.631836 0.203125 0.634766 0.203125 0.635742 0.201823 0.639648 0.201823 0.640625 0.200521 0.643555 0.200521 0.644531 0.199219 0.647461 0.199219 0.648438 0.197917 0.651367 0.197917 0.652344 0.196615 0.655273 0.196615 0.65625 0.195312 0.658203 0.195312 0.65918 0.19401 0.661133 0.19401 0.662109 0.192708 0.663086 0.192708 0.664062 0.191406 0.665039 0.191406 0.666016 0.190104 0.666992 0.190104 0.667969 0.188802 0.669922 0.188802 0.670898 0.1875 0.671875 0.1875 0.672852 0.186198 0.673828 0.186198 0.674805 0.184896 0.676758 0.184896 0.677734 0.183594 0.678711 0.183594 0.680664 0.18099 0.682617 0.18099 0.683594 0.179688 0.685547 0.179688 0.686523 0.178385 0.6875 0.178385 0.688477 0.177083 0.69043 0.177083 0.691406 0.175781 0.692383 0.175781 0.693359 0.174479 0.694336 0.174479 0.696289 0.171875 0.697266 0.171875 0.699219 0.169271 0.700195 0.169271 0.705078 0.16276 0.706055 0.16276 0.711914 0.154948 0.711914 0.153646 0.713867 0.151042 0.713867 0.14974 0.71582 0.147135 0.71582 0.145833 0.722656 0.136719 0.722656 0.135417 0.725586 0.13151 0.725586 0.130208 0.727539 0.127604 0.727539 0.126302 0.729492 0.123698 0.729492 0.122396 0.733398 0.117188 0.733398 0.115885 0.734375 0.114583 0.735352 0.114583 0.736328 0.113281 0.736328 0.111979 0.739258 0.108073 0.739258 0.106771 0.740234 0.105469 0.740234 0.104167 0.742188 0.101562 0.742188 0.10026 0.743164 0.0989583 0.743164 0.0963542 0.744141 0.0950521 0.744141 0.09375 0.746094 0.0911458 0.746094 0.0898438 0.74707 0.0885417 0.74707 0.0872396 0.748047 0.0859375 0.748047 0.0846354 0.749023 0.0833333 0.749023 0.0820312 0.75 0.0807292 0.75 0.0794271 0.751953 0.0768229 0.751953 0.0755208 0.753906 0.0729167 0.753906 0.0716146 0.755859 0.0690104 0.755859 0.0677083 0.756836 0.0664062 0.756836 0.0651042 0.757812 0.0638021 0.757812 0.0625 0.758789 0.0611979 0.758789 0.0598958 0.760742 0.0572917 0.760742 0.0559896 0.763672 0.0520833 0.763672 0.0507812 0.765625 0.0481771 0.765625 0.046875 0.768555 0.0429688 0.768555 0.0416667 0.770508 0.0390625 0.770508 0.0377604 0.772461 0.0351562 0.772461 0.0338542 0.77832 0.0260417 0.77832 0.0247396 0.78125 0.0208333 0.78125 0.0195312 0.78418 0.015625 0.78418 0.0143229 0.787109 0.0104167 0.788086 0.0104167 0.791016 0.00651042 0.791016 0.00260417
1 0.751953 0.648438 0.751953 0.677083 0.755859 0.677083 0.757812 0.679688 0.758789 0.679688 0.759766 0.68099 0.762695 0.68099 0.763672 0.682292 0.765625 0.682292 0.766602 0.683594 0.769531 0.683594 0.770508 0.684896 0.773438 0.684896 0.774414 0.686198 0.777344 0.686198 0.77832 0.6875 0.780273 0.6875 0.78125 0.688802 0.785156 0.688802 0.786133 0.690104 0.790039 0.690104 0.791016 0.691406 0.794922 0.691406 0.795898 0.692708 0.798828 0.692708 0.799805 0.69401 0.802734 0.69401 0.803711 0.695312 0.805664 0.695312 0.806641 0.696615 0.808594 0.696615 0.80957 0.697917 0.811523 0.697917 0.8125 0.699219 0.814453 0.699219 0.81543 0.700521 0.816406 0.700521 0.817383 0.701823 0.818359 0.701823 0.819336 0.703125 0.820312 0.703125 0.822266 0.705729 0.823242 0.705729 0.825195 0.708333 0.826172 0.708333 0.827148 0.709635 0.828125 0.709635 0.830078 0.71224 0.831055 0.71224 0.833008 0.714844 0.833984 0.714844 0.835938 0.717448 0.836914 0.717448 0.839844 0.721354 0.84082 0.721354 0.842773 0.723958 0.84375 0.723958 0.855469 0.739583 0.856445 0.739583 0.859375 0.74349 0.860352 0.74349 0.861328 0.744792 0.862305 0.744792 0.865234 0.748698 0.866211 0.748698 0.869141 0.752604 0.869141 0.75651 0.879883 0.75651 0.879883 0.714844 0.876953 0.714844 0.874023 0.710938 0.873047 0.710938 0.867188 0.703125 0.866211 0.703125 0.852539 0.684896 0.851562 0.684896 0.847656 0.679688 0.84668 0.679688 0.844727 0.677083 0.84375 0.677083 0.841797 0.674479 0.84082 0.674479 0.839844 0.673177 0.839844 0.671875 0.838867 0.670573 0.837891 0.670573 0.835938 0.667969 0.834961 0.667969 0.833984 0.666667 0.833008 0.666667 0.832031 0.665365 0.831055 0.665365 0.830078 0.664062 0.829102 0.664062 0.826172 0.660156 0.825195 0.660156 0.824219 0.658854 0.823242 0.658854 0.821289 0.65625 0.820312 0.65625 0.819336 0.654948 0.818359 0.654948 0.816406 0.652344 0.816406 0.648438
1 0.34668 0.640625 0.345703 0.641927 0.341797 0.641927 0.341797 0.658854 0.344727 0.658854 0.34668 0.661458 0.34668 0.66276 0.352539 0.670573 0.353516 0.670573 0.355469 0.673177 0.356445 0.673177 0.357422 0.674479 0.358398 0.674479 0.359375 0.675781 0.361328 0.675781 0.362305 0.677083 0.363281 0.677083 0.365234 0.679688 0.365234 0.683594 0.419922 0.683594 0.419922 0.679688 0.420898 0.678385 0.421875 0.678385 0.422852 0.677083 0.425781 0.677083 0.426758 0.675781 0.428711 0.675781 0.429688 0.674479 0.432617 0.674479 0.433594 0.673177 0.43457 0.673177 0.435547 0.671875 0.438477 0.671875 0.439453 0.670573 0.441406 0.670573 0.442383 0.669271 0.444336 0.669271 0.445312 0.667969 0.446289 0.667969 0.447266 0.666667 0.448242 0.666667 0.449219 0.665365 0.451172 0.665365 0.452148 0.664062 0.454102 0.664062 0.455078 0.66276 0.457031 0.66276 0.458008 0.661458 0.459961 0.661458 0.460938 0.660156 0.462891 0.660156 0.463867 0.658854 0.466797 0.658854 0.467773 0.657552 0.469727 0.657552 0.470703 0.65625 0.47168 0.65625 0.472656 0.654948 0.473633 0.654948 0.474609 0.653646 0.475586 0.653646 0.476562 0.652344 0.477539 0.652344 0.478516 0.651042 0.479492 0.651042 0.481445 0.648438 0.482422 0.648438 0.485352 0.644531 0.486328 0.644531 0.488281 0.641927 0.489258 0.641927 0.490234 0.640625 0.493164 0.640625 0.493164 0.622396 0.449219 0.622396 0.449219 0.626302 0.448242 0.627604 0.446289 0.627604 0.445312 0.628906 0.443359 0.628906 0.442383 0.630208 0.439453 0.630208 0.438477 0.63151 0.436523 0.63151 0.435547 0.632812 0.433594 0.632812 0.432617 0.634115 0.430664 0.634115 0.429688 0.635417 0.427734 0.635417 0.426758 0.636719 0.424805 0.636719 0.423828 0.638021 0.421875 0.638021 0.420898 0.639323 0.417969 0.639323 0.416992 0.640625 0.415039 0.640625 0.414062 0.641927 0.412109 0.641927 0.411133 0.643229 0.40918 0.643229 0.408203 0.644531 0.387695 0.644531 0.386719 0.643229 0.383789 0.643229 0.382812 0.641927 0.379883 0.641927 0.378906 0.640625 0.376953 0.640625 0.375977 0.639323 0.371094 0.639323 0.370117 0.638021 0.364258 0.638021 0.363281 0.639323 0.354492 0.639323 0.353516 0.640625 0.34668 0.640625 0.344727 0.634115 0.345703 0.632812 0.345703 0.628906 0.34668 0.627604 0.34668 0.622396 0.341797 0.622396 0.341797 0.634115 0.344727 0.634115
1 0.145508 0.395833 0.145508 0.397135 0.144531 0.398438 0.144531 0.403646 0.139648 0.410156 0.138672 0.410156 0.136719 0.41276 0.135742 0.41276 0.135742 0.414062 0.137695 0.416667 0.138672 0.416667 0.139648 0.417969 0.140625 0.417969 0.141602 0.419271 0.143555 0.419271 0.144531 0.420573 0.145508 0.420573 0.146484 0.421875 0.147461 0.421875 0.148438 0.423177 0.149414 0.423177 0.150391 0.424479 0.151367 0.424479 0.152344 0.425781 0.15332 0.425781 0.154297 0.427083 0.155273 0.427083 0.15625 0.428385 0.157227 0.428385 0.158203 0.429688 0.15918 0.429688 0.160156 0.43099 0.161133 0.43099 0.163086 0.433594 0.164062 0.433594 0.165039 0.434896 0.166016 0.434896 0.166992 0.436198 0.167969 0.436198 0.169922 0.438802 0.170898 0.438802 0.171875 0.440104 0.172852 0.440104 0.176758 0.445312 0.177734 0.445312 0.178711 0.446615 0.179688 0.446615 0.183594 0.451823 0.183594 0.453125 0.193359 0.466146 0.194336 0.466146 0.201172 0.47526 0.202148 0.47526 0.204102 0.477865 0.205078 0.477865 0.210938 0.485677 0.211914 0.485677 0.21582 0.490885 0.21582 0.492188 0.220703 0.498698 0.220703 0.5 0.22168 0.501302 0.22168 0.502604 0.223633 0.505208 0.223633 0.50651 0.226562 0.510417 0.226562 0.511719 0.229492 0.515625 0.229492 0.516927 0.230469 0.518229 0.230469 0.519531 0.231445 0.520833 0.231445 0.522135 0.233398 0.52474 0.233398 0.526042 0.236328 0.529948 0.236328 0.53125 0.237305 0.532552 0.237305 0.533854 0.240234 0.53776 0.240234 0.539062 0.242188 0.541667 0.242188 0.542969 0.244141 0.545573 0.244141 0.546875 0.246094 0.549479 0.246094 0.550781 0.24707 0.552083 0.24707 0.553385 0.251953 0.559896 0.251953 0.561198 0.25293 0.5625 0.25293 0.563802 0.253906 0.565104 0.253906 0.566406 0.254883 0.567708 0.254883 0.56901 0.256836 0.571615 0.256836 0.572917 0.258789 0.575521 0.258789 0.576823 0.260742 0.579427 0.260742 0.580729 0.261719 0.582031 0.261719 0.583333 0.262695 0.584635 0.262695 0.585938 0.263672 0.58724 0.263672 0.588542 0.267578 0.59375 0.267578 0.595052 0.269531 0.597656 0.269531 0.60026 0.270508 0.601562 0.270508 0.602865 0.271484 0.604167 0.271484 0.605469 0.275391 0.610677 0.275391 0.611979 0.27832 0.615885 0.27832 0.617188 0.279297 0.61849 0.280273 0.61849 0.285156 0.625 0.285156 0.626302 0.287109 0.628906 0.288086 0.628906 0.293945 0.636719 0.293945 0.638021 0.295898 0.640625 0.296875 0.640625 0.298828 0.643229 0.299805 0.643229 0.303711 0.648438 0.305664 0.648438 0.306641 0.64974 0.30957 0.64974 0.310547 0.651042 0.314453 0.651042 0.316406 0.648438 0.316406 0.643229 0.317383 0.641927 0.317383 0.636719 0.314453 0.632812 0.314453 0.627604 0.311523 0.623698 0.311523 0.622396 0.310547 0.621094 0.310547 0.619792 0.30957 0.61849 0.30957 0.615885 0.308594 0.614583 0.308594 0.613281 0.307617 0.611979 0.307617 0.610677 0.306641 0.609375 0.306641 0.606771 0.305664 0.605469 0.305664 0.604167 0.303711 0.601562 0.303711 0.598958 0.302734 0.597656 0.302734 0.596354 0.300781 0.59375 0.300781 0.592448 0.297852 0.588542 0.297852 0.58724 0.295898 0.584635 0.295898 0.583333 0.294922 0.582031 0.294922 0.580729 0.293945 0.579427 0.293945 0.578125 0.291992 0.575521 0.291992 0.574219 0.290039 0.571615 0.290039 0.570312 0.28418 0.5625 0.28418 0.561198 0.282227 0.558594 0.282227 0.557292 0.279297 0.553385 0.279297 0.552083 0.27832 0.550781 0.27832 0.549479 0.275391 0.545573 0.275391 0.544271 0.274414 0.542969 0.274414 0.541667 0.272461 0.539062 0.272461 0.53776 0.271484 0.536458 0.271484 0.533854 0.270508 0.532552 0.270508 0.53125 0.268555 0.528646 0.268555 0.527344 0.267578 0.526042 0.267578 0.52474 0.264648 0.520833 0.264648 0.519531 0.263672 0.518229 0.263672 0.516927 0.262695 0.515625 0.262695 0.514323 0.261719 0.513021 0.261719 0.511719 0.260742 0.510417 0.260742 0.509115 0.259766 0.507812 0.259766 0.50651 0.257812 0.503906 0.257812 0.502604 0.255859 0.5 0.255859 0.498698 0.254883 0.497396 0.254883 0.496094 0.25293 0.49349 0.25293 0.492188 0.243164 0.479167 0.242188 0.479167 0.231445 0.464844 0.230469 0.464844 0.224609 0.457031 0.223633 0.457031 0.213867 0.44401 0.212891 0.44401 0.205078 0.433594 0.204102 0.433594 0.203125 0.432292 0.202148 0.432292 0.201172 0.43099 0.200195 0.43099 0.199219 0.429688 0.198242 0.429688 0.197266 0.428385 0.196289 0.428385 0.195312 0.427083 0.193359 0.427083 0.192383 0.425781 0.189453 0.425781 0.188477 0.424479 0.186523 0.424479 0.185547 0.423177 0.18457 0.423177 0.183594 0.421875 0.182617 0.421875 0.181641 0.420573 0.180664 0.420573 0.178711 0.417969 0.177734 0.417969 0.175781 0.415365 0.174805 0.415365 0.173828 0.414062 0.172852 0.414062 0.167969 0.407552 0.166992 0.407552 0.166016 0.40625 0.164062 0.40625 0.163086 0.404948 0.161133 0.404948 0.160156 0.403646 0.158203 0.403646 0.157227 0.402344 0.15625 0.402344 0.155273 0.401042 0.154297 0.401042 0.152344 0.398438 0.151367 0.398438 0.150391 0.397135 0.149414 0.397135 0.148438 0.395833
1 0.791016 0.278646 0.791016 0.300781 0.793945 0.300781 0.795898 0.303385 0.795898 0.304688 0.796875 0.30599 0.796875 0.307292 0.798828 0.309896 0.798828 0.311198 0.800781 0.313802 0.800781 0.315104 0.803711 0.31901 0.803711 0.320312 0.804688 0.321615 0.804688 0.322917 0.807617 0.326823 0.807617 0.328125 0.80957 0.330729 0.80957 0.332031 0.81543 0.339844 0.81543 0.341146 0.827148 0.356771 0.828125 0.356771 0.830078 0.359375 0.831055 0.359375 0.833984 0.363281 0.834961 0.363281 0.837891 0.367188 0.838867 0.367188 0.84082 0.369792 0.841797 0.369792 0.84375 0.372396 0.844727 0.372396 0.845703 0.373698 0.84668 0.373698 0.848633 0.376302 0.850586 0.376302 0.851562 0.377604 0.853516 0.377604 0.854492 0.378906 0.855469 0.378906 0.856445 0.380208 0.857422 0.380208 0.858398 0.38151 0.860352 0.38151 0.861328 0.382812 0.863281 0.382812 0.864258 0.384115 0.865234 0.384115 0.866211 0.385417 0.867188 0.385417 0.868164 0.386719 0.870117 0.386719 0.871094 0.388021 0.873047 0.388021 0.874023 0.389323 0.875977 0.389323 0.876953 0.390625 0.879883 0.390625 0.880859 0.391927 0.882812 0.391927 0.883789 0.393229 0.886719 0.393229 0.887695 0.394531 0.892578 0.394531 0.893555 0.395833 0.898438 0.395833 0.899414 0.397135 0.904297 0.397135 0.905273 0.395833 0.90918 0.395833 0.910156 0.394531 0.915039 0.394531 0.915039 0.373698 0.912109 0.373698 0.908203 0.36849 0.907227 0.36849 0.905273 0.365885 0.90332 0.365885 0.902344 0.364583 0.900391 0.364583 0.899414 0.363281 0.898438 0.363281 0.897461 0.361979 0.895508 0.361979 0.894531 0.360677 0.892578 0.360677 0.891602 0.359375 0.890625 0.359375 0.889648 0.358073 0.887695 0.358073 0.886719 0.356771 0.883789 0.356771 0.882812 0.355469 0.880859 0.355469 0.879883 0.354167 0.87793 0.354167 0.876953 0.352865 0.875 0.352865 0.874023 0.351562 0.871094 0.351562 0.870117 0.35026 0.866211 0.35026 0.865234 0.348958 0.861328 0.348958 0.860352 0.347656 0.857422 0.347656 0.856445 0.346354 0.854492 0.346354 0.853516 0.345052 0.852539 0.345052 0.849609 0.341146 0.848633 0.341146 0.845703 0.33724 0.844727 0.33724 0.842773 0.334635 0.842773 0.333333 0.837891 0.326823 0.837891 0.325521 0.834961 0.321615 0.834961 0.320312 0.833984 0.31901 0.833984 0.317708 0.832031 0.315104 0.832031 0.313802 0.831055 0.3125 0.831055 0.311198 0.829102 0.308594 0.829102 0.307292 0.827148 0.304688 0.827148 0.303385 0.825195 0.300781 0.825195 0.299479 0.823242 0.296875 0.823242 0.295573 0.819336 0.290365 0.819336 0.289062 0.81543 0.283854 0.81543 0.278646
1 0.563477 0.622396 0.563477 0.626302 0.5625 0.627604 0.560547 0.627604 0.55957 0.628906 0.555664 0.628906 0.554688 0.630208 0.552734 0.630208 0.551758 0.63151 0.549805 0.63151 0.548828 0.632812 0.546875 0.632812 0.545898 0.634115 0.541992 0.634115 0.541016 0.635417 0.53418 0.635417 0.533203 0.636719 0.530273 0.636719 0.529297 0.638021 0.526367 0.638021 0.525391 0.639323 0.523438 0.639323 0.522461 0.640625 0.521484 0.640625 0.520508 0.641927 0.518555 0.641927 0.517578 0.643229 0.516602 0.643229 0.515625 0.644531 0.513672 0.644531 0.512695 0.645833 0.511719 0.645833 0.510742 0.647135 0.509766 0.647135 0.508789 0.648438 0.506836 0.648438 0.505859 0.64974 0.503906 0.64974 0.50293 0.651042 0.498047 0.651042 0.498047 0.666667 0.500977 0.666667 0.501953 0.667969 0.50293 0.667969 0.503906 0.669271 0.503906 0.673177 0.537109 0.673177 0.537109 0.669271 0.538086 0.667969 0.540039 0.667969 0.541016 0.666667 0.545898 0.666667 0.546875 0.665365 0.549805 0.665365 0.550781 0.664062 0.552734 0.664062 0.553711 0.66276 0.556641 0.66276 0.557617 0.661458 0.561523 0.661458 0.5625 0.660156 0.568359 0.660156 0.569336 0.658854 0.577148 0.658854 0.578125 0.657552 0.583984 0.657552 0.584961 0.65625 0.600586 0.65625 0.601562 0.654948 0.608398 0.654948 0.609375 0.653646 0.612305 0.653646 0.613281 0.652344 0.616211 0.652344 0.617188 0.651042 0.619141 0.651042 0.620117 0.64974 0.623047 0.64974 0.624023 0.648438 0.626953 0.648438 0.62793 0.647135 0.629883 0.647135 0.631836 0.644531 0.632812 0.644531 0.634766 0.641927 0.637695 0.641927 0.637695 0.635417 0.634766 0.635417 0.632812 0.632812 0.632812 0.63151 0.630859 0.628906 0.629883 0.628906 0.62793 0.626302 0.62793 0.622396
1 0.912109 0.867188 0.912109 0.914062 0.915039 0.914062 0.917969 0.917969 0.917969 0.919271 0.918945 0.920573 0.918945 0.921875 0.919922 0.923177 0.919922 0.924479 0.920898 0.925781 0.920898 0.927083 0.922852 0.929688 0.922852 0.93099 0.924805 0.933594 0.924805 0.934896 0.925781 0.936198 0.925781 0.9375 0.927734 0.940104 0.927734 0.941406 0.929688 0.94401 0.929688 0.945312 0.931641 0.947917 0.931641 0.949219 0.932617 0.950521 0.932617 0.951823 0.933594 0.953125 0.933594 0.954427 0.93457 0.955729 0.93457 0.957031 0.935547 0.958333 0.935547 0.959635 0.936523 0.960938 0.936523 0.963542 0.9375 0.964844 0.9375 0.967448 0.938477 0.96875 0.938477 0.972656 0.939453 0.973958 0.939453 0.980469 0.94043 0.981771 0.94043 0.986979 0.941406 0.988281 0.941406 0.992188 0.942383 0.99349 0.942383 0.994792 0.943359 0.996094 0.943359 0.998698 0.975586 0.998698 0.975586 0.997396 0.974609 0.996094 0.974609 0.99349 0.973633 0.992188 0.973633 0.989583 0.972656 0.988281 0.972656 0.986979 0.97168 0.985677 0.97168 0.983073 0.970703 0.981771 0.970703 0.980469 0.969727 0.979167 0.969727 0.976562 0.96875 0.97526 0.96875 0.973958 0.967773 0.972656 0.967773 0.970052 0.966797 0.96875 0.966797 0.967448 0.96582 0.966146 0.96582 0.964844 0.964844 0.963542 0.964844 0.960938 0.963867 0.959635 0.963867 0.958333 0.962891 0.957031 0.962891 0.955729 0.961914 0.954427 0.961914 0.951823 0.960938 0.950521 0.960938 0.949219 0.959961 0.947917 0.959961 0.946615 0.958984 0.945312 0.958984 0.942708 0.958008 0.941406 0.958008 0.940104 0.957031 0.938802 0.957031 0.9375 0.956055 0.936198 0.956055 0.934896 0.955078 0.933594 0.955078 0.932292 0.954102 0.93099 0.954102 0.929688 0.953125 0.928385 0.953125 0.927083 0.951172 0.924479 0.951172 0.923177 0.950195 0.921875 0.950195 0.920573 0.949219 0.919271 0.949219 0.917969 0.948242 0.916667 0.948242 0.915365 0.947266 0.914062 0.947266 0.91276 0.945312 0.910156 0.945312 0.908854 0.944336 0.907552 0.944336 0.90625 0.943359 0.904948 0.943359 0.903646 0.941406 0.901042 0.941406 0.89974 0.939453 0.897135 0.939453 0.895833 0.9375 0.893229 0.9375 0.891927 0.935547 0.889323 0.935547 0.888021 0.932617 0.884115 0.932617 0.882812 0.929688 0.878906 0.929688 0.877604 0.927734 0.875 0.927734 0.873698 0.926758 0.872396 0.926758 0.867188
1 0.0703125 0.528646 0.0703125 0.533854 0.0693359 0.535156 0.0693359 0.536458 0.0683594 0.53776 0.0683594 0.539062 0.0673828 0.540365 0.0673828 0.541667 0.0664062 0.542969 0.0664062 0.544271 0.0654297 0.545573 0.0654297 0.548177 0.0634766 0.550781 0.0634766 0.552083 0.0625 0.553385 0.0625 0.554688 0.0585938 0.559896 0.0585938 0.561198 0.0546875 0.566406 0.0546875 0.567708 0.0507812 0.572917 0.0507812 0.574219 0.0488281 0.576823 0.0488281 0.578125 0.0380859 0.592448 0.0380859 0.59375 0.0341797 0.598958 0.0341797 0.60026 0.03125 0.604167 0.03125 0.605469 0.0302734 0.606771 0.0302734 0.608073 0.0263672 0.613281 0.0263672 0.614583 0.0253906 0.615885 0.0253906 0.617188 0.0244141 0.61849 0.0244141 0.619792 0.0224609 0.622396 0.0224609 0.625 0.0214844 0.626302 0.0214844 0.627604 0.0195312 0.630208 0.0195312 0.63151 0.0185547 0.632812 0.0185547 0.634115 0.0146484 0.639323 0.0146484 0.640625 0.0117188 0.644531 0.0117188 0.645833 0.0107422 0.647135 0.0107422 0.648438 0.00878906 0.651042 0.00585938 0.651042 0.00585938 0.678385 0.0166016 0.678385 0.0175781 0.677083 0.0205078 0.677083 0.0214844 0.675781 0.0234375 0.675781 0.0244141 0.674479 0.0292969 0.674479 0.03125 0.671875 0.0322266 0.671875 0.0322266 0.670573 0.0341797 0.667969 0.0341797 0.666667 0.0361328 0.664062 0.0361328 0.66276 0.0371094 0.661458 0.0371094 0.660156 0.0380859 0.658854 0.0380859 0.657552 0.0390625 0.65625 0.0390625 0.654948 0.0400391 0.653646 0.0400391 0.652344 0.0410156 0.651042 0.0410156 0.648438 0.0419922 0.647135 0.0419922 0.645833 0.0429688 0.644531 0.0429688 0.643229 0.0439453 0.641927 0.0439453 0.640625 0.0449219 0.639323 0.0449219 0.638021 0.0458984 0.636719 0.0458984 0.635417 0.046875 0.634115 0.046875 0.632812 0.0478516 0.63151 0.0478516 0.630208 0.0498047 0.627604 0.0498047 0.626302 0.0517578 0.623698 0.0517578 0.622396 0.0556641 0.617188 0.0556641 0.615885 0.0625 0.606771 0.0634766 0.606771 0.078125 0.58724 0.078125 0.585938 0.0849609 0.576823 0.0849609 0.575521 0.0878906 0.571615 0.0878906 0.570312 0.0888672 0.56901 0.0888672 0.567708 0.0898438 0.566406 0.0898438 0.565104 0.0908203 0.563802 0.0908203 0.5625 0.0917969 0.561198 0.0917969 0.559896 0.0927734 0.558594 0.0927734 0.554688 0.09375 0.553385 0.09375 0.548177 0.0947266 0.546875 0.0947266 0.542969 0.0957031 0.541667 0.0986328 0.541667 0.0986328 0.528646
1 0.131836 0.731771 0.131836 0.736979 0.130859 0.738281 0.130859 0.739583 0.129883 0.740885 0.129883 0.74349 0.128906 0.744792 0.128906 0.746094 0.126953 0.748698 0.126953 0.75 0.125977 0.751302 0.125977 0.753906 0.125 0.755208 0.125 0.757812 0.124023 0.759115 0.124023 0.760417 0.123047 0.761719 0.123047 0.765625 0.12207 0.766927 0.12207 0.772135 0.121094 0.773438 0.121094 0.777344 0.120117 0.778646 0.120117 0.782552 0.119141 0.783854 0.119141 0.791667 0.118164 0.792969 0.118164 0.803385 0.117188 0.804688 0.117188 0.809896 0.116211 0.811198 0.116211 0.815104 0.115234 0.816406 0.115234 0.821615 0.114258 0.822917 0.114258 0.826823 0.113281 0.828125 0.113281 0.832031 0.112305 0.833333 0.112305 0.83724 0.111328 0.838542 0.111328 0.841146 0.110352 0.842448 0.110352 0.845052 0.109375 0.846354 0.109375 0.847656 0.108398 0.848958 0.108398 0.851562 0.106445 0.854167 0.103516 0.854167 0.103516 0.885417 0.110352 0.885417 0.111328 0.884115 0.112305 0.884115 0.113281 0.882812 0.115234 0.882812 0.116211 0.88151 0.117188 0.88151 0.118164 0.880208 0.119141 0.880208 0.120117 0.878906 0.121094 0.878906 0.12207 0.877604 0.123047 0.877604 0.125 0.875 0.125977 0.875 0.130859 0.86849 0.130859 0.867188 0.133789 0.863281 0.133789 0.861979 0.134766 0.860677 0.134766 0.859375 0.135742 0.858073 0.135742 0.856771 0.136719 0.855469 0.136719 0.854167 0.137695 0.852865 0.137695 0.851562 0.138672 0.85026 0.138672 0.848958 0.139648 0.847656 0.139648 0.845052 0.140625 0.84375 0.140625 0.841146 0.141602 0.839844 0.141602 0.83724 0.142578 0.835938 0.142578 0.830729 0.143555 0.829427 0.143555 0.822917 0.144531 0.821615 0.144531 0.815104 0.145508 0.813802 0.145508 0.809896 0.146484 0.808594 0.146484 0.800781 0.147461 0.799479 0.147461 0.78776 0.148438 0.786458 0.148438 0.779948 0.149414 0.778646 0.149414 0.777344 0.150391 0.776042 0.15332 0.776042 0.15332 0.731771
1 0.529297 0.283854 0.529297 0.304688 0.532227 0.304688 0.533203 0.30599 0.53418 0.30599 0.535156 0.307292 0.536133 0.307292 0.537109 0.308594 0.538086 0.308594 0.539062 0.309896 0.541016 0.309896 0.541992 0.311198 0.542969 0.311198 0.543945 0.3125 0.545898 0.3125 0.546875 0.313802 0.547852 0.313802 0.548828 0.315104 0.549805 0.315104 0.550781 0.316406 0.551758 0.316406 0.552734 0.317708 0.554688 0.317708 0.555664 0.31901 0.557617 0.31901 0.558594 0.320312 0.560547 0.320312 0.561523 0.321615 0.564453 0.321615 0.56543 0.322917 0.569336 0.322917 0.570312 0.324219 0.572266 0.324219 0.573242 0.325521 0.574219 0.325521 0.575195 0.326823 0.577148 0.326823 0.578125 0.328125 0.579102 0.328125 0.581055 0.330729 0.582031 0.330729 0.583008 0.332031 0.583984 0.332031 0.584961 0.333333 0.585938 0.333333 0.586914 0.334635 0.587891 0.334635 0.588867 0.335938 0.589844 0.335938 0.591797 0.338542 0.592773 0.338542 0.594727 0.341146 0.594727 0.345052 0.625 0.345052 0.625 0.341146 0.625977 0.339844 0.62793 0.339844 0.628906 0.338542 0.634766 0.338542 0.635742 0.33724 0.642578 0.33724 0.643555 0.335938 0.651367 0.335938 0.652344 0.334635 0.665039 0.334635 0.666016 0.333333 0.673828 0.333333 0.674805 0.332031 0.682617 0.332031 0.683594 0.330729 0.686523 0.330729 0.6875 0.329427 0.688477 0.329427 0.691406 0.325521 0.691406 0.324219 0.692383 0.322917 0.692383 0.316406 0.69043 0.313802 0.689453 0.313802 0.686523 0.309896 0.685547 0.309896 0.68457 0.308594 0.679688 0.308594 0.678711 0.307292 0.676758 0.307292 0.675781 0.30599 0.671875 0.30599 0.670898 0.304688 0.664062 0.304688 0.663086 0.303385 0.662109 0.303385 0.661133 0.302083 0.660156 0.302083 0.65918 0.300781 0.657227 0.300781 0.65625 0.299479 0.654297 0.299479 0.652344 0.296875 0.649414 0.296875 0.648438 0.295573 0.644531 0.295573 0.643555 0.294271 0.639648 0.294271 0.638672 0.292969 0.636719 0.292969 0.635742 0.291667 0.631836 0.291667 0.630859 0.292969 0.62793 0.292969 0.626953 0.294271 0.623047 0.294271 0.62207 0.295573 0.617188 0.295573 0.616211 0.296875 0.603516 0.296875 0.602539 0.295573 0.59668 0.295573 0.595703 0.294271 0.59375 0.294271 0.592773 0.292969 0.59082 0.292969 0.589844 0.291667 0.587891 0.291667 0.586914 0.290365 0.585938 0.290365 0.583984 0.28776 0.583984 0.283854
1 0.0449219 0.773438 0.0449219 0.783854 0.0439453 0.785156 0.0439453 0.789062 0.0429688 0.790365 0.0429688 0.791667 0.0419922 0.792969 0.0419922 0.794271 0.0380859 0.799479 0.0380859 0.800781 0.0322266 0.808594 0.0322266 0.809896 0.03125 0.811198 0.03125 0.815104 0.0302734 0.816406 0.0302734 0.824219 0.0292969 0.825521 0.0292969 0.830729 0.0283203 0.832031 0.0283203 0.834635 0.0273438 0.835938 0.0273438 0.841146 0.0263672 0.842448 0.0263672 0.847656 0.0253906 0.848958 0.0253906 0.85026 0.0244141 0.851562 0.0214844 0.851562 0.0214844 0.895833 0.0244141 0.895833 0.0263672 0.898438 0.0263672 0.89974 0.0322266 0.907552 0.0322266 0.91276 0.0449219 0.91276 0.0449219 0.907552 0.046875 0.904948 0.046875 0.903646 0.0478516 0.902344 0.0478516 0.901042 0.0488281 0.89974 0.0488281 0.898438 0.0498047 0.897135 0.0498047 0.894531 0.0507812 0.893229 0.0507812 0.890625 0.0517578 0.889323 0.0517578 0.882812 0.0527344 0.88151 0.0527344 0.863281 0.0537109 0.861979 0.0537109 0.860677 0.0527344 0.859375 0.0527344 0.854167 0.0537109 0.852865 0.0537109 0.832031 0.0546875 0.830729 0.0546875 0.822917 0.0556641 0.821615 0.0556641 0.820312 0.0566406 0.81901 0.0595703 0.81901 0.0595703 0.773438
1 0.504883 0.408854 0.504883 0.41276 0.50293 0.415365 0.501953 0.415365 0.500977 0.416667 0.5 0.416667 0.499023 0.417969 0.49707 0.417969 0.496094 0.419271 0.490234 0.419271 0.490234 0.450521 0.494141 0.450521 0.495117 0.451823 0.499023 0.451823 0.5 0.453125 0.501953 0.453125 0.50293 0.454427 0.504883 0.454427 0.505859 0.455729 0.505859 0.459635 0.525391 0.459635 0.525391 0.455729 0.526367 0.454427 0.529297 0.454427 0.530273 0.453125 0.535156 0.453125 0.536133 0.451823 0.539062 0.451823 0.540039 0.450521 0.541992 0.450521 0.542969 0.449219 0.543945 0.449219 0.544922 0.447917 0.546875 0.447917 0.547852 0.446615 0.548828 0.446615 0.549805 0.445312 0.550781 0.445312 0.551758 0.44401 0.552734 0.44401 0.558594 0.436198 0.558594 0.434896 0.55957 0.433594 0.55957 0.43099 0.560547 0.429688 0.556641 0.424479 0.555664 0.424479 0.553711 0.421875 0.552734 0.421875 0.549805 0.417969 0.548828 0.417969 0.546875 0.415365 0.545898 0.415365 0.543945 0.41276 0.543945 0.408854
1 0.177734 0.582031 0.175781 0.584635 0.173828 0.584635 0.172852 0.585938 0.171875 0.585938 0.170898 0.58724 0.168945 0.58724 0.166016 0.591146 0.165039 0.591146 0.157227 0.601562 0.157227 0.602865 0.155273 0.605469 0.154297 0.605469 0.148438 0.613281 0.147461 0.613281 0.139648 0.623698 0.138672 0.623698 0.136719 0.626302 0.136719 0.627604 0.129883 0.636719 0.129883 0.638021 0.118164 0.653646 0.117188 0.653646 0.109375 0.664062 0.108398 0.664062 0.108398 0.665365 0.0996094 0.677083 0.0986328 0.677083 0.0957031 0.68099 0.0947266 0.68099 0.09375 0.682292 0.0917969 0.682292 0.0908203 0.683594 0.0888672 0.683594 0.0878906 0.684896 0.0869141 0.684896 0.0859375 0.686198 0.0849609 0.686198 0.0830078 0.688802 0.0820312 0.688802 0.0800781 0.691406 0.078125 0.691406 0.0771484 0.692708 0.0751953 0.692708 0.0742188 0.69401 0.0732422 0.69401 0.0722656 0.695312 0.0644531 0.695312 0.0634766 0.696615 0.0576172 0.696615 0.0566406 0.697917 0.0546875 0.697917 0.0537109 0.699219 0.0517578 0.699219 0.0507812 0.700521 0.0458984 0.700521 0.0449219 0.701823 0.0419922 0.701823 0.0410156 0.700521 0.0400391 0.701823 0.0361328 0.701823 0.0351562 0.703125 0.0322266 0.703125 0.03125 0.704427 0.0292969 0.704427 0.0263672 0.708333 0.0263672 0.709635 0.0253906 0.710938 0.0244141 0.710938 0.0234375 0.71224 0.0214844 0.71224 0.0205078 0.713542 0.0195312 0.713542 0.0185547 0.714844 0.0175781 0.714844 0.0166016 0.716146 0.0117188 0.716146 0.0107422 0.717448 0.00878906 0.717448 0.0078125 0.716146 0.00195312 0.716146 0.00195312 0.74349 0.00976562 0.74349 0.0107422 0.744792 0.0117188 0.744792 0.0126953 0.746094 0.0234375 0.746094 0.0244141 0.744792 0.0351562 0.744792 0.0361328 0.74349 0.0400391 0.74349 0.0410156 0.742188 0.046875 0.742188 0.0478516 0.740885 0.0517578 0.740885 0.0527344 0.739583 0.0546875 0.739583 0.0556641 0.738281 0.0576172 0.738281 0.0585938 0.736979 0.0615234 0.736979 0.0625 0.735677 0.0654297 0.735677 0.0664062 0.734375 0.0683594 0.734375 0.0693359 0.733073 0.0703125 0.733073 0.0712891 0.731771 0.0742188 0.731771 0.0751953 0.730469 0.0771484 0.730469 0.078125 0.729167 0.0791016 0.729167 0.0800781 0.727865 0.0810547 0.727865 0.0820312 0.726562 0.0830078 0.726562 0.0839844 0.72526 0.0849609 0.72526 0.0859375 0.723958 0.0869141 0.723958 0.0878906 0.722656 0.0888672 0.722656 0.0898438 0.721354 0.0908203 0.721354 0.0917969 0.720052 0.09375 0.720052 0.0947266 0.71875 0.0966797 0.71875 0.0976562 0.717448 0.0986328 0.717448 0.0996094 0.716146 0.100586 0.716146 0.101562 0.714844 0.102539 0.714844 0.103516 0.713542 0.104492 0.713542 0.106445 0.710938 0.107422 0.710938 0.109375 0.708333 0.110352 0.708333 0.113281 0.704427 0.114258 0.704427 0.115234 0.703125 0.116211 0.703125 0.117188 0.701823 0.118164 0.701823 0.121094 0.697917 0.12207 0.697917 0.125977 0.692708 0.125977 0.691406 0.12793 0.688802 0.12793 0.6875 0.130859 0.683594 0.130859 0.682292 0.132812 0.679688 0.133789 0.679688 0.141602 0.669271 0.142578 0.669271 0.143555 0.667969 0.143555 0.666667 0.151367 0.65625 0.151367 0.654948 0.154297 0.651042 0.154297 0.64974 0.157227 0.645833 0.157227 0.644531 0.15918 0.641927 0.15918 0.640625 0.160156 0.639323 0.160156 0.638021 0.161133 0.636719 0.161133 0.635417 0.162109 0.634115 0.162109 0.632812 0.164062 0.630208 0.164062 0.628906 0.166016 0.626302 0.166016 0.625 0.166992 0.623698 0.166992 0.622396 0.171875 0.615885 0.171875 0.614583 0.172852 0.613281 0.172852 0.611979 0.173828 0.610677 0.173828 0.609375 0.174805 0.608073 0.174805 0.606771 0.175781 0.605469 0.175781 0.602865 0.176758 0.601562 0.176758 0.60026 0.177734 0.598958 0.177734 0.597656 0.179688 0.595052 0.179688 0.59375 0.181641 0.591146 0.18457 0.591146 0.18457 0.584635 0.180664 0.584635 0.179688 0.583333 0.178711 0.583333
1 0.335938 0.335938 0.335938 0.339844 0.333008 0.34375 0.332031 0.34375 0.328125 0.348958 0.327148 0.348958 0.311523 0.369792 0.310547 0.369792 0.306641 0.375 0.305664 0.375 0.299805 0.382812 0.299805 0.384115 0.298828 0.385417 0.297852 0.385417 0.289062 0.397135 0.289062 0.398438 0.283203 0.40625 0.282227 0.40625 0.27832 0.411458 0.277344 0.411458 0.277344 0.41276 0.275391 0.415365 0.275391 0.416667 0.274414 0.417969 0.274414 0.419271 0.272461 0.421875 0.272461 0.423177 0.270508 0.425781 0.270508 0.427083 0.267578 0.43099 0.267578 0.432292 0.264648 0.436198 0.264648 0.4375 0.261719 0.441406 0.260742 0.441406 0.257812 0.445312 0.257812 0.446615 0.254883 0.450521 0.251953 0.450521 0.251953 0.490885 0.265625 0.490885 0.265625 0.486979 0.268555 0.483073 0.269531 0.483073 0.27832 0.471354 0.27832 0.470052 0.282227 0.464844 0.282227 0.463542 0.283203 0.46224 0.283203 0.460938 0.28418 0.459635 0.28418 0.458333 0.286133 0.455729 0.286133 0.454427 0.287109 0.453125 0.287109 0.451823 0.288086 0.450521 0.288086 0.449219 0.289062 0.447917 0.289062 0.446615 0.291016 0.44401 0.291016 0.441406 0.291992 0.440104 0.291992 0.438802 0.293945 0.436198 0.293945 0.434896 0.302734 0.423177 0.302734 0.421875 0.311523 0.410156 0.3125 0.410156 0.31543 0.40625 0.316406 0.40625 0.320312 0.401042 0.321289 0.401042 0.324219 0.397135 0.325195 0.397135 0.327148 0.394531 0.328125 0.394531 0.330078 0.391927 0.331055 0.391927 0.332031 0.390625 0.333008 0.390625 0.336914 0.385417 0.337891 0.385417 0.349609 0.369792 0.350586 0.369792 0.353516 0.365885 0.354492 0.365885 0.356445 0.363281 0.360352 0.363281 0.360352 0.34375 0.357422 0.34375 0.355469 0.341146 0.355469 0.335938
1 0.212891 0.00260417 0.212891 0.00651042 0.211914 0.0078125 0.210938 0.0078125 0.209961 0.00911458 0.208008 0.00911458 0.207031 0.0104167 0.206055 0.0104167 0.205078 0.0117188 0.204102 0.0117188 0.194336 0.0247396 0.193359 0.0247396 0.192383 0.0260417 0.191406 0.0260417 0.186523 0.0325521 0.186523 0.0338542 0.182617 0.0390625 0.182617 0.0403646 0.179688 0.0442708 0.179688 0.0455729 0.176758 0.0494792 0.176758 0.0507812 0.173828 0.0546875 0.173828 0.0559896 0.172852 0.0572917 0.172852 0.0585938 0.171875 0.0598958 0.171875 0.0611979 0.170898 0.0625 0.170898 0.0651042 0.169922 0.0664062 0.169922 0.0690104 0.168945 0.0703125 0.168945 0.0742188 0.167969 0.0755208 0.167969 0.0807292 0.166992 0.0820312 0.166992 0.0872396 0.166016 0.0885417 0.166016 0.0924479 0.165039 0.09375 0.162109 0.09375 0.162109 0.106771 0.165039 0.106771 0.166016 0.108073 0.166016 0.111979 0.166992 0.113281 0.166992 0.119792 0.167969 0.121094 0.167969 0.130208 0.168945 0.13151 0.168945 0.140625 0.169922 0.141927 0.169922 0.14974 0.170898 0.151042 0.170898 0.160156 0.171875 0.161458 0.171875 0.178385 0.170898 0.179688 0.170898 0.1875 0.169922 0.188802 0.169922 0.19401 0.168945 0.195312 0.168945 0.197917 0.167969 0.199219 0.167969 0.201823 0.166992 0.203125 0.166992 0.204427 0.166016 0.205729 0.166016 0.207031 0.165039 0.208333 0.162109 0.208333 0.162109 0.253906 0.178711 0.253906 0.179688 0.252604 0.18457 0.252604 0.185547 0.251302 0.188477 0.251302 0.189453 0.25 0.192383 0.25 0.193359 0.248698 0.194336 0.248698 0.195312 0.247396 0.196289 0.247396 0.199219 0.24349 0.200195 0.24349 0.200195 0.242188 0.201172 0.240885 0.201172 0.238281 0.202148 0.236979 0.202148 0.233073 0.203125 0.231771 0.203125 0.227865 0.204102 0.226562 0.204102 0.216146 0.205078 0.214844 0.205078 0.210938 0.204102 0.209635 0.204102 0.19401 0.203125 0.192708 0.203125 0.178385 0.202148 0.177083 0.202148 0.164062 0.201172 0.16276 0.201172 0.152344 0.200195 0.151042 0.200195 0.145833 0.199219 0.144531 0.199219 0.139323 0.198242 0.138021 0.198242 0.134115 0.197266 0.132812 0.197266 0.127604 0.196289 0.126302 0.196289 0.119792 0.195312 0.11849 0.195312 0.104167 0.196289 0.102865 0.196289 0.0950521 0.197266 0.09375 0.197266 0.0898438 0.198242 0.0885417 0.198242 0.0859375 0.199219 0.0846354 0.199219 0.0833333 0.200195 0.0820312 0.200195 0.0807292 0.201172 0.0794271 0.201172 0.078125 0.202148 0.0768229 0.202148 0.0755208 0.203125 0.0742188 0.203125 0.0729167 0.204102 0.0716146 0.204102 0.0703125 0.205078 0.0690104 0.205078 0.0677083 0.207031 0.0651042 0.207031 0.0638021 0.208008 0.0625 0.208008 0.0611979 0.208984 0.0598958 0.208984 0.0585938 0.209961 0.0572917 0.209961 0.0559896 0.211914 0.0533854 0.211914 0.0520833 0.212891 0.0507812 0.212891 0.0494792 0.21582 0.0455729 0.21582 0.0442708 0.217773 0.0416667 0.217773 0.0403646 0.219727 0.0377604 0.219727 0.0364583 0.225586 0.0286458 0.225586 0.0273438 0.226562 0.0260417 0.226562 0.0247396 0.227539 0.0234375 0.227539 0.0143229 0.226562 0.0130208 0.226562 0.0117188 0.225586 0.0117188 0.223633 0.00911458 0.222656 0.00911458 0.220703 0.00651042 0.220703 0.00260417
1 0.634766 0.268229 0.634766 0.282552 0.638672 0.282552 0.640625 0.285156 0.641602 0.285156 0.644531 0.289062 0.645508 0.289062 0.647461 0.291667 0.648438 0.291667 0.650391 0.294271 0.651367 0.294271 0.652344 0.295573 0.65332 0.295573 0.654297 0.296875 0.65625 0.296875 0.657227 0.298177 0.658203 0.298177 0.65918 0.299479 0.660156 0.299479 0.661133 0.300781 0.662109 0.300781 0.663086 0.302083 0.664062 0.302083 0.665039 0.303385 0.666016 0.303385 0.666992 0.304688 0.669922 0.304688 0.670898 0.30599 0.674805 0.30599 0.675781 0.307292 0.677734 0.307292 0.678711 0.308594 0.681641 0.308594 0.682617 0.309896 0.683594 0.309896 0.68457 0.311198 0.686523 0.311198 0.6875 0.3125 0.688477 0.3125 0.689453 0.313802 0.691406 0.313802 0.692383 0.315104 0.695312 0.315104 0.696289 0.316406 0.701172 0.316406 0.702148 0.317708 0.705078 0.317708 0.706055 0.31901 0.708008 0.31901 0.708984 0.320312 0.711914 0.320312 0.712891 0.321615 0.714844 0.321615 0.71582 0.322917 0.71875 0.322917 0.719727 0.324219 0.722656 0.324219 0.723633 0.325521 0.725586 0.325521 0.726562 0.326823 0.729492 0.326823 0.730469 0.328125 0.732422 0.328125 0.733398 0.329427 0.736328 0.329427 0.737305 0.330729 0.742188 0.330729 0.743164 0.332031 0.750977 0.332031 0.751953 0.333333 0.756836 0.333333 0.757812 0.334635 0.761719 0.334635 0.762695 0.335938 0.765625 0.335938 0.766602 0.33724 0.768555 0.33724 0.769531 0.338542 0.770508 0.338542 0.771484 0.339844 0.772461 0.339844 0.773438 0.341146 0.775391 0.341146 0.776367 0.342448 0.777344 0.342448 0.77832 0.34375 0.780273 0.34375 0.78125 0.345052 0.78418 0.345052 0.785156 0.346354 0.789062 0.346354 0.790039 0.347656 0.793945 0.347656 0.794922 0.348958 0.797852 0.348958 0.798828 0.35026 0.799805 0.35026 0.800781 0.351562 0.800781 0.355469 0.813477 0.355469 0.813477 0.338542 0.810547 0.338542 0.808594 0.335938 0.808594 0.334635 0.799805 0.322917 0.798828 0.322917 0.797852 0.321615 0.796875 0.321615 0.794922 0.31901 0.793945 0.31901 0.792969 0.317708 0.791992 0.317708 0.791016 0.316406 0.790039 0.316406 0.789062 0.315104 0.788086 0.315104 0.786133 0.3125 0.785156 0.3125 0.78418 0.311198 0.782227 0.311198 0.780273 0.308594 0.779297 0.308594 0.77832 0.307292 0.777344 0.307292 0.776367 0.30599 0.774414 0.30599 0.773438 0.304688 0.772461 0.304688 0.771484 0.303385 0.770508 0.303385 0.769531 0.302083 0.767578 0.302083 0.766602 0.300781 0.764648 0.300781 0.763672 0.299479 0.761719 0.299479 0.760742 0.298177 0.758789 0.298177 0.757812 0.296875 0.754883 0.296875 0.753906 0.295573 0.748047 0.295573 0.74707 0.294271 0.742188 0.294271 0.741211 0.292969 0.735352 0.292969 0.734375 0.291667 0.729492 0.291667 0.728516 0.290365 0.724609 0.290365 0.723633 0.289062 0.719727 0.289062 0.71875 0.28776 0.714844 0.28776 0.713867 0.286458 0.708008 0.286458 0.707031 0.285156 0.697266 0.285156 0.696289 0.283854 0.692383 0.283854 0.691406 0.282552 0.688477 0.282552 0.6875 0.28125 0.686523 0.28125 0.685547 0.279948 0.68457 0.279948 0.683594 0.278646 0.682617 0.278646 0.681641 0.277344 0.679688 0.277344 0.678711 0.276042 0.677734 0.276042 0.676758 0.27474 0.674805 0.27474 0.672852 0.272135 0.672852 0.268229
1 0.294922 0.565104 0.294922 0.583333 0.297852 0.583333 0.298828 0.584635 0.299805 0.584635 0.302734 0.588542 0.302734 0.589844 0.30957 0.598958 0.310547 0.598958 0.311523 0.60026 0.3125 0.60026 0.313477 0.601562 0.314453 0.601562 0.31543 0.602865 0.316406 0.602865 0.317383 0.604167 0.319336 0.604167 0.320312 0.605469 0.321289 0.605469 0.323242 0.608073 0.324219 0.608073 0.325195 0.609375 0.328125 0.609375 0.329102 0.610677 0.333008 0.610677 0.333984 0.609375 0.362305 0.609375 0.363281 0.610677 0.367188 0.610677 0.368164 0.611979 0.368164 0.615885 0.438477 0.615885 0.438477 0.611979 0.439453 0.610677 0.44043 0.610677 0.441406 0.609375 0.446289 0.609375 0.447266 0.608073 0.450195 0.608073 0.451172 0.606771 0.454102 0.606771 0.455078 0.605469 0.457031 0.605469 0.458008 0.604167 0.458984 0.604167 0.459961 0.602865 0.461914 0.602865 0.462891 0.601562 0.463867 0.601562 0.464844 0.60026 0.46582 0.60026 0.466797 0.598958 0.467773 0.598958 0.46875 0.597656 0.469727 0.597656 0.470703 0.596354 0.47168 0.596354 0.472656 0.595052 0.473633 0.595052 0.474609 0.59375 0.475586 0.59375 0.477539 0.591146 0.478516 0.591146 0.479492 0.589844 0.480469 0.589844 0.483398 0.585938 0.484375 0.585938 0.485352 0.584635 0.486328 0.584635 0.487305 0.583333 0.488281 0.583333 0.489258 0.582031 0.493164 0.582031 0.493164 0.565104 0.425781 0.565104 0.425781 0.56901 0.424805 0.570312 0.418945 0.570312 0.417969 0.571615 0.407227 0.571615 0.40625 0.572917 0.392578 0.572917 0.391602 0.571615 0.384766 0.571615 0.383789 0.570312 0.381836 0.570312 0.380859 0.56901 0.380859 0.565104 0.374023 0.565104 0.374023 0.56901 0.373047 0.570312 0.367188 0.570312 0.366211 0.56901 0.366211 0.565104
1 0.445312 0.554688 0.444336 0.553385 0.443359 0.553385 0.442383 0.552083 0.4375 0.552083 0.436523 0.553385 0.433594 0.553385 0.432617 0.554688 0.431641 0.554688 0.431641 0.558594 0.445312 0.558594 0.445312 0.554688 0.458008 0.545573 0.461914 0.550781 0.463867 0.550781 0.464844 0.552083 0.469727 0.552083 0.470703 0.550781 0.47168 0.550781 0.472656 0.549479 0.477539 0.549479 0.477539 0.49349 0.474609 0.49349 0.473633 0.492188 0.473633 0.490885 0.472656 0.489583 0.472656 0.471354 0.473633 0.470052 0.477539 0.470052 0.477539 0.451823 0.473633 0.451823 0.472656 0.450521 0.472656 0.449219 0.473633 0.447917 0.477539 0.447917 0.477539 0.348958 0.474609 0.348958 0.472656 0.346354 0.472656 0.345052 0.47168 0.34375 0.47168 0.339844 0.472656 0.338542 0.472656 0.3125 0.47168 0.311198 0.47168 0.308594 0.472656 0.307292 0.472656 0.291667 0.47168 0.290365 0.47168 0.28776 0.467773 0.282552 0.46582 0.282552 0.464844 0.28125 0.463867 0.28125 0.462891 0.279948 0.458008 0.279948 0.457031 0.28125 0.456055 0.28125 0.454102 0.283854 0.454102 0.285156 0.453125 0.286458 0.453125 0.28776 0.452148 0.289062 0.452148 0.290365 0.450195 0.292969 0.450195 0.302083 0.449219 0.303385 0.449219 0.332031 0.448242 0.333333 0.448242 0.334635 0.447266 0.335938 0.446289 0.334635 0.446289 0.330729 0.445312 0.329427 0.445312 0.321615 0.444336 0.320312 0.444336 0.315104 0.443359 0.313802 0.443359 0.3125 0.442383 0.311198 0.442383 0.308594 0.441406 0.307292 0.441406 0.303385 0.44043 0.302083 0.44043 0.300781 0.439453 0.299479 0.439453 0.285156 0.438477 0.283854 0.438477 0.282552 0.4375 0.282552 0.43457 0.278646 0.432617 0.278646 0.431641 0.277344 0.431641 0.276042 0.430664 0.27474 0.424805 0.27474 0.423828 0.276042 0.422852 0.276042 0.419922 0.279948 0.416016 0.279948 0.416016 0.411458 0.418945 0.411458 0.419922 0.41276 0.419922 0.414062 0.420898 0.415365 0.420898 0.417969 0.421875 0.419271 0.421875 0.421875 0.422852 0.423177 0.422852 0.425781 0.423828 0.427083 0.423828 0.429688 0.424805 0.43099 0.424805 0.432292 0.425781 0.433594 0.425781 0.436198 0.426758 0.4375 0.426758 0.438802 0.427734 0.440104 0.427734 0.442708 0.428711 0.44401 0.428711 0.447917 0.429688 0.449219 0.429688 0.451823 0.430664 0.453125 0.430664 0.457031 0.431641 0.458333 0.431641 0.46224 0.432617 0.463542 0.432617 0.467448 0.433594 0.46875 0.433594 0.471354 0.43457 0.472656 0.43457 0.47526 0.435547 0.476562 0.435547 0.479167 0.436523 0.480469 0.436523 0.483073 0.4375 0.484375 0.4375 0.486979 0.438477 0.488281 0.438477 0.490885 0.439453 0.492188 0.439453 0.494792 0.44043 0.496094 0.44043 0.498698 0.441406 0.5 0.441406 0.502604 0.442383 0.503906 0.442383 0.505208 0.443359 0.50651 0.443359 0.509115 0.444336 0.510417 0.444336 0.511719 0.445312 0.513021 0.445312 0.514323 0.446289 0.515625 0.446289 0.516927 0.447266 0.518229 0.447266 0.519531 0.448242 0.520833 0.448242 0.523438 0.449219 0.52474 0.449219 0.526042 0.450195 0.527344 0.450195 0.528646 0.451172 0.529948 0.451172 0.53125 0.452148 0.532552 0.452148 0.533854 0.453125 0.535156 0.453125 0.536458 0.456055 0.540365 0.456055 0.541667 0.458008 0.544271 0.458008 0.545573
1 0.0371094 0.257812 0.0371094 0.277344 0.0410156 0.277344 0.0488281 0.28776 0.0498047 0.28776 0.0556641 0.295573 0.0566406 0.295573 0.0585938 0.298177 0.0595703 0.298177 0.0615234 0.300781 0.0625 0.300781 0.0644531 0.303385 0.0654297 0.303385 0.0673828 0.30599 0.0683594 0.30599 0.0693359 0.307292 0.0703125 0.307292 0.0712891 0.308594 0.0722656 0.308594 0.0732422 0.309896 0.0742188 0.309896 0.0751953 0.311198 0.0761719 0.311198 0.0771484 0.3125 0.078125 0.3125 0.0800781 0.315104 0.0810547 0.315104 0.0830078 0.317708 0.0839844 0.317708 0.0869141 0.321615 0.0878906 0.321615 0.0898438 0.324219 0.0908203 0.324219 0.0917969 0.325521 0.0927734 0.325521 0.09375 0.326823 0.0957031 0.326823 0.0966797 0.328125 0.0976562 0.328125 0.0986328 0.329427 0.101562 0.329427 0.102539 0.330729 0.104492 0.330729 0.105469 0.332031 0.107422 0.332031 0.108398 0.333333 0.110352 0.333333 0.111328 0.334635 0.113281 0.334635 0.114258 0.335938 0.116211 0.335938 0.117188 0.33724 0.119141 0.33724 0.120117 0.338542 0.121094 0.338542 0.12207 0.339844 0.124023 0.339844 0.125 0.341146 0.126953 0.341146 0.12793 0.342448 0.128906 0.342448 0.129883 0.34375 0.130859 0.34375 0.131836 0.345052 0.133789 0.345052 0.134766 0.346354 0.136719 0.346354 0.137695 0.347656 0.139648 0.347656 0.140625 0.348958 0.141602 0.348958 0.142578 0.35026 0.143555 0.35026 0.144531 0.351562 0.145508 0.351562 0.146484 0.352865 0.148438 0.352865 0.149414 0.354167 0.151367 0.354167 0.152344 0.355469 0.15332 0.355469 0.154297 0.356771 0.155273 0.356771 0.15625 0.358073 0.158203 0.358073 0.15918 0.359375 0.161133 0.359375 0.163086 0.361979 0.163086 0.363281 0.164062 0.364583 0.165039 0.364583 0.166016 0.365885 0.165039 0.367188 0.164062 0.367188 0.163086 0.36849 0.161133 0.36849 0.160156 0.369792 0.15918 0.369792 0.157227 0.372396 0.15625 0.372396 0.155273 0.373698 0.154297 0.373698 0.152344 0.376302 0.151367 0.376302 0.150391 0.377604 0.150391 0.38151 0.199219 0.38151 0.199219 0.377604 0.203125 0.372396 0.204102 0.372396 0.208008 0.367188 0.208008 0.363281 0.204102 0.358073 0.203125 0.358073 0.202148 0.356771 0.201172 0.356771 0.198242 0.352865 0.198242 0.351562 0.197266 0.351562 0.196289 0.35026 0.195312 0.35026 0.194336 0.348958 0.193359 0.348958 0.192383 0.347656 0.185547 0.347656 0.18457 0.346354 0.182617 0.346354 0.181641 0.345052 0.179688 0.345052 0.178711 0.34375 0.177734 0.34375 0.176758 0.342448 0.175781 0.342448 0.169922 0.334635 0.169922 0.333333 0.168945 0.332031 0.168945 0.330729 0.167969 0.329427 0.167969 0.326823 0.166992 0.325521 0.166992 0.324219 0.165039 0.321615 0.165039 0.320312 0.160156 0.313802 0.15918 0.313802 0.157227 0.311198 0.15625 0.311198 0.155273 0.309896 0.154297 0.309896 0.15332 0.308594 0.152344 0.308594 0.150391 0.30599 0.149414 0.30599 0.148438 0.304688 0.147461 0.304688 0.145508 0.302083 0.144531 0.302083 0.143555 0.300781 0.141602 0.300781 0.140625 0.299479 0.138672 0.299479 0.137695 0.298177 0.135742 0.298177 0.134766 0.296875 0.132812 0.296875 0.131836 0.295573 0.129883 0.295573 0.128906 0.294271 0.12793 0.294271 0.126953 0.292969 0.125977 0.292969 0.125 0.291667 0.124023 0.291667 0.123047 0.290365 0.12207 0.290365 0.121094 0.289062 0.119141 0.289062 0.118164 0.28776 0.117188 0.28776 0.116211 0.286458 0.113281 0.286458 0.112305 0.285156 0.107422 0.285156 0.106445 0.283854 0.102539 0.283854 0.101562 0.282552 0.100586 0.282552 0.0996094 0.28125 0.0976562 0.28125 0.0966797 0.279948 0.0947266 0.279948 0.09375 0.278646 0.0917969 0.278646 0.0908203 0.277344 0.0878906 0.277344 0.0869141 0.276042 0.0849609 0.276042 0.0839844 0.27474 0.0820312 0.27474 0.0810547 0.273438 0.0800781 0.273438 0.0791016 0.272135 0.078125 0.272135 0.0771484 0.270833 0.0751953 0.270833 0.0742188 0.269531 0.0722656 0.269531 0.0703125 0.266927 0.0693359 0.266927 0.0673828 0.264323 0.0664062 0.264323 0.0644531 0.261719 0.0644531 0.257812
1 0.750977 0.549479 0.75 0.549479 0.749023 0.548177 0.748047 0.548177 0.745117 0.544271 0.744141 0.544271 0.743164 0.542969 0.742188 0.542969 0.740234 0.540365 0.739258 0.540365 0.738281 0.539062 0.737305 0.539062 0.736328 0.53776 0.733398 0.53776 0.732422 0.536458 0.731445 0.536458 0.730469 0.535156 0.729492 0.535156 0.728516 0.533854 0.727539 0.533854 0.725586 0.53125 0.724609 0.53125 0.72168 0.527344 0.720703 0.527344 0.71875 0.52474 0.717773 0.52474 0.71582 0.522135 0.714844 0.522135 0.712891 0.519531 0.710938 0.519531 0.709961 0.518229 0.708984 0.518229 0.708008 0.516927 0.707031 0.516927 0.706055 0.515625 0.705078 0.515625 0.704102 0.514323 0.703125 0.514323 0.702148 0.513021 0.701172 0.513021 0.699219 0.510417 0.698242 0.510417 0.696289 0.507812 0.693359 0.507812 0.693359 0.545573 0.697266 0.545573 0.698242 0.546875 0.699219 0.546875 0.700195 0.548177 0.701172 0.548177 0.702148 0.549479 0.703125 0.549479 0.704102 0.550781 0.706055 0.550781 0.708008 0.553385 0.709961 0.553385 0.710938 0.554688 0.714844 0.554688 0.71582 0.55599 0.717773 0.55599 0.71875 0.554688 0.720703 0.554688 0.72168 0.553385 0.722656 0.553385 0.724609 0.550781 0.728516 0.550781 0.731445 0.554688 0.732422 0.554688 0.734375 0.557292 0.735352 0.557292 0.736328 0.558594 0.736328 0.561198 0.734375 0.563802 0.734375 0.565104 0.733398 0.566406 0.733398 0.567708 0.732422 0.56901 0.733398 0.56901 0.734375 0.570312 0.736328 0.570312 0.738281 0.572917 0.739258 0.572917 0.740234 0.574219 0.744141 0.574219 0.745117 0.575521 0.75 0.575521 0.750977 0.574219 0.756836 0.574219 0.759766 0.570312 0.757812 0.567708 0.756836 0.567708 0.754883 0.565104 0.754883 0.563802 0.753906 0.5625 0.753906 0.559896 0.75293 0.558594 0.75293 0.554688 0.751953 0.553385 0.751953 0.552083 0.750977 0.550781 0.750977 0.549479 0.786133 0.509115 0.792969 0.518229 0.792969 0.519531 0.801758 0.53125 0.801758 0.532552 0.807617 0.540365 0.807617 0.541667 0.80957 0.544271 0.80957 0.545573 0.811523 0.548177 0.811523 0.549479 0.813477 0.552083 0.813477 0.553385 0.814453 0.554688 0.814453 0.55599 0.81543 0.557292 0.81543 0.558594 0.816406 0.559896 0.816406 0.5625 0.817383 0.563802 0.817383 0.565104 0.818359 0.566406 0.818359 0.56901 0.819336 0.570312 0.819336 0.571615 0.820312 0.572917 0.820312 0.575521 0.821289 0.576823 0.821289 0.579427 0.822266 0.580729 0.822266 0.582031 0.823242 0.583333 0.823242 0.584635 0.825195 0.58724 0.825195 0.588542 0.826172 0.589844 0.826172 0.591146 0.833008 0.60026 0.833008 0.601562 0.837891 0.608073 0.837891 0.609375 0.844727 0.61849 0.845703 0.61849 0.853516 0.628906 0.854492 0.628906 0.856445 0.63151 0.857422 0.63151 0.859375 0.634115 0.860352 0.634115 0.862305 0.636719 0.863281 0.636719 0.865234 0.639323 0.866211 0.639323 0.868164 0.641927 0.869141 0.641927 0.875 0.64974 0.875977 0.64974 0.892578 0.671875 0.892578 0.673177 0.894531 0.675781 0.894531 0.677083 0.897461 0.68099 0.897461 0.682292 0.899414 0.684896 0.899414 0.686198 0.902344 0.690104 0.902344 0.691406 0.908203 0.699219 0.90918 0.699219 0.911133 0.701823 0.912109 0.701823 0.913086 0.703125 0.914062 0.703125 0.916016 0.705729 0.916016 0.709635 0.922852 0.709635 0.922852 0.664062 0.919922 0.664062 0.916992 0.660156 0.916992 0.658854 0.911133 0.651042 0.910156 0.651042 0.899414 0.636719 0.899414 0.635417 0.896484 0.63151 0.896484 0.630208 0.893555 0.626302 0.893555 0.625 0.892578 0.623698 0.892578 0.622396 0.885742 0.613281 0.885742 0.611979 0.884766 0.610677 0.883789 0.610677 0.878906 0.604167 0.878906 0.602865 0.869141 0.589844 0.869141 0.588542 0.866211 0.584635 0.866211 0.583333 0.864258 0.580729 0.864258 0.579427 0.862305 0.576823 0.862305 0.575521 0.859375 0.571615 0.859375 0.570312 0.857422 0.567708 0.857422 0.566406 0.855469 0.563802 0.855469 0.5625 0.853516 0.559896 0.853516 0.558594 0.848633 0.552083 0.848633 0.550781 0.845703 0.546875 0.844727 0.546875 0.841797 0.542969 0.841797 0.541667 0.838867 0.53776 0.838867 0.536458 0.833008 0.528646 0.833008 0.527344 0.830078 0.523438 0.830078 0.522135 0.829102 0.520833 0.829102 0.519531 0.826172 0.515625 0.825195 0.515625 0.824219 0.514323 0.824219 0.513021 0.823242 0.511719 0.822266 0.511719 0.813477 0.5 0.813477 0.498698 0.810547 0.494792 0.810547 0.49349 0.808594 0.490885 0.808594 0.489583 0.804688 0.484375 0.804688 0.483073 0.801758 0.479167 0.801758 0.477865 0.799805 0.47526 0.799805 0.473958 0.796875 0.470052 0.795898 0.470052 0.787109 0.458333 0.786133 0.458333 0.779297 0.449219 0.77832 0.449219 0.777344 0.447917 0.776367 0.447917 0.775391 0.446615 0.772461 0.446615 0.771484 0.445312 0.769531 0.445312 0.768555 0.44401 0.767578 0.44401 0.766602 0.442708 0.762695 0.442708 0.761719 0.441406 0.759766 0.441406 0.758789 0.442708 0.757812 0.442708 0.755859 0.445312 0.756836 0.446615 0.756836 0.449219 0.757812 0.450521 0.757812 0.451823 0.758789 0.453125 0.758789 0.455729 0.761719 0.459635 0.761719 0.460938 0.762695 0.46224 0.762695 0.463542 0.765625 0.467448 0.765625 0.46875 0.766602 0.470052 0.766602 0.471354 0.767578 0.472656 0.767578 0.473958 0.769531 0.476562 0.769531 0.479167 0.770508 0.480469 0.770508 0.481771 0.771484 0.483073 0.771484 0.484375 0.774414 0.488281 0.774414 0.489583 0.77832 0.494792 0.77832 0.496094 0.783203 0.502604 0.783203 0.503906 0.786133 0.507812 0.786133 0.509115
1 0.431641 0.898438 0.431641 0.903646 0.427734 0.908854 0.426758 0.908854 0.420898 0.916667 0.419922 0.916667 0.416016 0.921875 0.415039 0.921875 0.410156 0.928385 0.40918 0.928385 0.407227 0.93099 0.40625 0.93099 0.404297 0.933594 0.40332 0.933594 0.402344 0.934896 0.401367 0.934896 0.399414 0.9375 0.397461 0.9375 0.395508 0.940104 0.393555 0.940104 0.392578 0.941406 0.391602 0.941406 0.390625 0.942708 0.389648 0.942708 0.387695 0.945312 0.386719 0.945312 0.385742 0.946615 0.384766 0.946615 0.383789 0.947917 0.382812 0.947917 0.379883 0.951823 0.378906 0.951823 0.37793 0.953125 0.37793 0.954427 0.376953 0.955729 0.375977 0.955729 0.374023 0.958333 0.373047 0.958333 0.37207 0.959635 0.369141 0.959635 0.369141 0.990885 0.390625 0.990885 0.390625 0.986979 0.391602 0.985677 0.392578 0.985677 0.393555 0.984375 0.394531 0.984375 0.395508 0.983073 0.396484 0.983073 0.397461 0.981771 0.398438 0.981771 0.399414 0.980469 0.400391 0.980469 0.402344 0.977865 0.40332 0.977865 0.404297 0.976562 0.405273 0.976562 0.40625 0.97526 0.407227 0.97526 0.410156 0.971354 0.411133 0.971354 0.413086 0.96875 0.414062 0.96875 0.416016 0.966146 0.416992 0.966146 0.418945 0.963542 0.419922 0.963542 0.420898 0.96224 0.421875 0.96224 0.422852 0.960938 0.423828 0.960938 0.424805 0.959635 0.425781 0.959635 0.426758 0.958333 0.428711 0.958333 0.429688 0.957031 0.430664 0.957031 0.431641 0.955729 0.433594 0.955729 0.43457 0.954427 0.436523 0.954427 0.4375 0.953125 0.439453 0.953125 0.44043 0.951823 0.441406 0.951823 0.442383 0.950521 0.443359 0.950521 0.444336 0.949219 0.445312 0.949219 0.448242 0.945312 0.449219 0.945312 0.452148 0.941406 0.453125 0.941406 0.455078 0.938802 0.456055 0.938802 0.458008 0.936198 0.458984 0.936198 0.460938 0.933594 0.461914 0.933594 0.462891 0.932292 0.464844 0.932292 0.46582 0.93099 0.467773 0.93099 0.46875 0.929688 0.473633 0.929688 0.473633 0.90625 0.469727 0.90625 0.466797 0.902344 0.466797 0.898438
1 0.768555 0.570312 0.767578 0.56901 0.766602 0.56901 0.759766 0.559896 0.755859 0.559896 0.755859 0.576823 0.760742 0.576823 0.761719 0.578125 0.767578 0.578125 0.768555 0.576823 0.769531 0.576823 0.770508 0.575521 0.770508 0.574219 0.768555 0.571615 0.768555 0.570312 0.801758 0.533854 0.807617 0.541667 0.807617 0.542969 0.80957 0.545573 0.80957 0.546875 0.811523 0.549479 0.811523 0.550781 0.813477 0.553385 0.813477 0.554688 0.814453 0.55599 0.814453 0.557292 0.81543 0.558594 0.81543 0.559896 0.816406 0.561198 0.816406 0.563802 0.817383 0.565104 0.817383 0.566406 0.818359 0.567708 0.818359 0.570312 0.819336 0.571615 0.819336 0.572917 0.820312 0.574219 0.820312 0.576823 0.821289 0.578125 0.821289 0.580729 0.822266 0.582031 0.822266 0.583333 0.823242 0.584635 0.823242 0.585938 0.825195 0.588542 0.825195 0.589844 0.828125 0.59375 0.828125 0.595052 0.835938 0.605469 0.835938 0.606771 0.849609 0.625 0.850586 0.625 0.855469 0.63151 0.856445 0.63151 0.858398 0.634115 0.859375 0.634115 0.861328 0.636719 0.862305 0.636719 0.864258 0.639323 0.865234 0.639323 0.867188 0.641927 0.868164 0.641927 0.874023 0.64974 0.875 0.64974 0.882812 0.660156 0.883789 0.660156 0.885742 0.66276 0.885742 0.664062 0.892578 0.673177 0.892578 0.674479 0.894531 0.677083 0.894531 0.678385 0.897461 0.682292 0.897461 0.683594 0.899414 0.686198 0.899414 0.6875 0.901367 0.690104 0.901367 0.691406 0.90332 0.69401 0.90332 0.695312 0.911133 0.705729 0.911133 0.709635 0.926758 0.709635 0.926758 0.673177 0.923828 0.673177 0.921875 0.670573 0.921875 0.669271 0.920898 0.667969 0.920898 0.666667 0.919922 0.665365 0.919922 0.664062 0.918945 0.66276 0.918945 0.661458 0.916992 0.658854 0.916992 0.657552 0.913086 0.652344 0.912109 0.652344 0.898438 0.634115 0.898438 0.632812 0.896484 0.630208 0.896484 0.628906 0.894531 0.626302 0.894531 0.625 0.892578 0.622396 0.892578 0.621094 0.870117 0.591146 0.870117 0.589844 0.867188 0.585938 0.867188 0.584635 0.865234 0.582031 0.865234 0.580729 0.863281 0.578125 0.863281 0.576823 0.861328 0.574219 0.861328 0.572917 0.858398 0.56901 0.858398 0.567708 0.856445 0.565104 0.856445 0.563802 0.854492 0.561198 0.854492 0.559896 0.850586 0.554688 0.850586 0.553385 0.84082 0.540365 0.84082 0.539062 0.837891 0.535156 0.837891 0.533854 0.833984 0.528646 0.833984 0.527344 0.831055 0.523438 0.831055 0.522135 0.830078 0.520833 0.830078 0.519531 0.826172 0.514323 0.825195 0.514323 0.824219 0.513021 0.824219 0.511719 0.823242 0.511719 0.813477 0.498698 0.813477 0.497396 0.80957 0.492188 0.80957 0.490885 0.807617 0.488281 0.807617 0.486979 0.803711 0.481771 0.803711 0.480469 0.801758 0.477865 0.801758 0.476562 0.799805 0.473958 0.799805 0.472656 0.796875 0.46875 0.795898 0.46875 0.794922 0.467448 0.793945 0.467448 0.77832 0.446615 0.777344 0.446615 0.775391 0.44401 0.775391 0.440104 0.755859 0.440104 0.755859 0.457031 0.759766 0.457031 0.760742 0.458333 0.760742 0.459635 0.761719 0.460938 0.761719 0.46224 0.762695 0.463542 0.762695 0.464844 0.764648 0.467448 0.764648 0.46875 0.766602 0.471354 0.766602 0.472656 0.767578 0.473958 0.767578 0.47526 0.768555 0.476562 0.768555 0.477865 0.769531 0.479167 0.769531 0.480469 0.770508 0.481771 0.770508 0.483073 0.771484 0.484375 0.771484 0.485677 0.775391 0.490885 0.775391 0.492188 0.78125 0.5 0.78125 0.501302 0.785156 0.50651 0.785156 0.507812 0.787109 0.510417 0.787109 0.511719 0.792969 0.519531 0.792969 0.520833 0.801758 0.532552 0.801758 0.533854
1 0.224609 0.601562 0.224609 0.605469 0.222656 0.608073 0.22168 0.608073 0.220703 0.609375 0.219727 0.609375 0.21875 0.610677 0.217773 0.610677 0.21582 0.613281 0.214844 0.613281 0.209961 0.619792 0.208984 0.619792 0.208008 0.621094 0.205078 0.621094 0.205078 0.647135 0.21582 0.647135 0.21582 0.643229 0.216797 0.641927 0.219727 0.641927 0.220703 0.640625 0.228516 0.640625 0.229492 0.639323 0.237305 0.639323 0.238281 0.638021 0.250977 0.638021 0.251953 0.636719 0.269531 0.636719 0.270508 0.635417 0.274414 0.635417 0.275391 0.634115 0.277344 0.634115 0.279297 0.63151 0.282227 0.63151 0.282227 0.627604 0.279297 0.627604 0.277344 0.625 0.277344 0.623698 0.274414 0.619792 0.274414 0.61849 0.266602 0.608073 0.265625 0.608073 0.264648 0.606771 0.264648 0.601562
1 0.462891 0.252604 0.462891 0.25651 0.460938 0.259115 0.459961 0.259115 0.454102 0.266927 0.453125 0.266927 0.453125 0.268229 0.452148 0.269531 0.452148 0.270833 0.450195 0.273438 0.447266 0.273438 0.447266 0.38151 0.450195 0.38151 0.451172 0.382812 0.451172 0.384115 0.452148 0.385417 0.452148 0.388021 0.453125 0.389323 0.453125 0.393229 0.454102 0.394531 0.454102 0.39974 0.455078 0.401042 0.455078 0.407552 0.456055 0.408854 0.456055 0.41276 0.457031 0.414062 0.457031 0.419271 0.458008 0.420573 0.458008 0.427083 0.458984 0.428385 0.458984 0.432292 0.459961 0.433594 0.459961 0.438802 0.460938 0.440104 0.460938 0.445312 0.461914 0.446615 0.461914 0.453125 0.462891 0.454427 0.462891 0.459635 0.463867 0.460938 0.463867 0.466146 0.464844 0.467448 0.464844 0.485677 0.473633 0.485677 0.473633 0.477865 0.474609 0.476562 0.474609 0.47526 0.478516 0.470052 0.478516 0.46875 0.480469 0.466146 0.480469 0.464844 0.481445 0.463542 0.481445 0.46224 0.482422 0.460938 0.482422 0.457031 0.483398 0.455729 0.483398 0.450521 0.484375 0.449219 0.484375 0.44401 0.485352 0.442708 0.485352 0.440104 0.486328 0.438802 0.489258 0.438802 0.489258 0.407552 0.486328 0.407552 0.485352 0.40625 0.485352 0.404948 0.484375 0.403646 0.484375 0.39974 0.483398 0.398438 0.483398 0.394531 0.482422 0.393229 0.482422 0.390625 0.481445 0.389323 0.481445 0.386719 0.480469 0.385417 0.480469 0.382812 0.479492 0.38151 0.479492 0.376302 0.478516 0.375 0.478516 0.365885 0.477539 0.364583 0.477539 0.352865 0.476562 0.351562 0.476562 0.339844 0.475586 0.338542 0.475586 0.330729 0.474609 0.329427 0.474609 0.30599 0.475586 0.304688 0.475586 0.296875 0.476562 0.295573 0.476562 0.291667 0.477539 0.290365 0.477539 0.28776 0.478516 0.286458 0.478516 0.279948 0.479492 0.278646 0.479492 0.276042 0.478516 0.27474 0.478516 0.268229 0.477539 0.266927 0.477539 0.264323 0.476562 0.263021 0.476562 0.261719 0.475586 0.260417 0.475586 0.259115 0.473633 0.25651 0.473633 0.252604
1 0.31543 0.747396 0.31543 0.752604 0.314453 0.753906 0.310547 0.753906 0.310547 0.80599 0.313477 0.80599 0.318359 0.8125 0.318359 0.813802 0.321289 0.817708 0.321289 0.81901 0.322266 0.820312 0.322266 0.821615 0.323242 0.822917 0.323242 0.824219 0.325195 0.826823 0.325195 0.828125 0.326172 0.829427 0.326172 0.830729 0.327148 0.832031 0.327148 0.833333 0.328125 0.834635 0.328125 0.835938 0.329102 0.83724 0.329102 0.838542 0.330078 0.839844 0.330078 0.841146 0.331055 0.842448 0.331055 0.845052 0.332031 0.846354 0.332031 0.847656 0.333008 0.848958 0.333008 0.85026 0.333984 0.851562 0.333984 0.852865 0.334961 0.854167 0.334961 0.855469 0.335938 0.856771 0.335938 0.858073 0.336914 0.859375 0.336914 0.860677 0.337891 0.861979 0.337891 0.863281 0.338867 0.864583 0.338867 0.867188 0.339844 0.86849 0.339844 0.869792 0.34082 0.871094 0.34082 0.872396 0.341797 0.873698 0.341797 0.875 0.342773 0.876302 0.342773 0.877604 0.34375 0.878906 0.34375 0.880208 0.345703 0.882812 0.345703 0.885417 0.34668 0.886719 0.34668 0.888021 0.347656 0.889323 0.347656 0.890625 0.348633 0.891927 0.348633 0.894531 0.350586 0.897135 0.350586 0.898438 0.351562 0.89974 0.351562 0.901042 0.353516 0.903646 0.353516 0.904948 0.355469 0.907552 0.355469 0.908854 0.363281 0.919271 0.364258 0.919271 0.365234 0.920573 0.366211 0.920573 0.367188 0.921875 0.368164 0.921875 0.369141 0.923177 0.370117 0.923177 0.371094 0.924479 0.371094 0.928385 0.373047 0.928385 0.373047 0.924479 0.375 0.921875 0.375977 0.921875 0.379883 0.916667 0.379883 0.915365 0.380859 0.914062 0.380859 0.91276 0.381836 0.911458 0.381836 0.908854 0.382812 0.907552 0.382812 0.902344 0.383789 0.901042 0.383789 0.895833 0.384766 0.894531 0.387695 0.894531 0.387695 0.858073 0.384766 0.858073 0.382812 0.855469 0.382812 0.852865 0.381836 0.851562 0.381836 0.847656 0.380859 0.846354 0.380859 0.84375 0.379883 0.842448 0.379883 0.838542 0.378906 0.83724 0.378906 0.833333 0.37793 0.832031 0.37793 0.829427 0.376953 0.828125 0.376953 0.826823 0.375977 0.825521 0.375977 0.822917 0.375 0.821615 0.375 0.820312 0.373047 0.817708 0.373047 0.816406 0.37207 0.815104 0.37207 0.813802 0.370117 0.811198 0.370117 0.809896 0.368164 0.807292 0.368164 0.80599 0.366211 0.803385 0.366211 0.802083 0.363281 0.798177 0.363281 0.796875 0.361328 0.794271 0.361328 0.792969 0.359375 0.790365 0.359375 0.789062 0.358398 0.78776 0.358398 0.786458 0.357422 0.785156 0.357422 0.783854 0.356445 0.782552 0.356445 0.78125 0.355469 0.779948 0.355469 0.778646 0.354492 0.777344 0.354492 0.776042 0.353516 0.77474 0.353516 0.773438 0.351562 0.770833 0.351562 0.769531 0.350586 0.768229 0.350586 0.766927 0.348633 0.764323 0.348633 0.763021 0.347656 0.761719 0.347656 0.760417 0.344727 0.75651 0.344727 0.755208 0.341797 0.751302 0.341797 0.747396
1 0.698242 0.846354 0.698242 0.85026 0.696289 0.852865 0.693359 0.852865 0.693359 0.876302 0.697266 0.876302 0.699219 0.878906 0.700195 0.878906 0.702148 0.88151 0.703125 0.88151 0.706055 0.885417 0.706055 0.886719 0.714844 0.898438 0.714844 0.89974 0.71875 0.904948 0.719727 0.904948 0.722656 0.908854 0.723633 0.908854 0.726562 0.91276 0.727539 0.91276 0.730469 0.916667 0.731445 0.916667 0.732422 0.917969 0.732422 0.923177 0.742188 0.923177 0.742188 0.917969 0.744141 0.915365 0.74707 0.915365 0.74707 0.907552 0.744141 0.907552 0.743164 0.90625 0.743164 0.904948 0.742188 0.903646 0.742188 0.901042 0.741211 0.89974 0.741211 0.897135 0.740234 0.895833 0.740234 0.893229 0.739258 0.891927 0.739258 0.890625 0.737305 0.888021 0.737305 0.886719 0.736328 0.885417 0.736328 0.884115 0.735352 0.882812 0.735352 0.88151 0.734375 0.880208 0.734375 0.878906 0.733398 0.877604 0.733398 0.876302 0.731445 0.873698 0.731445 0.872396 0.730469 0.871094 0.730469 0.869792 0.728516 0.867188 0.728516 0.865885 0.726562 0.863281 0.726562 0.861979 0.72168 0.855469 0.720703 0.855469 0.71875 0.852865 0.717773 0.852865 0.716797 0.851562 0.71582 0.851562 0.714844 0.85026 0.714844 0.846354
1 0.820312 0.747396 0.820312 0.755208 0.819336 0.75651 0.819336 0.759115 0.817383 0.761719 0.814453 0.761719 0.814453 0.800781 0.817383 0.800781 0.819336 0.803385 0.819336 0.804688 0.820312 0.80599 0.820312 0.807292 0.821289 0.808594 0.821289 0.811198 0.822266 0.8125 0.822266 0.815104 0.823242 0.816406 0.823242 0.824219 0.824219 0.825521 0.824219 0.830729 0.825195 0.832031 0.825195 0.834635 0.826172 0.835938 0.826172 0.83724 0.827148 0.838542 0.827148 0.845052 0.841797 0.845052 0.841797 0.841146 0.844727 0.83724 0.845703 0.83724 0.849609 0.832031 0.849609 0.830729 0.850586 0.829427 0.850586 0.828125 0.851562 0.826823 0.851562 0.824219 0.853516 0.821615 0.856445 0.821615 0.856445 0.783854 0.853516 0.783854 0.851562 0.78125 0.851562 0.778646 0.850586 0.777344 0.850586 0.776042 0.849609 0.77474 0.849609 0.773438 0.848633 0.772135 0.848633 0.770833 0.847656 0.769531 0.847656 0.766927 0.84668 0.765625 0.84668 0.764323 0.845703 0.763021 0.845703 0.761719 0.844727 0.760417 0.844727 0.757812 0.84375 0.75651 0.84375 0.755208 0.842773 0.753906 0.842773 0.747396
1 0.264648 0.773438 0.264648 0.777344 0.262695 0.779948 0.261719 0.779948 0.260742 0.78125 0.259766 0.78125 0.258789 0.782552 0.256836 0.782552 0.255859 0.783854 0.254883 0.783854 0.253906 0.785156 0.25293 0.785156 0.251953 0.786458 0.250977 0.786458 0.249023 0.789062 0.248047 0.789062 0.24707 0.790365 0.246094 0.790365 0.245117 0.791667 0.243164 0.791667 0.241211 0.794271 0.240234 0.794271 0.239258 0.795573 0.238281 0.795573 0.236328 0.798177 0.235352 0.798177 0.234375 0.799479 0.233398 0.799479 0.232422 0.800781 0.230469 0.800781 0.229492 0.802083 0.227539 0.802083 0.226562 0.803385 0.225586 0.803385 0.224609 0.804688 0.223633 0.804688 0.222656 0.80599 0.22168 0.80599 0.220703 0.807292 0.219727 0.807292 0.21875 0.808594 0.216797 0.808594 0.21582 0.809896 0.214844 0.809896 0.213867 0.811198 0.211914 0.811198 0.210938 0.8125 0.208984 0.8125 0.208008 0.813802 0.207031 0.813802 0.206055 0.815104 0.204102 0.815104 0.203125 0.816406 0.201172 0.816406 0.200195 0.817708 0.198242 0.817708 0.197266 0.81901 0.196289 0.81901 0.195312 0.820312 0.194336 0.820312 0.193359 0.821615 0.191406 0.821615 0.19043 0.822917 0.189453 0.822917 0.188477 0.824219 0.186523 0.824219 0.185547 0.825521 0.18457 0.825521 0.183594 0.826823 0.182617 0.826823 0.181641 0.828125 0.179688 0.828125 0.178711 0.829427 0.173828 0.829427 0.173828 0.85026 0.213867 0.85026 0.213867 0.846354 0.214844 0.845052 0.21582 0.845052 0.216797 0.84375 0.21875 0.84375 0.219727 0.842448 0.222656 0.842448 0.223633 0.841146 0.225586 0.841146 0.226562 0.839844 0.229492 0.839844 0.230469 0.838542 0.232422 0.838542 0.233398 0.83724 0.236328 0.83724 0.237305 0.835938 0.240234 0.835938 0.241211 0.834635 0.243164 0.834635 0.244141 0.833333 0.245117 0.833333 0.246094 0.832031 0.24707 0.832031 0.248047 0.830729 0.249023 0.830729 0.25 0.829427 0.251953 0.829427 0.25293 0.828125 0.253906 0.828125 0.254883 0.826823 0.255859 0.826823 0.257812 0.824219 0.258789 0.824219 0.260742 0.821615 0.261719 0.821615 0.263672 0.81901 0.264648 0.81901 0.265625 0.817708 0.266602 0.817708 0.272461 0.809896 0.272461 0.808594 0.275391 0.804688 0.275391 0.803385 0.276367 0.802083 0.276367 0.800781 0.27832 0.798177 0.27832 0.796875 0.279297 0.795573 0.279297 0.794271 0.28125 0.791667 0.28125 0.790365 0.282227 0.789062 0.286133 0.789062 0.286133 0.773438
1 0.00195312 0.773438 0.00195312 0.807292 0.0283203 0.807292 0.0292969 0.80599 0.0302734 0.80599 0.03125 0.804688 0.0322266 0.804688 0.0410156 0.792969 0.0439453 0.792969 0.0439453 0.78125 0.0400391 0.78125 0.0390625 0.779948 0.0390625 0.778646 0.0380859 0.777344 0.0380859 0.773438
1 0.958984 0.908854 0.958984 0.951823 0.961914 0.951823 0.963867 0.954427 0.963867 0.955729 0.964844 0.957031 0.964844 0.958333 0.96582 0.959635 0.96582 0.960938 0.966797 0.96224 0.966797 0.964844 0.967773 0.966146 0.967773 0.967448 0.96875 0.96875 0.96875 0.970052 0.969727 0.971354 0.969727 0.973958 0.970703 0.97526 0.970703 0.977865 0.97168 0.979167 0.97168 0.980469 0.972656 0.981771 0.972656 0.983073 0.973633 0.984375 0.973633 0.986979 0.974609 0.988281 0.974609 0.990885 0.975586 0.992188 0.975586 0.994792 0.976562 0.996094 0.976562 0.998698 0.999023 0.998698 0.999023 0.933594 0.998047 0.933594 0.996094 0.93099 0.996094 0.929688 0.995117 0.928385 0.995117 0.927083 0.993164 0.924479 0.993164 0.923177 0.992188 0.921875 0.992188 0.920573 0.990234 0.917969 0.990234 0.916667 0.989258 0.915365 0.989258 0.914062 0.988281 0.91276 0.988281 0.908854
1 0.147461 0.460938 0.147461 0.464844 0.144531 0.46875 0.143555 0.46875 0.142578 0.470052 0.141602 0.470052 0.140625 0.471354 0.139648 0.471354 0.138672 0.472656 0.137695 0.472656 0.135742 0.47526 0.134766 0.47526 0.130859 0.480469 0.129883 0.480469 0.128906 0.481771 0.12793 0.481771 0.125977 0.484375 0.125 0.484375 0.124023 0.485677 0.123047 0.485677 0.12207 0.486979 0.120117 0.486979 0.115234 0.49349 0.115234 0.494792 0.113281 0.497396 0.113281 0.498698 0.110352 0.502604 0.110352 0.503906 0.108398 0.50651 0.108398 0.507812 0.107422 0.509115 0.107422 0.510417 0.105469 0.513021 0.105469 0.515625 0.104492 0.516927 0.104492 0.518229 0.103516 0.519531 0.103516 0.520833 0.102539 0.522135 0.102539 0.52474 0.101562 0.526042 0.101562 0.53125 0.100586 0.532552 0.100586 0.53776 0.0996094 0.539062 0.0996094 0.540365 0.0976562 0.542969 0.0976562 0.544271 0.0957031 0.546875 0.0957031 0.548177 0.0947266 0.549479 0.0947266 0.550781 0.0927734 0.553385 0.0917969 0.553385 0.0908203 0.554688 0.0908203 0.557292 0.0898438 0.558594 0.0898438 0.561198 0.0878906 0.563802 0.0869141 0.5625 0.0810547 0.5625 0.0800781 0.563802 0.0791016 0.563802 0.0761719 0.567708 0.0722656 0.567708 0.0722656 0.591146 0.0751953 0.591146 0.0751953 0.589844 0.0761719 0.588542 0.0761719 0.58724 0.0771484 0.585938 0.0771484 0.584635 0.0849609 0.574219 0.0849609 0.572917 0.0869141 0.570312 0.0878906 0.570312 0.0888672 0.571615 0.0888672 0.580729 0.0878906 0.582031 0.0878906 0.589844 0.0869141 0.591146 0.0869141 0.59375 0.0859375 0.595052 0.0859375 0.597656 0.0849609 0.598958 0.0849609 0.60026 0.0839844 0.601562 0.0839844 0.602865 0.0820312 0.605469 0.0820312 0.606771 0.0810547 0.608073 0.0810547 0.611979 0.078125 0.615885 0.0771484 0.615885 0.0761719 0.617188 0.0761719 0.621094 0.0751953 0.622396 0.0722656 0.622396 0.0722656 0.645833 0.0771484 0.645833 0.078125 0.647135 0.0791016 0.647135 0.0800781 0.648438 0.0869141 0.648438 0.0878906 0.647135 0.0888672 0.647135 0.0898438 0.645833 0.0908203 0.645833 0.0927734 0.643229 0.09375 0.643229 0.0976562 0.638021 0.0976562 0.636719 0.0996094 0.634115 0.0996094 0.632812 0.100586 0.63151 0.100586 0.630208 0.101562 0.628906 0.101562 0.626302 0.102539 0.625 0.102539 0.623698 0.103516 0.622396 0.103516 0.619792 0.104492 0.61849 0.104492 0.614583 0.105469 0.613281 0.105469 0.609375 0.106445 0.608073 0.106445 0.605469 0.107422 0.604167 0.107422 0.601562 0.108398 0.60026 0.108398 0.598958 0.109375 0.597656 0.109375 0.596354 0.110352 0.595052 0.110352 0.592448 0.111328 0.591146 0.111328 0.58724 0.112305 0.585938 0.112305 0.580729 0.113281 0.579427 0.113281 0.576823 0.114258 0.575521 0.114258 0.572917 0.115234 0.571615 0.115234 0.56901 0.116211 0.567708 0.116211 0.566406 0.117188 0.565104 0.117188 0.563802 0.118164 0.5625 0.118164 0.558594 0.119141 0.557292 0.119141 0.553385 0.120117 0.552083 0.120117 0.550781 0.121094 0.549479 0.121094 0.548177 0.12207 0.546875 0.12207 0.545573 0.123047 0.544271 0.123047 0.542969 0.124023 0.541667 0.124023 0.540365 0.125 0.539062 0.125 0.53776 0.126953 0.535156 0.126953 0.533854 0.128906 0.53125 0.128906 0.529948 0.132812 0.52474 0.133789 0.52474 0.134766 0.523438 0.136719 0.523438 0.137695 0.522135 0.138672 0.522135 0.141602 0.518229 0.142578 0.518229 0.143555 0.516927 0.145508 0.516927 0.146484 0.515625 0.150391 0.515625 0.151367 0.514323 0.152344 0.514323 0.157227 0.507812 0.158203 0.507812 0.161133 0.503906 0.162109 0.503906 0.165039 0.5 0.166016 0.5 0.167969 0.497396 0.168945 0.497396 0.169922 0.496094 0.170898 0.496094 0.171875 0.494792 0.173828 0.494792 0.174805 0.49349 0.176758 0.49349 0.177734 0.492188 0.179688 0.492188 0.180664 0.490885 0.181641 0.490885 0.182617 0.489583 0.182617 0.488281 0.183594 0.486979 0.183594 0.485677 0.188477 0.479167 0.188477 0.477865 0.189453 0.476562 0.189453 0.472656 0.19043 0.471354 0.19043 0.470052 0.189453 0.46875 0.189453 0.460938
1 0.885742 0.934896 0.885742 0.938802 0.883789 0.941406 0.882812 0.941406 0.880859 0.94401 0.879883 0.94401 0.87793 0.946615 0.876953 0.946615 0.875977 0.947917 0.875 0.947917 0.874023 0.949219 0.873047 0.949219 0.87207 0.950521 0.871094 0.950521 0.870117 0.951823 0.868164 0.951823 0.867188 0.953125 0.866211 0.953125 0.865234 0.954427 0.864258 0.954427 0.863281 0.955729 0.862305 0.955729 0.861328 0.957031 0.860352 0.957031 0.859375 0.958333 0.858398 0.958333 0.857422 0.959635 0.856445 0.959635 0.855469 0.960938 0.854492 0.960938 0.851562 0.964844 0.850586 0.964844 0.84668 0.970052 0.845703 0.970052 0.844727 0.971354 0.841797 0.971354 0.841797 0.998698 0.857422 0.998698 0.857422 0.997396 0.860352 0.99349 0.861328 0.99349 0.864258 0.989583 0.865234 0.989583 0.866211 0.988281 0.867188 0.988281 0.868164 0.986979 0.870117 0.986979 0.871094 0.985677 0.873047 0.985677 0.874023 0.984375 0.875 0.984375 0.875977 0.983073 0.87793 0.983073 0.878906 0.981771 0.879883 0.981771 0.880859 0.980469 0.881836 0.980469 0.883789 0.977865 0.884766 0.977865 0.885742 0.976562 0.886719 0.976562 0.887695 0.97526 0.888672 0.97526 0.890625 0.972656 0.891602 0.972656 0.893555 0.970052 0.894531 0.970052 0.895508 0.96875 0.896484 0.96875 0.897461 0.967448 0.898438 0.967448 0.899414 0.966146 0.900391 0.966146 0.902344 0.963542 0.90332 0.963542 0.905273 0.960938 0.90625 0.960938 0.907227 0.959635 0.908203 0.959635 0.910156 0.957031 0.911133 0.957031 0.913086 0.954427 0.914062 0.954427 0.916016 0.951823 0.916992 0.951823 0.917969 0.950521 0.918945 0.950521 0.919922 0.949219 0.922852 0.949219 0.922852 0.942708 0.919922 0.942708 0.917969 0.940104 0.917969 0.934896
1 0.0566406 0.778646 0.0566406 0.807292 0.0615234 0.807292 0.0625 0.808594 0.0644531 0.808594 0.0654297 0.809896 0.0664062 0.809896 0.0673828 0.811198 0.0683594 0.811198 0.0693359 0.8125 0.0703125 0.8125 0.0712891 0.813802 0.0722656 0.813802 0.0732422 0.815104 0.0732422 0.81901 0.0869141 0.81901 0.0869141 0.813802 0.0878906 0.8125 0.0878906 0.811198 0.0888672 0.809896 0.0888672 0.80599 0.0898438 0.804688 0.0888672 0.803385 0.0888672 0.800781 0.0878906 0.799479 0.0878906 0.798177 0.0869141 0.796875 0.0869141 0.795573 0.0800781 0.786458 0.0791016 0.786458 0.0771484 0.783854 0.0771484 0.778646
1 0.319336 0.466146 0.319336 0.471354 0.317383 0.473958 0.317383 0.47526 0.31543 0.477865 0.31543 0.479167 0.314453 0.480469 0.314453 0.481771 0.311523 0.485677 0.311523 0.486979 0.310547 0.488281 0.310547 0.489583 0.30957 0.490885 0.30957 0.492188 0.308594 0.49349 0.308594 0.494792 0.307617 0.496094 0.307617 0.498698 0.306641 0.5 0.306641 0.501302 0.305664 0.502604 0.305664 0.503906 0.304688 0.505208 0.304688 0.507812 0.303711 0.509115 0.303711 0.511719 0.302734 0.513021 0.302734 0.514323 0.301758 0.515625 0.301758 0.518229 0.300781 0.519531 0.300781 0.520833 0.299805 0.522135 0.299805 0.523438 0.297852 0.526042 0.294922 0.526042 0.294922 0.5625 0.305664 0.5625 0.306641 0.561198 0.307617 0.561198 0.308594 0.559896 0.30957 0.559896 0.311523 0.557292 0.311523 0.55599 0.3125 0.554688 0.3125 0.553385 0.313477 0.552083 0.313477 0.549479 0.314453 0.548177 0.314453 0.546875 0.31543 0.545573 0.31543 0.544271 0.316406 0.542969 0.316406 0.541667 0.317383 0.540365 0.317383 0.539062 0.318359 0.53776 0.318359 0.536458 0.325195 0.527344 0.325195 0.526042 0.327148 0.523438 0.327148 0.522135 0.329102 0.519531 0.329102 0.518229 0.331055 0.515625 0.331055 0.513021 0.332031 0.511719 0.332031 0.510417 0.333008 0.509115 0.333008 0.507812 0.333984 0.50651 0.333984 0.503906 0.334961 0.502604 0.334961 0.501302 0.335938 0.5 0.335938 0.497396 0.337891 0.494792 0.34082 0.494792 0.34082 0.471354 0.337891 0.471354 0.336914 0.470052 0.336914 0.466146
1 0.133789 0.726562 0.133789 0.731771 0.132812 0.733073 0.132812 0.734375 0.131836 0.735677 0.131836 0.736979 0.130859 0.738281 0.130859 0.739583 0.129883 0.740885 0.129883 0.742188 0.128906 0.74349 0.128906 0.744792 0.12793 0.746094 0.12793 0.747396 0.126953 0.748698 0.126953 0.75 0.125977 0.751302 0.125977 0.752604 0.125 0.753906 0.125 0.75651 0.124023 0.757812 0.124023 0.760417 0.123047 0.761719 0.123047 0.765625 0.12207 0.766927 0.12207 0.770833 0.121094 0.772135 0.121094 0.777344 0.120117 0.778646 0.120117 0.785156 0.119141 0.786458 0.119141 0.78776 0.118164 0.789062 0.115234 0.789062 0.115234 0.876302 0.12793 0.876302 0.12793 0.871094 0.132812 0.864583 0.132812 0.863281 0.134766 0.860677 0.134766 0.859375 0.135742 0.858073 0.135742 0.856771 0.136719 0.855469 0.136719 0.854167 0.137695 0.852865 0.137695 0.851562 0.138672 0.85026 0.138672 0.847656 0.139648 0.846354 0.139648 0.845052 0.140625 0.84375 0.140625 0.841146 0.141602 0.839844 0.141602 0.838542 0.142578 0.83724 0.142578 0.833333 0.143555 0.832031 0.143555 0.828125 0.144531 0.826823 0.144531 0.820312 0.145508 0.81901 0.145508 0.815104 0.146484 0.813802 0.146484 0.809896 0.147461 0.808594 0.147461 0.804688 0.148438 0.803385 0.148438 0.783854 0.149414 0.782552 0.149414 0.778646 0.150391 0.777344 0.15332 0.777344 0.15332 0.726562
1 0.708984 0.450521 0.708984 0.454427 0.707031 0.457031 0.705078 0.457031 0.704102 0.458333 0.701172 0.458333 0.700195 0.459635 0.699219 0.459635 0.698242 0.460938 0.697266 0.460938 0.696289 0.46224 0.694336 0.46224 0.693359 0.463542 0.691406 0.463542 0.69043 0.464844 0.689453 0.464844 0.688477 0.466146 0.685547 0.466146 0.68457 0.467448 0.682617 0.467448 0.681641 0.46875 0.677734 0.46875 0.677734 0.485677 0.682617 0.485677 0.683594 0.486979 0.685547 0.486979 0.686523 0.488281 0.6875 0.488281 0.688477 0.489583 0.689453 0.489583 0.691406 0.492188 0.691406 0.496094 0.713867 0.496094 0.713867 0.492188 0.71582 0.489583 0.71875 0.489583 0.719727 0.488281 0.72168 0.488281 0.722656 0.486979 0.724609 0.486979 0.725586 0.485677 0.726562 0.485677 0.727539 0.484375 0.730469 0.484375 0.731445 0.483073 0.737305 0.483073 0.738281 0.481771 0.744141 0.481771 0.745117 0.480469 0.748047 0.480469 0.749023 0.479167 0.751953 0.479167 0.75293 0.477865 0.753906 0.477865 0.754883 0.476562 0.755859 0.476562 0.757812 0.473958 0.757812 0.472656 0.758789 0.471354 0.758789 0.46875 0.757812 0.467448 0.757812 0.464844 0.756836 0.463542 0.756836 0.46224 0.754883 0.459635 0.754883 0.458333 0.751953 0.454427 0.751953 0.450521
1 0.448242 0.705729 0.448242 0.709635 0.446289 0.71224 0.443359 0.71224 0.443359 0.8125 0.446289 0.8125 0.447266 0.813802 0.447266 0.815104 0.448242 0.816406 0.448242 0.817708 0.449219 0.81901 0.449219 0.820312 0.451172 0.822917 0.451172 0.824219 0.453125 0.826823 0.453125 0.828125 0.454102 0.828125 0.458008 0.833333 0.459961 0.833333 0.461914 0.835938 0.461914 0.839844 0.464844 0.839844 0.464844 0.835938 0.466797 0.833333 0.466797 0.832031 0.46875 0.829427 0.46875 0.828125 0.474609 0.820312 0.477539 0.820312 0.477539 0.786458 0.474609 0.786458 0.473633 0.785156 0.473633 0.782552 0.472656 0.78125 0.472656 0.770833 0.47168 0.769531 0.47168 0.757812 0.470703 0.75651 0.470703 0.734375 0.469727 0.733073 0.469727 0.726562 0.46875 0.72526 0.46875 0.720052 0.467773 0.71875 0.467773 0.716146 0.466797 0.714844 0.466797 0.71224 0.46582 0.710938 0.46582 0.705729
1 0.435547 0 0.435547 0.0195312 0.438477 0.0195312 0.44043 0.0221354 0.44043 0.0247396 0.441406 0.0260417 0.441406 0.03125 0.442383 0.0325521 0.442383 0.0364583 0.443359 0.0377604 0.443359 0.0429688 0.444336 0.0442708 0.444336 0.0611979 0.445312 0.0625 0.445312 0.0794271 0.446289 0.0807292 0.446289 0.0833333 0.447266 0.0846354 0.447266 0.0859375 0.448242 0.0872396 0.448242 0.0885417 0.449219 0.0898438 0.449219 0.0911458 0.453125 0.0963542 0.453125 0.0976562 0.459961 0.106771 0.459961 0.108073 0.47168 0.123698 0.472656 0.123698 0.479492 0.132812 0.479492 0.136719 0.488281 0.136719 0.488281 0.13151 0.490234 0.128906 0.493164 0.128906 0.493164 0.121094 0.490234 0.121094 0.489258 0.119792 0.489258 0.11849 0.488281 0.117188 0.488281 0.114583 0.487305 0.113281 0.487305 0.110677 0.486328 0.109375 0.486328 0.106771 0.485352 0.105469 0.485352 0.102865 0.484375 0.101562 0.484375 0.0989583 0.483398 0.0976562 0.483398 0.0963542 0.482422 0.0950521 0.482422 0.0924479 0.481445 0.0911458 0.481445 0.0898438 0.480469 0.0885417 0.480469 0.0872396 0.479492 0.0859375 0.479492 0.0846354 0.478516 0.0833333 0.478516 0.0820312 0.476562 0.0794271 0.476562 0.078125 0.475586 0.0768229 0.475586 0.0755208 0.474609 0.0742188 0.474609 0.0729167 0.473633 0.0716146 0.473633 0.0690104 0.472656 0.0677083 0.472656 0.0664062 0.47168 0.0651042 0.47168 0.0611979 0.470703 0.0598958 0.470703 0.0559896 0.469727 0.0546875 0.469727 0.0494792 0.46875 0.0481771 0.46875 0.0299479 0.467773 0.0286458 0.467773 0.00260417 0.466797 0.00130208 0.466797 0
1 0.139648 0.513021 0.139648 0.518229 0.132812 0.527344 0.132812 0.528646 0.131836 0.529948 0.131836 0.53125 0.129883 0.533854 0.129883 0.535156 0.128906 0.536458 0.128906 0.53776 0.12793 0.539062 0.12793 0.540365 0.126953 0.541667 0.126953 0.542969 0.125977 0.544271 0.125977 0.546875 0.125 0.548177 0.125 0.550781 0.124023 0.552083 0.124023 0.554688 0.123047 0.55599 0.123047 0.561198 0.12207 0.5625 0.12207 0.565104 0.121094 0.566406 0.121094 0.56901 0.120117 0.570312 0.120117 0.572917 0.119141 0.574219 0.119141 0.576823 0.118164 0.578125 0.118164 0.579427 0.117188 0.580729 0.117188 0.582031 0.116211 0.583333 0.116211 0.584635 0.115234 0.585938 0.115234 0.588542 0.114258 0.589844 0.114258 0.592448 0.113281 0.59375 0.113281 0.595052 0.112305 0.596354 0.112305 0.597656 0.111328 0.598958 0.111328 0.601562 0.110352 0.602865 0.110352 0.604167 0.109375 0.605469 0.109375 0.606771 0.108398 0.608073 0.108398 0.609375 0.107422 0.610677 0.107422 0.613281 0.106445 0.614583 0.106445 0.615885 0.105469 0.617188 0.105469 0.61849 0.102539 0.622396 0.0996094 0.622396 0.0996094 0.654948 0.104492 0.654948 0.105469 0.653646 0.108398 0.653646 0.109375 0.652344 0.111328 0.652344 0.112305 0.651042 0.113281 0.651042 0.114258 0.64974 0.115234 0.64974 0.124023 0.638021 0.124023 0.636719 0.125977 0.634115 0.125977 0.632812 0.12793 0.630208 0.12793 0.628906 0.129883 0.626302 0.129883 0.625 0.130859 0.623698 0.130859 0.622396 0.131836 0.621094 0.131836 0.617188 0.132812 0.615885 0.132812 0.611979 0.133789 0.610677 0.133789 0.608073 0.134766 0.606771 0.134766 0.604167 0.135742 0.602865 0.135742 0.598958 0.136719 0.597656 0.136719 0.59375 0.137695 0.592448 0.137695 0.588542 0.138672 0.58724 0.138672 0.583333 0.139648 0.582031 0.139648 0.578125 0.140625 0.576823 0.140625 0.574219 0.141602 0.572917 0.141602 0.56901 0.142578 0.567708 0.142578 0.565104 0.143555 0.563802 0.143555 0.559896 0.144531 0.558594 0.144531 0.55599 0.145508 0.554688 0.145508 0.552083 0.146484 0.550781 0.146484 0.548177 0.147461 0.546875 0.147461 0.544271 0.148438 0.542969 0.148438 0.540365 0.149414 0.539062 0.149414 0.53776 0.150391 0.536458 0.150391 0.535156 0.151367 0.533854 0.151367 0.532552 0.152344 0.53125 0.152344 0.528646 0.15332 0.527344 0.15332 0.526042 0.154297 0.52474 0.154297 0.522135 0.155273 0.520833 0.155273 0.513021
1 0.423828 0.640625 0.422852 0.641927 0.419922 0.641927 0.418945 0.643229 0.416992 0.643229 0.416016 0.644531 0.415039 0.644531 0.414062 0.645833 0.412109 0.645833 0.411133 0.647135 0.40918 0.647135 0.408203 0.648438 0.40625 0.648438 0.405273 0.64974 0.40332 0.64974 0.402344 0.651042 0.389648 0.651042 0.388672 0.64974 0.37207 0.64974 0.371094 0.651042 0.370117 0.651042 0.369141 0.652344 0.367188 0.652344 0.360352 0.661458 0.358398 0.661458 0.357422 0.660156 0.352539 0.660156 0.351562 0.661458 0.351562 0.664062 0.352539 0.665365 0.352539 0.666667 0.355469 0.670573 0.356445 0.670573 0.359375 0.674479 0.359375 0.678385 0.428711 0.678385 0.428711 0.674479 0.429688 0.673177 0.430664 0.673177 0.431641 0.671875 0.432617 0.671875 0.433594 0.670573 0.436523 0.670573 0.4375 0.669271 0.439453 0.669271 0.44043 0.667969 0.442383 0.667969 0.443359 0.666667 0.444336 0.666667 0.445312 0.665365 0.447266 0.665365 0.448242 0.664062 0.450195 0.664062 0.451172 0.66276 0.453125 0.66276 0.454102 0.661458 0.455078 0.661458 0.456055 0.660156 0.458008 0.660156 0.458984 0.658854 0.461914 0.658854 0.462891 0.657552 0.463867 0.657552 0.466797 0.653646 0.46875 0.653646 0.469727 0.652344 0.46875 0.652344 0.467773 0.651042 0.46582 0.651042 0.464844 0.64974 0.462891 0.64974 0.461914 0.648438 0.456055 0.648438 0.455078 0.647135 0.451172 0.647135 0.448242 0.643229 0.447266 0.643229 0.446289 0.641927 0.442383 0.641927 0.441406 0.640625 0.423828 0.640625 0.419922 0.609375 0.420898 0.608073 0.443359 0.608073 0.444336 0.606771 0.450195 0.606771 0.451172 0.605469 0.452148 0.605469 0.453125 0.604167 0.455078 0.604167 0.456055 0.602865 0.457031 0.602865 0.458008 0.601562 0.459961 0.601562 0.460938 0.60026 0.462891 0.60026 0.463867 0.598958 0.46582 0.598958 0.466797 0.597656 0.46875 0.597656 0.469727 0.596354 0.47168 0.596354 0.472656 0.595052 0.473633 0.595052 0.474609 0.59375 0.475586 0.59375 0.476562 0.592448 0.478516 0.592448 0.479492 0.591146 0.480469 0.591146 0.481445 0.589844 0.482422 0.589844 0.483398 0.588542 0.486328 0.588542 0.489258 0.592448 0.489258 0.59375 0.491211 0.596354 0.493164 0.596354 0.494141 0.597656 0.496094 0.597656 0.49707 0.598958 0.498047 0.598958 0.499023 0.597656 0.50293 0.597656 0.503906 0.596354 0.506836 0.596354 0.507812 0.595052 0.511719 0.595052 0.512695 0.59375 0.529297 0.59375 0.530273 0.592448 0.536133 0.592448 0.537109 0.591146 0.541016 0.591146 0.541992 0.589844 0.545898 0.589844 0.546875 0.588542 0.551758 0.588542 0.552734 0.58724 0.555664 0.58724 0.556641 0.585938 0.558594 0.585938 0.55957 0.584635 0.5625 0.584635 0.563477 0.583333 0.569336 0.583333 0.570312 0.582031 0.577148 0.582031 0.578125 0.580729 0.59082 0.580729 0.591797 0.582031 0.599609 0.582031 0.600586 0.583333 0.611328 0.583333 0.612305 0.584635 0.618164 0.584635 0.619141 0.585938 0.625 0.585938 0.625977 0.58724 0.631836 0.58724 0.632812 0.588542 0.643555 0.588542 0.644531 0.589844 0.649414 0.589844 0.650391 0.591146 0.652344 0.591146 0.65332 0.592448 0.655273 0.592448 0.65625 0.59375 0.658203 0.59375 0.65918 0.595052 0.660156 0.595052 0.661133 0.596354 0.663086 0.596354 0.664062 0.597656 0.666016 0.597656 0.666992 0.598958 0.670898 0.598958 0.671875 0.60026 0.674805 0.60026 0.675781 0.601562 0.678711 0.601562 0.679688 0.602865 0.683594 0.602865 0.68457 0.604167 0.6875 0.604167 0.688477 0.605469 0.693359 0.605469 0.694336 0.606771 0.699219 0.606771 0.700195 0.608073 0.703125 0.608073 0.704102 0.609375 0.706055 0.609375 0.707031 0.610677 0.709961 0.610677 0.710938 0.611979 0.72168 0.611979 0.722656 0.613281 0.727539 0.613281 0.728516 0.614583 0.730469 0.614583 0.731445 0.615885 0.733398 0.615885 0.734375 0.617188 0.739258 0.617188 0.739258 0.584635 0.735352 0.584635 0.734375 0.583333 0.72168 0.583333 0.720703 0.584635 0.719727 0.584635 0.71875 0.583333 0.716797 0.583333 0.71582 0.582031 0.712891 0.582031 0.711914 0.580729 0.710938 0.580729 0.709961 0.579427 0.708984 0.579427 0.708008 0.578125 0.707031 0.578125 0.706055 0.576823 0.705078 0.576823 0.704102 0.575521 0.702148 0.575521 0.701172 0.574219 0.700195 0.574219 0.699219 0.572917 0.697266 0.572917 0.696289 0.571615 0.695312 0.571615 0.694336 0.570312 0.692383 0.570312 0.691406 0.56901 0.688477 0.56901 0.6875 0.567708 0.682617 0.567708 0.681641 0.566406 0.676758 0.566406 0.675781 0.565104 0.671875 0.565104 0.670898 0.563802 0.663086 0.563802 0.662109 0.5625 0.650391 0.5625 0.649414 0.561198 0.644531 0.561198 0.643555 0.559896 0.639648 0.559896 0.638672 0.558594 0.635742 0.558594 0.634766 0.557292 0.625977 0.557292 0.625 0.55599 0.617188 0.55599 0.616211 0.554688 0.613281 0.554688 0.612305 0.553385 0.609375 0.553385 0.608398 0.552083 0.606445 0.552083 0.605469 0.550781 0.602539 0.550781 0.600586 0.548177 0.600586 0.544271 0.558594 0.544271 0.558594 0.548177 0.557617 0.549479 0.556641 0.549479 0.555664 0.550781 0.552734 0.550781 0.551758 0.552083 0.547852 0.552083 0.546875 0.553385 0.541992 0.553385 0.541016 0.554688 0.537109 0.554688 0.536133 0.55599 0.533203 0.55599 0.532227 0.557292 0.529297 0.557292 0.52832 0.558594 0.526367 0.558594 0.525391 0.559896 0.524414 0.559896 0.523438 0.561198 0.521484 0.561198 0.520508 0.5625 0.516602 0.5625 0.515625 0.561198 0.513672 0.561198 0.512695 0.559896 0.511719 0.559896 0.509766 0.557292 0.509766 0.55599 0.508789 0.554688 0.507812 0.554688 0.506836 0.553385 0.505859 0.553385 0.504883 0.552083 0.50293 0.552083 0.501953 0.550781 0.498047 0.550781 0.49707 0.552083 0.496094 0.552083 0.495117 0.553385 0.493164 0.553385 0.492188 0.554688 0.491211 0.554688 0.491211 0.55599 0.489258 0.558594 0.487305 0.558594 0.486328 0.559896 0.478516 0.559896 0.477539 0.561198 0.474609 0.561198 0.473633 0.5625 0.47168 0.5625 0.470703 0.563802 0.46875 0.563802 0.467773 0.565104 0.46582 0.565104 0.464844 0.566406 0.462891 0.566406 0.461914 0.567708 0.458984 0.567708 0.458008 0.56901 0.455078 0.56901 0.454102 0.570312 0.450195 0.570312 0.449219 0.571615 0.445312 0.571615 0.444336 0.572917 0.439453 0.572917 0.438477 0.574219 0.433594 0.574219 0.432617 0.575521 0.422852 0.575521 0.421875 0.574219 0.411133 0.574219 0.410156 0.575521 0.348633 0.575521 0.347656 0.574219 0.326172 0.574219 0.325195 0.572917 0.31543 0.572917 0.314453 0.571615 0.310547 0.571615 0.310547 0.60026 0.314453 0.60026 0.31543 0.601562 0.316406 0.601562 0.317383 0.602865 0.319336 0.602865 0.320312 0.604167 0.322266 0.604167 0.323242 0.605469 0.325195 0.605469 0.326172 0.606771 0.335938 0.606771 0.336914 0.605469 0.339844 0.605469 0.34082 0.604167 0.342773 0.604167 0.34375 0.602865 0.344727 0.602865 0.345703 0.601562 0.34668 0.601562 0.347656 0.60026 0.348633 0.60026 0.349609 0.598958 0.351562 0.598958 0.352539 0.597656 0.353516 0.597656 0.354492 0.598958 0.360352 0.598958 0.361328 0.60026 0.363281 0.60026 0.364258 0.601562 0.364258 0.602865 0.366211 0.602865 0.368164 0.60026 0.371094 0.60026 0.37207 0.601562 0.371094 0.602865 0.371094 0.604167 0.370117 0.605469 0.373047 0.605469 0.373047 0.602865 0.37207 0.601562 0.374023 0.598958 0.375 0.598958 0.375977 0.597656 0.376953 0.597656 0.37793 0.598958 0.387695 0.598958 0.388672 0.60026 0.392578 0.60026 0.393555 0.601562 0.393555 0.605469 0.394531 0.606771 0.395508 0.606771 0.396484 0.608073 0.400391 0.608073 0.401367 0.609375 0.419922 0.609375
0 0.31543 0.747396 0.31543 0.752604 0.314453 0.753906 0.310547 0.753906 0.310547 0.80599 0.314453 0.80599 0.31543 0.807292 0.31543 0.808594 0.319336 0.813802 0.319336 0.815104 0.321289 0.817708 0.321289 0.81901 0.322266 0.820312 0.322266 0.821615 0.323242 0.822917 0.323242 0.824219 0.325195 0.826823 0.325195 0.828125 0.326172 0.829427 0.326172 0.830729 0.327148 0.832031 0.327148 0.833333 0.328125 0.834635 0.328125 0.835938 0.329102 0.83724 0.329102 0.838542 0.330078 0.839844 0.330078 0.841146 0.331055 0.842448 0.331055 0.84375 0.332031 0.845052 0.332031 0.846354 0.333008 0.847656 0.333008 0.848958 0.333984 0.85026 0.333984 0.851562 0.334961 0.852865 0.334961 0.854167 0.335938 0.855469 0.335938 0.856771 0.336914 0.858073 0.336914 0.859375 0.337891 0.860677 0.337891 0.863281 0.338867 0.864583 0.338867 0.865885 0.339844 0.867188 0.339844 0.86849 0.34082 0.869792 0.34082 0.871094 0.341797 0.872396 0.341797 0.873698 0.342773 0.875 0.342773 0.876302 0.34375 0.877604 0.34375 0.878906 0.345703 0.88151 0.345703 0.884115 0.34668 0.885417 0.34668 0.886719 0.347656 0.888021 0.347656 0.890625 0.348633 0.891927 0.348633 0.893229 0.349609 0.894531 0.349609 0.895833 0.350586 0.897135 0.350586 0.898438 0.352539 0.901042 0.352539 0.902344 0.353516 0.903646 0.353516 0.904948 0.357422 0.910156 0.357422 0.911458 0.361328 0.916667 0.362305 0.916667 0.364258 0.919271 0.365234 0.919271 0.366211 0.920573 0.367188 0.920573 0.368164 0.921875 0.370117 0.921875 0.371094 0.923177 0.373047 0.923177 0.374023 0.921875 0.375 0.921875 0.375977 0.920573 0.376953 0.920573 0.378906 0.917969 0.378906 0.916667 0.380859 0.914062 0.380859 0.91276 0.381836 0.911458 0.381836 0.908854 0.382812 0.907552 0.382812 0.901042 0.383789 0.89974 0.383789 0.895833 0.384766 0.894531 0.387695 0.894531 0.387695 0.858073 0.384766 0.858073 0.382812 0.855469 0.382812 0.852865 0.381836 0.851562 0.381836 0.848958 0.380859 0.847656 0.380859 0.84375 0.379883 0.842448 0.379883 0.839844 0.378906 0.838542 0.378906 0.834635 0.37793 0.833333 0.37793 0.830729 0.376953 0.829427 0.376953 0.826823 0.375977 0.825521 0.375977 0.822917 0.375 0.821615 0.375 0.820312 0.373047 0.817708 0.373047 0.816406 0.37207 0.815104 0.37207 0.813802 0.370117 0.811198 0.370117 0.809896 0.368164 0.807292 0.368164 0.80599 0.366211 0.803385 0.366211 0.802083 0.363281 0.798177 0.363281 0.796875 0.361328 0.794271 0.361328 0.792969 0.359375 0.790365 0.359375 0.789062 0.358398 0.78776 0.358398 0.786458 0.357422 0.785156 0.357422 0.783854 0.355469 0.78125 0.355469 0.779948 0.354492 0.778646 0.354492 0.777344 0.353516 0.776042 0.353516 0.77474 0.352539 0.773438 0.352539 0.772135 0.351562 0.770833 0.351562 0.769531 0.349609 0.766927 0.349609 0.765625 0.347656 0.763021 0.347656 0.761719 0.34668 0.760417 0.34668 0.759115 0.34375 0.755208 0.34375 0.753906 0.342773 0.753906 0.341797 0.752604 0.341797 0.747396
0 0.294922 0.0546875 0.294922 0.0598958 0.293945 0.0611979 0.293945 0.0625 0.290039 0.0677083 0.289062 0.0677083 0.286133 0.0716146 0.286133 0.0729167 0.28418 0.0755208 0.28418 0.0768229 0.274414 0.0898438 0.273438 0.0898438 0.273438 0.0911458 0.271484 0.09375 0.271484 0.0950521 0.270508 0.0963542 0.270508 0.0976562 0.269531 0.0989583 0.269531 0.10026 0.268555 0.101562 0.268555 0.105469 0.266602 0.108073 0.266602 0.109375 0.264648 0.111979 0.264648 0.113281 0.263672 0.114583 0.263672 0.115885 0.262695 0.117188 0.262695 0.11849 0.261719 0.119792 0.261719 0.121094 0.260742 0.122396 0.260742 0.123698 0.258789 0.126302 0.258789 0.127604 0.254883 0.132812 0.254883 0.134115 0.253906 0.135417 0.253906 0.136719 0.25293 0.138021 0.25293 0.139323 0.251953 0.140625 0.251953 0.141927 0.250977 0.143229 0.250977 0.144531 0.25 0.145833 0.25 0.147135 0.24707 0.151042 0.24707 0.152344 0.243164 0.157552 0.240234 0.157552 0.240234 0.255208 0.243164 0.255208 0.245117 0.257812 0.245117 0.263021 0.246094 0.264323 0.246094 0.272135 0.24707 0.273438 0.24707 0.276042 0.248047 0.277344 0.248047 0.278646 0.249023 0.279948 0.249023 0.28125 0.25 0.282552 0.25 0.283854 0.250977 0.285156 0.251953 0.285156 0.259766 0.295573 0.260742 0.295573 0.263672 0.299479 0.264648 0.299479 0.266602 0.302083 0.267578 0.302083 0.269531 0.304688 0.269531 0.308594 0.274414 0.308594 0.274414 0.304688 0.275391 0.303385 0.276367 0.303385 0.277344 0.302083 0.27832 0.302083 0.279297 0.300781 0.280273 0.300781 0.282227 0.298177 0.283203 0.298177 0.292969 0.285156 0.292969 0.283854 0.302734 0.270833 0.302734 0.269531 0.307617 0.263021 0.307617 0.261719 0.30957 0.259115 0.30957 0.257812 0.311523 0.255208 0.311523 0.253906 0.313477 0.251302 0.313477 0.25 0.318359 0.24349 0.318359 0.242188 0.319336 0.240885 0.319336 0.239583 0.322266 0.235677 0.322266 0.234375 0.324219 0.231771 0.324219 0.230469 0.325195 0.229167 0.325195 0.226562 0.326172 0.22526 0.326172 0.223958 0.327148 0.222656 0.327148 0.221354 0.328125 0.220052 0.328125 0.21875 0.330078 0.216146 0.330078 0.214844 0.334961 0.208333 0.334961 0.207031 0.338867 0.201823 0.338867 0.200521 0.34082 0.197917 0.34082 0.196615 0.342773 0.19401 0.342773 0.192708 0.34375 0.191406 0.34375 0.190104 0.345703 0.1875 0.345703 0.186198 0.34668 0.184896 0.34668 0.183594 0.347656 0.182292 0.347656 0.18099 0.348633 0.179688 0.348633 0.178385 0.349609 0.177083 0.349609 0.174479 0.350586 0.173177 0.350586 0.165365 0.349609 0.164062 0.349609 0.152344 0.350586 0.151042 0.350586 0.14974 0.351562 0.148438 0.351562 0.147135 0.352539 0.145833 0.356445 0.145833 0.356445 0.101562 0.353516 0.101562 0.351562 0.0989583 0.351562 0.0963542 0.350586 0.0950521 0.350586 0.0885417 0.349609 0.0872396 0.349609 0.0846354 0.348633 0.0833333 0.348633 0.0807292 0.34668 0.078125 0.34668 0.0768229 0.342773 0.0716146 0.341797 0.0716146 0.339844 0.0690104 0.338867 0.0690104 0.337891 0.0677083 0.336914 0.0677083 0.333008 0.0625 0.332031 0.0625 0.331055 0.0611979 0.330078 0.0611979 0.328125 0.0585938 0.328125 0.0546875
1 0.577148 0.652344 0.576172 0.652344 0.574219 0.64974 0.573242 0.64974 0.572266 0.648438 0.571289 0.648438 0.570312 0.647135 0.569336 0.647135 0.568359 0.645833 0.567383 0.645833 0.566406 0.644531 0.561523 0.644531 0.560547 0.645833 0.55957 0.645833 0.558594 0.647135 0.557617 0.647135 0.555664 0.64974 0.554688 0.64974 0.553711 0.651042 0.552734 0.651042 0.551758 0.652344 0.550781 0.651042 0.543945 0.651042 0.541992 0.648438 0.541992 0.644531 0.541016 0.643229 0.541016 0.641927 0.537109 0.641927 0.537109 0.664062 0.541992 0.664062 0.542969 0.66276 0.543945 0.66276 0.545898 0.660156 0.546875 0.660156 0.547852 0.658854 0.548828 0.658854 0.549805 0.657552 0.550781 0.657552 0.552734 0.654948 0.553711 0.65625 0.56543 0.65625 0.566406 0.654948 0.568359 0.654948 0.569336 0.653646 0.573242 0.653646 0.574219 0.652344 0.577148 0.652344 0.722656 0.611979 0.724609 0.614583 0.724609 0.615885 0.709961 0.635417 0.704102 0.627604 0.703125 0.627604 0.702148 0.626302 0.702148 0.625 0.698242 0.619792 0.697266 0.619792 0.696289 0.61849 0.695312 0.61849 0.693359 0.615885 0.692383 0.615885 0.691406 0.614583 0.69043 0.614583 0.689453 0.613281 0.688477 0.613281 0.6875 0.611979 0.686523 0.611979 0.685547 0.610677 0.683594 0.610677 0.682617 0.609375 0.680664 0.609375 0.679688 0.608073 0.678711 0.608073 0.677734 0.606771 0.675781 0.606771 0.674805 0.605469 0.672852 0.605469 0.671875 0.604167 0.670898 0.604167 0.669922 0.602865 0.667969 0.602865 0.666992 0.601562 0.665039 0.601562 0.664062 0.60026 0.663086 0.60026 0.662109 0.598958 0.660156 0.598958 0.65918 0.597656 0.657227 0.597656 0.65625 0.596354 0.654297 0.596354 0.65332 0.595052 0.650391 0.595052 0.649414 0.59375 0.645508 0.59375 0.644531 0.592448 0.639648 0.592448 0.638672 0.591146 0.636719 0.591146 0.635742 0.589844 0.635742 0.585938 0.542969 0.585938 0.542969 0.589844 0.541992 0.591146 0.541016 0.591146 0.540039 0.592448 0.537109 0.592448 0.537109 0.601562 0.542969 0.601562 0.543945 0.602865 0.546875 0.602865 0.547852 0.604167 0.549805 0.604167 0.550781 0.605469 0.553711 0.605469 0.554688 0.606771 0.55957 0.606771 0.560547 0.608073 0.56543 0.608073 0.566406 0.609375 0.569336 0.609375 0.570312 0.610677 0.573242 0.610677 0.574219 0.611979 0.577148 0.611979 0.578125 0.613281 0.581055 0.613281 0.582031 0.614583 0.583008 0.614583 0.583984 0.615885 0.585938 0.615885 0.586914 0.617188 0.589844 0.617188 0.59082 0.61849 0.594727 0.61849 0.595703 0.619792 0.617188 0.619792 0.618164 0.61849 0.623047 0.61849 0.624023 0.619792 0.628906 0.619792 0.629883 0.621094 0.639648 0.621094 0.640625 0.622396 0.647461 0.622396 0.648438 0.623698 0.651367 0.623698 0.652344 0.625 0.654297 0.625 0.655273 0.626302 0.657227 0.626302 0.658203 0.627604 0.661133 0.627604 0.662109 0.628906 0.664062 0.628906 0.665039 0.630208 0.666016 0.630208 0.666992 0.63151 0.667969 0.63151 0.668945 0.632812 0.670898 0.632812 0.671875 0.634115 0.673828 0.634115 0.674805 0.635417 0.676758 0.635417 0.677734 0.636719 0.678711 0.636719 0.680664 0.639323 0.681641 0.639323 0.68457 0.643229 0.685547 0.643229 0.686523 0.644531 0.6875 0.644531 0.689453 0.647135 0.69043 0.647135 0.694336 0.652344 0.694336 0.653646 0.700195 0.661458 0.700195 0.66276 0.705078 0.669271 0.705078 0.670573 0.707031 0.673177 0.707031 0.674479 0.712891 0.682292 0.712891 0.683594 0.716797 0.688802 0.717773 0.688802 0.719727 0.691406 0.722656 0.691406 0.723633 0.692708 0.724609 0.692708 0.726562 0.690104 0.726562 0.688802 0.727539 0.6875 0.731445 0.6875 0.731445 0.677083 0.728516 0.677083 0.726562 0.674479 0.726562 0.671875 0.725586 0.670573 0.725586 0.669271 0.724609 0.667969 0.724609 0.666667 0.723633 0.665365 0.723633 0.664062 0.72168 0.661458 0.72168 0.660156 0.720703 0.658854 0.720703 0.657552 0.719727 0.65625 0.719727 0.654948 0.717773 0.652344 0.717773 0.651042 0.716797 0.64974 0.716797 0.648438 0.714844 0.645833 0.714844 0.644531 0.712891 0.641927 0.712891 0.640625 0.709961 0.636719 0.709961 0.635417 0.724609 0.615885 0.726562 0.615885 0.727539 0.617188 0.731445 0.617188 0.731445 0.604167 0.727539 0.604167 0.722656 0.610677 0.722656 0.611979
1 0.833984 0.377604 0.833984 0.390625 0.837891 0.390625 0.842773 0.397135 0.84375 0.397135 0.845703 0.39974 0.84668 0.39974 0.850586 0.404948 0.851562 0.404948 0.853516 0.407552 0.854492 0.407552 0.856445 0.410156 0.857422 0.410156 0.858398 0.411458 0.859375 0.411458 0.861328 0.414062 0.862305 0.414062 0.863281 0.415365 0.864258 0.415365 0.865234 0.416667 0.866211 0.416667 0.867188 0.417969 0.868164 0.417969 0.869141 0.419271 0.871094 0.419271 0.87207 0.420573 0.873047 0.420573 0.874023 0.421875 0.875977 0.421875 0.876953 0.423177 0.87793 0.423177 0.878906 0.424479 0.880859 0.424479 0.881836 0.425781 0.882812 0.425781 0.883789 0.427083 0.884766 0.427083 0.885742 0.428385 0.886719 0.428385 0.887695 0.429688 0.889648 0.429688 0.890625 0.43099 0.892578 0.43099 0.893555 0.432292 0.895508 0.432292 0.896484 0.433594 0.898438 0.433594 0.899414 0.434896 0.900391 0.434896 0.901367 0.436198 0.90332 0.436198 0.904297 0.4375 0.90625 0.4375 0.907227 0.438802 0.90918 0.438802 0.910156 0.440104 0.911133 0.440104 0.912109 0.441406 0.913086 0.441406 0.914062 0.442708 0.916016 0.442708 0.916992 0.44401 0.918945 0.44401 0.919922 0.445312 0.922852 0.445312 0.923828 0.446615 0.927734 0.446615 0.928711 0.447917 0.932617 0.447917 0.933594 0.449219 0.935547 0.449219 0.936523 0.450521 0.936523 0.454427 0.973633 0.454427 0.973633 0.450521 0.974609 0.449219 0.975586 0.449219 0.976562 0.447917 0.979492 0.447917 0.980469 0.446615 0.983398 0.446615 0.984375 0.445312 0.986328 0.445312 0.987305 0.44401 0.989258 0.44401 0.990234 0.442708 0.991211 0.442708 0.992188 0.441406 0.993164 0.441406 0.994141 0.440104 0.995117 0.440104 0.99707 0.4375 0.999023 0.4375 0.999023 0.410156 0.994141 0.410156 0.993164 0.411458 0.992188 0.410156 0.989258 0.410156 0.988281 0.411458 0.987305 0.411458 0.986328 0.41276 0.982422 0.41276 0.981445 0.414062 0.966797 0.414062 0.96582 0.41276 0.960938 0.41276 0.959961 0.411458 0.955078 0.411458 0.954102 0.410156 0.947266 0.410156 0.946289 0.408854 0.943359 0.408854 0.942383 0.407552 0.941406 0.407552 0.94043 0.40625 0.938477 0.40625 0.9375 0.404948 0.935547 0.404948 0.93457 0.403646 0.933594 0.403646 0.932617 0.402344 0.931641 0.402344 0.930664 0.401042 0.928711 0.401042 0.927734 0.39974 0.919922 0.39974 0.918945 0.398438 0.898438 0.398438 0.897461 0.397135 0.887695 0.397135 0.886719 0.395833 0.883789 0.395833 0.882812 0.394531 0.879883 0.394531 0.878906 0.393229 0.876953 0.393229 0.875977 0.391927 0.874023 0.391927 0.873047 0.390625 0.871094 0.390625 0.870117 0.389323 0.868164 0.389323 0.867188 0.388021 0.865234 0.388021 0.864258 0.386719 0.863281 0.386719 0.862305 0.385417 0.861328 0.385417 0.860352 0.384115 0.858398 0.384115 0.857422 0.382812 0.856445 0.382812 0.855469 0.38151 0.855469 0.377604
1 0.327148 0.0234375 0.327148 0.0273438 0.325195 0.0299479 0.322266 0.0299479 0.322266 0.0442708 0.325195 0.0442708 0.327148 0.046875 0.328125 0.046875 0.331055 0.0507812 0.332031 0.0507812 0.333984 0.0533854 0.334961 0.0533854 0.335938 0.0546875 0.336914 0.0546875 0.338867 0.0572917 0.339844 0.0572917 0.34082 0.0585938 0.341797 0.0585938 0.34375 0.0611979 0.344727 0.0611979 0.345703 0.0625 0.34668 0.0625 0.347656 0.0638021 0.348633 0.0638021 0.349609 0.0651042 0.350586 0.0651042 0.351562 0.0664062 0.352539 0.0664062 0.353516 0.0677083 0.354492 0.0677083 0.355469 0.0690104 0.356445 0.0690104 0.357422 0.0703125 0.359375 0.0703125 0.360352 0.0716146 0.362305 0.0716146 0.363281 0.0729167 0.364258 0.0729167 0.365234 0.0742188 0.367188 0.0742188 0.368164 0.0755208 0.369141 0.0755208 0.370117 0.0768229 0.374023 0.0768229 0.375 0.078125 0.382812 0.078125 0.383789 0.0768229 0.386719 0.0768229 0.387695 0.0755208 0.389648 0.0755208 0.390625 0.0742188 0.392578 0.0742188 0.393555 0.0729167 0.394531 0.0729167 0.395508 0.0716146 0.399414 0.0716146 0.400391 0.0703125 0.402344 0.0703125 0.40332 0.0690104 0.407227 0.0690104 0.407227 0.0559896 0.40332 0.0559896 0.401367 0.0533854 0.400391 0.0533854 0.399414 0.0520833 0.396484 0.0520833 0.395508 0.0507812 0.387695 0.0507812 0.386719 0.0494792 0.384766 0.0494792 0.383789 0.0481771 0.382812 0.0481771 0.381836 0.046875 0.380859 0.046875 0.379883 0.0455729 0.378906 0.0455729 0.37793 0.0442708 0.375977 0.0442708 0.375 0.0429688 0.374023 0.0429688 0.373047 0.0416667 0.37207 0.0416667 0.370117 0.0390625 0.369141 0.0390625 0.366211 0.0351562 0.365234 0.0351562 0.363281 0.0325521 0.362305 0.0325521 0.360352 0.0299479 0.359375 0.0299479 0.357422 0.0273438 0.357422 0.0234375
1 0.162109 0.798177 0.162109 0.799479 0.161133 0.800781 0.161133 0.804688 0.160156 0.80599 0.160156 0.808594 0.15918 0.809896 0.15918 0.8125 0.158203 0.813802 0.158203 0.816406 0.157227 0.817708 0.157227 0.820312 0.15625 0.821615 0.15625 0.826823 0.157227 0.828125 0.157227 0.830729 0.158203 0.832031 0.158203 0.833333 0.15918 0.834635 0.162109 0.834635 0.162109 0.833333 0.164062 0.830729 0.164062 0.829427 0.165039 0.828125 0.165039 0.824219 0.166016 0.822917 0.166016 0.816406 0.165039 0.815104 0.165039 0.804688 0.164062 0.803385 0.164062 0.800781 0.162109 0.798177 0.165039 0.794271 0.166016 0.792969 0.166016 0.791667 0.166992 0.790365 0.166992 0.789062 0.167969 0.78776 0.167969 0.785156 0.168945 0.783854 0.168945 0.757812 0.169922 0.75651 0.169922 0.74349 0.170898 0.742188 0.170898 0.736979 0.171875 0.735677 0.171875 0.729167 0.170898 0.727865 0.170898 0.713542 0.171875 0.71224 0.171875 0.709635 0.172852 0.708333 0.172852 0.707031 0.173828 0.705729 0.173828 0.704427 0.174805 0.703125 0.174805 0.700521 0.175781 0.699219 0.175781 0.697917 0.176758 0.696615 0.176758 0.69401 0.177734 0.692708 0.177734 0.690104 0.178711 0.688802 0.178711 0.686198 0.179688 0.684896 0.179688 0.682292 0.180664 0.68099 0.180664 0.679688 0.181641 0.678385 0.181641 0.675781 0.182617 0.674479 0.182617 0.673177 0.183594 0.671875 0.183594 0.670573 0.186523 0.666667 0.186523 0.665365 0.1875 0.664062 0.1875 0.66276 0.188477 0.661458 0.188477 0.660156 0.189453 0.658854 0.189453 0.653646 0.19043 0.652344 0.19043 0.651042 0.191406 0.64974 0.191406 0.648438 0.192383 0.647135 0.192383 0.645833 0.193359 0.644531 0.193359 0.643229 0.194336 0.641927 0.194336 0.640625 0.197266 0.636719 0.197266 0.635417 0.199219 0.632812 0.199219 0.63151 0.203125 0.626302 0.203125 0.623698 0.204102 0.622396 0.204102 0.621094 0.206055 0.61849 0.206055 0.617188 0.208984 0.613281 0.208984 0.611979 0.209961 0.610677 0.209961 0.609375 0.212891 0.605469 0.212891 0.604167 0.216797 0.598958 0.216797 0.597656 0.224609 0.58724 0.224609 0.585938 0.227539 0.582031 0.227539 0.580729 0.230469 0.576823 0.230469 0.575521 0.231445 0.574219 0.231445 0.571615 0.233398 0.56901 0.233398 0.567708 0.234375 0.566406 0.234375 0.565104 0.236328 0.5625 0.239258 0.5625 0.239258 0.541667 0.236328 0.541667 0.234375 0.539062 0.234375 0.53776 0.233398 0.536458 0.233398 0.535156 0.232422 0.533854 0.232422 0.529948 0.231445 0.528646 0.231445 0.523438 0.224609 0.523438 0.224609 0.528646 0.223633 0.529948 0.223633 0.53125 0.222656 0.532552 0.222656 0.533854 0.22168 0.535156 0.22168 0.536458 0.220703 0.53776 0.220703 0.539062 0.219727 0.540365 0.219727 0.541667 0.21582 0.546875 0.21582 0.548177 0.206055 0.561198 0.206055 0.5625 0.198242 0.572917 0.198242 0.574219 0.195312 0.578125 0.195312 0.579427 0.191406 0.584635 0.191406 0.585938 0.186523 0.592448 0.186523 0.59375 0.18457 0.596354 0.18457 0.597656 0.182617 0.60026 0.182617 0.601562 0.181641 0.602865 0.181641 0.604167 0.180664 0.605469 0.180664 0.606771 0.178711 0.609375 0.178711 0.610677 0.177734 0.611979 0.177734 0.613281 0.176758 0.614583 0.176758 0.615885 0.175781 0.617188 0.175781 0.61849 0.173828 0.621094 0.173828 0.622396 0.172852 0.623698 0.172852 0.625 0.171875 0.626302 0.171875 0.627604 0.170898 0.628906 0.170898 0.630208 0.169922 0.63151 0.169922 0.632812 0.168945 0.634115 0.168945 0.635417 0.167969 0.636719 0.167969 0.638021 0.166016 0.640625 0.166016 0.641927 0.165039 0.643229 0.165039 0.645833 0.164062 0.647135 0.164062 0.648438 0.163086 0.64974 0.163086 0.651042 0.162109 0.652344 0.162109 0.654948 0.161133 0.65625 0.161133 0.657552 0.160156 0.658854 0.160156 0.660156 0.15918 0.661458 0.15918 0.66276 0.158203 0.664062 0.158203 0.666667 0.157227 0.667969 0.157227 0.669271 0.15625 0.670573 0.15625 0.671875 0.155273 0.673177 0.155273 0.674479 0.154297 0.675781 0.154297 0.677083 0.15332 0.678385 0.15332 0.679688 0.150391 0.683594 0.150391 0.684896 0.149414 0.686198 0.149414 0.688802 0.148438 0.690104 0.148438 0.691406 0.147461 0.692708 0.147461 0.69401 0.146484 0.695312 0.146484 0.696615 0.145508 0.697917 0.144531 0.697917 0.143555 0.699219 0.138672 0.699219 0.138672 0.83724 0.141602 0.83724 0.141602 0.835938 0.142578 0.834635 0.142578 0.829427 0.143555 0.828125 0.143555 0.813802 0.144531 0.8125 0.144531 0.807292 0.145508 0.80599 0.145508 0.800781 0.146484 0.799479 0.146484 0.791667 0.147461 0.790365 0.147461 0.785156 0.148438 0.783854 0.148438 0.778646 0.149414 0.777344 0.149414 0.772135 0.150391 0.770833 0.150391 0.755208 0.149414 0.753906 0.149414 0.75 0.148438 0.748698 0.148438 0.747396 0.147461 0.746094 0.147461 0.742188 0.146484 0.740885 0.146484 0.734375 0.147461 0.733073 0.147461 0.731771 0.151367 0.726562 0.152344 0.726562 0.15332 0.72526 0.157227 0.72526 0.160156 0.729167 0.160156 0.730469 0.164062 0.735677 0.165039 0.735677 0.166016 0.736979 0.166016 0.740885 0.166992 0.742188 0.166992 0.74349 0.168945 0.746094 0.168945 0.747396 0.167969 0.748698 0.167969 0.751302 0.166992 0.752604 0.167969 0.753906 0.167969 0.760417 0.168945 0.761719 0.168945 0.768229 0.167969 0.769531 0.167969 0.770833 0.166016 0.773438 0.166016 0.777344 0.165039 0.778646 0.165039 0.78776 0.164062 0.789062 0.165039 0.790365 0.165039 0.794271
1 0.00878906 0.809896 0.00878906 0.813802 0.0078125 0.815104 0.0078125 0.816406 0.00683594 0.817708 0.00683594 0.820312 0.00585938 0.821615 0.00585938 0.824219 0.00488281 0.825521 0.00488281 0.828125 0.00390625 0.829427 0.00390625 0.830729 0.00292969 0.832031 0.00292969 0.834635 0.00195312 0.835938 0.00195312 0.83724 0.000976562 0.838542 0 0.838542 0 0.934896 0.00488281 0.934896 0.00585938 0.933594 0.00683594 0.933594 0.00976562 0.929688 0.00976562 0.928385 0.0117188 0.925781 0.0117188 0.924479 0.0126953 0.923177 0.0126953 0.920573 0.0136719 0.919271 0.0136719 0.915365 0.0146484 0.914062 0.0146484 0.911458 0.015625 0.910156 0.015625 0.907552 0.0166016 0.90625 0.0166016 0.904948 0.0175781 0.903646 0.0175781 0.89974 0.0185547 0.898438 0.0185547 0.894531 0.0195312 0.893229 0.0195312 0.890625 0.0205078 0.889323 0.0205078 0.885417 0.0214844 0.884115 0.0214844 0.880208 0.0224609 0.878906 0.0224609 0.873698 0.0234375 0.872396 0.0234375 0.865885 0.0244141 0.864583 0.0244141 0.855469 0.0253906 0.854167 0.0253906 0.847656 0.0263672 0.846354 0.0263672 0.839844 0.0273438 0.838542 0.0273438 0.832031 0.0283203 0.830729 0.0283203 0.825521 0.0292969 0.824219 0.0322266 0.824219 0.0322266 0.809896
1 0.0322266 0.00260417 0.0322266 0.0078125 0.03125 0.00911458 0.03125 0.0104167 0.0292969 0.0130208 0.0292969 0.0143229 0.0283203 0.015625 0.0283203 0.0169271 0.0273438 0.0182292 0.0273438 0.0195312 0.0263672 0.0208333 0.0263672 0.0221354 0.0253906 0.0234375 0.0253906 0.0247396 0.0244141 0.0260417 0.0244141 0.0273438 0.0234375 0.0286458 0.0234375 0.03125 0.0224609 0.0325521 0.0224609 0.0338542 0.0214844 0.0351562 0.0214844 0.0377604 0.0205078 0.0390625 0.0205078 0.0416667 0.0195312 0.0429688 0.0195312 0.0442708 0.0185547 0.0455729 0.0185547 0.046875 0.0175781 0.0481771 0.0175781 0.0507812 0.0166016 0.0520833 0.0166016 0.0546875 0.015625 0.0559896 0.015625 0.0572917 0.0146484 0.0585938 0.0146484 0.0611979 0.0136719 0.0625 0.0136719 0.0638021 0.0126953 0.0651042 0.0126953 0.0664062 0.0117188 0.0677083 0.0117188 0.0690104 0.00976562 0.0716146 0.00976562 0.0729167 0.00878906 0.0742188 0.00878906 0.0755208 0.0078125 0.0768229 0.0078125 0.078125 0.00683594 0.0794271 0.00683594 0.0846354 0.00585938 0.0859375 0.00585938 0.0885417 0.00488281 0.0898438 0.00488281 0.0924479 0.00390625 0.09375 0.00390625 0.0976562 0.00292969 0.0989583 0.00292969 0.104167 0.00195312 0.105469 0.00195312 0.108073 0.000976562 0.109375 0 0.109375 0 0.313802 0.00195312 0.313802 0.00585938 0.308594 0.00585938 0.307292 0.00683594 0.30599 0.00683594 0.304688 0.0078125 0.303385 0.0078125 0.302083 0.00878906 0.300781 0.00878906 0.299479 0.00976562 0.298177 0.00976562 0.295573 0.0107422 0.294271 0.0107422 0.291667 0.0117188 0.290365 0.0117188 0.289062 0.0126953 0.28776 0.0126953 0.285156 0.0136719 0.283854 0.0136719 0.28125 0.0146484 0.279948 0.0146484 0.278646 0.015625 0.277344 0.015625 0.27474 0.0166016 0.273438 0.0166016 0.270833 0.0175781 0.269531 0.0175781 0.266927 0.0185547 0.265625 0.0185547 0.261719 0.0195312 0.260417 0.0195312 0.257812 0.0205078 0.25651 0.0205078 0.252604 0.0214844 0.251302 0.0214844 0.24349 0.0224609 0.242188 0.0224609 0.222656 0.0214844 0.221354 0.0214844 0.209635 0.0205078 0.208333 0.0205078 0.191406 0.0195312 0.190104 0.0195312 0.184896 0.0205078 0.183594 0.0205078 0.175781 0.0214844 0.174479 0.0214844 0.171875 0.0224609 0.170573 0.0224609 0.167969 0.0234375 0.166667 0.0234375 0.164062 0.0244141 0.16276 0.0244141 0.161458 0.0253906 0.160156 0.0253906 0.157552 0.0263672 0.15625 0.0263672 0.154948 0.0273438 0.153646 0.0273438 0.152344 0.0283203 0.151042 0.0283203 0.14974 0.0292969 0.148438 0.0292969 0.145833 0.0302734 0.144531 0.0302734 0.141927 0.03125 0.140625 0.03125 0.138021 0.0322266 0.136719 0.0322266 0.135417 0.0332031 0.134115 0.0332031 0.13151 0.0341797 0.130208 0.0341797 0.127604 0.0351562 0.126302 0.0351562 0.123698 0.0361328 0.122396 0.0361328 0.119792 0.0371094 0.11849 0.0371094 0.111979 0.0380859 0.110677 0.0380859 0.10026 0.0390625 0.0989583 0.0390625 0.09375 0.0400391 0.0924479 0.0400391 0.0872396 0.0410156 0.0859375 0.0410156 0.0820312 0.0419922 0.0807292 0.0419922 0.0768229 0.0429688 0.0755208 0.0429688 0.0716146 0.0439453 0.0703125 0.0439453 0.0664062 0.0449219 0.0651042 0.0449219 0.0598958 0.0458984 0.0585938 0.0458984 0.0546875 0.046875 0.0533854 0.046875 0.0507812 0.0478516 0.0494792 0.0478516 0.046875 0.0488281 0.0455729 0.0488281 0.0416667 0.0498047 0.0403646 0.0498047 0.0377604 0.0507812 0.0364583 0.0507812 0.0338542 0.0517578 0.0325521 0.0517578 0.03125 0.0527344 0.0299479 0.0527344 0.0273438 0.0537109 0.0260417 0.0537109 0.0234375 0.0546875 0.0221354 0.0546875 0.0208333 0.0556641 0.0195312 0.0556641 0.0182292 0.0566406 0.0169271 0.0566406 0.015625 0.0595703 0.0117188 0.0595703 0.0104167 0.0615234 0.0078125 0.0615234 0.00260417
1 0.979492 0.856771 0.979492 0.860677 0.977539 0.863281 0.975586 0.863281 0.974609 0.864583 0.973633 0.864583 0.972656 0.865885 0.97168 0.865885 0.970703 0.867188 0.969727 0.867188 0.96875 0.86849 0.967773 0.86849 0.966797 0.869792 0.96582 0.869792 0.964844 0.871094 0.963867 0.871094 0.962891 0.872396 0.961914 0.872396 0.960938 0.873698 0.958984 0.873698 0.958008 0.875 0.957031 0.875 0.956055 0.876302 0.955078 0.876302 0.954102 0.877604 0.953125 0.877604 0.952148 0.878906 0.951172 0.878906 0.950195 0.880208 0.949219 0.880208 0.947266 0.882812 0.943359 0.882812 0.943359 0.897135 0.947266 0.897135 0.948242 0.898438 0.950195 0.898438 0.951172 0.89974 0.955078 0.89974 0.956055 0.901042 0.96875 0.901042 0.969727 0.89974 0.979492 0.89974 0.980469 0.898438 0.987305 0.898438 0.988281 0.897135 0.993164 0.897135 0.994141 0.895833 0.99707 0.895833 0.998047 0.894531 0.999023 0.894531 0.999023 0.856771
1 0.655273 0.0546875 0.655273 0.0585938 0.65332 0.0611979 0.65332 0.0625 0.651367 0.0651042 0.651367 0.0664062 0.644531 0.0755208 0.643555 0.0755208 0.641602 0.078125 0.640625 0.078125 0.638672 0.0807292 0.637695 0.0807292 0.636719 0.0820312 0.635742 0.0820312 0.634766 0.0833333 0.632812 0.0833333 0.631836 0.0846354 0.630859 0.0846354 0.629883 0.0859375 0.62793 0.0859375 0.626953 0.0872396 0.625 0.0872396 0.624023 0.0885417 0.621094 0.0885417 0.620117 0.0898438 0.617188 0.0898438 0.616211 0.0911458 0.613281 0.0911458 0.612305 0.0924479 0.608398 0.0924479 0.607422 0.09375 0.602539 0.09375 0.601562 0.0950521 0.600586 0.0950521 0.599609 0.0963542 0.597656 0.0963542 0.59668 0.0976562 0.594727 0.0976562 0.59375 0.0989583 0.591797 0.0989583 0.59082 0.10026 0.588867 0.10026 0.587891 0.101562 0.584961 0.101562 0.583984 0.102865 0.582031 0.102865 0.581055 0.104167 0.568359 0.104167 0.568359 0.11849 0.574219 0.11849 0.575195 0.119792 0.577148 0.119792 0.578125 0.121094 0.580078 0.121094 0.581055 0.122396 0.583984 0.122396 0.584961 0.123698 0.587891 0.123698 0.588867 0.125 0.607422 0.125 0.608398 0.123698 0.623047 0.123698 0.624023 0.122396 0.630859 0.122396 0.631836 0.121094 0.635742 0.121094 0.636719 0.119792 0.639648 0.119792 0.640625 0.11849 0.642578 0.11849 0.643555 0.117188 0.645508 0.117188 0.646484 0.115885 0.648438 0.115885 0.649414 0.114583 0.650391 0.114583 0.651367 0.113281 0.65332 0.113281 0.654297 0.111979 0.655273 0.111979 0.65625 0.110677 0.657227 0.110677 0.658203 0.109375 0.65918 0.109375 0.660156 0.108073 0.661133 0.108073 0.663086 0.105469 0.664062 0.105469 0.666016 0.102865 0.666992 0.102865 0.668945 0.10026 0.669922 0.10026 0.671875 0.0976562 0.672852 0.0976562 0.673828 0.0963542 0.674805 0.0963542 0.677734 0.0924479 0.678711 0.0924479 0.680664 0.0898438 0.68457 0.0898438 0.68457 0.0677083 0.681641 0.0677083 0.680664 0.0664062 0.680664 0.0651042 0.679688 0.0638021 0.679688 0.0546875
1 0.149414 0.403646 0.149414 0.407552 0.145508 0.41276 0.144531 0.41276 0.143555 0.414062 0.143555 0.415365 0.144531 0.416667 0.144531 0.417969 0.149414 0.424479 0.151367 0.424479 0.15332 0.427083 0.154297 0.427083 0.155273 0.428385 0.15625 0.428385 0.157227 0.429688 0.158203 0.429688 0.15918 0.43099 0.160156 0.43099 0.163086 0.434896 0.164062 0.434896 0.166016 0.4375 0.166992 0.4375 0.168945 0.440104 0.169922 0.440104 0.170898 0.441406 0.171875 0.441406 0.174805 0.445312 0.175781 0.445312 0.178711 0.449219 0.179688 0.449219 0.193359 0.467448 0.194336 0.467448 0.203125 0.479167 0.204102 0.479167 0.217773 0.497396 0.217773 0.498698 0.219727 0.501302 0.219727 0.502604 0.22168 0.505208 0.22168 0.50651 0.223633 0.509115 0.223633 0.510417 0.226562 0.514323 0.226562 0.515625 0.229492 0.519531 0.229492 0.520833 0.231445 0.523438 0.231445 0.52474 0.234375 0.528646 0.234375 0.529948 0.236328 0.532552 0.236328 0.533854 0.238281 0.536458 0.238281 0.53776 0.240234 0.540365 0.240234 0.541667 0.241211 0.542969 0.241211 0.544271 0.243164 0.546875 0.243164 0.548177 0.245117 0.550781 0.245117 0.552083 0.24707 0.554688 0.24707 0.55599 0.248047 0.557292 0.248047 0.558594 0.25 0.561198 0.25 0.5625 0.250977 0.563802 0.250977 0.565104 0.251953 0.566406 0.251953 0.567708 0.25293 0.56901 0.25293 0.570312 0.254883 0.572917 0.254883 0.574219 0.255859 0.575521 0.255859 0.576823 0.257812 0.579427 0.257812 0.580729 0.258789 0.582031 0.258789 0.583333 0.260742 0.585938 0.260742 0.58724 0.261719 0.588542 0.261719 0.589844 0.262695 0.591146 0.262695 0.592448 0.263672 0.59375 0.263672 0.595052 0.266602 0.598958 0.266602 0.60026 0.267578 0.601562 0.267578 0.602865 0.268555 0.604167 0.268555 0.605469 0.271484 0.609375 0.271484 0.610677 0.277344 0.61849 0.277344 0.619792 0.283203 0.627604 0.283203 0.628906 0.289062 0.636719 0.289062 0.638021 0.297852 0.64974 0.297852 0.651042 0.30957 0.666667 0.30957 0.667969 0.3125 0.671875 0.3125 0.673177 0.319336 0.682292 0.319336 0.683594 0.321289 0.686198 0.321289 0.6875 0.324219 0.691406 0.324219 0.692708 0.326172 0.695312 0.326172 0.696615 0.327148 0.697917 0.327148 0.699219 0.332031 0.705729 0.332031 0.707031 0.333008 0.708333 0.333008 0.709635 0.337891 0.716146 0.337891 0.717448 0.34082 0.721354 0.34082 0.722656 0.342773 0.722656 0.34375 0.721354 0.344727 0.721354 0.345703 0.720052 0.34668 0.720052 0.350586 0.714844 0.350586 0.713542 0.352539 0.710938 0.352539 0.709635 0.353516 0.708333 0.353516 0.703125 0.352539 0.701823 0.352539 0.697917 0.351562 0.696615 0.351562 0.69401 0.350586 0.692708 0.350586 0.691406 0.349609 0.690104 0.349609 0.684896 0.348633 0.683594 0.348633 0.682292 0.347656 0.68099 0.347656 0.679688 0.34668 0.678385 0.34668 0.677083 0.345703 0.675781 0.345703 0.674479 0.341797 0.669271 0.341797 0.667969 0.34082 0.666667 0.34082 0.664062 0.339844 0.66276 0.339844 0.661458 0.338867 0.660156 0.338867 0.658854 0.335938 0.654948 0.335938 0.653646 0.326172 0.640625 0.326172 0.639323 0.323242 0.635417 0.323242 0.634115 0.321289 0.63151 0.321289 0.630208 0.319336 0.627604 0.319336 0.626302 0.31543 0.621094 0.31543 0.619792 0.3125 0.615885 0.3125 0.614583 0.311523 0.613281 0.311523 0.611979 0.30957 0.609375 0.30957 0.608073 0.307617 0.605469 0.307617 0.604167 0.306641 0.602865 0.306641 0.601562 0.304688 0.598958 0.304688 0.597656 0.302734 0.595052 0.302734 0.59375 0.301758 0.592448 0.301758 0.591146 0.297852 0.585938 0.297852 0.584635 0.295898 0.582031 0.295898 0.580729 0.294922 0.579427 0.294922 0.578125 0.292969 0.575521 0.292969 0.574219 0.291992 0.572917 0.291992 0.571615 0.289062 0.567708 0.289062 0.566406 0.285156 0.561198 0.285156 0.559896 0.283203 0.557292 0.283203 0.55599 0.28125 0.553385 0.28125 0.552083 0.279297 0.549479 0.279297 0.548177 0.27832 0.546875 0.27832 0.545573 0.276367 0.542969 0.276367 0.541667 0.274414 0.539062 0.274414 0.53776 0.273438 0.536458 0.273438 0.535156 0.272461 0.533854 0.272461 0.532552 0.271484 0.53125 0.271484 0.529948 0.270508 0.528646 0.270508 0.527344 0.267578 0.523438 0.267578 0.522135 0.266602 0.520833 0.266602 0.519531 0.265625 0.518229 0.265625 0.516927 0.264648 0.515625 0.264648 0.514323 0.263672 0.513021 0.263672 0.511719 0.262695 0.510417 0.262695 0.509115 0.260742 0.50651 0.260742 0.505208 0.259766 0.503906 0.259766 0.502604 0.257812 0.5 0.257812 0.498698 0.254883 0.494792 0.254883 0.49349 0.25293 0.490885 0.25293 0.489583 0.251953 0.488281 0.250977 0.488281 0.25 0.486979 0.25 0.485677 0.248047 0.483073 0.24707 0.483073 0.246094 0.481771 0.246094 0.480469 0.242188 0.47526 0.241211 0.47526 0.232422 0.463542 0.231445 0.463542 0.209961 0.434896 0.208984 0.434896 0.207031 0.432292 0.206055 0.432292 0.204102 0.429688 0.203125 0.429688 0.202148 0.428385 0.201172 0.428385 0.200195 0.427083 0.199219 0.427083 0.197266 0.424479 0.195312 0.424479 0.194336 0.423177 0.193359 0.423177 0.192383 0.421875 0.191406 0.421875 0.19043 0.420573 0.188477 0.420573 0.1875 0.419271 0.186523 0.419271 0.18457 0.416667 0.18457 0.415365 0.183594 0.414062 0.182617 0.414062 0.181641 0.41276 0.180664 0.41276 0.179688 0.411458 0.177734 0.411458 0.176758 0.410156 0.175781 0.410156 0.174805 0.408854 0.173828 0.408854 0.172852 0.407552 0.172852 0.403646
1 0.691406 0.602865 0.692383 0.604167 0.693359 0.604167 0.694336 0.605469 0.697266 0.605469 0.698242 0.606771 0.701172 0.606771 0.702148 0.608073 0.705078 0.608073 0.706055 0.609375 0.708008 0.609375 0.708984 0.610677 0.711914 0.610677 0.712891 0.611979 0.714844 0.611979 0.71582 0.613281 0.719727 0.613281 0.719727 0.585938 0.693359 0.585938 0.693359 0.591146 0.692383 0.592448 0.692383 0.595052 0.691406 0.596354 0.691406 0.602865 0.683594 0.608073 0.680664 0.608073 0.679688 0.606771 0.678711 0.606771 0.677734 0.605469 0.676758 0.605469 0.675781 0.604167 0.672852 0.604167 0.671875 0.602865 0.670898 0.602865 0.669922 0.601562 0.667969 0.601562 0.666992 0.60026 0.666016 0.60026 0.665039 0.598958 0.664062 0.598958 0.663086 0.597656 0.662109 0.597656 0.661133 0.596354 0.65918 0.596354 0.658203 0.595052 0.65625 0.595052 0.655273 0.59375 0.652344 0.59375 0.651367 0.592448 0.647461 0.592448 0.646484 0.591146 0.644531 0.591146 0.643555 0.589844 0.643555 0.585938 0.538086 0.585938 0.538086 0.589844 0.535156 0.59375 0.53418 0.59375 0.533203 0.595052 0.53418 0.596354 0.53418 0.597656 0.536133 0.60026 0.537109 0.60026 0.538086 0.601562 0.541016 0.601562 0.541992 0.602865 0.544922 0.602865 0.545898 0.604167 0.547852 0.604167 0.548828 0.605469 0.551758 0.605469 0.552734 0.606771 0.555664 0.606771 0.556641 0.608073 0.55957 0.608073 0.560547 0.609375 0.564453 0.609375 0.56543 0.610677 0.568359 0.610677 0.569336 0.611979 0.572266 0.611979 0.573242 0.613281 0.577148 0.613281 0.578125 0.614583 0.581055 0.614583 0.582031 0.615885 0.585938 0.615885 0.586914 0.617188 0.598633 0.617188 0.599609 0.61849 0.626953 0.61849 0.62793 0.619792 0.631836 0.619792 0.632812 0.621094 0.646484 0.621094 0.647461 0.622396 0.651367 0.622396 0.652344 0.623698 0.654297 0.623698 0.655273 0.625 0.657227 0.625 0.658203 0.626302 0.660156 0.626302 0.661133 0.627604 0.664062 0.627604 0.665039 0.628906 0.666992 0.628906 0.667969 0.630208 0.668945 0.630208 0.669922 0.63151 0.670898 0.63151 0.671875 0.632812 0.673828 0.632812 0.674805 0.634115 0.676758 0.634115 0.677734 0.635417 0.679688 0.635417 0.680664 0.636719 0.682617 0.636719 0.683594 0.638021 0.68457 0.638021 0.6875 0.641927 0.688477 0.641927 0.689453 0.643229 0.691406 0.643229 0.693359 0.645833 0.694336 0.645833 0.696289 0.648438 0.696289 0.657552 0.719727 0.657552 0.719727 0.648438 0.71582 0.648438 0.712891 0.644531 0.712891 0.643229 0.708008 0.636719 0.704102 0.636719 0.703125 0.635417 0.700195 0.635417 0.699219 0.634115 0.698242 0.634115 0.696289 0.63151 0.696289 0.630208 0.695312 0.628906 0.695312 0.622396 0.69043 0.615885 0.689453 0.615885 0.683594 0.608073
1 0.0800781 0.726562 0.0800781 0.730469 0.078125 0.733073 0.0761719 0.733073 0.0751953 0.734375 0.0742188 0.734375 0.0732422 0.735677 0.0712891 0.735677 0.0703125 0.736979 0.0693359 0.736979 0.0683594 0.738281 0.0664062 0.738281 0.0654297 0.739583 0.0634766 0.739583 0.0625 0.740885 0.0595703 0.740885 0.0585938 0.742188 0.0566406 0.742188 0.0556641 0.74349 0.0537109 0.74349 0.0527344 0.744792 0.0488281 0.744792 0.0478516 0.746094 0.0449219 0.746094 0.0439453 0.747396 0.0410156 0.747396 0.0400391 0.748698 0.0371094 0.748698 0.0361328 0.75 0.0332031 0.75 0.0332031 0.770833 0.0419922 0.770833 0.0429688 0.772135 0.0439453 0.772135 0.0449219 0.773438 0.0449219 0.777344 0.0605469 0.777344 0.0605469 0.773438 0.0615234 0.772135 0.0634766 0.772135 0.0644531 0.770833 0.0664062 0.770833 0.0673828 0.769531 0.0703125 0.769531 0.0712891 0.768229 0.0751953 0.768229 0.0761719 0.766927 0.0820312 0.766927 0.0830078 0.765625 0.0859375 0.765625 0.0869141 0.764323 0.0878906 0.764323 0.0888672 0.763021 0.0908203 0.763021 0.0927734 0.760417 0.0927734 0.759115 0.0957031 0.755208 0.0957031 0.753906 0.0966797 0.752604 0.0966797 0.75 0.0976562 0.748698 0.0976562 0.747396 0.0986328 0.746094 0.0986328 0.744792 0.0996094 0.74349 0.102539 0.74349 0.102539 0.726562
1 0.754883 0.643229 0.754883 0.648438 0.755859 0.64974 0.757812 0.64974 0.759766 0.652344 0.757812 0.654948 0.755859 0.654948 0.754883 0.65625 0.754883 0.657552 0.751953 0.661458 0.748047 0.661458 0.748047 0.669271 0.750977 0.669271 0.75293 0.671875 0.75293 0.673177 0.755859 0.677083 0.756836 0.677083 0.758789 0.679688 0.760742 0.679688 0.761719 0.68099 0.764648 0.68099 0.765625 0.682292 0.768555 0.682292 0.769531 0.683594 0.773438 0.683594 0.774414 0.684896 0.777344 0.684896 0.77832 0.686198 0.780273 0.686198 0.78125 0.6875 0.78418 0.6875 0.785156 0.688802 0.790039 0.688802 0.791016 0.690104 0.794922 0.690104 0.795898 0.691406 0.798828 0.691406 0.799805 0.692708 0.802734 0.692708 0.803711 0.69401 0.806641 0.69401 0.807617 0.695312 0.80957 0.695312 0.810547 0.696615 0.8125 0.696615 0.813477 0.697917 0.814453 0.697917 0.81543 0.699219 0.816406 0.699219 0.817383 0.700521 0.818359 0.700521 0.819336 0.701823 0.820312 0.701823 0.821289 0.703125 0.822266 0.703125 0.823242 0.704427 0.824219 0.704427 0.826172 0.707031 0.827148 0.707031 0.830078 0.710938 0.831055 0.710938 0.832031 0.71224 0.833008 0.71224 0.834961 0.714844 0.835938 0.714844 0.838867 0.71875 0.839844 0.71875 0.841797 0.721354 0.842773 0.721354 0.84668 0.726562 0.84668 0.730469 0.894531 0.730469 0.894531 0.72526 0.893555 0.723958 0.893555 0.722656 0.892578 0.721354 0.892578 0.717448 0.894531 0.714844 0.899414 0.714844 0.899414 0.697917 0.895508 0.697917 0.894531 0.699219 0.894531 0.700521 0.893555 0.701823 0.893555 0.703125 0.892578 0.704427 0.892578 0.708333 0.893555 0.709635 0.893555 0.713542 0.892578 0.714844 0.891602 0.714844 0.890625 0.716146 0.886719 0.716146 0.883789 0.71224 0.883789 0.710938 0.882812 0.709635 0.882812 0.708333 0.881836 0.707031 0.881836 0.705729 0.879883 0.705729 0.878906 0.704427 0.873047 0.704427 0.87207 0.703125 0.871094 0.703125 0.870117 0.701823 0.870117 0.700521 0.869141 0.699219 0.867188 0.699219 0.866211 0.697917 0.864258 0.697917 0.863281 0.696615 0.861328 0.696615 0.859375 0.69401 0.859375 0.691406 0.858398 0.690104 0.857422 0.690104 0.854492 0.686198 0.853516 0.686198 0.848633 0.679688 0.847656 0.679688 0.84668 0.678385 0.845703 0.678385 0.844727 0.677083 0.84375 0.677083 0.842773 0.675781 0.841797 0.675781 0.839844 0.673177 0.839844 0.670573 0.838867 0.670573 0.837891 0.669271 0.836914 0.669271 0.834961 0.666667 0.833984 0.666667 0.833008 0.665365 0.831055 0.665365 0.830078 0.664062 0.829102 0.664062 0.828125 0.66276 0.828125 0.661458 0.827148 0.660156 0.826172 0.660156 0.824219 0.657552 0.823242 0.657552 0.821289 0.654948 0.820312 0.654948 0.819336 0.653646 0.818359 0.653646 0.816406 0.651042 0.81543 0.651042 0.814453 0.64974 0.813477 0.64974 0.8125 0.648438 0.811523 0.648438 0.810547 0.647135 0.810547 0.643229
1 0.154297 0.679688 0.152344 0.682292 0.152344 0.683594 0.151367 0.684896 0.151367 0.688802 0.157227 0.688802 0.157227 0.679688 0.154297 0.679688 0.129883 0.518229 0.130859 0.516927 0.130859 0.515625 0.134766 0.510417 0.134766 0.509115 0.135742 0.507812 0.136719 0.507812 0.137695 0.50651 0.143555 0.502604 0.144531 0.502604 0.145508 0.503906 0.146484 0.502604 0.147461 0.502604 0.152344 0.496094 0.157227 0.496094 0.157227 0.440104 0.129883 0.440104 0.129883 0.44401 0.125 0.450521 0.124023 0.450521 0.111328 0.467448 0.110352 0.467448 0.108398 0.470052 0.107422 0.470052 0.106445 0.471354 0.104492 0.471354 0.103516 0.472656 0.102539 0.472656 0.101562 0.473958 0.100586 0.473958 0.0996094 0.47526 0.0986328 0.47526 0.0966797 0.477865 0.0957031 0.477865 0.0927734 0.481771 0.0917969 0.481771 0.0869141 0.488281 0.0869141 0.489583 0.0849609 0.492188 0.0849609 0.49349 0.0839844 0.494792 0.0839844 0.497396 0.0830078 0.498698 0.0830078 0.5 0.0820312 0.501302 0.0820312 0.502604 0.0810547 0.503906 0.0810547 0.505208 0.0791016 0.507812 0.0791016 0.511719 0.078125 0.513021 0.078125 0.515625 0.0771484 0.516927 0.0771484 0.519531 0.0761719 0.520833 0.0761719 0.523438 0.0751953 0.52474 0.0751953 0.526042 0.0742188 0.527344 0.0742188 0.528646 0.0722656 0.53125 0.0722656 0.532552 0.0703125 0.535156 0.0703125 0.536458 0.0683594 0.539062 0.0683594 0.540365 0.0673828 0.541667 0.0673828 0.542969 0.0664062 0.544271 0.0664062 0.545573 0.0654297 0.546875 0.0654297 0.548177 0.0634766 0.550781 0.0634766 0.552083 0.0615234 0.554688 0.0615234 0.55599 0.0576172 0.561198 0.0576172 0.5625 0.0498047 0.572917 0.0498047 0.574219 0.0439453 0.582031 0.0439453 0.583333 0.0410156 0.58724 0.0410156 0.588542 0.0341797 0.597656 0.0341797 0.598958 0.0332031 0.60026 0.0332031 0.601562 0.03125 0.604167 0.03125 0.605469 0.0263672 0.611979 0.0263672 0.613281 0.0253906 0.614583 0.0253906 0.617188 0.0244141 0.61849 0.0244141 0.619792 0.0234375 0.621094 0.0234375 0.622396 0.0224609 0.623698 0.0224609 0.626302 0.0195312 0.630208 0.0195312 0.632812 0.0185547 0.634115 0.0185547 0.635417 0.0166016 0.638021 0.015625 0.638021 0.0146484 0.636719 0.0146484 0.635417 0.0136719 0.634115 0.0136719 0.630208 0.0146484 0.628906 0.0146484 0.627604 0.015625 0.626302 0.015625 0.625 0.0166016 0.623698 0.0175781 0.623698 0.0185547 0.622396 0.0185547 0.621094 0.0195312 0.619792 0.0195312 0.61849 0.0205078 0.617188 0.0205078 0.614583 0.0195312 0.613281 0.0195312 0.611979 0.0185547 0.610677 0.0117188 0.610677 0.0107422 0.611979 0.00878906 0.611979 0.0078125 0.613281 0.0078125 0.614583 0.00683594 0.615885 0.00585938 0.615885 0.00488281 0.617188 0.00195312 0.617188 0.00195312 0.683594 0.00585938 0.683594 0.00683594 0.682292 0.00878906 0.682292 0.00976562 0.68099 0.0107422 0.68099 0.0117188 0.679688 0.0175781 0.679688 0.0185547 0.678385 0.0224609 0.678385 0.0234375 0.677083 0.0273438 0.677083 0.0283203 0.678385 0.0302734 0.675781 0.03125 0.675781 0.0332031 0.673177 0.0332031 0.671875 0.0361328 0.667969 0.0361328 0.666667 0.0371094 0.665365 0.0371094 0.66276 0.0380859 0.661458 0.0380859 0.660156 0.0390625 0.658854 0.0390625 0.657552 0.0400391 0.65625 0.0400391 0.653646 0.0410156 0.652344 0.0410156 0.64974 0.0419922 0.648438 0.0419922 0.647135 0.0429688 0.645833 0.0429688 0.643229 0.0439453 0.641927 0.0439453 0.640625 0.0449219 0.639323 0.0449219 0.636719 0.0458984 0.635417 0.0458984 0.634115 0.0478516 0.63151 0.0478516 0.630208 0.0498047 0.627604 0.0498047 0.626302 0.0527344 0.622396 0.0527344 0.621094 0.0546875 0.61849 0.0546875 0.617188 0.0634766 0.605469 0.0644531 0.605469 0.0761719 0.589844 0.0761719 0.588542 0.0800781 0.583333 0.0800781 0.582031 0.0849609 0.575521 0.0849609 0.574219 0.0878906 0.570312 0.0878906 0.56901 0.0888672 0.567708 0.0888672 0.566406 0.0898438 0.565104 0.0898438 0.563802 0.0908203 0.5625 0.0908203 0.561198 0.0917969 0.559896 0.0917969 0.557292 0.0927734 0.55599 0.0927734 0.550781 0.09375 0.549479 0.09375 0.540365 0.0947266 0.539062 0.0947266 0.523438 0.0957031 0.522135 0.0957031 0.516927 0.0966797 0.515625 0.0966797 0.514323 0.0976562 0.513021 0.0976562 0.511719 0.0986328 0.510417 0.0986328 0.509115 0.0996094 0.507812 0.0996094 0.50651 0.108398 0.494792 0.109375 0.494792 0.110352 0.49349 0.111328 0.49349 0.112305 0.492188 0.113281 0.492188 0.114258 0.490885 0.115234 0.490885 0.116211 0.489583 0.117188 0.489583 0.118164 0.488281 0.120117 0.488281 0.121094 0.486979 0.12207 0.486979 0.124023 0.484375 0.125977 0.484375 0.126953 0.483073 0.128906 0.483073 0.130859 0.480469 0.132812 0.480469 0.133789 0.479167 0.134766 0.479167 0.135742 0.480469 0.135742 0.481771 0.136719 0.483073 0.136719 0.484375 0.137695 0.485677 0.137695 0.490885 0.138672 0.490885 0.139648 0.492188 0.141602 0.492188 0.143555 0.494792 0.143555 0.502604 0.137695 0.50651 0.133789 0.50651 0.132812 0.505208 0.131836 0.505208 0.130859 0.503906 0.130859 0.505208 0.129883 0.50651 0.129883 0.510417 0.128906 0.511719 0.128906 0.516927 0.129883 0.518229
1 0.474609 0.0442708 0.474609 0.0651042 0.477539 0.0651042 0.478516 0.0664062 0.481445 0.0664062 0.482422 0.0677083 0.485352 0.0677083 0.486328 0.0690104 0.488281 0.0690104 0.489258 0.0703125 0.491211 0.0703125 0.492188 0.0716146 0.493164 0.0716146 0.494141 0.0729167 0.495117 0.0729167 0.496094 0.0742188 0.49707 0.0742188 0.498047 0.0755208 0.5 0.0755208 0.500977 0.0768229 0.501953 0.0768229 0.50293 0.078125 0.503906 0.078125 0.504883 0.0794271 0.505859 0.0794271 0.506836 0.0807292 0.508789 0.0807292 0.509766 0.0820312 0.510742 0.0820312 0.511719 0.0833333 0.513672 0.0833333 0.514648 0.0846354 0.515625 0.0846354 0.516602 0.0859375 0.517578 0.0859375 0.518555 0.0872396 0.519531 0.0872396 0.520508 0.0885417 0.521484 0.0885417 0.522461 0.0898438 0.524414 0.0898438 0.525391 0.0911458 0.527344 0.0911458 0.52832 0.0924479 0.530273 0.0924479 0.53125 0.09375 0.533203 0.09375 0.53418 0.0950521 0.535156 0.0950521 0.536133 0.0963542 0.539062 0.0963542 0.540039 0.0976562 0.542969 0.0976562 0.543945 0.0989583 0.549805 0.0989583 0.550781 0.0976562 0.551758 0.0976562 0.552734 0.0963542 0.555664 0.0963542 0.555664 0.0846354 0.552734 0.0846354 0.550781 0.0820312 0.550781 0.0807292 0.549805 0.0794271 0.549805 0.078125 0.548828 0.0768229 0.548828 0.0755208 0.547852 0.0742188 0.547852 0.0729167 0.546875 0.0716146 0.546875 0.0703125 0.545898 0.0690104 0.545898 0.0677083 0.544922 0.0664062 0.544922 0.0651042 0.542969 0.0625 0.541992 0.0625 0.540039 0.0598958 0.539062 0.0598958 0.538086 0.0585938 0.537109 0.0585938 0.536133 0.0572917 0.535156 0.0572917 0.53418 0.0559896 0.533203 0.0559896 0.532227 0.0546875 0.53125 0.0546875 0.530273 0.0533854 0.529297 0.0533854 0.52832 0.0520833 0.527344 0.0520833 0.526367 0.0507812 0.523438 0.0507812 0.522461 0.0494792 0.521484 0.0494792 0.520508 0.0481771 0.520508 0.0442708
1 0.607422 0.533854 0.605469 0.536458 0.605469 0.542969 0.610352 0.542969 0.610352 0.533854 0.607422 0.533854 0.605469 0.523438 0.605469 0.519531 0.604492 0.518229 0.603516 0.518229 0.602539 0.516927 0.599609 0.516927 0.59668 0.513021 0.595703 0.513021 0.594727 0.511719 0.59375 0.511719 0.591797 0.509115 0.59082 0.509115 0.588867 0.50651 0.585938 0.50651 0.584961 0.505208 0.583008 0.505208 0.582031 0.503906 0.578125 0.503906 0.577148 0.502604 0.574219 0.502604 0.573242 0.501302 0.568359 0.501302 0.567383 0.5 0.56543 0.5 0.564453 0.498698 0.5625 0.498698 0.561523 0.497396 0.560547 0.497396 0.55957 0.496094 0.55957 0.492188 0.482422 0.492188 0.482422 0.522135 0.487305 0.522135 0.488281 0.523438 0.490234 0.523438 0.491211 0.52474 0.493164 0.52474 0.494141 0.526042 0.495117 0.526042 0.49707 0.528646 0.498047 0.528646 0.499023 0.529948 0.5 0.529948 0.500977 0.53125 0.501953 0.53125 0.50293 0.532552 0.503906 0.532552 0.504883 0.533854 0.505859 0.533854 0.506836 0.535156 0.507812 0.535156 0.508789 0.536458 0.513672 0.536458 0.514648 0.53776 0.515625 0.53776 0.516602 0.539062 0.516602 0.542969 0.567383 0.542969 0.567383 0.539062 0.568359 0.53776 0.569336 0.53776 0.570312 0.536458 0.572266 0.536458 0.573242 0.535156 0.576172 0.535156 0.577148 0.533854 0.578125 0.533854 0.579102 0.532552 0.580078 0.532552 0.581055 0.53125 0.582031 0.53125 0.583008 0.529948 0.583984 0.529948 0.585938 0.527344 0.586914 0.527344 0.587891 0.526042 0.591797 0.526042 0.592773 0.52474 0.597656 0.52474 0.598633 0.523438 0.605469 0.523438
1 0.0410156 0.263021 0.0410156 0.28125 0.0439453 0.28125 0.0449219 0.282552 0.0458984 0.282552 0.0537109 0.292969 0.0546875 0.292969 0.0585938 0.298177 0.0595703 0.298177 0.0615234 0.300781 0.0625 0.300781 0.0644531 0.303385 0.0654297 0.303385 0.0673828 0.30599 0.0683594 0.30599 0.0693359 0.307292 0.0703125 0.307292 0.0722656 0.309896 0.0732422 0.309896 0.0742188 0.311198 0.0751953 0.311198 0.0761719 0.3125 0.078125 0.3125 0.0791016 0.313802 0.0800781 0.313802 0.0820312 0.316406 0.0830078 0.316406 0.0849609 0.31901 0.0859375 0.31901 0.0878906 0.321615 0.0888672 0.321615 0.0908203 0.324219 0.0917969 0.324219 0.0927734 0.325521 0.0947266 0.325521 0.0957031 0.326823 0.0966797 0.326823 0.0976562 0.328125 0.0996094 0.328125 0.100586 0.329427 0.102539 0.329427 0.103516 0.330729 0.106445 0.330729 0.107422 0.332031 0.109375 0.332031 0.110352 0.333333 0.111328 0.333333 0.112305 0.334635 0.115234 0.334635 0.116211 0.335938 0.118164 0.335938 0.119141 0.33724 0.120117 0.33724 0.121094 0.338542 0.12207 0.338542 0.123047 0.339844 0.125 0.339844 0.125977 0.341146 0.12793 0.341146 0.128906 0.342448 0.129883 0.342448 0.130859 0.34375 0.132812 0.34375 0.133789 0.345052 0.135742 0.345052 0.136719 0.346354 0.137695 0.346354 0.138672 0.347656 0.140625 0.347656 0.141602 0.348958 0.142578 0.348958 0.143555 0.35026 0.144531 0.35026 0.145508 0.351562 0.147461 0.351562 0.148438 0.352865 0.149414 0.352865 0.150391 0.354167 0.152344 0.354167 0.15332 0.355469 0.155273 0.355469 0.15625 0.356771 0.158203 0.356771 0.15918 0.358073 0.160156 0.358073 0.161133 0.359375 0.162109 0.359375 0.164062 0.361979 0.165039 0.361979 0.166016 0.363281 0.166992 0.363281 0.167969 0.364583 0.168945 0.364583 0.169922 0.365885 0.170898 0.365885 0.171875 0.367188 0.170898 0.36849 0.169922 0.36849 0.168945 0.369792 0.166992 0.369792 0.166016 0.371094 0.165039 0.371094 0.160156 0.377604 0.15918 0.377604 0.158203 0.378906 0.157227 0.378906 0.15625 0.380208 0.155273 0.380208 0.154297 0.38151 0.15332 0.38151 0.152344 0.382812 0.154297 0.382812 0.165039 0.397135 0.166016 0.397135 0.169922 0.402344 0.170898 0.402344 0.172852 0.404948 0.173828 0.404948 0.175781 0.407552 0.176758 0.407552 0.177734 0.408854 0.178711 0.408854 0.180664 0.411458 0.181641 0.411458 0.182617 0.41276 0.183594 0.41276 0.18457 0.414062 0.185547 0.414062 0.186523 0.415365 0.1875 0.415365 0.188477 0.416667 0.189453 0.416667 0.19043 0.417969 0.191406 0.417969 0.192383 0.419271 0.193359 0.419271 0.194336 0.420573 0.195312 0.420573 0.196289 0.421875 0.198242 0.421875 0.199219 0.423177 0.204102 0.423177 0.205078 0.424479 0.208008 0.424479 0.208984 0.425781 0.213867 0.425781 0.214844 0.427083 0.223633 0.427083 0.224609 0.428385 0.225586 0.428385 0.226562 0.429688 0.226562 0.433594 0.24707 0.433594 0.24707 0.401042 0.243164 0.401042 0.242188 0.39974 0.240234 0.39974 0.239258 0.398438 0.237305 0.398438 0.236328 0.397135 0.233398 0.397135 0.232422 0.395833 0.228516 0.395833 0.227539 0.394531 0.223633 0.394531 0.222656 0.393229 0.21875 0.393229 0.217773 0.391927 0.21582 0.391927 0.214844 0.390625 0.212891 0.390625 0.211914 0.389323 0.208984 0.389323 0.208008 0.388021 0.207031 0.388021 0.206055 0.386719 0.205078 0.386719 0.204102 0.385417 0.202148 0.385417 0.201172 0.384115 0.200195 0.384115 0.198242 0.38151 0.198242 0.377604 0.201172 0.373698 0.201172 0.371094 0.202148 0.369792 0.202148 0.367188 0.200195 0.364583 0.200195 0.363281 0.199219 0.361979 0.199219 0.358073 0.198242 0.356771 0.198242 0.355469 0.195312 0.351562 0.194336 0.351562 0.193359 0.35026 0.192383 0.35026 0.191406 0.348958 0.19043 0.348958 0.189453 0.347656 0.18457 0.347656 0.183594 0.346354 0.182617 0.346354 0.181641 0.345052 0.179688 0.345052 0.178711 0.34375 0.177734 0.34375 0.168945 0.332031 0.168945 0.330729 0.167969 0.329427 0.167969 0.328125 0.166992 0.326823 0.166992 0.325521 0.166016 0.324219 0.166016 0.322917 0.164062 0.320312 0.164062 0.31901 0.163086 0.31901 0.160156 0.315104 0.15918 0.315104 0.158203 0.313802 0.157227 0.313802 0.15625 0.3125 0.155273 0.3125 0.15332 0.309896 0.152344 0.309896 0.151367 0.308594 0.150391 0.308594 0.148438 0.30599 0.147461 0.30599 0.146484 0.304688 0.145508 0.304688 0.144531 0.303385 0.143555 0.303385 0.142578 0.302083 0.141602 0.302083 0.140625 0.300781 0.138672 0.300781 0.137695 0.299479 0.135742 0.299479 0.134766 0.298177 0.132812 0.298177 0.131836 0.296875 0.129883 0.296875 0.128906 0.295573 0.12793 0.295573 0.126953 0.294271 0.125977 0.294271 0.125 0.292969 0.124023 0.292969 0.123047 0.291667 0.12207 0.291667 0.121094 0.290365 0.120117 0.290365 0.119141 0.289062 0.118164 0.289062 0.117188 0.28776 0.116211 0.28776 0.115234 0.286458 0.112305 0.286458 0.111328 0.285156 0.106445 0.285156 0.105469 0.283854 0.102539 0.283854 0.101562 0.282552 0.100586 0.282552 0.0996094 0.28125 0.0976562 0.28125 0.0966797 0.279948 0.0947266 0.279948 0.09375 0.278646 0.0927734 0.278646 0.0917969 0.277344 0.0898438 0.277344 0.0888672 0.276042 0.0859375 0.276042 0.0849609 0.27474 0.0830078 0.27474 0.0820312 0.273438 0.0810547 0.273438 0.0800781 0.272135 0.0791016 0.272135 0.078125 0.270833 0.0771484 0.270833 0.0761719 0.269531 0.0751953 0.269531 0.0742188 0.268229 0.0732422 0.268229 0.0722656 0.266927 0.0722656 0.263021
1 0.164062 0.450521 0.164062 0.454427 0.161133 0.458333 0.160156 0.458333 0.158203 0.460938 0.157227 0.460938 0.154297 0.464844 0.15332 0.464844 0.151367 0.467448 0.150391 0.467448 0.148438 0.470052 0.147461 0.470052 0.146484 0.471354 0.145508 0.471354 0.143555 0.473958 0.142578 0.473958 0.141602 0.47526 0.140625 0.47526 0.139648 0.476562 0.138672 0.476562 0.136719 0.479167 0.135742 0.479167 0.134766 0.480469 0.133789 0.480469 0.131836 0.483073 0.130859 0.483073 0.128906 0.485677 0.12793 0.485677 0.126953 0.486979 0.125977 0.486979 0.125 0.488281 0.124023 0.488281 0.123047 0.489583 0.12207 0.489583 0.121094 0.490885 0.120117 0.490885 0.119141 0.492188 0.118164 0.492188 0.115234 0.496094 0.115234 0.497396 0.109375 0.505208 0.109375 0.50651 0.105469 0.511719 0.105469 0.513021 0.104492 0.514323 0.104492 0.515625 0.103516 0.516927 0.103516 0.518229 0.102539 0.519531 0.102539 0.520833 0.101562 0.522135 0.101562 0.52474 0.100586 0.526042 0.100586 0.529948 0.0996094 0.53125 0.0996094 0.536458 0.0986328 0.53776 0.0986328 0.540365 0.0976562 0.541667 0.0976562 0.544271 0.0966797 0.545573 0.0966797 0.546875 0.0957031 0.548177 0.0957031 0.552083 0.0947266 0.553385 0.0947266 0.55599 0.09375 0.557292 0.09375 0.561198 0.0927734 0.5625 0.0927734 0.565104 0.0917969 0.566406 0.0917969 0.567708 0.0908203 0.56901 0.0908203 0.570312 0.0898438 0.571615 0.0898438 0.574219 0.0888672 0.575521 0.0888672 0.576823 0.0869141 0.579427 0.0869141 0.582031 0.0859375 0.583333 0.0859375 0.584635 0.0849609 0.585938 0.0849609 0.588542 0.0839844 0.589844 0.0839844 0.592448 0.0830078 0.59375 0.0830078 0.596354 0.0820312 0.597656 0.0820312 0.60026 0.0810547 0.601562 0.0810547 0.602865 0.0791016 0.605469 0.0761719 0.605469 0.0761719 0.634115 0.0820312 0.634115 0.0830078 0.632812 0.0869141 0.632812 0.0908203 0.638021 0.0908203 0.639323 0.0917969 0.639323 0.0927734 0.638021 0.0947266 0.638021 0.0957031 0.636719 0.0957031 0.635417 0.0986328 0.63151 0.0986328 0.630208 0.0996094 0.628906 0.0996094 0.627604 0.100586 0.626302 0.100586 0.625 0.101562 0.623698 0.101562 0.622396 0.102539 0.621094 0.102539 0.619792 0.103516 0.61849 0.103516 0.614583 0.104492 0.613281 0.104492 0.611979 0.105469 0.610677 0.105469 0.608073 0.106445 0.606771 0.106445 0.605469 0.107422 0.604167 0.107422 0.602865 0.108398 0.601562 0.108398 0.598958 0.109375 0.597656 0.109375 0.596354 0.110352 0.595052 0.110352 0.592448 0.111328 0.591146 0.111328 0.588542 0.112305 0.58724 0.112305 0.583333 0.113281 0.582031 0.113281 0.579427 0.114258 0.578125 0.114258 0.576823 0.115234 0.575521 0.115234 0.574219 0.116211 0.572917 0.116211 0.570312 0.117188 0.56901 0.117188 0.566406 0.118164 0.565104 0.118164 0.5625 0.119141 0.561198 0.119141 0.558594 0.120117 0.557292 0.120117 0.554688 0.121094 0.553385 0.121094 0.550781 0.12207 0.549479 0.12207 0.546875 0.123047 0.545573 0.123047 0.542969 0.124023 0.541667 0.124023 0.539062 0.125 0.53776 0.125 0.535156 0.125977 0.533854 0.125977 0.532552 0.126953 0.53125 0.126953 0.529948 0.12793 0.528646 0.12793 0.527344 0.135742 0.516927 0.136719 0.516927 0.139648 0.513021 0.141602 0.513021 0.142578 0.511719 0.143555 0.511719 0.144531 0.510417 0.145508 0.510417 0.146484 0.509115 0.149414 0.509115 0.150391 0.507812 0.151367 0.507812 0.155273 0.502604 0.15625 0.502604 0.157227 0.501302 0.158203 0.501302 0.163086 0.494792 0.164062 0.494792 0.165039 0.49349 0.168945 0.49349 0.168945 0.450521
1 0.0371094 0.252604 0.0371094 0.277344 0.0400391 0.277344 0.0410156 0.278646 0.0419922 0.278646 0.0498047 0.289062 0.0507812 0.289062 0.0566406 0.296875 0.0576172 0.296875 0.0595703 0.299479 0.0605469 0.299479 0.0625 0.302083 0.0634766 0.302083 0.0654297 0.304688 0.0664062 0.304688 0.0673828 0.30599 0.0683594 0.30599 0.0703125 0.308594 0.0712891 0.308594 0.0722656 0.309896 0.0732422 0.309896 0.0742188 0.311198 0.0751953 0.311198 0.0761719 0.3125 0.0771484 0.3125 0.078125 0.313802 0.0791016 0.313802 0.0800781 0.315104 0.0810547 0.315104 0.0830078 0.317708 0.0839844 0.317708 0.0888672 0.324219 0.0898438 0.324219 0.0908203 0.325521 0.0917969 0.325521 0.0927734 0.326823 0.09375 0.326823 0.0947266 0.328125 0.0966797 0.328125 0.0976562 0.329427 0.0996094 0.329427 0.100586 0.330729 0.102539 0.330729 0.103516 0.332031 0.105469 0.332031 0.106445 0.333333 0.108398 0.333333 0.109375 0.334635 0.111328 0.334635 0.112305 0.335938 0.115234 0.335938 0.116211 0.33724 0.118164 0.33724 0.119141 0.338542 0.120117 0.338542 0.121094 0.339844 0.123047 0.339844 0.124023 0.341146 0.125977 0.341146 0.126953 0.342448 0.12793 0.342448 0.128906 0.34375 0.129883 0.34375 0.130859 0.345052 0.132812 0.345052 0.133789 0.346354 0.135742 0.346354 0.136719 0.347656 0.137695 0.347656 0.138672 0.348958 0.139648 0.348958 0.140625 0.35026 0.141602 0.35026 0.142578 0.351562 0.143555 0.351562 0.144531 0.352865 0.146484 0.352865 0.147461 0.354167 0.148438 0.354167 0.149414 0.355469 0.150391 0.355469 0.151367 0.356771 0.151367 0.360677 0.172852 0.360677 0.172852 0.334635 0.169922 0.334635 0.167969 0.332031 0.167969 0.330729 0.166992 0.329427 0.166992 0.326823 0.166016 0.325521 0.166016 0.324219 0.165039 0.322917 0.165039 0.321615 0.163086 0.31901 0.163086 0.317708 0.161133 0.315104 0.160156 0.315104 0.158203 0.3125 0.157227 0.3125 0.15625 0.311198 0.155273 0.311198 0.154297 0.309896 0.15332 0.309896 0.152344 0.308594 0.151367 0.308594 0.149414 0.30599 0.148438 0.30599 0.146484 0.303385 0.145508 0.303385 0.144531 0.302083 0.142578 0.302083 0.141602 0.300781 0.139648 0.300781 0.138672 0.299479 0.136719 0.299479 0.135742 0.298177 0.133789 0.298177 0.132812 0.296875 0.131836 0.296875 0.130859 0.295573 0.128906 0.295573 0.12793 0.294271 0.126953 0.294271 0.125977 0.292969 0.125 0.292969 0.124023 0.291667 0.123047 0.291667 0.12207 0.290365 0.120117 0.290365 0.119141 0.289062 0.118164 0.289062 0.117188 0.28776 0.115234 0.28776 0.114258 0.286458 0.110352 0.286458 0.109375 0.285156 0.105469 0.285156 0.104492 0.283854 0.101562 0.283854 0.100586 0.282552 0.0986328 0.282552 0.0976562 0.28125 0.0957031 0.28125 0.0947266 0.279948 0.0927734 0.279948 0.0917969 0.278646 0.0888672 0.278646 0.0878906 0.277344 0.0859375 0.277344 0.0849609 0.276042 0.0830078 0.276042 0.0820312 0.27474 0.0800781 0.27474 0.0791016 0.273438 0.078125 0.273438 0.0771484 0.272135 0.0761719 0.272135 0.0751953 0.270833 0.0732422 0.270833 0.0722656 0.269531 0.0712891 0.269531 0.0703125 0.268229 0.0693359 0.268229 0.0673828 0.265625 0.0664062 0.265625 0.0644531 0.263021 0.0634766 0.263021 0.0585938 0.25651 0.0585938 0.252604
1 0.351562 0.414062 0.351562 0.419271 0.350586 0.420573 0.349609 0.420573 0.344727 0.427083 0.34375 0.427083 0.342773 0.428385 0.341797 0.428385 0.338867 0.432292 0.337891 0.432292 0.336914 0.433594 0.335938 0.433594 0.334961 0.434896 0.333984 0.434896 0.331055 0.438802 0.330078 0.438802 0.329102 0.440104 0.326172 0.440104 0.326172 0.459635 0.331055 0.459635 0.331055 0.455729 0.332031 0.454427 0.335938 0.454427 0.336914 0.453125 0.34375 0.453125 0.344727 0.454427 0.345703 0.453125 0.359375 0.453125 0.360352 0.451823 0.365234 0.451823 0.366211 0.450521 0.371094 0.450521 0.37207 0.449219 0.376953 0.449219 0.37793 0.447917 0.383789 0.447917 0.383789 0.429688 0.380859 0.429688 0.378906 0.427083 0.378906 0.425781 0.37793 0.424479 0.37793 0.423177 0.376953 0.421875 0.376953 0.420573 0.375977 0.419271 0.375977 0.414062
1 0 0.635417 0 0.647135 0.00488281 0.647135 0.00488281 0.643229 0.00390625 0.641927 0.00390625 0.640625 0.00292969 0.639323 0.00292969 0.638021 0.000976562 0.635417 0 0.635417 0 0.588542 0.000976562 0.588542 0.00195312 0.58724 0.00292969 0.58724 0.00683594 0.582031 0.00683594 0.580729 0.00976562 0.576823 0.00976562 0.575521 0.0107422 0.574219 0.0107422 0.572917 0.0117188 0.571615 0.0117188 0.570312 0.0126953 0.56901 0.0126953 0.567708 0.0146484 0.565104 0.0146484 0.563802 0.0166016 0.561198 0.0166016 0.559896 0.0185547 0.557292 0.0185547 0.55599 0.0205078 0.553385 0.0205078 0.552083 0.0224609 0.549479 0.0224609 0.548177 0.0253906 0.544271 0.0253906 0.542969 0.0263672 0.541667 0.0263672 0.540365 0.0332031 0.53125 0.0332031 0.529948 0.0361328 0.526042 0.0361328 0.52474 0.0390625 0.520833 0.0390625 0.519531 0.0419922 0.515625 0.0419922 0.514323 0.0478516 0.50651 0.0478516 0.505208 0.0498047 0.502604 0.0498047 0.501302 0.0527344 0.497396 0.0527344 0.496094 0.0537109 0.494792 0.0537109 0.49349 0.0566406 0.489583 0.0566406 0.488281 0.0585938 0.485677 0.0585938 0.484375 0.0605469 0.481771 0.0605469 0.480469 0.0615234 0.479167 0.0615234 0.477865 0.0634766 0.47526 0.0634766 0.472656 0.0644531 0.471354 0.0673828 0.471354 0.0673828 0.466146 0.0488281 0.466146 0.0488281 0.471354 0.0478516 0.472656 0.046875 0.472656 0.0458984 0.473958 0.0449219 0.473958 0.0439453 0.47526 0.0429688 0.47526 0.0419922 0.476562 0.0410156 0.476562 0.0400391 0.477865 0.0390625 0.477865 0.0361328 0.481771 0.0351562 0.481771 0.0332031 0.484375 0.03125 0.484375 0.0302734 0.485677 0.0292969 0.485677 0.0283203 0.486979 0.0273438 0.486979 0.0263672 0.488281 0.0253906 0.488281 0.0244141 0.489583 0.0224609 0.489583 0.0175781 0.496094 0.0175781 0.497396 0.0146484 0.501302 0.0146484 0.502604 0.00292969 0.518229 0.00292969 0.519531 0.00195312 0.520833 0 0.520833 0 0.588542
1 0.0273438 0.377604 0.0273438 0.382812 0.0253906 0.385417 0.0253906 0.386719 0.0244141 0.388021 0.0244141 0.389323 0.0224609 0.391927 0.0224609 0.393229 0.0214844 0.394531 0.0214844 0.395833 0.0205078 0.397135 0.0205078 0.398438 0.0195312 0.39974 0.0195312 0.401042 0.0185547 0.402344 0.0185547 0.403646 0.0136719 0.410156 0.0136719 0.411458 0.00683594 0.420573 0.00683594 0.421875 0.00488281 0.424479 0.00195312 0.424479 0.00195312 0.445312 0.0117188 0.445312 0.0126953 0.44401 0.0175781 0.44401 0.0185547 0.442708 0.0205078 0.442708 0.0214844 0.441406 0.0224609 0.441406 0.0234375 0.440104 0.0244141 0.440104 0.0253906 0.438802 0.0263672 0.438802 0.0273438 0.4375 0.0283203 0.4375 0.0302734 0.434896 0.03125 0.434896 0.0322266 0.433594 0.0332031 0.433594 0.0361328 0.429688 0.0371094 0.429688 0.0390625 0.427083 0.0400391 0.427083 0.0419922 0.424479 0.0429688 0.424479 0.0507812 0.414062 0.0507812 0.41276 0.0527344 0.410156 0.0527344 0.408854 0.0537109 0.407552 0.0537109 0.404948 0.0546875 0.403646 0.0546875 0.401042 0.0556641 0.39974 0.0556641 0.398438 0.0566406 0.397135 0.0595703 0.397135 0.0595703 0.388021 0.0566406 0.388021 0.0556641 0.386719 0.0556641 0.385417 0.0546875 0.384115 0.0546875 0.377604
1 0.720703 0.622396 0.720703 0.661458 0.724609 0.661458 0.725586 0.66276 0.725586 0.664062 0.726562 0.665365 0.726562 0.666667 0.727539 0.667969 0.727539 0.669271 0.728516 0.670573 0.728516 0.671875 0.729492 0.673177 0.729492 0.675781 0.730469 0.677083 0.730469 0.678385 0.731445 0.679688 0.731445 0.6875 0.732422 0.688802 0.732422 0.691406 0.731445 0.692708 0.731445 0.69401 0.732422 0.695312 0.732422 0.696615 0.733398 0.697917 0.733398 0.699219 0.734375 0.700521 0.734375 0.701823 0.735352 0.703125 0.735352 0.704427 0.736328 0.705729 0.736328 0.709635 0.754883 0.709635 0.754883 0.683594 0.751953 0.683594 0.75 0.68099 0.75 0.678385 0.749023 0.677083 0.749023 0.674479 0.748047 0.673177 0.748047 0.670573 0.74707 0.669271 0.74707 0.664062 0.746094 0.66276 0.746094 0.657552 0.745117 0.65625 0.745117 0.651042 0.744141 0.64974 0.744141 0.647135 0.743164 0.645833 0.743164 0.643229 0.742188 0.641927 0.742188 0.638021 0.741211 0.636719 0.741211 0.635417 0.740234 0.634115 0.740234 0.63151 0.739258 0.630208 0.739258 0.628906 0.738281 0.627604 0.738281 0.622396
1 0.464844 0.121094 0.459961 0.114583 0.457031 0.114583 0.457031 0.115885 0.456055 0.117188 0.456055 0.11849 0.455078 0.119792 0.455078 0.122396 0.453125 0.125 0.453125 0.126302 0.452148 0.127604 0.451172 0.127604 0.450195 0.128906 0.449219 0.127604 0.447266 0.127604 0.446289 0.128906 0.445312 0.128906 0.444336 0.130208 0.439453 0.130208 0.439453 0.138021 0.443359 0.138021 0.444336 0.139323 0.444336 0.140625 0.445312 0.141927 0.445312 0.143229 0.447266 0.145833 0.447266 0.147135 0.449219 0.14974 0.449219 0.151042 0.450195 0.152344 0.450195 0.153646 0.455078 0.160156 0.455078 0.161458 0.461914 0.170573 0.462891 0.170573 0.46875 0.178385 0.469727 0.178385 0.473633 0.183594 0.473633 0.184896 0.477539 0.190104 0.477539 0.191406 0.481445 0.196615 0.481445 0.197917 0.484375 0.201823 0.484375 0.203125 0.486328 0.205729 0.486328 0.207031 0.487305 0.208333 0.487305 0.209635 0.488281 0.210938 0.488281 0.21224 0.489258 0.213542 0.489258 0.214844 0.490234 0.216146 0.490234 0.21875 0.491211 0.220052 0.491211 0.229167 0.492188 0.230469 0.492188 0.231771 0.491211 0.233073 0.491211 0.240885 0.490234 0.242188 0.490234 0.246094 0.489258 0.247396 0.489258 0.261719 0.490234 0.263021 0.490234 0.269531 0.491211 0.270833 0.491211 0.27474 0.492188 0.276042 0.492188 0.279948 0.493164 0.28125 0.493164 0.28776 0.524414 0.28776 0.524414 0.265625 0.521484 0.265625 0.518555 0.261719 0.518555 0.25651 0.519531 0.255208 0.519531 0.25 0.521484 0.247396 0.524414 0.247396 0.524414 0.239583 0.521484 0.239583 0.520508 0.238281 0.520508 0.235677 0.519531 0.234375 0.519531 0.226562 0.518555 0.22526 0.518555 0.221354 0.517578 0.220052 0.517578 0.214844 0.516602 0.213542 0.516602 0.208333 0.515625 0.207031 0.515625 0.204427 0.514648 0.203125 0.514648 0.201823 0.513672 0.200521 0.513672 0.199219 0.512695 0.197917 0.512695 0.195312 0.511719 0.19401 0.511719 0.192708 0.510742 0.191406 0.510742 0.190104 0.509766 0.188802 0.509766 0.186198 0.508789 0.184896 0.508789 0.183594 0.507812 0.182292 0.507812 0.18099 0.506836 0.179688 0.506836 0.177083 0.505859 0.175781 0.505859 0.174479 0.503906 0.171875 0.503906 0.170573 0.50293 0.169271 0.50293 0.167969 0.501953 0.166667 0.501953 0.165365 0.500977 0.164062 0.500977 0.16276 0.499023 0.160156 0.499023 0.158854 0.495117 0.153646 0.494141 0.153646 0.487305 0.144531 0.486328 0.144531 0.482422 0.139323 0.481445 0.139323 0.477539 0.134115 0.476562 0.134115 0.473633 0.130208 0.472656 0.130208 0.469727 0.126302 0.46875 0.126302 0.466797 0.123698 0.46582 0.123698 0.464844 0.122396 0.464844 0.121094 0.469727 0.111979 0.47168 0.111979 0.472656 0.113281 0.473633 0.113281 0.474609 0.111979 0.474609 0.106771 0.469727 0.106771 0.469727 0.111979
1 0.501953 0.117188 0.501953 0.144531 0.505859 0.144531 0.506836 0.145833 0.509766 0.145833 0.510742 0.147135 0.512695 0.147135 0.513672 0.148438 0.514648 0.148438 0.515625 0.14974 0.517578 0.14974 0.518555 0.151042 0.520508 0.151042 0.521484 0.152344 0.522461 0.152344 0.523438 0.153646 0.524414 0.153646 0.525391 0.154948 0.527344 0.154948 0.52832 0.15625 0.53125 0.15625 0.532227 0.157552 0.536133 0.157552 0.537109 0.158854 0.541016 0.158854 0.541992 0.160156 0.543945 0.160156 0.544922 0.161458 0.546875 0.161458 0.547852 0.16276 0.548828 0.16276 0.549805 0.164062 0.551758 0.164062 0.552734 0.165365 0.554688 0.165365 0.555664 0.166667 0.557617 0.166667 0.55957 0.169271 0.55957 0.173177 0.607422 0.173177 0.607422 0.169271 0.608398 0.167969 0.609375 0.167969 0.610352 0.166667 0.615234 0.166667 0.616211 0.165365 0.621094 0.165365 0.62207 0.164062 0.628906 0.164062 0.629883 0.16276 0.633789 0.16276 0.633789 0.152344 0.62793 0.152344 0.626953 0.151042 0.623047 0.151042 0.62207 0.14974 0.617188 0.14974 0.616211 0.148438 0.611328 0.148438 0.610352 0.147135 0.608398 0.147135 0.607422 0.145833 0.604492 0.145833 0.603516 0.144531 0.600586 0.144531 0.599609 0.143229 0.59668 0.143229 0.595703 0.141927 0.59375 0.141927 0.592773 0.140625 0.59082 0.140625 0.589844 0.139323 0.587891 0.139323 0.586914 0.138021 0.583984 0.138021 0.583008 0.136719 0.578125 0.136719 0.577148 0.135417 0.573242 0.135417 0.572266 0.134115 0.571289 0.134115 0.570312 0.132812 0.568359 0.132812 0.567383 0.13151 0.564453 0.13151 0.563477 0.130208 0.551758 0.130208 0.550781 0.13151 0.547852 0.13151 0.546875 0.130208 0.542969 0.130208 0.541992 0.128906 0.538086 0.128906 0.537109 0.127604 0.535156 0.127604 0.53418 0.126302 0.532227 0.126302 0.53125 0.125 0.529297 0.125 0.52832 0.123698 0.527344 0.123698 0.526367 0.122396 0.525391 0.122396 0.524414 0.121094 0.524414 0.117188
1 0.580078 0.757812 0.580078 0.766927 0.584961 0.766927 0.585938 0.768229 0.587891 0.768229 0.588867 0.769531 0.589844 0.769531 0.59082 0.770833 0.592773 0.770833 0.59375 0.772135 0.59668 0.772135 0.597656 0.773438 0.599609 0.773438 0.600586 0.77474 0.601562 0.77474 0.602539 0.776042 0.604492 0.776042 0.605469 0.777344 0.607422 0.777344 0.608398 0.778646 0.610352 0.778646 0.611328 0.779948 0.612305 0.779948 0.613281 0.78125 0.614258 0.78125 0.615234 0.782552 0.617188 0.782552 0.618164 0.783854 0.621094 0.783854 0.62207 0.785156 0.624023 0.785156 0.625 0.786458 0.62793 0.786458 0.628906 0.78776 0.631836 0.78776 0.632812 0.789062 0.634766 0.789062 0.635742 0.790365 0.636719 0.790365 0.637695 0.791667 0.639648 0.791667 0.640625 0.792969 0.644531 0.792969 0.645508 0.794271 0.647461 0.794271 0.648438 0.795573 0.650391 0.795573 0.651367 0.796875 0.65625 0.796875 0.657227 0.798177 0.661133 0.798177 0.662109 0.796875 0.665039 0.796875 0.666016 0.795573 0.666992 0.795573 0.667969 0.794271 0.668945 0.794271 0.672852 0.789062 0.676758 0.789062 0.676758 0.776042 0.673828 0.776042 0.671875 0.773438 0.671875 0.772135 0.670898 0.770833 0.669922 0.770833 0.667969 0.768229 0.666992 0.768229 0.666016 0.766927 0.665039 0.766927 0.664062 0.765625 0.663086 0.765625 0.662109 0.764323 0.65625 0.764323 0.655273 0.763021 0.652344 0.763021 0.651367 0.761719 0.651367 0.757812
1 0.734375 0.341146 0.735352 0.342448 0.739258 0.342448 0.739258 0.335938 0.734375 0.335938 0.734375 0.341146 0.726562 0.348958 0.724609 0.346354 0.724609 0.345052 0.722656 0.342448 0.72168 0.342448 0.719727 0.339844 0.719727 0.335938 0.603516 0.335938 0.603516 0.361979 0.608398 0.361979 0.611328 0.365885 0.612305 0.365885 0.613281 0.367188 0.614258 0.367188 0.617188 0.371094 0.618164 0.371094 0.619141 0.372396 0.620117 0.372396 0.62207 0.375 0.623047 0.375 0.625 0.377604 0.625977 0.377604 0.626953 0.378906 0.62793 0.378906 0.634766 0.388021 0.635742 0.388021 0.637695 0.390625 0.638672 0.390625 0.639648 0.391927 0.640625 0.391927 0.642578 0.394531 0.643555 0.394531 0.645508 0.397135 0.645508 0.402344 0.682617 0.402344 0.682617 0.398438 0.68457 0.395833 0.685547 0.395833 0.686523 0.394531 0.6875 0.394531 0.688477 0.393229 0.704102 0.393229 0.705078 0.394531 0.709961 0.394531 0.710938 0.395833 0.714844 0.395833 0.71582 0.397135 0.717773 0.397135 0.71875 0.398438 0.71875 0.402344 0.739258 0.402344 0.739258 0.360677 0.736328 0.360677 0.734375 0.358073 0.732422 0.358073 0.731445 0.356771 0.730469 0.356771 0.729492 0.355469 0.728516 0.355469 0.727539 0.354167 0.727539 0.351562 0.726562 0.35026 0.726562 0.348958
0 0.81543 0.414062 0.81543 0.417969 0.8125 0.421875 0.811523 0.421875 0.80957 0.424479 0.80957 0.425781 0.807617 0.428385 0.807617 0.429688 0.806641 0.43099 0.806641 0.432292 0.804688 0.434896 0.804688 0.436198 0.801758 0.440104 0.798828 0.440104 0.798828 0.47526 0.801758 0.47526 0.808594 0.484375 0.808594 0.485677 0.810547 0.488281 0.810547 0.489583 0.813477 0.49349 0.813477 0.494792 0.814453 0.496094 0.81543 0.496094 0.823242 0.50651 0.824219 0.50651 0.833008 0.518229 0.833008 0.519531 0.833984 0.520833 0.833984 0.522135 0.835938 0.52474 0.835938 0.526042 0.836914 0.527344 0.836914 0.528646 0.84082 0.533854 0.84082 0.535156 0.84668 0.542969 0.847656 0.542969 0.853516 0.550781 0.855469 0.550781 0.856445 0.552083 0.857422 0.552083 0.858398 0.553385 0.859375 0.553385 0.860352 0.554688 0.861328 0.554688 0.862305 0.55599 0.864258 0.55599 0.865234 0.557292 0.868164 0.557292 0.869141 0.558594 0.876953 0.558594 0.87793 0.557292 0.878906 0.557292 0.879883 0.55599 0.880859 0.55599 0.881836 0.554688 0.882812 0.554688 0.885742 0.550781 0.886719 0.550781 0.888672 0.548177 0.888672 0.546875 0.891602 0.542969 0.891602 0.541667 0.896484 0.535156 0.896484 0.533854 0.897461 0.532552 0.897461 0.53125 0.898438 0.529948 0.898438 0.528646 0.899414 0.527344 0.899414 0.519531 0.898438 0.518229 0.898438 0.514323 0.897461 0.513021 0.897461 0.50651 0.896484 0.505208 0.896484 0.5 0.895508 0.498698 0.895508 0.49349 0.894531 0.492188 0.894531 0.484375 0.895508 0.483073 0.895508 0.480469 0.896484 0.479167 0.896484 0.477865 0.897461 0.476562 0.897461 0.47526 0.899414 0.472656 0.900391 0.472656 0.901367 0.471354 0.901367 0.470052 0.902344 0.46875 0.902344 0.46224 0.901367 0.460938 0.901367 0.458333 0.900391 0.457031 0.900391 0.454427 0.899414 0.453125 0.899414 0.451823 0.896484 0.447917 0.896484 0.446615 0.893555 0.442708 0.892578 0.442708 0.890625 0.440104 0.889648 0.440104 0.885742 0.434896 0.884766 0.434896 0.882812 0.432292 0.881836 0.432292 0.879883 0.429688 0.878906 0.429688 0.875977 0.425781 0.875 0.425781 0.874023 0.424479 0.87207 0.424479 0.871094 0.423177 0.869141 0.423177 0.868164 0.421875 0.865234 0.421875 0.864258 0.420573 0.862305 0.420573 0.860352 0.417969 0.860352 0.414062
1 0.146484 0.726562 0.146484 0.842448 0.150391 0.842448 0.152344 0.845052 0.15332 0.845052 0.154297 0.846354 0.158203 0.846354 0.160156 0.84375 0.161133 0.84375 0.161133 0.842448 0.163086 0.839844 0.163086 0.83724 0.164062 0.835938 0.164062 0.834635 0.165039 0.833333 0.165039 0.832031 0.166016 0.830729 0.166016 0.829427 0.166992 0.828125 0.166992 0.826823 0.167969 0.825521 0.167969 0.822917 0.168945 0.821615 0.168945 0.816406 0.169922 0.815104 0.169922 0.789062 0.170898 0.78776 0.170898 0.777344 0.171875 0.776042 0.171875 0.768229 0.172852 0.766927 0.172852 0.764323 0.173828 0.763021 0.176758 0.763021 0.176758 0.726562
1 0.115234 0.700521 0.115234 0.705729 0.113281 0.708333 0.113281 0.709635 0.109375 0.714844 0.109375 0.716146 0.108398 0.717448 0.108398 0.71875 0.106445 0.721354 0.106445 0.723958 0.105469 0.72526 0.105469 0.726562 0.104492 0.727865 0.104492 0.729167 0.103516 0.730469 0.103516 0.734375 0.102539 0.735677 0.102539 0.740885 0.101562 0.742188 0.101562 0.744792 0.100586 0.746094 0.100586 0.747396 0.0996094 0.748698 0.0996094 0.751302 0.0986328 0.752604 0.0986328 0.753906 0.0957031 0.757812 0.0957031 0.760417 0.09375 0.763021 0.09375 0.764323 0.0927734 0.765625 0.0927734 0.768229 0.0908203 0.770833 0.0908203 0.772135 0.0898438 0.773438 0.0898438 0.776042 0.0888672 0.777344 0.0888672 0.795573 0.0898438 0.796875 0.0898438 0.802083 0.0908203 0.803385 0.0908203 0.80599 0.0898438 0.807292 0.0898438 0.8125 0.0888672 0.813802 0.0888672 0.816406 0.0878906 0.817708 0.0878906 0.821615 0.0869141 0.822917 0.0869141 0.825521 0.0859375 0.826823 0.0859375 0.829427 0.0849609 0.830729 0.0849609 0.832031 0.0830078 0.834635 0.0800781 0.834635 0.0800781 0.902344 0.0878906 0.902344 0.0878906 0.897135 0.0917969 0.891927 0.0917969 0.890625 0.09375 0.888021 0.09375 0.886719 0.0947266 0.885417 0.0947266 0.884115 0.0957031 0.882812 0.0957031 0.88151 0.0966797 0.880208 0.0966797 0.878906 0.0986328 0.876302 0.0986328 0.875 0.0996094 0.873698 0.0996094 0.871094 0.100586 0.869792 0.100586 0.86849 0.101562 0.867188 0.101562 0.865885 0.102539 0.864583 0.102539 0.863281 0.103516 0.861979 0.103516 0.860677 0.104492 0.859375 0.104492 0.858073 0.105469 0.856771 0.105469 0.855469 0.106445 0.854167 0.106445 0.852865 0.107422 0.851562 0.107422 0.848958 0.108398 0.847656 0.108398 0.846354 0.109375 0.845052 0.109375 0.842448 0.110352 0.841146 0.110352 0.83724 0.111328 0.835938 0.111328 0.832031 0.112305 0.830729 0.112305 0.826823 0.113281 0.825521 0.113281 0.821615 0.114258 0.820312 0.114258 0.813802 0.115234 0.8125 0.115234 0.80599 0.116211 0.804688 0.116211 0.795573 0.117188 0.794271 0.117188 0.783854 0.118164 0.782552 0.118164 0.777344 0.119141 0.776042 0.119141 0.772135 0.120117 0.770833 0.120117 0.765625 0.121094 0.764323 0.121094 0.760417 0.12207 0.759115 0.12207 0.757812 0.123047 0.75651 0.123047 0.755208 0.124023 0.753906 0.124023 0.752604 0.125 0.751302 0.125 0.75 0.125977 0.748698 0.125977 0.746094 0.126953 0.744792 0.126953 0.74349 0.128906 0.740885 0.128906 0.738281 0.130859 0.735677 0.133789 0.735677 0.133789 0.714844 0.130859 0.714844 0.129883 0.713542 0.129883 0.71224 0.128906 0.710938 0.128906 0.700521
1 0.654297 0.459635 0.65332 0.459635 0.652344 0.458333 0.651367 0.458333 0.650391 0.457031 0.649414 0.457031 0.647461 0.454427 0.646484 0.454427 0.645508 0.453125 0.644531 0.453125 0.641602 0.449219 0.640625 0.449219 0.638672 0.446615 0.637695 0.446615 0.635742 0.44401 0.630859 0.44401 0.630859 0.454427 0.633789 0.454427 0.634766 0.455729 0.634766 0.457031 0.633789 0.458333 0.630859 0.458333 0.630859 0.464844 0.655273 0.464844 0.655273 0.460938 0.654297 0.459635 0.680664 0.41276 0.683594 0.41276 0.68457 0.414062 0.69043 0.414062 0.691406 0.41276 0.692383 0.41276 0.692383 0.408854 0.725586 0.402344 0.726562 0.403646 0.646484 0.283854 0.646484 0.282552 0.65332 0.278646 0.654297 0.279948 0.657227 0.279948 0.65918 0.282552 0.65918 0.286458 0.660156 0.28776 0.660156 0.292969 0.662109 0.295573 0.663086 0.295573 0.664062 0.296875 0.665039 0.296875 0.667969 0.300781 0.668945 0.300781 0.669922 0.302083 0.670898 0.302083 0.671875 0.303385 0.672852 0.303385 0.673828 0.304688 0.674805 0.304688 0.675781 0.30599 0.677734 0.30599 0.678711 0.307292 0.680664 0.307292 0.681641 0.308594 0.682617 0.308594 0.68457 0.311198 0.686523 0.311198 0.6875 0.3125 0.688477 0.3125 0.689453 0.313802 0.692383 0.313802 0.693359 0.315104 0.697266 0.315104 0.698242 0.316406 0.703125 0.316406 0.704102 0.317708 0.706055 0.317708 0.707031 0.31901 0.709961 0.31901 0.710938 0.320312 0.712891 0.320312 0.713867 0.321615 0.71582 0.321615 0.716797 0.322917 0.719727 0.322917 0.720703 0.324219 0.722656 0.324219 0.723633 0.325521 0.726562 0.325521 0.727539 0.326823 0.729492 0.326823 0.730469 0.328125 0.733398 0.328125 0.734375 0.329427 0.738281 0.329427 0.739258 0.330729 0.745117 0.330729 0.746094 0.332031 0.753906 0.332031 0.754883 0.333333 0.759766 0.333333 0.760742 0.334635 0.762695 0.334635 0.763672 0.335938 0.766602 0.335938 0.767578 0.33724 0.769531 0.33724 0.770508 0.338542 0.771484 0.338542 0.772461 0.339844 0.774414 0.339844 0.775391 0.341146 0.776367 0.341146 0.777344 0.342448 0.77832 0.342448 0.779297 0.34375 0.782227 0.34375 0.783203 0.345052 0.785156 0.345052 0.786133 0.346354 0.791016 0.346354 0.791992 0.347656 0.795898 0.347656 0.796875 0.348958 0.798828 0.348958 0.799805 0.35026 0.802734 0.35026 0.803711 0.351562 0.807617 0.351562 0.808594 0.352865 0.80957 0.352865 0.811523 0.355469 0.8125 0.355469 0.822266 0.36849 0.822266 0.369792 0.833008 0.384115 0.833984 0.384115 0.836914 0.388021 0.837891 0.388021 0.841797 0.393229 0.842773 0.393229 0.84668 0.398438 0.847656 0.398438 0.851562 0.403646 0.852539 0.403646 0.854492 0.40625 0.855469 0.40625 0.857422 0.408854 0.859375 0.408854 0.862305 0.41276 0.863281 0.41276 0.864258 0.414062 0.865234 0.414062 0.866211 0.415365 0.867188 0.415365 0.869141 0.417969 0.871094 0.417969 0.87207 0.419271 0.874023 0.419271 0.875 0.420573 0.876953 0.420573 0.87793 0.421875 0.878906 0.421875 0.879883 0.423177 0.880859 0.423177 0.881836 0.424479 0.882812 0.424479 0.883789 0.425781 0.884766 0.425781 0.885742 0.427083 0.886719 0.427083 0.887695 0.428385 0.889648 0.428385 0.890625 0.429688 0.892578 0.429688 0.893555 0.43099 0.895508 0.43099 0.896484 0.432292 0.897461 0.432292 0.898438 0.433594 0.899414 0.433594 0.900391 0.434896 0.902344 0.434896 0.90332 0.436198 0.905273 0.436198 0.90625 0.4375 0.908203 0.4375 0.90918 0.438802 0.911133 0.438802 0.912109 0.440104 0.914062 0.440104 0.915039 0.441406 0.917969 0.441406 0.918945 0.442708 0.922852 0.442708 0.923828 0.44401 0.925781 0.44401 0.926758 0.445312 0.931641 0.445312 0.932617 0.446615 0.942383 0.446615 0.943359 0.447917 0.957031 0.447917 0.958008 0.449219 0.960938 0.449219 0.961914 0.450521 0.969727 0.450521 0.970703 0.449219 0.973633 0.449219 0.974609 0.447917 0.977539 0.447917 0.978516 0.446615 0.981445 0.446615 0.982422 0.445312 0.985352 0.445312 0.986328 0.44401 0.987305 0.44401 0.989258 0.441406 0.990234 0.441406 0.991211 0.440104 0.992188 0.440104 0.993164 0.438802 0.99707 0.438802 0.99707 0.421875 0.992188 0.421875 0.991211 0.420573 0.988281 0.420573 0.987305 0.419271 0.981445 0.419271 0.980469 0.417969 0.974609 0.417969 0.973633 0.416667 0.966797 0.416667 0.96582 0.415365 0.961914 0.415365 0.960938 0.414062 0.957031 0.414062 0.956055 0.41276 0.950195 0.41276 0.949219 0.411458 0.944336 0.411458 0.943359 0.410156 0.941406 0.410156 0.94043 0.408854 0.938477 0.408854 0.9375 0.407552 0.935547 0.407552 0.93457 0.40625 0.932617 0.40625 0.931641 0.404948 0.929688 0.404948 0.928711 0.403646 0.926758 0.403646 0.925781 0.402344 0.923828 0.402344 0.922852 0.401042 0.917969 0.401042 0.916992 0.39974 0.912109 0.39974 0.911133 0.398438 0.907227 0.398438 0.90625 0.397135 0.888672 0.397135 0.887695 0.395833 0.882812 0.395833 0.881836 0.394531 0.878906 0.394531 0.87793 0.393229 0.875 0.393229 0.874023 0.391927 0.87207 0.391927 0.871094 0.390625 0.869141 0.390625 0.868164 0.389323 0.865234 0.389323 0.864258 0.388021 0.862305 0.388021 0.861328 0.386719 0.860352 0.386719 0.859375 0.385417 0.858398 0.385417 0.857422 0.384115 0.855469 0.384115 0.854492 0.382812 0.853516 0.382812 0.852539 0.38151 0.851562 0.38151 0.850586 0.380208 0.849609 0.380208 0.848633 0.378906 0.847656 0.378906 0.84375 0.373698 0.842773 0.373698 0.839844 0.369792 0.838867 0.369792 0.834961 0.364583 0.833984 0.364583 0.829102 0.358073 0.828125 0.358073 0.827148 0.356771 0.826172 0.356771 0.825195 0.355469 0.824219 0.355469 0.823242 0.354167 0.822266 0.354167 0.821289 0.352865 0.819336 0.352865 0.817383 0.35026 0.816406 0.35026 0.811523 0.34375 0.810547 0.34375 0.80957 0.342448 0.80957 0.341146 0.808594 0.339844 0.808594 0.338542 0.806641 0.335938 0.806641 0.334635 0.797852 0.322917 0.796875 0.322917 0.795898 0.321615 0.794922 0.321615 0.791992 0.317708 0.791016 0.317708 0.790039 0.316406 0.789062 0.316406 0.788086 0.315104 0.787109 0.315104 0.786133 0.313802 0.785156 0.313802 0.78418 0.3125 0.783203 0.3125 0.782227 0.311198 0.78125 0.311198 0.780273 0.309896 0.779297 0.309896 0.77832 0.308594 0.777344 0.308594 0.776367 0.307292 0.774414 0.307292 0.773438 0.30599 0.772461 0.30599 0.771484 0.304688 0.769531 0.304688 0.768555 0.303385 0.765625 0.303385 0.764648 0.302083 0.762695 0.302083 0.761719 0.300781 0.758789 0.300781 0.757812 0.299479 0.755859 0.299479 0.754883 0.298177 0.751953 0.298177 0.750977 0.296875 0.746094 0.296875 0.745117 0.295573 0.740234 0.295573 0.739258 0.294271 0.735352 0.294271 0.734375 0.292969 0.730469 0.292969 0.729492 0.291667 0.724609 0.291667 0.723633 0.290365 0.71875 0.290365 0.717773 0.289062 0.710938 0.289062 0.709961 0.28776 0.702148 0.28776 0.701172 0.286458 0.689453 0.286458 0.688477 0.285156 0.685547 0.285156 0.68457 0.283854 0.682617 0.283854 0.681641 0.282552 0.679688 0.282552 0.678711 0.28125 0.676758 0.28125 0.675781 0.279948 0.674805 0.279948 0.673828 0.278646 0.673828 0.273438 0.65332 0.273438 0.65332 0.278646 0.646484 0.282552 0.644531 0.282552 0.645508 0.283854 0.646484 0.283854 0.726562 0.403646 0.728516 0.403646 0.729492 0.404948 0.730469 0.404948 0.731445 0.40625 0.734375 0.40625 0.735352 0.407552 0.741211 0.407552 0.742188 0.408854 0.743164 0.408854 0.744141 0.410156 0.745117 0.410156 0.746094 0.411458 0.748047 0.411458 0.749023 0.41276 0.75 0.41276 0.750977 0.414062 0.751953 0.414062 0.753906 0.416667 0.754883 0.416667 0.755859 0.417969 0.756836 0.417969 0.757812 0.419271 0.758789 0.419271 0.762695 0.424479 0.763672 0.424479 0.763672 0.425781 0.766602 0.429688 0.766602 0.43099 0.767578 0.432292 0.767578 0.434896 0.768555 0.436198 0.768555 0.4375 0.770508 0.440104 0.770508 0.441406 0.772461 0.44401 0.772461 0.445312 0.773438 0.446615 0.773438 0.447917 0.777344 0.453125 0.77832 0.453125 0.783203 0.459635 0.783203 0.464844 0.760742 0.464844 0.760742 0.459635 0.758789 0.457031 0.758789 0.455729 0.757812 0.454427 0.757812 0.453125 0.753906 0.447917 0.753906 0.446615 0.75 0.441406 0.749023 0.441406 0.745117 0.436198 0.744141 0.436198 0.743164 0.434896 0.742188 0.434896 0.741211 0.433594 0.740234 0.433594 0.738281 0.43099 0.737305 0.43099 0.736328 0.429688 0.734375 0.429688 0.733398 0.428385 0.732422 0.428385 0.729492 0.424479 0.728516 0.424479 0.727539 0.423177 0.724609 0.423177 0.723633 0.421875 0.722656 0.421875 0.72168 0.420573 0.719727 0.420573 0.71875 0.419271 0.714844 0.419271 0.713867 0.417969 0.712891 0.417969 0.711914 0.416667 0.711914 0.41276 0.712891 0.41276 0.713867 0.411458 0.714844 0.411458 0.716797 0.408854 0.714844 0.40625 0.711914 0.40625 0.710938 0.404948 0.709961 0.404948 0.708984 0.403646 0.708984 0.402344 0.709961 0.402344 0.710938 0.401042 0.713867 0.401042 0.714844 0.402344 0.725586 0.402344 0.692383 0.408854 0.69043 0.40625 0.689453 0.40625 0.688477 0.404948 0.685547 0.404948 0.68457 0.40625 0.682617 0.40625 0.681641 0.407552 0.680664 0.407552 0.680664 0.41276
1 0.0664062 0.440104 0.0615234 0.440104 0.0605469 0.441406 0.0595703 0.441406 0.0585938 0.442708 0.0556641 0.442708 0.0546875 0.44401 0.0507812 0.44401 0.0498047 0.445312 0.0498047 0.449219 0.0644531 0.449219 0.0644531 0.442708 0.0664062 0.440104 0.0810547 0.421875 0.0820312 0.421875 0.0830078 0.423177 0.0839844 0.423177 0.0849609 0.421875 0.0859375 0.421875 0.0869141 0.420573 0.0888672 0.420573 0.0898438 0.419271 0.0908203 0.419271 0.0908203 0.417969 0.110352 0.333333 0.112305 0.333333 0.113281 0.334635 0.115234 0.334635 0.116211 0.335938 0.119141 0.335938 0.120117 0.33724 0.121094 0.33724 0.12207 0.338542 0.123047 0.338542 0.124023 0.339844 0.125977 0.339844 0.126953 0.341146 0.12793 0.341146 0.128906 0.342448 0.130859 0.342448 0.131836 0.34375 0.132812 0.34375 0.133789 0.345052 0.135742 0.345052 0.136719 0.346354 0.138672 0.346354 0.139648 0.347656 0.141602 0.347656 0.142578 0.348958 0.143555 0.348958 0.144531 0.35026 0.145508 0.35026 0.146484 0.351562 0.147461 0.351562 0.148438 0.352865 0.150391 0.352865 0.151367 0.354167 0.15332 0.354167 0.154297 0.355469 0.15625 0.355469 0.157227 0.356771 0.15918 0.356771 0.160156 0.358073 0.161133 0.358073 0.162109 0.359375 0.163086 0.359375 0.164062 0.360677 0.165039 0.360677 0.166992 0.363281 0.168945 0.363281 0.169922 0.364583 0.171875 0.364583 0.172852 0.365885 0.173828 0.365885 0.174805 0.367188 0.174805 0.369792 0.175781 0.371094 0.174805 0.372396 0.167969 0.372396 0.166992 0.373698 0.165039 0.373698 0.162109 0.377604 0.161133 0.377604 0.160156 0.378906 0.158203 0.378906 0.157227 0.380208 0.15625 0.380208 0.155273 0.38151 0.15332 0.38151 0.15332 0.382812 0.154297 0.382812 0.155273 0.384115 0.15625 0.384115 0.161133 0.390625 0.161133 0.391927 0.163086 0.394531 0.164062 0.394531 0.167969 0.39974 0.168945 0.39974 0.170898 0.402344 0.171875 0.402344 0.172852 0.403646 0.173828 0.403646 0.176758 0.407552 0.177734 0.407552 0.178711 0.408854 0.179688 0.408854 0.181641 0.411458 0.182617 0.411458 0.183594 0.41276 0.18457 0.41276 0.185547 0.414062 0.186523 0.414062 0.1875 0.415365 0.188477 0.415365 0.189453 0.416667 0.19043 0.416667 0.191406 0.417969 0.192383 0.417969 0.193359 0.419271 0.194336 0.419271 0.195312 0.420573 0.196289 0.420573 0.197266 0.421875 0.199219 0.421875 0.200195 0.423177 0.204102 0.423177 0.205078 0.424479 0.208008 0.424479 0.208984 0.425781 0.213867 0.425781 0.214844 0.427083 0.22168 0.427083 0.222656 0.428385 0.227539 0.428385 0.228516 0.429688 0.231445 0.429688 0.232422 0.43099 0.235352 0.43099 0.236328 0.432292 0.238281 0.432292 0.239258 0.433594 0.241211 0.433594 0.242188 0.434896 0.246094 0.434896 0.24707 0.436198 0.250977 0.436198 0.251953 0.4375 0.259766 0.4375 0.260742 0.436198 0.261719 0.436198 0.262695 0.434896 0.263672 0.434896 0.266602 0.43099 0.266602 0.429688 0.267578 0.428385 0.267578 0.427083 0.268555 0.425781 0.268555 0.421875 0.269531 0.420573 0.269531 0.417969 0.268555 0.416667 0.268555 0.415365 0.266602 0.41276 0.265625 0.41276 0.263672 0.410156 0.262695 0.410156 0.260742 0.407552 0.258789 0.407552 0.257812 0.40625 0.256836 0.40625 0.255859 0.404948 0.253906 0.404948 0.25293 0.403646 0.251953 0.403646 0.250977 0.402344 0.248047 0.402344 0.24707 0.401042 0.244141 0.401042 0.243164 0.39974 0.241211 0.39974 0.240234 0.398438 0.238281 0.398438 0.237305 0.397135 0.234375 0.397135 0.233398 0.395833 0.230469 0.395833 0.229492 0.394531 0.225586 0.394531 0.224609 0.393229 0.220703 0.393229 0.219727 0.391927 0.216797 0.391927 0.21582 0.390625 0.212891 0.390625 0.211914 0.389323 0.208984 0.389323 0.208008 0.388021 0.206055 0.388021 0.205078 0.386719 0.204102 0.386719 0.203125 0.385417 0.201172 0.385417 0.200195 0.384115 0.199219 0.384115 0.197266 0.38151 0.197266 0.380208 0.196289 0.378906 0.196289 0.376302 0.197266 0.375 0.198242 0.375 0.200195 0.372396 0.200195 0.367188 0.199219 0.365885 0.199219 0.361979 0.198242 0.360677 0.198242 0.355469 0.195312 0.351562 0.194336 0.351562 0.193359 0.35026 0.192383 0.35026 0.191406 0.348958 0.189453 0.348958 0.188477 0.347656 0.183594 0.347656 0.182617 0.346354 0.181641 0.346354 0.180664 0.345052 0.179688 0.345052 0.178711 0.34375 0.177734 0.34375 0.174805 0.339844 0.173828 0.339844 0.171875 0.33724 0.171875 0.335938 0.168945 0.332031 0.168945 0.330729 0.167969 0.329427 0.167969 0.328125 0.166992 0.326823 0.166992 0.325521 0.165039 0.322917 0.165039 0.321615 0.161133 0.316406 0.160156 0.316406 0.158203 0.313802 0.157227 0.313802 0.15625 0.3125 0.155273 0.3125 0.154297 0.311198 0.15332 0.311198 0.151367 0.308594 0.151367 0.304688 0.0722656 0.304688 0.0722656 0.308594 0.0732422 0.309896 0.0742188 0.309896 0.0751953 0.311198 0.0761719 0.311198 0.0771484 0.3125 0.078125 0.3125 0.0791016 0.313802 0.0800781 0.313802 0.0810547 0.315104 0.0820312 0.315104 0.0839844 0.317708 0.0849609 0.317708 0.0869141 0.320312 0.0878906 0.320312 0.0898438 0.322917 0.0908203 0.322917 0.0917969 0.324219 0.0927734 0.324219 0.09375 0.325521 0.0957031 0.325521 0.0966797 0.326823 0.0976562 0.326823 0.0986328 0.328125 0.100586 0.328125 0.101562 0.329427 0.103516 0.329427 0.104492 0.330729 0.106445 0.330729 0.107422 0.332031 0.109375 0.332031 0.110352 0.333333 0.0908203 0.417969 0.0859375 0.417969 0.0849609 0.416667 0.0830078 0.416667 0.0820312 0.417969 0.0800781 0.417969 0.0791016 0.419271 0.0810547 0.421875
1 0.282227 0.0078125 0.282227 0.0130208 0.279297 0.0169271 0.279297 0.0182292 0.269531 0.03125 0.269531 0.0325521 0.265625 0.0377604 0.265625 0.0390625 0.260742 0.0455729 0.260742 0.046875 0.258789 0.0494792 0.258789 0.0507812 0.256836 0.0533854 0.256836 0.0546875 0.255859 0.0559896 0.255859 0.0585938 0.254883 0.0598958 0.254883 0.0611979 0.253906 0.0625 0.253906 0.0638021 0.25293 0.0651042 0.25293 0.0677083 0.250977 0.0703125 0.250977 0.0716146 0.246094 0.078125 0.245117 0.078125 0.241211 0.0833333 0.241211 0.0846354 0.230469 0.0989583 0.229492 0.0989583 0.22168 0.109375 0.22168 0.110677 0.219727 0.113281 0.219727 0.114583 0.217773 0.117188 0.217773 0.11849 0.21582 0.121094 0.21582 0.122396 0.214844 0.123698 0.214844 0.125 0.213867 0.126302 0.213867 0.127604 0.212891 0.128906 0.208984 0.128906 0.208984 0.183594 0.217773 0.183594 0.217773 0.178385 0.21875 0.177083 0.219727 0.177083 0.229492 0.164062 0.230469 0.164062 0.240234 0.151042 0.240234 0.14974 0.243164 0.145833 0.243164 0.144531 0.245117 0.141927 0.245117 0.140625 0.24707 0.138021 0.24707 0.136719 0.250977 0.13151 0.250977 0.130208 0.253906 0.126302 0.253906 0.125 0.254883 0.123698 0.254883 0.122396 0.256836 0.119792 0.256836 0.11849 0.258789 0.115885 0.258789 0.114583 0.259766 0.113281 0.259766 0.111979 0.261719 0.109375 0.261719 0.108073 0.262695 0.106771 0.262695 0.105469 0.263672 0.104167 0.263672 0.102865 0.265625 0.10026 0.265625 0.0989583 0.266602 0.0976562 0.266602 0.0950521 0.267578 0.09375 0.267578 0.0924479 0.268555 0.0911458 0.268555 0.0885417 0.269531 0.0872396 0.269531 0.0859375 0.277344 0.0755208 0.27832 0.0755208 0.28125 0.0716146 0.282227 0.0716146 0.288086 0.0638021 0.289062 0.0638021 0.296875 0.0533854 0.297852 0.0533854 0.302734 0.046875 0.303711 0.046875 0.305664 0.0442708 0.306641 0.0442708 0.307617 0.0429688 0.308594 0.0429688 0.30957 0.0416667 0.313477 0.0416667 0.313477 0.0078125
1 0.677734 0.0390625 0.677734 0.0690104 0.680664 0.0690104 0.681641 0.0703125 0.682617 0.0703125 0.683594 0.0716146 0.68457 0.0716146 0.686523 0.0742188 0.6875 0.0742188 0.688477 0.0755208 0.689453 0.0755208 0.69043 0.0768229 0.691406 0.0768229 0.692383 0.078125 0.693359 0.078125 0.694336 0.0794271 0.695312 0.0794271 0.696289 0.0807292 0.697266 0.0807292 0.698242 0.0820312 0.699219 0.0820312 0.700195 0.0833333 0.701172 0.0833333 0.702148 0.0846354 0.703125 0.0846354 0.704102 0.0859375 0.704102 0.0898438 0.708984 0.0898438 0.708984 0.0859375 0.716797 0.0755208 0.719727 0.0755208 0.719727 0.0611979 0.716797 0.0611979 0.709961 0.0520833 0.709961 0.0507812 0.706055 0.0455729 0.705078 0.0455729 0.703125 0.0429688 0.703125 0.0390625
1 0.995117 0.81901 0.994141 0.820312 0.992188 0.820312 0.991211 0.821615 0.989258 0.821615 0.988281 0.822917 0.986328 0.822917 0.985352 0.824219 0.983398 0.824219 0.982422 0.825521 0.981445 0.825521 0.980469 0.826823 0.978516 0.826823 0.977539 0.828125 0.976562 0.828125 0.975586 0.829427 0.973633 0.829427 0.972656 0.830729 0.970703 0.830729 0.969727 0.832031 0.966797 0.832031 0.96582 0.833333 0.962891 0.833333 0.961914 0.834635 0.960938 0.834635 0.959961 0.835938 0.958984 0.835938 0.958008 0.83724 0.957031 0.83724 0.956055 0.838542 0.955078 0.838542 0.954102 0.839844 0.952148 0.839844 0.951172 0.841146 0.950195 0.841146 0.949219 0.842448 0.948242 0.842448 0.947266 0.84375 0.945312 0.84375 0.944336 0.845052 0.943359 0.845052 0.942383 0.846354 0.941406 0.846354 0.94043 0.847656 0.938477 0.847656 0.9375 0.848958 0.933594 0.848958 0.932617 0.85026 0.927734 0.85026 0.927734 0.865885 0.930664 0.865885 0.932617 0.86849 0.932617 0.869792 0.933594 0.871094 0.933594 0.872396 0.935547 0.875 0.935547 0.876302 0.936523 0.877604 0.936523 0.88151 0.948242 0.88151 0.948242 0.877604 0.950195 0.875 0.951172 0.875 0.952148 0.873698 0.953125 0.873698 0.954102 0.872396 0.955078 0.872396 0.956055 0.871094 0.957031 0.871094 0.958008 0.869792 0.958984 0.869792 0.959961 0.86849 0.961914 0.86849 0.962891 0.867188 0.963867 0.867188 0.964844 0.865885 0.966797 0.865885 0.967773 0.864583 0.96875 0.864583 0.969727 0.863281 0.97168 0.863281 0.972656 0.861979 0.973633 0.861979 0.974609 0.860677 0.977539 0.860677 0.978516 0.859375 0.981445 0.859375 0.982422 0.858073 0.986328 0.858073 0.987305 0.856771 0.996094 0.856771 0.99707 0.855469 0.999023 0.855469 0.999023 0.81901
1 0.435547 0 0.435547 0.00390625 0.436523 0.00520833 0.436523 0.0078125 0.4375 0.00911458 0.4375 0.0130208 0.438477 0.0143229 0.438477 0.0182292 0.439453 0.0195312 0.439453 0.0221354 0.44043 0.0234375 0.44043 0.0260417 0.441406 0.0273438 0.441406 0.0338542 0.442383 0.0351562 0.442383 0.0390625 0.443359 0.0403646 0.443359 0.046875 0.444336 0.0481771 0.444336 0.0664062 0.445312 0.0677083 0.445312 0.0755208 0.446289 0.0768229 0.446289 0.0807292 0.447266 0.0820312 0.447266 0.0833333 0.448242 0.0846354 0.448242 0.0859375 0.450195 0.0885417 0.450195 0.0898438 0.452148 0.0924479 0.452148 0.09375 0.456055 0.0989583 0.456055 0.10026 0.460938 0.106771 0.460938 0.108073 0.478516 0.13151 0.478516 0.136719 0.489258 0.136719 0.489258 0.13151 0.490234 0.130208 0.493164 0.130208 0.493164 0.121094 0.490234 0.121094 0.489258 0.119792 0.489258 0.11849 0.488281 0.117188 0.488281 0.114583 0.487305 0.113281 0.487305 0.110677 0.486328 0.109375 0.486328 0.108073 0.485352 0.106771 0.485352 0.104167 0.484375 0.102865 0.484375 0.101562 0.483398 0.10026 0.483398 0.0976562 0.482422 0.0963542 0.482422 0.09375 0.481445 0.0924479 0.481445 0.0911458 0.480469 0.0898438 0.480469 0.0885417 0.479492 0.0872396 0.479492 0.0859375 0.478516 0.0846354 0.478516 0.0833333 0.476562 0.0807292 0.476562 0.0794271 0.475586 0.078125 0.475586 0.0768229 0.474609 0.0755208 0.474609 0.0729167 0.473633 0.0716146 0.473633 0.0690104 0.472656 0.0677083 0.472656 0.0651042 0.47168 0.0638021 0.47168 0.0598958 0.470703 0.0585938 0.470703 0.0546875 0.469727 0.0533854 0.469727 0.0481771 0.46875 0.046875 0.46875 0.0104167 0.467773 0.00911458 0.467773 0.00390625 0.466797 0.00260417 0.466797 0
1 0.384766 0.0755208 0.384766 0.0807292 0.383789 0.0820312 0.383789 0.0833333 0.382812 0.0846354 0.382812 0.0872396 0.381836 0.0885417 0.381836 0.0924479 0.380859 0.09375 0.380859 0.0950521 0.379883 0.0963542 0.376953 0.0963542 0.376953 0.157552 0.384766 0.157552 0.384766 0.152344 0.387695 0.148438 0.387695 0.147135 0.388672 0.145833 0.388672 0.144531 0.390625 0.141927 0.390625 0.140625 0.391602 0.139323 0.391602 0.138021 0.392578 0.136719 0.392578 0.135417 0.394531 0.132812 0.394531 0.13151 0.395508 0.130208 0.395508 0.127604 0.396484 0.126302 0.396484 0.123698 0.397461 0.122396 0.397461 0.119792 0.398438 0.11849 0.398438 0.115885 0.399414 0.114583 0.399414 0.109375 0.400391 0.108073 0.400391 0.101562 0.401367 0.10026 0.401367 0.09375 0.402344 0.0924479 0.402344 0.0755208
1 0.0498047 0.466146 0.0498047 0.470052 0.0478516 0.472656 0.046875 0.472656 0.0449219 0.47526 0.0439453 0.47526 0.0419922 0.477865 0.0410156 0.477865 0.0400391 0.479167 0.0390625 0.479167 0.0361328 0.483073 0.0351562 0.483073 0.0341797 0.484375 0.0332031 0.484375 0.0322266 0.485677 0.0302734 0.485677 0.0292969 0.486979 0.0283203 0.486979 0.0273438 0.488281 0.0263672 0.488281 0.0253906 0.489583 0.0244141 0.489583 0.0234375 0.490885 0.0224609 0.490885 0.0214844 0.492188 0.0205078 0.492188 0.0205078 0.49349 0.0185547 0.496094 0.0185547 0.497396 0.0146484 0.502604 0.0146484 0.503906 0.0117188 0.507812 0.0117188 0.509115 0.00585938 0.516927 0.00195312 0.516927 0.00195312 0.584635 0.00488281 0.584635 0.00585938 0.583333 0.00585938 0.582031 0.00878906 0.578125 0.00878906 0.576823 0.00976562 0.575521 0.00976562 0.574219 0.0107422 0.572917 0.0107422 0.571615 0.0117188 0.570312 0.0117188 0.56901 0.0136719 0.566406 0.0136719 0.565104 0.0146484 0.563802 0.0146484 0.5625 0.0175781 0.558594 0.0175781 0.557292 0.0185547 0.55599 0.0185547 0.554688 0.0205078 0.552083 0.0205078 0.550781 0.0224609 0.548177 0.0224609 0.546875 0.0244141 0.544271 0.0244141 0.542969 0.0253906 0.541667 0.0253906 0.540365 0.0273438 0.53776 0.0273438 0.536458 0.0351562 0.526042 0.0351562 0.52474 0.0371094 0.522135 0.0371094 0.520833 0.0400391 0.516927 0.0400391 0.515625 0.0458984 0.507812 0.0458984 0.50651 0.0488281 0.502604 0.0488281 0.501302 0.0527344 0.496094 0.0527344 0.494792 0.0537109 0.49349 0.0537109 0.492188 0.0556641 0.489583 0.0556641 0.488281 0.0576172 0.485677 0.0576172 0.484375 0.0595703 0.481771 0.0634766 0.481771 0.0634766 0.466146
1 0.0722656 0.940104 0.0722656 0.94401 0.0703125 0.946615 0.0703125 0.947917 0.0644531 0.955729 0.0605469 0.955729 0.0605469 0.998698 0.0693359 0.998698 0.0693359 0.997396 0.0712891 0.994792 0.0722656 0.994792 0.0732422 0.99349 0.0751953 0.99349 0.0878906 0.976562 0.0888672 0.976562 0.0898438 0.97526 0.0898438 0.973958 0.0917969 0.971354 0.0917969 0.970052 0.0927734 0.96875 0.0927734 0.967448 0.09375 0.966146 0.09375 0.963542 0.0947266 0.96224 0.0947266 0.959635 0.0957031 0.958333 0.0986328 0.958333 0.0986328 0.951823 0.0957031 0.951823 0.0947266 0.950521 0.0947266 0.947917 0.09375 0.946615 0.09375 0.940104
1 0.0478516 0.955729 0.0478516 0.959635 0.0449219 0.963542 0.0439453 0.963542 0.0400391 0.96875 0.0390625 0.96875 0.0244141 0.988281 0.0234375 0.988281 0.0205078 0.992188 0.0175781 0.992188 0.0175781 0.998698 0.0517578 0.998698 0.0517578 0.996094 0.0527344 0.994792 0.0527344 0.99349 0.0537109 0.992188 0.0537109 0.990885 0.0546875 0.989583 0.0546875 0.988281 0.0566406 0.985677 0.0585938 0.985677 0.0595703 0.984375 0.0634766 0.984375 0.0634766 0.955729
1 0.658203 0.276042 0.655273 0.276042 0.654297 0.277344 0.65332 0.277344 0.652344 0.276042 0.647461 0.276042 0.646484 0.277344 0.643555 0.277344 0.642578 0.278646 0.644531 0.28125 0.644531 0.282552 0.645508 0.283854 0.645508 0.285156 0.646484 0.286458 0.646484 0.28776 0.647461 0.289062 0.648438 0.289062 0.649414 0.290365 0.649414 0.291667 0.650391 0.292969 0.651367 0.292969 0.652344 0.294271 0.654297 0.294271 0.655273 0.295573 0.657227 0.295573 0.658203 0.296875 0.661133 0.296875 0.663086 0.294271 0.663086 0.28776 0.662109 0.286458 0.662109 0.285156 0.661133 0.283854 0.661133 0.282552 0.65918 0.279948 0.65918 0.278646 0.658203 0.277344 0.658203 0.276042 0.661133 0.265625 0.662109 0.265625 0.663086 0.266927 0.665039 0.266927 0.666016 0.268229 0.672852 0.268229 0.673828 0.269531 0.675781 0.269531 0.676758 0.270833 0.678711 0.270833 0.679688 0.272135 0.680664 0.272135 0.681641 0.273438 0.685547 0.273438 0.686523 0.27474 0.69043 0.27474 0.691406 0.276042 0.693359 0.276042 0.694336 0.277344 0.696289 0.277344 0.697266 0.278646 0.699219 0.278646 0.700195 0.279948 0.701172 0.279948 0.702148 0.28125 0.703125 0.28125 0.704102 0.282552 0.707031 0.282552 0.708008 0.283854 0.712891 0.283854 0.713867 0.285156 0.71875 0.285156 0.719727 0.286458 0.722656 0.286458 0.723633 0.28776 0.727539 0.28776 0.728516 0.289062 0.736328 0.289062 0.737305 0.290365 0.745117 0.290365 0.746094 0.291667 0.750977 0.291667 0.751953 0.292969 0.755859 0.292969 0.756836 0.294271 0.762695 0.294271 0.763672 0.295573 0.770508 0.295573 0.771484 0.294271 0.773438 0.294271 0.774414 0.292969 0.775391 0.292969 0.776367 0.291667 0.777344 0.291667 0.78125 0.286458 0.78125 0.285156 0.782227 0.283854 0.782227 0.279948 0.78125 0.278646 0.78125 0.277344 0.779297 0.27474 0.777344 0.27474 0.776367 0.273438 0.771484 0.273438 0.770508 0.272135 0.766602 0.272135 0.765625 0.270833 0.762695 0.270833 0.761719 0.269531 0.759766 0.269531 0.758789 0.268229 0.757812 0.268229 0.755859 0.265625 0.754883 0.265625 0.753906 0.264323 0.750977 0.264323 0.75 0.263021 0.749023 0.263021 0.748047 0.261719 0.74707 0.261719 0.745117 0.259115 0.743164 0.259115 0.742188 0.257812 0.741211 0.257812 0.740234 0.25651 0.739258 0.25651 0.737305 0.253906 0.734375 0.253906 0.733398 0.252604 0.731445 0.252604 0.730469 0.251302 0.730469 0.25 0.728516 0.25 0.727539 0.248698 0.713867 0.248698 0.712891 0.247396 0.711914 0.247396 0.710938 0.246094 0.711914 0.244792 0.712891 0.244792 0.713867 0.24349 0.71582 0.24349 0.716797 0.242188 0.719727 0.242188 0.720703 0.24349 0.725586 0.24349 0.726562 0.244792 0.731445 0.244792 0.732422 0.246094 0.735352 0.246094 0.736328 0.247396 0.744141 0.247396 0.745117 0.248698 0.748047 0.248698 0.749023 0.25 0.751953 0.25 0.75293 0.251302 0.753906 0.251302 0.754883 0.252604 0.757812 0.252604 0.758789 0.253906 0.766602 0.253906 0.767578 0.255208 0.768555 0.255208 0.771484 0.259115 0.772461 0.259115 0.773438 0.260417 0.775391 0.260417 0.776367 0.261719 0.777344 0.261719 0.77832 0.263021 0.779297 0.263021 0.780273 0.264323 0.783203 0.264323 0.787109 0.269531 0.790039 0.269531 0.790039 0.226562 0.676758 0.226562 0.676758 0.233073 0.674805 0.235677 0.672852 0.235677 0.672852 0.236979 0.674805 0.236979 0.675781 0.235677 0.677734 0.235677 0.678711 0.236979 0.683594 0.236979 0.68457 0.238281 0.6875 0.238281 0.688477 0.239583 0.69043 0.239583 0.693359 0.24349 0.694336 0.24349 0.695312 0.244792 0.697266 0.244792 0.698242 0.246094 0.698242 0.247396 0.697266 0.248698 0.693359 0.248698 0.692383 0.25 0.685547 0.25 0.68457 0.248698 0.679688 0.248698 0.678711 0.247396 0.676758 0.247396 0.675781 0.246094 0.673828 0.246094 0.672852 0.244792 0.671875 0.244792 0.670898 0.24349 0.669922 0.24349 0.668945 0.242188 0.667969 0.242188 0.666992 0.240885 0.65918 0.240885 0.658203 0.242188 0.65332 0.242188 0.649414 0.247396 0.649414 0.25 0.648438 0.251302 0.651367 0.255208 0.651367 0.25651 0.652344 0.257812 0.65332 0.257812 0.654297 0.259115 0.655273 0.259115 0.657227 0.261719 0.658203 0.261719 0.661133 0.265625
1 0.720703 0.622396 0.720703 0.661458 0.723633 0.661458 0.726562 0.665365 0.726562 0.666667 0.727539 0.667969 0.727539 0.669271 0.728516 0.670573 0.728516 0.671875 0.729492 0.673177 0.729492 0.674479 0.730469 0.675781 0.730469 0.677083 0.731445 0.678385 0.731445 0.68099 0.732422 0.682292 0.732422 0.686198 0.733398 0.6875 0.733398 0.692708 0.734375 0.69401 0.734375 0.695312 0.741211 0.704427 0.741211 0.707031 0.740234 0.708333 0.740234 0.709635 0.737305 0.713542 0.736328 0.713542 0.735352 0.714844 0.732422 0.714844 0.731445 0.716146 0.730469 0.714844 0.727539 0.714844 0.726562 0.716146 0.720703 0.716146 0.720703 0.730469 0.75 0.730469 0.75 0.72526 0.750977 0.723958 0.751953 0.723958 0.75293 0.722656 0.753906 0.722656 0.754883 0.721354 0.758789 0.721354 0.758789 0.696615 0.755859 0.696615 0.754883 0.695312 0.754883 0.692708 0.753906 0.691406 0.753906 0.688802 0.75293 0.6875 0.75293 0.686198 0.751953 0.684896 0.751953 0.683594 0.750977 0.682292 0.750977 0.679688 0.75 0.678385 0.75 0.674479 0.749023 0.673177 0.749023 0.670573 0.748047 0.669271 0.748047 0.664062 0.74707 0.66276 0.74707 0.657552 0.746094 0.65625 0.746094 0.651042 0.745117 0.64974 0.745117 0.647135 0.744141 0.645833 0.744141 0.643229 0.743164 0.641927 0.743164 0.639323 0.742188 0.638021 0.742188 0.635417 0.741211 0.634115 0.741211 0.63151 0.740234 0.630208 0.740234 0.628906 0.739258 0.627604 0.739258 0.622396
1 0.289062 0.00260417 0.289062 0.00651042 0.287109 0.00911458 0.286133 0.00911458 0.282227 0.0143229 0.282227 0.015625 0.269531 0.0325521 0.269531 0.0338542 0.262695 0.0429688 0.262695 0.0442708 0.259766 0.0481771 0.259766 0.0494792 0.257812 0.0520833 0.257812 0.0533854 0.256836 0.0546875 0.256836 0.0559896 0.255859 0.0572917 0.255859 0.0585938 0.254883 0.0598958 0.254883 0.0611979 0.253906 0.0625 0.253906 0.0651042 0.25293 0.0664062 0.25293 0.0677083 0.250977 0.0703125 0.250977 0.0716146 0.245117 0.0794271 0.244141 0.0794271 0.243164 0.0807292 0.243164 0.0820312 0.238281 0.0885417 0.238281 0.0898438 0.225586 0.106771 0.224609 0.106771 0.224609 0.108073 0.22168 0.111979 0.22168 0.113281 0.219727 0.115885 0.219727 0.117188 0.21582 0.122396 0.212891 0.122396 0.212891 0.174479 0.217773 0.174479 0.219727 0.171875 0.220703 0.171875 0.22168 0.170573 0.222656 0.170573 0.225586 0.166667 0.226562 0.166667 0.231445 0.160156 0.232422 0.160156 0.238281 0.152344 0.238281 0.151042 0.241211 0.147135 0.241211 0.145833 0.243164 0.143229 0.243164 0.141927 0.245117 0.139323 0.245117 0.138021 0.248047 0.134115 0.248047 0.132812 0.251953 0.127604 0.251953 0.126302 0.253906 0.123698 0.253906 0.122396 0.255859 0.119792 0.255859 0.11849 0.257812 0.115885 0.257812 0.114583 0.259766 0.111979 0.259766 0.110677 0.260742 0.109375 0.260742 0.108073 0.262695 0.105469 0.262695 0.104167 0.263672 0.102865 0.263672 0.101562 0.265625 0.0989583 0.265625 0.0976562 0.266602 0.0963542 0.266602 0.09375 0.267578 0.0924479 0.267578 0.0911458 0.268555 0.0898438 0.268555 0.0885417 0.270508 0.0859375 0.270508 0.0846354 0.274414 0.0794271 0.275391 0.0794271 0.279297 0.0742188 0.280273 0.0742188 0.287109 0.0651042 0.288086 0.0651042 0.291992 0.0598958 0.291992 0.0585938 0.292969 0.0572917 0.293945 0.0572917 0.297852 0.0520833 0.298828 0.0520833 0.303711 0.0455729 0.304688 0.0455729 0.306641 0.0429688 0.307617 0.0429688 0.308594 0.0416667 0.30957 0.0416667 0.311523 0.0390625 0.3125 0.0390625 0.314453 0.0364583 0.31543 0.0364583 0.316406 0.0351562 0.317383 0.0351562 0.319336 0.0325521 0.320312 0.0325521 0.322266 0.0299479 0.323242 0.0299479 0.324219 0.0286458 0.325195 0.0286458 0.332031 0.0195312 0.332031 0.0182292 0.333984 0.015625 0.333984 0.0143229 0.334961 0.0130208 0.334961 0.0117188 0.338867 0.00651042 0.338867 0.00260417 0.313477 0.00260417 0.313477 0.00651042 0.310547 0.0104167 0.307617 0.0104167 0.306641 0.0117188 0.301758 0.0117188 0.300781 0.0104167 0.298828 0.0104167 0.297852 0.00911458 0.296875 0.00911458 0.294922 0.00651042 0.294922 0.00260417
