0 0.0693359 0.311364 0.0693359 0.314773 0.0683594 0.315909 0.0673828 0.315909 0.0664062 0.317045 0.0654297 0.317045 0.0644531 0.318182 0.0634766 0.318182 0.0615234 0.320455 0.0605469 0.320455 0.0585938 0.322727 0.0576172 0.322727 0.0556641 0.325 0.0546875 0.325 0.0517578 0.328409 0.0507812 0.328409 0.046875 0.332955 0.0458984 0.332955 0.0429688 0.336364 0.0419922 0.336364 0.0380859 0.340909 0.0371094 0.340909 0.0341797 0.344318 0.0332031 0.344318 0.0253906 0.353409 0.0244141 0.353409 0.0234375 0.354545 0.0234375 0.355682 0.0117188 0.369318 0.0117188 0.370455 0.00585938 0.377273 0.00195312 0.377273 0.00195312 0.423864 0.0175781 0.423864 0.0175781 0.420455 0.015625 0.418182 0.0126953 0.418182 0.0117188 0.417045 0.00976562 0.417045 0.00878906 0.415909 0.0107422 0.413636 0.0361328 0.413636 0.0371094 0.414773 0.0419922 0.414773 0.0429688 0.415909 0.0458984 0.415909 0.046875 0.417045 0.0498047 0.417045 0.0507812 0.418182 0.0546875 0.418182 0.0556641 0.419318 0.0566406 0.419318 0.0576172 0.420455 0.0576172 0.423864 0.0859375 0.423864 0.0859375 0.420455 0.0869141 0.419318 0.0878906 0.419318 0.0888672 0.418182 0.0908203 0.418182 0.0917969 0.417045 0.09375 0.417045 0.0947266 0.415909 0.0966797 0.415909 0.0976562 0.414773 0.0986328 0.414773 0.0996094 0.413636 0.100586 0.413636 0.101562 0.4125 0.102539 0.4125 0.103516 0.411364 0.104492 0.411364 0.106445 0.409091 0.107422 0.409091 0.109375 0.406818 0.110352 0.406818 0.111328 0.405682 0.112305 0.405682 0.113281 0.404545 0.114258 0.404545 0.117188 0.401136 0.118164 0.401136 0.131836 0.385227 0.131836 0.384091 0.134766 0.380682 0.134766 0.379545 0.140625 0.372727 0.140625 0.371591 0.143555 0.368182 0.143555 0.367045 0.146484 0.363636 0.146484 0.3625 0.148438 0.360227 0.148438 0.359091 0.151367 0.355682 0.151367 0.354545 0.154297 0.351136 0.157227 0.351136 0.157227 0.326136 0.15332 0.326136 0.150391 0.322727 0.149414 0.322727 0.146484 0.319318 0.145508 0.319318 0.143555 0.317045 0.142578 0.317045 0.140625 0.314773 0.140625 0.311364
0 0.886719 0.495455 0.891602 0.495455 0.891602 0.446591 0.887695 0.446591 0.886719 0.447727 0.885742 0.447727 0.884766 0.448864 0.883789 0.448864 0.881836 0.451136 0.880859 0.451136 0.876953 0.455682 0.875977 0.455682 0.875 0.456818 0.874023 0.456818 0.873047 0.457955 0.871094 0.457955 0.870117 0.459091 0.869141 0.459091 0.868164 0.460227 0.866211 0.460227 0.865234 0.461364 0.864258 0.461364 0.863281 0.4625 0.862305 0.4625 0.860352 0.464773 0.860352 0.465909 0.862305 0.468182 0.863281 0.468182 0.864258 0.469318 0.865234 0.469318 0.866211 0.470455 0.866211 0.471591 0.867188 0.472727 0.867188 0.473864 0.869141 0.476136 0.870117 0.476136 0.871094 0.477273 0.87207 0.477273 0.873047 0.478409 0.874023 0.478409 0.875977 0.480682 0.876953 0.480682 0.885742 0.490909 0.885742 0.492045 0.886719 0.493182 0.886719 0.495455 0.886719 0.498864 0.884766 0.498864 0.882812 0.496591 0.882812 0.495455 0.881836 0.494318 0.879883 0.494318 0.876953 0.490909 0.875977 0.490909 0.874023 0.488636 0.873047 0.488636 0.870117 0.485227 0.868164 0.485227 0.865234 0.481818 0.864258 0.481818 0.863281 0.480682 0.862305 0.480682 0.859375 0.477273 0.857422 0.477273 0.856445 0.476136 0.855469 0.476136 0.854492 0.475 0.853516 0.475 0.850586 0.471591 0.849609 0.471591 0.848633 0.470455 0.847656 0.470455 0.84668 0.469318 0.845703 0.469318 0.84375 0.467045 0.842773 0.467045 0.841797 0.465909 0.84082 0.465909 0.839844 0.464773 0.838867 0.464773 0.837891 0.463636 0.836914 0.463636 0.834961 0.461364 0.833984 0.461364 0.832031 0.459091 0.831055 0.459091 0.830078 0.457955 0.828125 0.457955 0.826172 0.455682 0.825195 0.455682 0.824219 0.454545 0.823242 0.454545 0.822266 0.453409 0.821289 0.453409 0.820312 0.452273 0.819336 0.452273 0.818359 0.451136 0.817383 0.451136 0.816406 0.45 0.814453 0.45 0.813477 0.448864 0.810547 0.448864 0.80957 0.447727 0.808594 0.447727 0.807617 0.446591 0.805664 0.446591 0.804688 0.445455 0.802734 0.445455 0.801758 0.444318 0.799805 0.444318 0.798828 0.443182 0.796875 0.443182 0.795898 0.442045 0.794922 0.442045 0.793945 0.440909 0.792969 0.440909 0.791992 0.439773 0.791016 0.439773 0.789062 0.4375 0.788086 0.4375 0.787109 0.436364 0.786133 0.436364 0.785156 0.435227 0.78418 0.435227 0.782227 0.432955 0.782227 0.429545 0.744141 0.429545 0.744141 0.482955 0.74707 0.482955 0.749023 0.485227 0.749023 0.486364 0.75 0.4875 0.75 0.488636 0.751953 0.490909 0.751953 0.492045 0.753906 0.494318 0.753906 0.495455 0.756836 0.498864 0.757812 0.498864 0.759766 0.501136 0.764648 0.501136 0.765625 0.502273 0.769531 0.502273 0.770508 0.503409 0.771484 0.503409 0.772461 0.504545 0.773438 0.504545 0.774414 0.505682 0.775391 0.505682 0.776367 0.506818 0.777344 0.506818 0.77832 0.507955 0.779297 0.507955 0.78125 0.510227 0.782227 0.510227 0.783203 0.511364 0.78418 0.511364 0.786133 0.513636 0.787109 0.513636 0.789062 0.515909 0.790039 0.515909 0.792969 0.519318 0.793945 0.519318 0.798828 0.525 0.799805 0.525 0.800781 0.526136 0.801758 0.526136 0.803711 0.528409 0.804688 0.528409 0.805664 0.529545 0.807617 0.529545 0.808594 0.530682 0.80957 0.530682 0.810547 0.531818 0.813477 0.531818 0.814453 0.532955 0.828125 0.532955 0.829102 0.534091 0.833984 0.534091 0.834961 0.535227 0.836914 0.535227 0.837891 0.536364 0.839844 0.536364 0.84082 0.5375 0.841797 0.5375 0.842773 0.538636 0.842773 0.542045 0.87793 0.542045 0.87793 0.538636 0.879883 0.536364 0.880859 0.536364 0.881836 0.535227 0.882812 0.535227 0.885742 0.531818 0.886719 0.531818 0.888672 0.529545 0.891602 0.529545 0.891602 0.503409 0.888672 0.503409 0.886719 0.501136 0.886719 0.498864
1 0.233398 0.647727 0.233398 0.652273 0.232422 0.653409 0.228516 0.653409 0.228516 0.677273 0.231445 0.677273 0.239258 0.686364 0.239258 0.6875 0.241211 0.689773 0.242188 0.689773 0.24707 0.695455 0.248047 0.695455 0.256836 0.705682 0.256836 0.706818 0.257812 0.707955 0.257812 0.709091 0.259766 0.711364 0.259766 0.7125 0.260742 0.713636 0.260742 0.714773 0.261719 0.715909 0.261719 0.718182 0.262695 0.719318 0.262695 0.722727 0.263672 0.723864 0.263672 0.728409 0.264648 0.729545 0.264648 0.732955 0.265625 0.734091 0.265625 0.7375 0.266602 0.738636 0.266602 0.740909 0.267578 0.742045 0.267578 0.743182 0.269531 0.745455 0.269531 0.746591 0.270508 0.747727 0.270508 0.748864 0.271484 0.75 0.271484 0.752273 0.272461 0.753409 0.272461 0.770455 0.273438 0.771591 0.273438 0.775 0.274414 0.776136 0.274414 0.778409 0.275391 0.779545 0.275391 0.781818 0.276367 0.782955 0.276367 0.784091 0.277344 0.785227 0.277344 0.7875 0.27832 0.788636 0.27832 0.790909 0.279297 0.792045 0.279297 0.818182 0.280273 0.819318 0.280273 0.821591 0.28125 0.822727 0.28125 0.825 0.282227 0.826136 0.282227 0.828409 0.283203 0.829545 0.283203 0.830682 0.28418 0.831818 0.28418 0.834091 0.285156 0.835227 0.285156 0.836364 0.286133 0.8375 0.286133 0.839773 0.287109 0.840909 0.287109 0.842045 0.288086 0.843182 0.288086 0.846591 0.289062 0.847727 0.289062 0.861364 0.292969 0.865909 0.293945 0.865909 0.294922 0.867045 0.295898 0.867045 0.296875 0.868182 0.298828 0.868182 0.299805 0.869318 0.300781 0.869318 0.301758 0.870455 0.301758 0.873864 0.330078 0.873864 0.330078 0.870455 0.333008 0.867045 0.336914 0.867045 0.336914 0.845455 0.333984 0.845455 0.333008 0.844318 0.333008 0.843182 0.332031 0.842045 0.332031 0.839773 0.331055 0.838636 0.331055 0.8375 0.330078 0.836364 0.330078 0.835227 0.329102 0.834091 0.329102 0.831818 0.328125 0.830682 0.328125 0.827273 0.327148 0.826136 0.327148 0.822727 0.326172 0.821591 0.326172 0.818182 0.325195 0.817045 0.325195 0.813636 0.324219 0.8125 0.324219 0.806818 0.323242 0.805682 0.323242 0.801136 0.322266 0.8 0.322266 0.794318 0.321289 0.793182 0.321289 0.7875 0.320312 0.786364 0.320312 0.781818 0.319336 0.780682 0.319336 0.777273 0.318359 0.776136 0.318359 0.771591 0.317383 0.770455 0.317383 0.767045 0.316406 0.765909 0.316406 0.7625 0.31543 0.761364 0.31543 0.757955 0.314453 0.756818 0.314453 0.751136 0.313477 0.75 0.313477 0.746591 0.3125 0.745455 0.3125 0.743182 0.311523 0.742045 0.311523 0.739773 0.310547 0.738636 0.310547 0.735227 0.30957 0.734091 0.30957 0.731818 0.308594 0.730682 0.308594 0.726136 0.307617 0.725 0.307617 0.719318 0.306641 0.718182 0.306641 0.711364 0.305664 0.710227 0.305664 0.704545 0.304688 0.703409 0.304688 0.698864 0.303711 0.697727 0.303711 0.696591 0.302734 0.695455 0.302734 0.694318 0.301758 0.693182 0.301758 0.692045 0.299805 0.689773 0.299805 0.688636 0.295898 0.684091 0.295898 0.682955 0.291016 0.677273 0.291016 0.676136 0.287109 0.671591 0.286133 0.671591 0.28418 0.669318 0.283203 0.669318 0.282227 0.668182 0.28125 0.668182 0.280273 0.667045 0.279297 0.667045 0.273438 0.660227 0.272461 0.660227 0.271484 0.659091 0.270508 0.659091 0.266602 0.654545 0.265625 0.654545 0.263672 0.652273 0.263672 0.647727
0 0.206055 0.129545 0.206055 0.136364 0.205078 0.1375 0.205078 0.138636 0.204102 0.139773 0.201172 0.139773 0.201172 0.180682 0.205078 0.180682 0.206055 0.181818 0.207031 0.181818 0.208984 0.184091 0.209961 0.184091 0.22168 0.197727 0.22168 0.198864 0.222656 0.2 0.222656 0.201136 0.224609 0.203409 0.224609 0.204545 0.227539 0.207955 0.227539 0.209091 0.229492 0.211364 0.229492 0.2125 0.230469 0.213636 0.230469 0.214773 0.232422 0.217045 0.232422 0.218182 0.235352 0.221591 0.235352 0.222727 0.241211 0.229545 0.242188 0.229545 0.24707 0.235227 0.248047 0.235227 0.251953 0.239773 0.25293 0.239773 0.255859 0.243182 0.256836 0.243182 0.259766 0.246591 0.260742 0.246591 0.261719 0.247727 0.262695 0.247727 0.263672 0.248864 0.264648 0.248864 0.266602 0.251136 0.267578 0.251136 0.268555 0.252273 0.269531 0.252273 0.271484 0.254545 0.272461 0.254545 0.274414 0.256818 0.275391 0.256818 0.27832 0.260227 0.279297 0.260227 0.28125 0.2625 0.282227 0.2625 0.285156 0.265909 0.286133 0.265909 0.289062 0.269318 0.290039 0.269318 0.291016 0.270455 0.291992 0.270455 0.292969 0.271591 0.293945 0.271591 0.295898 0.273864 0.296875 0.273864 0.297852 0.275 0.298828 0.275 0.299805 0.276136 0.300781 0.276136 0.302734 0.278409 0.303711 0.278409 0.305664 0.280682 0.306641 0.280682 0.307617 0.281818 0.308594 0.281818 0.30957 0.282955 0.30957 0.2875 0.353516 0.2875 0.353516 0.282955 0.354492 0.281818 0.354492 0.280682 0.359375 0.275 0.359375 0.272727 0.360352 0.271591 0.360352 0.268182 0.359375 0.267045 0.359375 0.264773 0.357422 0.2625 0.357422 0.261364 0.354492 0.257955 0.354492 0.256818 0.351562 0.253409 0.351562 0.252273 0.349609 0.25 0.349609 0.248864 0.344727 0.243182 0.344727 0.242045 0.342773 0.239773 0.342773 0.238636 0.339844 0.235227 0.339844 0.234091 0.336914 0.230682 0.336914 0.229545 0.334961 0.227273 0.334961 0.226136 0.333008 0.223864 0.333008 0.222727 0.331055 0.220455 0.331055 0.219318 0.330078 0.218182 0.330078 0.217045 0.327148 0.213636 0.327148 0.2125 0.323242 0.207955 0.323242 0.206818 0.3125 0.194318 0.311523 0.194318 0.307617 0.189773 0.306641 0.189773 0.295898 0.177273 0.294922 0.177273 0.291016 0.172727 0.290039 0.172727 0.288086 0.170455 0.287109 0.170455 0.286133 0.169318 0.285156 0.169318 0.283203 0.167045 0.282227 0.167045 0.280273 0.164773 0.279297 0.164773 0.277344 0.1625 0.276367 0.1625 0.275391 0.161364 0.274414 0.161364 0.272461 0.159091 0.271484 0.159091 0.270508 0.157955 0.269531 0.157955 0.267578 0.155682 0.266602 0.155682 0.265625 0.154545 0.264648 0.154545 0.263672 0.153409 0.262695 0.153409 0.261719 0.152273 0.260742 0.152273 0.259766 0.151136 0.258789 0.151136 0.257812 0.15 0.256836 0.15 0.255859 0.148864 0.254883 0.148864 0.253906 0.147727 0.25293 0.147727 0.251953 0.146591 0.250977 0.146591 0.25 0.145455 0.249023 0.145455 0.248047 0.144318 0.24707 0.144318 0.246094 0.143182 0.245117 0.143182 0.244141 0.142045 0.243164 0.142045 0.242188 0.140909 0.241211 0.140909 0.240234 0.139773 0.239258 0.139773 0.238281 0.138636 0.237305 0.138636 0.236328 0.1375 0.235352 0.1375 0.234375 0.136364 0.233398 0.136364 0.232422 0.135227 0.231445 0.135227 0.229492 0.132955 0.229492 0.129545
0 0.208984 0.543182 0.208984 0.546591 0.207031 0.548864 0.206055 0.548864 0.204102 0.551136 0.203125 0.551136 0.201172 0.553409 0.200195 0.553409 0.167969 0.590909 0.167969 0.592045 0.155273 0.606818 0.155273 0.607955 0.15332 0.610227 0.15332 0.611364 0.152344 0.6125 0.152344 0.618182 0.151367 0.619318 0.151367 0.620455 0.152344 0.621591 0.152344 0.627273 0.15332 0.628409 0.15332 0.6375 0.154297 0.638636 0.154297 0.648864 0.15332 0.65 0.15332 0.653409 0.152344 0.654545 0.152344 0.656818 0.151367 0.657955 0.151367 0.659091 0.150391 0.660227 0.150391 0.661364 0.147461 0.664773 0.147461 0.665909 0.144531 0.669318 0.144531 0.670455 0.140625 0.675 0.139648 0.675 0.134766 0.680682 0.134766 0.681818 0.129883 0.6875 0.128906 0.6875 0.126953 0.689773 0.125977 0.689773 0.123047 0.693182 0.12207 0.693182 0.120117 0.695455 0.115234 0.695455 0.115234 0.726136 0.119141 0.726136 0.120117 0.727273 0.121094 0.727273 0.123047 0.729545 0.125977 0.729545 0.126953 0.730682 0.146484 0.730682 0.147461 0.729545 0.149414 0.729545 0.150391 0.728409 0.15332 0.728409 0.154297 0.727273 0.15625 0.727273 0.157227 0.726136 0.158203 0.726136 0.15918 0.725 0.160156 0.725 0.161133 0.723864 0.162109 0.723864 0.165039 0.720455 0.166016 0.720455 0.168945 0.717045 0.169922 0.717045 0.174805 0.711364 0.175781 0.711364 0.178711 0.707955 0.179688 0.707955 0.181641 0.705682 0.182617 0.705682 0.185547 0.702273 0.186523 0.702273 0.191406 0.696591 0.192383 0.696591 0.197266 0.690909 0.197266 0.689773 0.201172 0.685227 0.201172 0.684091 0.204102 0.680682 0.204102 0.679545 0.207031 0.676136 0.207031 0.675 0.208984 0.672727 0.208984 0.671591 0.210938 0.669318 0.210938 0.668182 0.212891 0.665909 0.212891 0.664773 0.213867 0.663636 0.213867 0.6625 0.214844 0.661364 0.214844 0.660227 0.21582 0.659091 0.21582 0.657955 0.216797 0.656818 0.216797 0.655682 0.21875 0.653409 0.21875 0.652273 0.219727 0.651136 0.219727 0.65 0.220703 0.648864 0.220703 0.647727 0.22168 0.646591 0.22168 0.645455 0.222656 0.644318 0.222656 0.643182 0.223633 0.642045 0.223633 0.640909 0.224609 0.639773 0.224609 0.638636 0.225586 0.6375 0.225586 0.636364 0.226562 0.635227 0.226562 0.634091 0.227539 0.632955 0.227539 0.631818 0.228516 0.630682 0.228516 0.629545 0.229492 0.628409 0.229492 0.627273 0.231445 0.625 0.231445 0.623864 0.232422 0.622727 0.232422 0.621591 0.233398 0.620455 0.233398 0.619318 0.234375 0.618182 0.234375 0.617045 0.235352 0.615909 0.235352 0.613636 0.236328 0.6125 0.236328 0.611364 0.237305 0.610227 0.237305 0.607955 0.238281 0.606818 0.238281 0.604545 0.239258 0.603409 0.239258 0.601136 0.240234 0.6 0.240234 0.597727 0.241211 0.596591 0.241211 0.594318 0.242188 0.593182 0.242188 0.589773 0.243164 0.588636 0.243164 0.5875 0.244141 0.586364 0.24707 0.586364 0.24707 0.560227 0.244141 0.560227 0.242188 0.557955 0.242188 0.555682 0.241211 0.554545 0.241211 0.553409 0.239258 0.551136 0.239258 0.55 0.237305 0.547727 0.237305 0.543182
0 0.585938 0.111364 0.585938 0.115909 0.584961 0.117045 0.584961 0.118182 0.583008 0.120455 0.583008 0.121591 0.581055 0.123864 0.581055 0.125 0.580078 0.126136 0.580078 0.127273 0.579102 0.128409 0.579102 0.130682 0.578125 0.131818 0.578125 0.135227 0.577148 0.136364 0.577148 0.142045 0.575195 0.144318 0.572266 0.144318 0.572266 0.188636 0.575195 0.188636 0.577148 0.190909 0.577148 0.192045 0.580078 0.195455 0.580078 0.196591 0.581055 0.197727 0.581055 0.2 0.582031 0.201136 0.582031 0.203409 0.583008 0.204545 0.583008 0.205682 0.583984 0.206818 0.583984 0.209091 0.584961 0.210227 0.584961 0.211364 0.585938 0.2125 0.585938 0.213636 0.586914 0.214773 0.586914 0.217045 0.587891 0.218182 0.587891 0.221591 0.588867 0.222727 0.588867 0.225 0.589844 0.226136 0.589844 0.228409 0.59082 0.229545 0.59082 0.230682 0.591797 0.231818 0.591797 0.232955 0.592773 0.234091 0.592773 0.235227 0.59375 0.236364 0.59375 0.238636 0.595703 0.240909 0.595703 0.242045 0.59668 0.243182 0.59668 0.244318 0.597656 0.245455 0.597656 0.246591 0.599609 0.248864 0.599609 0.25 0.602539 0.253409 0.602539 0.254545 0.603516 0.255682 0.603516 0.256818 0.605469 0.259091 0.605469 0.260227 0.606445 0.261364 0.606445 0.263636 0.607422 0.264773 0.607422 0.267045 0.608398 0.268182 0.608398 0.270455 0.609375 0.271591 0.609375 0.273864 0.610352 0.275 0.610352 0.278409 0.633789 0.278409 0.633789 0.275 0.634766 0.273864 0.635742 0.273864 0.636719 0.272727 0.637695 0.272727 0.638672 0.271591 0.640625 0.271591 0.641602 0.270455 0.644531 0.270455 0.645508 0.269318 0.646484 0.269318 0.647461 0.268182 0.648438 0.268182 0.649414 0.267045 0.650391 0.267045 0.654297 0.2625 0.654297 0.261364 0.655273 0.260227 0.655273 0.259091 0.658203 0.255682 0.661133 0.255682 0.661133 0.221591 0.658203 0.221591 0.65625 0.219318 0.65625 0.218182 0.655273 0.217045 0.655273 0.215909 0.654297 0.214773 0.654297 0.213636 0.65332 0.2125 0.65332 0.211364 0.652344 0.210227 0.652344 0.209091 0.651367 0.207955 0.651367 0.205682 0.650391 0.204545 0.650391 0.202273 0.649414 0.201136 0.649414 0.197727 0.648438 0.196591 0.648438 0.194318 0.647461 0.193182 0.647461 0.190909 0.646484 0.189773 0.646484 0.188636 0.644531 0.186364 0.644531 0.185227 0.642578 0.182955 0.642578 0.181818 0.640625 0.179545 0.640625 0.178409 0.639648 0.177273 0.639648 0.176136 0.638672 0.175 0.638672 0.173864 0.637695 0.172727 0.637695 0.171591 0.636719 0.170455 0.636719 0.169318 0.635742 0.168182 0.635742 0.167045 0.634766 0.165909 0.634766 0.163636 0.633789 0.1625 0.633789 0.160227 0.632812 0.159091 0.632812 0.157955 0.631836 0.156818 0.631836 0.154545 0.630859 0.153409 0.630859 0.151136 0.629883 0.15 0.629883 0.147727 0.628906 0.146591 0.628906 0.145455 0.62793 0.144318 0.62793 0.143182 0.626953 0.142045 0.626953 0.140909 0.624023 0.1375 0.624023 0.136364 0.618164 0.129545 0.618164 0.128409 0.613281 0.122727 0.612305 0.122727 0.610352 0.120455 0.609375 0.120455 0.604492 0.114773 0.604492 0.111364
1 0 0.497727 0 0.545455 0.00292969 0.545455 0.00390625 0.546591 0.00585938 0.546591 0.00683594 0.547727 0.00878906 0.547727 0.00976562 0.548864 0.0117188 0.548864 0.0126953 0.55 0.0136719 0.55 0.0146484 0.551136 0.015625 0.551136 0.0166016 0.552273 0.0175781 0.552273 0.0185547 0.553409 0.0195312 0.553409 0.0205078 0.554545 0.0214844 0.554545 0.0224609 0.555682 0.0234375 0.555682 0.0244141 0.556818 0.0253906 0.556818 0.0263672 0.557955 0.0273438 0.557955 0.0283203 0.559091 0.0292969 0.559091 0.0302734 0.560227 0.03125 0.560227 0.0322266 0.561364 0.0332031 0.561364 0.0341797 0.5625 0.0361328 0.5625 0.0371094 0.563636 0.0380859 0.563636 0.0390625 0.564773 0.0410156 0.564773 0.0419922 0.565909 0.0429688 0.565909 0.0439453 0.567045 0.0458984 0.567045 0.046875 0.568182 0.0478516 0.568182 0.0488281 0.569318 0.0498047 0.569318 0.0507812 0.570455 0.0517578 0.570455 0.0527344 0.571591 0.0546875 0.571591 0.0556641 0.572727 0.0585938 0.572727 0.0595703 0.573864 0.0625 0.573864 0.0634766 0.575 0.0664062 0.575 0.0673828 0.576136 0.0693359 0.576136 0.0703125 0.577273 0.0722656 0.577273 0.0732422 0.578409 0.0751953 0.578409 0.0761719 0.579545 0.0761719 0.582955 0.0966797 0.582955 0.0966797 0.579545 0.0986328 0.577273 0.100586 0.577273 0.101562 0.576136 0.102539 0.576136 0.105469 0.572727 0.105469 0.571591 0.107422 0.569318 0.110352 0.569318 0.110352 0.553409 0.107422 0.553409 0.104492 0.55 0.104492 0.548864 0.0996094 0.543182 0.0986328 0.543182 0.0927734 0.536364 0.0917969 0.536364 0.0898438 0.534091 0.0888672 0.534091 0.0878906 0.532955 0.0869141 0.532955 0.0859375 0.531818 0.0849609 0.531818 0.0839844 0.530682 0.0810547 0.530682 0.0800781 0.529545 0.078125 0.529545 0.0771484 0.528409 0.0722656 0.528409 0.0712891 0.527273 0.0683594 0.527273 0.0673828 0.526136 0.0664062 0.526136 0.0654297 0.525 0.0644531 0.525 0.0634766 0.523864 0.0625 0.523864 0.0615234 0.522727 0.0605469 0.522727 0.0595703 0.521591 0.0585938 0.521591 0.0576172 0.520455 0.0566406 0.520455 0.0556641 0.519318 0.0546875 0.519318 0.0537109 0.518182 0.0527344 0.518182 0.0517578 0.517045 0.0507812 0.517045 0.0498047 0.515909 0.0488281 0.515909 0.0478516 0.514773 0.0458984 0.514773 0.0449219 0.513636 0.0429688 0.513636 0.0419922 0.5125 0.0410156 0.5125 0.0400391 0.511364 0.0380859 0.511364 0.0371094 0.510227 0.0351562 0.510227 0.0341797 0.509091 0.0322266 0.509091 0.03125 0.507955 0.0292969 0.507955 0.0283203 0.506818 0.0273438 0.506818 0.0263672 0.505682 0.0244141 0.505682 0.0234375 0.504545 0.0214844 0.504545 0.0205078 0.503409 0.0195312 0.503409 0.0175781 0.501136 0.0175781 0.497727
1 0.981445 0.0579545 0.980469 0.0590909 0.973633 0.0590909 0.969727 0.0636364 0.966797 0.0636364 0.966797 0.0647727 0.964844 0.0670455 0.963867 0.0670455 0.962891 0.0681818 0.961914 0.0681818 0.960938 0.0693182 0.958984 0.0693182 0.958008 0.0704545 0.957031 0.0704545 0.955078 0.0727273 0.951172 0.0727273 0.950195 0.0715909 0.947266 0.0715909 0.944336 0.0681818 0.943359 0.0681818 0.942383 0.0670455 0.939453 0.0670455 0.938477 0.0681818 0.93457 0.0681818 0.933594 0.0693182 0.931641 0.0693182 0.930664 0.0704545 0.921875 0.0704545 0.920898 0.0715909 0.916992 0.0715909 0.916016 0.0727273 0.911133 0.0727273 0.910156 0.0738636 0.90918 0.0738636 0.908203 0.075 0.905273 0.075 0.904297 0.0761364 0.885742 0.0761364 0.884766 0.075 0.882812 0.075 0.881836 0.0738636 0.879883 0.0738636 0.878906 0.0727273 0.87793 0.0727273 0.876953 0.0715909 0.87207 0.0715909 0.871094 0.0704545 0.870117 0.0704545 0.869141 0.0693182 0.870117 0.0681818 0.87207 0.0681818 0.873047 0.0670455 0.874023 0.0670455 0.875 0.0659091 0.875977 0.0659091 0.875977 0.0647727 0.875 0.0636364 0.874023 0.0636364 0.871094 0.0602273 0.870117 0.0602273 0.869141 0.0590909 0.866211 0.0590909 0.865234 0.0602273 0.864258 0.0602273 0.862305 0.0625 0.861328 0.0625 0.860352 0.0636364 0.858398 0.0636364 0.857422 0.0647727 0.856445 0.0647727 0.853516 0.0681818 0.851562 0.0681818 0.850586 0.0693182 0.847656 0.0693182 0.84668 0.0704545 0.833984 0.0704545 0.833008 0.0715909 0.823242 0.0715909 0.822266 0.0727273 0.819336 0.0727273 0.818359 0.0738636 0.81543 0.0738636 0.814453 0.075 0.811523 0.075 0.810547 0.0761364 0.806641 0.0761364 0.805664 0.0772727 0.803711 0.0772727 0.802734 0.0784091 0.800781 0.0784091 0.799805 0.0795455 0.797852 0.0795455 0.796875 0.0806818 0.792969 0.0806818 0.791992 0.0818182 0.789062 0.0818182 0.788086 0.0829545 0.78418 0.0829545 0.783203 0.0840909 0.779297 0.0840909 0.77832 0.0852273 0.773438 0.0852273 0.772461 0.0863636 0.768555 0.0863636 0.767578 0.0875 0.763672 0.0875 0.762695 0.0886364 0.757812 0.0886364 0.756836 0.0897727 0.750977 0.0897727 0.75 0.0909091 0.745117 0.0909091 0.744141 0.0920455 0.741211 0.0920455 0.740234 0.0931818 0.737305 0.0931818 0.736328 0.0943182 0.732422 0.0943182 0.731445 0.0954545 0.727539 0.0954545 0.726562 0.0965909 0.723633 0.0965909 0.722656 0.0977273 0.720703 0.0977273 0.719727 0.0988636 0.716797 0.0988636 0.71582 0.1 0.713867 0.1 0.712891 0.101136 0.711914 0.101136 0.710938 0.102273 0.709961 0.102273 0.708984 0.103409 0.708008 0.103409 0.706055 0.105682 0.705078 0.105682 0.703125 0.107955 0.702148 0.107955 0.701172 0.109091 0.700195 0.109091 0.697266 0.1125 0.696289 0.1125 0.695312 0.113636 0.694336 0.113636 0.691406 0.117045 0.69043 0.117045 0.688477 0.119318 0.6875 0.119318 0.686523 0.120455 0.685547 0.120455 0.68457 0.121591 0.683594 0.121591 0.682617 0.122727 0.681641 0.122727 0.680664 0.123864 0.679688 0.123864 0.677734 0.126136 0.675781 0.126136 0.673828 0.128409 0.672852 0.128409 0.671875 0.129545 0.669922 0.129545 0.668945 0.130682 0.666016 0.130682 0.665039 0.131818 0.663086 0.131818 0.662109 0.132955 0.660156 0.132955 0.65918 0.134091 0.658203 0.134091 0.657227 0.135227 0.655273 0.135227 0.654297 0.136364 0.65332 0.136364 0.652344 0.1375 0.650391 0.1375 0.649414 0.138636 0.648438 0.138636 0.647461 0.139773 0.646484 0.139773 0.645508 0.140909 0.644531 0.140909 0.642578 0.143182 0.641602 0.143182 0.640625 0.144318 0.639648 0.144318 0.638672 0.145455 0.634766 0.145455 0.634766 0.169318 0.637695 0.169318 0.642578 0.175 0.642578 0.176136 0.645508 0.179545 0.645508 0.180682 0.647461 0.182955 0.647461 0.1875 0.654297 0.1875 0.654297 0.184091 0.65625 0.181818 0.657227 0.181818 0.658203 0.180682 0.65918 0.180682 0.660156 0.179545 0.661133 0.179545 0.662109 0.178409 0.664062 0.178409 0.665039 0.177273 0.666016 0.177273 0.666992 0.176136 0.668945 0.176136 0.669922 0.175 0.670898 0.175 0.671875 0.173864 0.672852 0.173864 0.673828 0.172727 0.674805 0.172727 0.676758 0.170455 0.677734 0.170455 0.678711 0.169318 0.679688 0.169318 0.681641 0.167045 0.682617 0.167045 0.68457 0.164773 0.685547 0.164773 0.686523 0.163636 0.6875 0.163636 0.689453 0.161364 0.69043 0.161364 0.692383 0.159091 0.693359 0.159091 0.695312 0.156818 0.696289 0.156818 0.697266 0.155682 0.698242 0.155682 0.699219 0.154545 0.700195 0.154545 0.701172 0.153409 0.703125 0.153409 0.704102 0.152273 0.705078 0.152273 0.706055 0.151136 0.708008 0.151136 0.708984 0.15 0.710938 0.15 0.711914 0.148864 0.713867 0.148864 0.714844 0.147727 0.716797 0.147727 0.717773 0.146591 0.71875 0.146591 0.719727 0.145455 0.72168 0.145455 0.722656 0.144318 0.723633 0.144318 0.724609 0.143182 0.726562 0.143182 0.727539 0.142045 0.730469 0.142045 0.731445 0.140909 0.736328 0.140909 0.737305 0.139773 0.738281 0.139773 0.739258 0.138636 0.740234 0.138636 0.741211 0.1375 0.742188 0.1375 0.743164 0.136364 0.744141 0.136364 0.746094 0.134091 0.74707 0.134091 0.748047 0.132955 0.75 0.132955 0.750977 0.131818 0.75293 0.131818 0.753906 0.130682 0.755859 0.130682 0.756836 0.129545 0.758789 0.129545 0.759766 0.128409 0.761719 0.128409 0.762695 0.127273 0.764648 0.127273 0.765625 0.126136 0.768555 0.126136 0.769531 0.125 0.771484 0.125 0.772461 0.123864 0.775391 0.123864 0.776367 0.122727 0.77832 0.122727 0.779297 0.121591 0.783203 0.121591 0.78418 0.120455 0.788086 0.120455 0.789062 0.119318 0.792969 0.119318 0.793945 0.118182 0.816406 0.118182 0.817383 0.119318 0.824219 0.119318 0.825195 0.120455 0.827148 0.120455 0.828125 0.121591 0.830078 0.121591 0.831055 0.122727 0.835938 0.122727 0.836914 0.121591 0.837891 0.121591 0.838867 0.120455 0.839844 0.120455 0.84082 0.119318 0.842773 0.119318 0.84375 0.118182 0.84668 0.118182 0.847656 0.117045 0.849609 0.117045 0.850586 0.115909 0.853516 0.115909 0.854492 0.114773 0.860352 0.114773 0.861328 0.113636 0.869141 0.113636 0.870117 0.1125 0.876953 0.1125 0.87793 0.111364 0.883789 0.111364 0.884766 0.110227 0.892578 0.110227 0.893555 0.109091 0.898438 0.109091 0.899414 0.107955 0.908203 0.107955 0.90918 0.109091 0.917969 0.109091 0.918945 0.110227 0.928711 0.110227 0.929688 0.109091 0.936523 0.109091 0.9375 0.107955 0.942383 0.107955 0.943359 0.106818 0.947266 0.106818 0.948242 0.105682 0.951172 0.105682 0.952148 0.104545 0.954102 0.104545 0.955078 0.103409 0.958008 0.103409 0.958984 0.102273 0.961914 0.102273 0.962891 0.101136 0.964844 0.101136 0.96582 0.1 0.966797 0.1 0.967773 0.0988636 0.969727 0.0988636 0.970703 0.0977273 0.974609 0.0977273 0.975586 0.0965909 0.977539 0.0965909 0.978516 0.0954545 0.979492 0.0954545 0.980469 0.0943182 0.984375 0.0943182 0.985352 0.0931818 0.994141 0.0931818 0.996094 0.0909091 0.99707 0.0909091 0.998047 0.0897727 0.999023 0.0897727 0.999023 0.0727273 0.998047 0.0727273 0.994141 0.0681818 0.992188 0.0681818 0.991211 0.0670455 0.990234 0.0670455 0.987305 0.0636364 0.987305 0.0625 0.985352 0.0602273 0.984375 0.0602273 0.983398 0.0590909 0.982422 0.0590909
0 0.155273 0.00227273 0.155273 0.00568182 0.152344 0.00909091 0.152344 0.0102273 0.151367 0.0113636 0.151367 0.0125 0.149414 0.0147727 0.149414 0.0159091 0.148438 0.0170455 0.148438 0.0181818 0.147461 0.0193182 0.147461 0.0215909 0.146484 0.0227273 0.146484 0.0261364 0.145508 0.0272727 0.145508 0.0306818 0.146484 0.0318182 0.146484 0.0431818 0.145508 0.0443182 0.145508 0.0454545 0.144531 0.0465909 0.144531 0.0488636 0.143555 0.05 0.143555 0.0522727 0.141602 0.0545455 0.138672 0.0545455 0.138672 0.119318 0.141602 0.119318 0.142578 0.120455 0.142578 0.121591 0.143555 0.122727 0.143555 0.125 0.144531 0.126136 0.144531 0.128409 0.145508 0.129545 0.145508 0.131818 0.146484 0.132955 0.146484 0.136364 0.147461 0.1375 0.147461 0.138636 0.149414 0.140909 0.149414 0.143182 0.150391 0.144318 0.150391 0.145455 0.151367 0.146591 0.151367 0.147727 0.15332 0.15 0.15332 0.152273 0.154297 0.153409 0.154297 0.154545 0.15625 0.156818 0.15625 0.157955 0.157227 0.159091 0.157227 0.160227 0.158203 0.161364 0.158203 0.1625 0.160156 0.164773 0.160156 0.165909 0.161133 0.167045 0.161133 0.168182 0.162109 0.169318 0.162109 0.170455 0.163086 0.171591 0.163086 0.172727 0.165039 0.175 0.165039 0.176136 0.171875 0.184091 0.173828 0.184091 0.174805 0.185227 0.180664 0.185227 0.181641 0.184091 0.183594 0.184091 0.18457 0.182955 0.185547 0.182955 0.193359 0.173864 0.193359 0.172727 0.195312 0.170455 0.195312 0.169318 0.197266 0.167045 0.197266 0.165909 0.198242 0.164773 0.198242 0.1625 0.199219 0.161364 0.199219 0.157955 0.200195 0.156818 0.200195 0.153409 0.201172 0.152273 0.201172 0.15 0.202148 0.148864 0.202148 0.145455 0.203125 0.144318 0.203125 0.142045 0.204102 0.140909 0.204102 0.139773 0.206055 0.1375 0.206055 0.134091 0.207031 0.132955 0.207031 0.122727 0.208008 0.121591 0.208008 0.118182 0.208984 0.117045 0.211914 0.117045 0.211914 0.0795455 0.208984 0.0795455 0.207031 0.0772727 0.207031 0.0738636 0.206055 0.0727273 0.206055 0.0670455 0.205078 0.0659091 0.205078 0.0534091 0.204102 0.0522727 0.204102 0.0477273 0.203125 0.0465909 0.203125 0.0454545 0.202148 0.0443182 0.202148 0.0420455 0.201172 0.0409091 0.201172 0.0397727 0.200195 0.0386364 0.200195 0.0375 0.199219 0.0363636 0.199219 0.0329545 0.198242 0.0318182 0.198242 0.0295455 0.197266 0.0284091 0.197266 0.025 0.196289 0.0238636 0.196289 0.0204545 0.195312 0.0193182 0.195312 0.0181818 0.194336 0.0170455 0.194336 0.0159091 0.193359 0.0147727 0.193359 0.0136364 0.192383 0.0125 0.192383 0.0113636 0.191406 0.0102273 0.191406 0.00909091 0.19043 0.00795455 0.19043 0.00681818 0.189453 0.00568182 0.189453 0.00227273
0 0.792969 0.334091 0.792969 0.338636 0.791992 0.339773 0.791016 0.339773 0.790039 0.340909 0.789062 0.340909 0.788086 0.342045 0.787109 0.342045 0.786133 0.343182 0.785156 0.343182 0.78418 0.344318 0.783203 0.344318 0.782227 0.345455 0.780273 0.345455 0.779297 0.346591 0.775391 0.346591 0.775391 0.381818 0.779297 0.381818 0.783203 0.386364 0.78418 0.386364 0.787109 0.389773 0.788086 0.389773 0.790039 0.392045 0.791016 0.392045 0.792969 0.394318 0.793945 0.394318 0.795898 0.396591 0.796875 0.396591 0.797852 0.397727 0.798828 0.397727 0.799805 0.398864 0.800781 0.398864 0.802734 0.401136 0.803711 0.401136 0.804688 0.402273 0.805664 0.402273 0.806641 0.403409 0.807617 0.403409 0.80957 0.405682 0.810547 0.405682 0.811523 0.406818 0.813477 0.406818 0.814453 0.407955 0.81543 0.407955 0.816406 0.409091 0.818359 0.409091 0.819336 0.410227 0.821289 0.410227 0.822266 0.411364 0.827148 0.411364 0.828125 0.4125 0.832031 0.4125 0.833008 0.413636 0.837891 0.413636 0.838867 0.414773 0.839844 0.414773 0.84082 0.415909 0.84082 0.419318 0.869141 0.419318 0.869141 0.415909 0.870117 0.414773 0.87207 0.414773 0.873047 0.413636 0.876953 0.413636 0.87793 0.4125 0.880859 0.4125 0.881836 0.411364 0.884766 0.411364 0.885742 0.410227 0.886719 0.410227 0.887695 0.409091 0.888672 0.409091 0.890625 0.406818 0.891602 0.406818 0.895508 0.402273 0.896484 0.402273 0.902344 0.395455 0.902344 0.394318 0.908203 0.3875 0.911133 0.3875 0.911133 0.370455 0.907227 0.370455 0.902344 0.364773 0.901367 0.364773 0.897461 0.360227 0.896484 0.360227 0.894531 0.357955 0.893555 0.357955 0.892578 0.356818 0.891602 0.356818 0.886719 0.351136 0.885742 0.351136 0.880859 0.345455 0.879883 0.345455 0.87793 0.343182 0.875 0.343182 0.874023 0.342045 0.869141 0.342045 0.868164 0.340909 0.863281 0.340909 0.862305 0.339773 0.856445 0.339773 0.855469 0.338636 0.852539 0.338636 0.851562 0.3375 0.851562 0.334091
1 0.0566406 0.575 0.0566406 0.593182 0.0595703 0.593182 0.0615234 0.595455 0.0615234 0.596591 0.0644531 0.6 0.0644531 0.601136 0.0654297 0.602273 0.0654297 0.603409 0.0673828 0.605682 0.0673828 0.606818 0.0683594 0.607955 0.0683594 0.610227 0.0703125 0.6125 0.0703125 0.613636 0.0712891 0.614773 0.0712891 0.615909 0.0722656 0.617045 0.0722656 0.618182 0.0732422 0.619318 0.0732422 0.620455 0.0742188 0.621591 0.0742188 0.622727 0.0751953 0.623864 0.0751953 0.625 0.0771484 0.627273 0.0771484 0.628409 0.078125 0.629545 0.078125 0.630682 0.0791016 0.631818 0.0791016 0.632955 0.0800781 0.634091 0.0800781 0.635227 0.0810547 0.636364 0.0810547 0.6375 0.0830078 0.639773 0.0830078 0.640909 0.0839844 0.642045 0.0839844 0.643182 0.0859375 0.645455 0.0859375 0.646591 0.0878906 0.648864 0.0878906 0.65 0.0947266 0.657955 0.0957031 0.657955 0.0966797 0.659091 0.100586 0.659091 0.101562 0.657955 0.102539 0.657955 0.104492 0.655682 0.105469 0.655682 0.107422 0.653409 0.110352 0.653409 0.110352 0.632955 0.107422 0.632955 0.106445 0.631818 0.106445 0.630682 0.105469 0.629545 0.105469 0.627273 0.104492 0.626136 0.104492 0.622727 0.103516 0.621591 0.103516 0.619318 0.102539 0.618182 0.102539 0.617045 0.101562 0.615909 0.101562 0.613636 0.100586 0.6125 0.100586 0.611364 0.0996094 0.610227 0.0996094 0.607955 0.0986328 0.606818 0.0986328 0.605682 0.0976562 0.604545 0.0976562 0.602273 0.0966797 0.601136 0.0966797 0.6 0.0957031 0.598864 0.0957031 0.597727 0.0947266 0.596591 0.0947266 0.595455 0.09375 0.594318 0.09375 0.592045 0.0927734 0.590909 0.0927734 0.589773 0.0917969 0.588636 0.0917969 0.5875 0.0908203 0.586364 0.0908203 0.585227 0.0888672 0.582955 0.0878906 0.582955 0.0869141 0.581818 0.0859375 0.581818 0.0849609 0.580682 0.0800781 0.580682 0.0791016 0.579545 0.0771484 0.579545 0.0761719 0.578409 0.0761719 0.575
0 0.428711 0.402273 0.428711 0.405682 0.426758 0.407955 0.423828 0.407955 0.423828 0.452273 0.427734 0.452273 0.428711 0.453409 0.428711 0.454545 0.430664 0.456818 0.430664 0.457955 0.433594 0.461364 0.433594 0.4625 0.4375 0.467045 0.4375 0.468182 0.449219 0.481818 0.450195 0.481818 0.453125 0.485227 0.454102 0.485227 0.457031 0.488636 0.458008 0.488636 0.459961 0.490909 0.460938 0.490909 0.462891 0.493182 0.463867 0.493182 0.464844 0.494318 0.46582 0.494318 0.466797 0.495455 0.467773 0.495455 0.469727 0.497727 0.47168 0.497727 0.473633 0.5 0.474609 0.5 0.475586 0.501136 0.476562 0.501136 0.477539 0.502273 0.478516 0.502273 0.480469 0.504545 0.481445 0.504545 0.482422 0.505682 0.483398 0.505682 0.484375 0.506818 0.485352 0.506818 0.486328 0.507955 0.487305 0.507955 0.488281 0.509091 0.490234 0.509091 0.492188 0.511364 0.492188 0.514773 0.511719 0.514773 0.511719 0.511364 0.516602 0.505682 0.516602 0.504545 0.518555 0.502273 0.518555 0.501136 0.519531 0.5 0.519531 0.497727 0.520508 0.496591 0.520508 0.492045 0.519531 0.490909 0.519531 0.486364 0.518555 0.485227 0.518555 0.481818 0.517578 0.480682 0.517578 0.478409 0.516602 0.477273 0.516602 0.476136 0.514648 0.473864 0.514648 0.472727 0.513672 0.471591 0.513672 0.470455 0.512695 0.469318 0.512695 0.468182 0.511719 0.467045 0.511719 0.465909 0.510742 0.464773 0.510742 0.463636 0.508789 0.461364 0.508789 0.460227 0.507812 0.459091 0.507812 0.457955 0.506836 0.456818 0.506836 0.455682 0.505859 0.454545 0.505859 0.453409 0.504883 0.452273 0.504883 0.451136 0.503906 0.45 0.503906 0.448864 0.50293 0.447727 0.50293 0.446591 0.501953 0.445455 0.501953 0.443182 0.5 0.440909 0.5 0.439773 0.498047 0.4375 0.498047 0.436364 0.494141 0.431818 0.494141 0.430682 0.487305 0.422727 0.486328 0.422727 0.484375 0.420455 0.483398 0.420455 0.482422 0.419318 0.481445 0.419318 0.480469 0.418182 0.479492 0.418182 0.478516 0.417045 0.476562 0.417045 0.475586 0.415909 0.474609 0.415909 0.473633 0.414773 0.469727 0.414773 0.46875 0.413636 0.461914 0.413636 0.460938 0.4125 0.458984 0.4125 0.458008 0.411364 0.457031 0.411364 0.456055 0.410227 0.455078 0.410227 0.453125 0.407955 0.451172 0.407955 0.449219 0.405682 0.449219 0.402273
1 0.566406 0.493182 0.566406 0.496591 0.56543 0.497727 0.564453 0.497727 0.563477 0.498864 0.55957 0.498864 0.558594 0.5 0.554688 0.5 0.553711 0.501136 0.549805 0.501136 0.548828 0.502273 0.545898 0.502273 0.544922 0.503409 0.541992 0.503409 0.541016 0.504545 0.539062 0.504545 0.538086 0.505682 0.536133 0.505682 0.535156 0.506818 0.533203 0.506818 0.532227 0.507955 0.52832 0.507955 0.527344 0.509091 0.524414 0.509091 0.523438 0.510227 0.521484 0.510227 0.520508 0.511364 0.518555 0.511364 0.517578 0.5125 0.515625 0.5125 0.514648 0.513636 0.512695 0.513636 0.511719 0.514773 0.509766 0.514773 0.508789 0.515909 0.505859 0.515909 0.504883 0.517045 0.50293 0.517045 0.501953 0.518182 0.498047 0.518182 0.49707 0.519318 0.494141 0.519318 0.493164 0.520455 0.491211 0.520455 0.490234 0.521591 0.488281 0.521591 0.487305 0.522727 0.486328 0.522727 0.485352 0.523864 0.482422 0.523864 0.481445 0.525 0.479492 0.525 0.478516 0.526136 0.476562 0.526136 0.475586 0.527273 0.474609 0.527273 0.473633 0.528409 0.472656 0.528409 0.47168 0.529545 0.470703 0.529545 0.46875 0.531818 0.467773 0.531818 0.466797 0.532955 0.46582 0.532955 0.464844 0.534091 0.463867 0.534091 0.461914 0.536364 0.460938 0.536364 0.459961 0.5375 0.458984 0.5375 0.457031 0.539773 0.456055 0.539773 0.454102 0.542045 0.453125 0.542045 0.452148 0.543182 0.451172 0.543182 0.448242 0.546591 0.448242 0.547727 0.447266 0.548864 0.447266 0.552273 0.446289 0.553409 0.446289 0.557955 0.445312 0.559091 0.445312 0.561364 0.443359 0.563636 0.443359 0.564773 0.442383 0.565909 0.442383 0.567045 0.43457 0.576136 0.433594 0.576136 0.432617 0.577273 0.431641 0.577273 0.430664 0.578409 0.428711 0.578409 0.427734 0.579545 0.425781 0.579545 0.424805 0.580682 0.419922 0.580682 0.418945 0.581818 0.412109 0.581818 0.411133 0.582955 0.407227 0.582955 0.40625 0.584091 0.404297 0.584091 0.40332 0.585227 0.402344 0.585227 0.398438 0.589773 0.397461 0.589773 0.395508 0.592045 0.395508 0.593182 0.393555 0.595455 0.393555 0.596591 0.391602 0.598864 0.388672 0.598864 0.388672 0.607955 0.391602 0.607955 0.392578 0.609091 0.392578 0.610227 0.393555 0.611364 0.393555 0.614773 0.424805 0.614773 0.424805 0.611364 0.425781 0.610227 0.426758 0.610227 0.427734 0.609091 0.428711 0.609091 0.429688 0.607955 0.430664 0.607955 0.431641 0.606818 0.432617 0.606818 0.433594 0.605682 0.43457 0.605682 0.435547 0.604545 0.436523 0.604545 0.4375 0.603409 0.438477 0.603409 0.439453 0.602273 0.44043 0.602273 0.442383 0.6 0.443359 0.6 0.444336 0.598864 0.445312 0.598864 0.446289 0.597727 0.447266 0.597727 0.448242 0.596591 0.449219 0.596591 0.450195 0.595455 0.451172 0.595455 0.452148 0.594318 0.454102 0.594318 0.460938 0.586364 0.461914 0.586364 0.463867 0.584091 0.464844 0.584091 0.466797 0.581818 0.467773 0.581818 0.46875 0.580682 0.469727 0.580682 0.47168 0.578409 0.472656 0.578409 0.473633 0.577273 0.474609 0.577273 0.475586 0.576136 0.476562 0.576136 0.477539 0.575 0.478516 0.575 0.479492 0.573864 0.480469 0.573864 0.481445 0.572727 0.483398 0.572727 0.484375 0.571591 0.487305 0.571591 0.488281 0.570455 0.490234 0.570455 0.491211 0.569318 0.492188 0.569318 0.493164 0.568182 0.496094 0.568182 0.49707 0.567045 0.5 0.567045 0.500977 0.565909 0.50293 0.565909 0.503906 0.564773 0.505859 0.564773 0.506836 0.563636 0.507812 0.563636 0.508789 0.5625 0.510742 0.5625 0.511719 0.561364 0.513672 0.561364 0.514648 0.560227 0.515625 0.560227 0.516602 0.559091 0.518555 0.559091 0.519531 0.557955 0.520508 0.557955 0.521484 0.556818 0.522461 0.556818 0.523438 0.555682 0.524414 0.555682 0.525391 0.554545 0.526367 0.554545 0.527344 0.553409 0.529297 0.553409 0.530273 0.552273 0.53125 0.552273 0.532227 0.551136 0.53418 0.551136 0.535156 0.55 0.538086 0.55 0.539062 0.548864 0.542969 0.548864 0.543945 0.547727 0.547852 0.547727 0.548828 0.546591 0.552734 0.546591 0.553711 0.545455 0.557617 0.545455 0.558594 0.544318 0.561523 0.544318 0.5625 0.543182 0.56543 0.543182 0.566406 0.542045 0.568359 0.542045 0.569336 0.540909 0.573242 0.540909 0.574219 0.539773 0.578125 0.539773 0.579102 0.538636 0.583984 0.538636 0.584961 0.5375 0.588867 0.5375 0.589844 0.536364 0.597656 0.536364 0.598633 0.535227 0.604492 0.535227 0.605469 0.534091 0.608398 0.534091 0.609375 0.532955 0.611328 0.532955 0.612305 0.531818 0.613281 0.531818 0.614258 0.530682 0.615234 0.530682 0.616211 0.529545 0.617188 0.529545 0.619141 0.527273 0.620117 0.527273 0.625 0.521591 0.625977 0.521591 0.626953 0.520455 0.629883 0.520455 0.629883 0.504545 0.625977 0.504545 0.62207 0.5 0.621094 0.5 0.620117 0.498864 0.619141 0.498864 0.617188 0.496591 0.617188 0.493182
0 0.00195312 0.579545 0.00195312 0.647727 0.00488281 0.647727 0.00585938 0.648864 0.00683594 0.648864 0.0078125 0.65 0.00878906 0.65 0.00976562 0.651136 0.0117188 0.651136 0.0126953 0.652273 0.0126953 0.655682 0.03125 0.655682 0.03125 0.652273 0.0322266 0.651136 0.0332031 0.651136 0.0341797 0.65 0.0361328 0.65 0.0371094 0.648864 0.0390625 0.648864 0.0400391 0.647727 0.0410156 0.647727 0.0419922 0.646591 0.0429688 0.646591 0.0439453 0.645455 0.0458984 0.645455 0.046875 0.644318 0.0478516 0.644318 0.0488281 0.643182 0.0498047 0.643182 0.0507812 0.642045 0.0517578 0.642045 0.0537109 0.639773 0.0546875 0.639773 0.0585938 0.635227 0.0595703 0.635227 0.0683594 0.625 0.0712891 0.625 0.0712891 0.611364 0.0683594 0.611364 0.0664062 0.609091 0.0664062 0.607955 0.0644531 0.605682 0.0644531 0.604545 0.0625 0.602273 0.0625 0.601136 0.0595703 0.597727 0.0595703 0.596591 0.0537109 0.589773 0.0537109 0.588636 0.0488281 0.582955 0.0488281 0.579545
1 0.0644531 0.138636 0.0644531 0.206818 0.0673828 0.206818 0.0683594 0.207955 0.0683594 0.213636 0.0693359 0.214773 0.0693359 0.220455 0.0703125 0.221591 0.0703125 0.225 0.0712891 0.226136 0.0712891 0.235227 0.0722656 0.236364 0.0722656 0.247727 0.0712891 0.248864 0.0712891 0.253409 0.0722656 0.254545 0.0722656 0.259091 0.0732422 0.260227 0.0732422 0.2625 0.0742188 0.263636 0.0742188 0.267045 0.0751953 0.268182 0.0751953 0.269318 0.0761719 0.270455 0.0761719 0.271591 0.0771484 0.272727 0.0771484 0.273864 0.078125 0.275 0.078125 0.276136 0.0800781 0.278409 0.0800781 0.279545 0.0810547 0.279545 0.0830078 0.281818 0.0830078 0.282955 0.0849609 0.285227 0.0859375 0.285227 0.0869141 0.286364 0.0888672 0.286364 0.0898438 0.2875 0.0947266 0.2875 0.0957031 0.288636 0.0957031 0.292045 0.101562 0.292045 0.101562 0.288636 0.102539 0.2875 0.103516 0.2875 0.104492 0.286364 0.105469 0.286364 0.106445 0.285227 0.110352 0.285227 0.110352 0.225 0.107422 0.225 0.106445 0.223864 0.106445 0.221591 0.105469 0.220455 0.105469 0.215909 0.104492 0.214773 0.104492 0.211364 0.103516 0.210227 0.103516 0.206818 0.102539 0.205682 0.102539 0.201136 0.101562 0.2 0.101562 0.190909 0.102539 0.189773 0.102539 0.176136 0.101562 0.175 0.101562 0.169318 0.100586 0.168182 0.100586 0.164773 0.0996094 0.163636 0.0996094 0.1625 0.0986328 0.161364 0.0986328 0.160227 0.0976562 0.159091 0.0976562 0.156818 0.0966797 0.155682 0.0966797 0.154545 0.0957031 0.153409 0.0957031 0.152273 0.09375 0.15 0.09375 0.148864 0.0898438 0.144318 0.0898438 0.143182 0.0888672 0.142045 0.0888672 0.138636
0 0.318359 0.293182 0.318359 0.342045 0.321289 0.342045 0.322266 0.343182 0.322266 0.344318 0.323242 0.345455 0.323242 0.347727 0.324219 0.348864 0.324219 0.35 0.325195 0.351136 0.325195 0.352273 0.326172 0.353409 0.326172 0.354545 0.327148 0.355682 0.327148 0.356818 0.328125 0.357955 0.328125 0.359091 0.329102 0.360227 0.329102 0.361364 0.330078 0.3625 0.330078 0.364773 0.331055 0.365909 0.331055 0.369318 0.332031 0.370455 0.332031 0.373864 0.333008 0.375 0.333008 0.376136 0.333984 0.377273 0.333984 0.379545 0.334961 0.380682 0.334961 0.381818 0.335938 0.382955 0.335938 0.384091 0.336914 0.385227 0.336914 0.386364 0.337891 0.3875 0.337891 0.388636 0.338867 0.389773 0.338867 0.390909 0.339844 0.392045 0.339844 0.394318 0.34082 0.395455 0.34082 0.396591 0.341797 0.397727 0.341797 0.398864 0.342773 0.4 0.342773 0.401136 0.34375 0.402273 0.34375 0.404545 0.344727 0.405682 0.344727 0.407955 0.345703 0.409091 0.345703 0.4125 0.34668 0.413636 0.34668 0.415909 0.347656 0.417045 0.347656 0.419318 0.348633 0.420455 0.348633 0.422727 0.349609 0.423864 0.349609 0.428409 0.350586 0.429545 0.350586 0.452273 0.351562 0.453409 0.351562 0.4625 0.352539 0.463636 0.352539 0.470455 0.353516 0.471591 0.353516 0.475 0.354492 0.476136 0.354492 0.478409 0.355469 0.479545 0.355469 0.481818 0.356445 0.482955 0.356445 0.484091 0.357422 0.485227 0.357422 0.486364 0.359375 0.488636 0.359375 0.489773 0.360352 0.490909 0.360352 0.492045 0.363281 0.495455 0.363281 0.496591 0.364258 0.497727 0.364258 0.498864 0.365234 0.5 0.365234 0.502273 0.366211 0.503409 0.366211 0.504545 0.367188 0.505682 0.367188 0.509091 0.368164 0.510227 0.368164 0.511364 0.369141 0.5125 0.369141 0.519318 0.370117 0.520455 0.370117 0.523864 0.371094 0.525 0.371094 0.529545 0.37207 0.530682 0.37207 0.534091 0.373047 0.535227 0.373047 0.536364 0.374023 0.5375 0.374023 0.538636 0.375977 0.540909 0.375977 0.542045 0.37793 0.544318 0.37793 0.545455 0.386719 0.555682 0.387695 0.555682 0.391602 0.560227 0.392578 0.560227 0.393555 0.561364 0.394531 0.561364 0.396484 0.563636 0.397461 0.563636 0.398438 0.564773 0.399414 0.564773 0.400391 0.565909 0.402344 0.565909 0.40332 0.567045 0.404297 0.567045 0.405273 0.568182 0.40625 0.568182 0.407227 0.569318 0.410156 0.569318 0.411133 0.570455 0.413086 0.570455 0.414062 0.571591 0.415039 0.571591 0.416016 0.572727 0.416992 0.572727 0.417969 0.573864 0.419922 0.573864 0.420898 0.575 0.420898 0.578409 0.423828 0.578409 0.423828 0.575 0.425781 0.572727 0.427734 0.572727 0.429688 0.570455 0.430664 0.570455 0.435547 0.564773 0.436523 0.564773 0.439453 0.561364 0.442383 0.561364 0.442383 0.498864 0.439453 0.498864 0.438477 0.497727 0.438477 0.496591 0.4375 0.495455 0.4375 0.493182 0.436523 0.492045 0.436523 0.489773 0.435547 0.488636 0.435547 0.486364 0.43457 0.485227 0.43457 0.482955 0.433594 0.481818 0.433594 0.479545 0.432617 0.478409 0.432617 0.476136 0.431641 0.475 0.431641 0.473864 0.430664 0.472727 0.430664 0.471591 0.429688 0.470455 0.429688 0.469318 0.428711 0.468182 0.428711 0.467045 0.427734 0.465909 0.427734 0.464773 0.425781 0.4625 0.425781 0.461364 0.424805 0.460227 0.424805 0.459091 0.423828 0.457955 0.423828 0.456818 0.422852 0.455682 0.422852 0.454545 0.421875 0.453409 0.421875 0.452273 0.419922 0.45 0.419922 0.448864 0.418945 0.447727 0.418945 0.446591 0.416992 0.444318 0.416992 0.443182 0.415039 0.440909 0.415039 0.439773 0.412109 0.436364 0.412109 0.435227 0.40918 0.431818 0.40918 0.430682 0.407227 0.428409 0.407227 0.427273 0.405273 0.425 0.405273 0.423864 0.40332 0.421591 0.40332 0.420455 0.402344 0.419318 0.402344 0.415909 0.401367 0.414773 0.401367 0.401136 0.400391 0.4 0.400391 0.395455 0.399414 0.394318 0.399414 0.392045 0.398438 0.390909 0.398438 0.388636 0.397461 0.3875 0.397461 0.385227 0.396484 0.384091 0.396484 0.381818 0.395508 0.380682 0.395508 0.378409 0.394531 0.377273 0.394531 0.376136 0.393555 0.375 0.393555 0.372727 0.392578 0.371591 0.392578 0.369318 0.391602 0.368182 0.391602 0.367045 0.390625 0.365909 0.390625 0.364773 0.389648 0.363636 0.389648 0.3625 0.388672 0.361364 0.388672 0.360227 0.386719 0.357955 0.386719 0.356818 0.385742 0.355682 0.385742 0.354545 0.384766 0.353409 0.384766 0.351136 0.383789 0.35 0.383789 0.348864 0.381836 0.346591 0.381836 0.345455 0.379883 0.343182 0.379883 0.342045 0.376953 0.338636 0.376953 0.3375 0.375 0.335227 0.375 0.334091 0.374023 0.332955 0.374023 0.331818 0.373047 0.330682 0.373047 0.329545 0.37207 0.328409 0.37207 0.327273 0.371094 0.326136 0.371094 0.325 0.370117 0.323864 0.370117 0.322727 0.369141 0.321591 0.369141 0.320455 0.368164 0.319318 0.368164 0.318182 0.365234 0.314773 0.365234 0.313636 0.363281 0.311364 0.363281 0.310227 0.362305 0.309091 0.362305 0.306818 0.361328 0.305682 0.361328 0.304545 0.360352 0.303409 0.360352 0.302273 0.358398 0.3 0.358398 0.298864 0.357422 0.297727 0.357422 0.293182
1 0.544922 0.688636 0.544922 0.705682 0.548828 0.705682 0.553711 0.711364 0.554688 0.711364 0.555664 0.7125 0.556641 0.7125 0.557617 0.713636 0.558594 0.713636 0.55957 0.714773 0.561523 0.714773 0.5625 0.715909 0.564453 0.715909 0.56543 0.717045 0.566406 0.717045 0.567383 0.718182 0.568359 0.718182 0.569336 0.719318 0.570312 0.719318 0.571289 0.720455 0.572266 0.720455 0.573242 0.721591 0.574219 0.721591 0.576172 0.723864 0.577148 0.723864 0.578125 0.725 0.579102 0.725 0.582031 0.728409 0.583008 0.728409 0.585938 0.731818 0.586914 0.731818 0.597656 0.744318 0.598633 0.744318 0.604492 0.751136 0.605469 0.751136 0.610352 0.756818 0.611328 0.756818 0.614258 0.760227 0.615234 0.760227 0.617188 0.7625 0.618164 0.7625 0.619141 0.763636 0.620117 0.763636 0.621094 0.764773 0.62207 0.764773 0.623047 0.765909 0.624023 0.765909 0.625 0.767045 0.625977 0.767045 0.626953 0.768182 0.62793 0.768182 0.629883 0.770455 0.630859 0.770455 0.632812 0.772727 0.633789 0.772727 0.645508 0.786364 0.645508 0.7875 0.65625 0.8 0.657227 0.8 0.663086 0.806818 0.664062 0.806818 0.666992 0.810227 0.666992 0.811364 0.668945 0.813636 0.668945 0.814773 0.671875 0.818182 0.671875 0.819318 0.675781 0.823864 0.675781 0.825 0.681641 0.831818 0.681641 0.832955 0.688477 0.840909 0.689453 0.840909 0.691406 0.843182 0.691406 0.844318 0.697266 0.851136 0.698242 0.851136 0.701172 0.854545 0.702148 0.854545 0.703125 0.855682 0.704102 0.855682 0.707031 0.859091 0.708008 0.859091 0.711914 0.863636 0.712891 0.863636 0.714844 0.865909 0.71582 0.865909 0.716797 0.867045 0.71875 0.867045 0.719727 0.868182 0.72168 0.868182 0.722656 0.869318 0.725586 0.869318 0.726562 0.870455 0.735352 0.870455 0.736328 0.871591 0.74707 0.871591 0.748047 0.872727 0.757812 0.872727 0.758789 0.873864 0.766602 0.873864 0.767578 0.875 0.767578 0.878409 0.767578 0.875 0.768555 0.873864 0.771484 0.873864 0.772461 0.872727 0.774414 0.872727 0.776367 0.870455 0.776367 0.869318 0.775391 0.869318 0.773438 0.867045 0.772461 0.867045 0.770508 0.864773 0.769531 0.864773 0.768555 0.863636 0.767578 0.863636 0.766602 0.8625 0.765625 0.8625 0.764648 0.861364 0.763672 0.861364 0.762695 0.860227 0.761719 0.860227 0.760742 0.859091 0.759766 0.859091 0.758789 0.857955 0.757812 0.857955 0.756836 0.856818 0.755859 0.856818 0.754883 0.855682 0.753906 0.855682 0.751953 0.853409 0.750977 0.853409 0.749023 0.851136 0.748047 0.851136 0.746094 0.848864 0.745117 0.848864 0.742188 0.845455 0.741211 0.845455 0.737305 0.840909 0.736328 0.840909 0.734375 0.838636 0.733398 0.838636 0.731445 0.836364 0.730469 0.836364 0.727539 0.832955 0.726562 0.832955 0.723633 0.829545 0.722656 0.829545 0.701172 0.804545 0.701172 0.803409 0.69043 0.790909 0.69043 0.789773 0.686523 0.785227 0.686523 0.784091 0.682617 0.779545 0.682617 0.778409 0.673828 0.768182 0.673828 0.767045 0.670898 0.763636 0.669922 0.763636 0.667969 0.761364 0.667969 0.760227 0.657227 0.747727 0.65625 0.747727 0.652344 0.743182 0.651367 0.743182 0.649414 0.740909 0.648438 0.740909 0.646484 0.738636 0.645508 0.738636 0.644531 0.7375 0.643555 0.7375 0.641602 0.735227 0.640625 0.735227 0.639648 0.734091 0.638672 0.734091 0.637695 0.732955 0.636719 0.732955 0.632812 0.728409 0.631836 0.728409 0.628906 0.725 0.62793 0.725 0.624023 0.720455 0.623047 0.720455 0.620117 0.717045 0.619141 0.717045 0.617188 0.714773 0.617188 0.713636 0.616211 0.713636 0.612305 0.709091 0.611328 0.709091 0.609375 0.706818 0.608398 0.706818 0.603516 0.701136 0.602539 0.701136 0.600586 0.698864 0.599609 0.698864 0.597656 0.696591 0.59668 0.696591 0.592773 0.692045 0.592773 0.688636
1 0.505859 0.00227273 0.505859 0.0102273 0.508789 0.0102273 0.510742 0.0125 0.510742 0.0136364 0.512695 0.0159091 0.512695 0.0170455 0.513672 0.0181818 0.513672 0.0193182 0.514648 0.0204545 0.514648 0.0215909 0.515625 0.0227273 0.515625 0.0238636 0.516602 0.025 0.516602 0.0272727 0.517578 0.0284091 0.517578 0.0306818 0.518555 0.0318182 0.518555 0.0352273 0.519531 0.0363636 0.519531 0.0397727 0.520508 0.0409091 0.520508 0.0443182 0.521484 0.0454545 0.521484 0.0488636 0.522461 0.05 0.522461 0.0556818 0.523438 0.0568182 0.523438 0.0693182 0.524414 0.0704545 0.524414 0.0738636 0.525391 0.075 0.525391 0.0772727 0.526367 0.0784091 0.526367 0.0795455 0.527344 0.0806818 0.527344 0.0818182 0.52832 0.0829545 0.52832 0.0875 0.544922 0.0875 0.544922 0.0806818 0.545898 0.0795455 0.545898 0.0761364 0.546875 0.075 0.546875 0.0727273 0.547852 0.0715909 0.547852 0.0693182 0.548828 0.0681818 0.548828 0.0647727 0.549805 0.0636364 0.549805 0.0625 0.550781 0.0613636 0.550781 0.0579545 0.551758 0.0568182 0.551758 0.0477273 0.550781 0.0465909 0.550781 0.0386364 0.549805 0.0375 0.549805 0.0329545 0.548828 0.0318182 0.548828 0.0284091 0.547852 0.0272727 0.547852 0.0238636 0.546875 0.0227273 0.546875 0.0193182 0.545898 0.0181818 0.545898 0.0159091 0.544922 0.0147727 0.544922 0.0113636 0.543945 0.0102273 0.543945 0.00909091 0.542969 0.00795455 0.542969 0.00681818 0.541992 0.00568182 0.541992 0.00227273
1 0.748047 0.275 0.748047 0.278409 0.746094 0.280682 0.745117 0.280682 0.744141 0.281818 0.739258 0.281818 0.738281 0.282955 0.732422 0.282955 0.732422 0.310227 0.736328 0.310227 0.738281 0.3125 0.739258 0.3125 0.740234 0.313636 0.741211 0.313636 0.743164 0.315909 0.744141 0.315909 0.74707 0.319318 0.748047 0.319318 0.749023 0.320455 0.751953 0.320455 0.75293 0.321591 0.756836 0.321591 0.757812 0.322727 0.759766 0.322727 0.760742 0.321591 0.762695 0.321591 0.763672 0.320455 0.769531 0.320455 0.770508 0.319318 0.791016 0.319318 0.791992 0.320455 0.797852 0.320455 0.798828 0.321591 0.803711 0.321591 0.804688 0.322727 0.808594 0.322727 0.80957 0.323864 0.8125 0.323864 0.813477 0.325 0.817383 0.325 0.818359 0.326136 0.821289 0.326136 0.822266 0.327273 0.824219 0.327273 0.825195 0.328409 0.827148 0.328409 0.828125 0.329545 0.831055 0.329545 0.832031 0.330682 0.835938 0.330682 0.836914 0.331818 0.839844 0.331818 0.84082 0.332955 0.84375 0.332955 0.844727 0.334091 0.84668 0.334091 0.847656 0.335227 0.850586 0.335227 0.851562 0.336364 0.853516 0.336364 0.854492 0.3375 0.855469 0.3375 0.856445 0.338636 0.856445 0.342045 0.871094 0.342045 0.871094 0.338636 0.87207 0.3375 0.873047 0.3375 0.874023 0.336364 0.87793 0.336364 0.878906 0.335227 0.881836 0.335227 0.882812 0.334091 0.883789 0.334091 0.885742 0.331818 0.885742 0.330682 0.887695 0.328409 0.891602 0.328409 0.891602 0.325 0.888672 0.325 0.883789 0.319318 0.882812 0.319318 0.881836 0.318182 0.880859 0.318182 0.879883 0.317045 0.878906 0.317045 0.87793 0.315909 0.875977 0.315909 0.875 0.314773 0.874023 0.314773 0.873047 0.313636 0.871094 0.313636 0.870117 0.3125 0.868164 0.3125 0.867188 0.311364 0.866211 0.311364 0.865234 0.310227 0.864258 0.310227 0.863281 0.309091 0.862305 0.309091 0.861328 0.307955 0.859375 0.307955 0.858398 0.306818 0.856445 0.306818 0.855469 0.305682 0.852539 0.305682 0.851562 0.304545 0.849609 0.304545 0.848633 0.303409 0.845703 0.303409 0.844727 0.302273 0.841797 0.302273 0.84082 0.301136 0.838867 0.301136 0.837891 0.3 0.834961 0.3 0.833984 0.298864 0.830078 0.298864 0.829102 0.297727 0.826172 0.297727 0.825195 0.296591 0.823242 0.296591 0.822266 0.295455 0.820312 0.295455 0.819336 0.294318 0.817383 0.294318 0.816406 0.293182 0.814453 0.293182 0.813477 0.292045 0.811523 0.292045 0.810547 0.290909 0.808594 0.290909 0.807617 0.289773 0.804688 0.289773 0.803711 0.288636 0.801758 0.288636 0.800781 0.2875 0.798828 0.2875 0.797852 0.286364 0.795898 0.286364 0.794922 0.285227 0.792969 0.285227 0.791992 0.284091 0.791016 0.284091 0.790039 0.282955 0.789062 0.282955 0.788086 0.281818 0.787109 0.281818 0.78418 0.278409 0.78418 0.275
1 0.695312 0.161364 0.695312 0.164773 0.686523 0.175 0.686523 0.176136 0.68457 0.178409 0.68457 0.179545 0.683594 0.180682 0.683594 0.181818 0.681641 0.184091 0.681641 0.185227 0.680664 0.186364 0.680664 0.1875 0.679688 0.188636 0.679688 0.192045 0.678711 0.193182 0.678711 0.194318 0.677734 0.195455 0.677734 0.197727 0.676758 0.198864 0.676758 0.2 0.675781 0.201136 0.675781 0.202273 0.674805 0.203409 0.674805 0.204545 0.673828 0.205682 0.673828 0.206818 0.672852 0.207955 0.672852 0.210227 0.671875 0.211364 0.671875 0.2125 0.670898 0.213636 0.670898 0.215909 0.669922 0.217045 0.669922 0.218182 0.668945 0.219318 0.666016 0.219318 0.666016 0.320455 0.668945 0.320455 0.669922 0.321591 0.669922 0.326136 0.670898 0.327273 0.670898 0.3375 0.671875 0.338636 0.671875 0.345455 0.672852 0.346591 0.672852 0.352273 0.673828 0.353409 0.673828 0.357955 0.674805 0.359091 0.674805 0.364773 0.675781 0.365909 0.675781 0.370455 0.676758 0.371591 0.676758 0.376136 0.677734 0.377273 0.677734 0.380682 0.678711 0.381818 0.678711 0.389773 0.679688 0.390909 0.679688 0.392045 0.678711 0.393182 0.678711 0.402273 0.677734 0.403409 0.677734 0.407955 0.676758 0.409091 0.676758 0.427273 0.677734 0.428409 0.677734 0.434091 0.678711 0.435227 0.678711 0.440909 0.679688 0.442045 0.679688 0.446591 0.680664 0.447727 0.680664 0.452273 0.681641 0.453409 0.681641 0.459091 0.682617 0.460227 0.682617 0.472727 0.683594 0.473864 0.683594 0.479545 0.68457 0.480682 0.68457 0.485227 0.685547 0.486364 0.685547 0.489773 0.686523 0.490909 0.686523 0.494318 0.6875 0.495455 0.6875 0.497727 0.688477 0.498864 0.688477 0.501136 0.69043 0.503409 0.69043 0.504545 0.692383 0.506818 0.692383 0.507955 0.694336 0.510227 0.694336 0.511364 0.696289 0.513636 0.696289 0.514773 0.700195 0.519318 0.700195 0.523864 0.724609 0.523864 0.724609 0.520455 0.726562 0.518182 0.726562 0.517045 0.728516 0.514773 0.728516 0.5125 0.729492 0.511364 0.729492 0.509091 0.730469 0.507955 0.730469 0.506818 0.731445 0.505682 0.731445 0.504545 0.732422 0.503409 0.735352 0.503409 0.735352 0.410227 0.732422 0.410227 0.731445 0.409091 0.731445 0.406818 0.730469 0.405682 0.730469 0.401136 0.729492 0.4 0.729492 0.393182 0.728516 0.392045 0.728516 0.385227 0.727539 0.384091 0.727539 0.376136 0.726562 0.375 0.726562 0.345455 0.727539 0.344318 0.727539 0.343182 0.726562 0.342045 0.726562 0.325 0.727539 0.323864 0.726562 0.322727 0.726562 0.317045 0.725586 0.315909 0.725586 0.314773 0.724609 0.313636 0.724609 0.3125 0.723633 0.311364 0.723633 0.307955 0.722656 0.306818 0.722656 0.304545 0.72168 0.303409 0.72168 0.301136 0.720703 0.3 0.720703 0.296591 0.719727 0.295455 0.719727 0.292045 0.71875 0.290909 0.71875 0.279545 0.717773 0.278409 0.717773 0.269318 0.716797 0.268182 0.716797 0.2625 0.71582 0.261364 0.71582 0.25 0.716797 0.248864 0.716797 0.242045 0.717773 0.240909 0.717773 0.236364 0.71875 0.235227 0.71875 0.231818 0.719727 0.230682 0.719727 0.227273 0.720703 0.226136 0.720703 0.222727 0.72168 0.221591 0.72168 0.217045 0.722656 0.215909 0.722656 0.211364 0.723633 0.210227 0.723633 0.205682 0.724609 0.204545 0.724609 0.201136 0.725586 0.2 0.725586 0.195455 0.726562 0.194318 0.726562 0.186364 0.725586 0.185227 0.725586 0.180682 0.724609 0.179545 0.724609 0.177273 0.723633 0.176136 0.723633 0.175 0.720703 0.171591 0.720703 0.170455 0.717773 0.167045 0.716797 0.167045 0.71582 0.165909 0.71582 0.161364
1 0.0791016 0.734091 0.0791016 0.7375 0.078125 0.738636 0.0771484 0.738636 0.0761719 0.739773 0.0751953 0.739773 0.0742188 0.740909 0.0732422 0.740909 0.0722656 0.742045 0.0683594 0.742045 0.0683594 0.765909 0.0722656 0.765909 0.0732422 0.767045 0.0742188 0.767045 0.0751953 0.768182 0.0761719 0.768182 0.0771484 0.769318 0.078125 0.769318 0.0791016 0.770455 0.0800781 0.770455 0.0810547 0.771591 0.0830078 0.771591 0.0839844 0.772727 0.0869141 0.772727 0.0878906 0.773864 0.0908203 0.773864 0.0917969 0.775 0.0966797 0.775 0.0976562 0.776136 0.114258 0.776136 0.115234 0.777273 0.125977 0.777273 0.126953 0.778409 0.138672 0.778409 0.139648 0.779545 0.144531 0.779545 0.145508 0.780682 0.151367 0.780682 0.152344 0.781818 0.157227 0.781818 0.158203 0.782955 0.160156 0.782955 0.161133 0.784091 0.164062 0.784091 0.165039 0.785227 0.166992 0.785227 0.167969 0.786364 0.169922 0.786364 0.170898 0.7875 0.173828 0.7875 0.174805 0.788636 0.177734 0.788636 0.178711 0.789773 0.182617 0.789773 0.183594 0.790909 0.185547 0.790909 0.186523 0.792045 0.188477 0.792045 0.189453 0.793182 0.191406 0.793182 0.192383 0.794318 0.193359 0.794318 0.195312 0.796591 0.196289 0.796591 0.197266 0.797727 0.198242 0.797727 0.199219 0.798864 0.201172 0.798864 0.202148 0.8 0.203125 0.8 0.204102 0.801136 0.205078 0.801136 0.206055 0.802273 0.207031 0.802273 0.208008 0.803409 0.209961 0.803409 0.210938 0.804545 0.211914 0.804545 0.213867 0.806818 0.213867 0.810227 0.227539 0.810227 0.227539 0.792045 0.223633 0.792045 0.217773 0.785227 0.217773 0.784091 0.213867 0.779545 0.213867 0.778409 0.210938 0.775 0.210938 0.773864 0.208008 0.770455 0.207031 0.770455 0.202148 0.764773 0.201172 0.764773 0.198242 0.761364 0.197266 0.761364 0.194336 0.757955 0.193359 0.757955 0.191406 0.755682 0.189453 0.755682 0.188477 0.754545 0.1875 0.754545 0.186523 0.753409 0.185547 0.753409 0.18457 0.752273 0.182617 0.752273 0.180664 0.75 0.179688 0.75 0.177734 0.747727 0.176758 0.747727 0.175781 0.746591 0.173828 0.746591 0.172852 0.745455 0.171875 0.745455 0.170898 0.744318 0.167969 0.744318 0.166992 0.743182 0.165039 0.743182 0.164062 0.742045 0.163086 0.742045 0.162109 0.740909 0.161133 0.740909 0.160156 0.739773 0.15918 0.739773 0.157227 0.7375 0.157227 0.734091
0 0.885742 0.438636 0.885742 0.442045 0.884766 0.443182 0.883789 0.443182 0.882812 0.444318 0.880859 0.444318 0.879883 0.445455 0.87793 0.445455 0.876953 0.446591 0.875 0.446591 0.874023 0.447727 0.87207 0.447727 0.871094 0.448864 0.868164 0.448864 0.867188 0.45 0.861328 0.45 0.860352 0.451136 0.857422 0.451136 0.856445 0.452273 0.854492 0.452273 0.853516 0.453409 0.849609 0.453409 0.848633 0.454545 0.845703 0.454545 0.845703 0.467045 0.848633 0.467045 0.849609 0.468182 0.850586 0.468182 0.851562 0.469318 0.852539 0.469318 0.854492 0.471591 0.854492 0.472727 0.857422 0.472727 0.858398 0.473864 0.859375 0.473864 0.862305 0.477273 0.864258 0.477273 0.866211 0.479545 0.866211 0.480682 0.865234 0.481818 0.864258 0.481818 0.863281 0.480682 0.860352 0.480682 0.858398 0.478409 0.858398 0.477273 0.857422 0.477273 0.856445 0.476136 0.853516 0.476136 0.849609 0.471591 0.845703 0.471591 0.845703 0.505682 0.886719 0.505682 0.886719 0.502273 0.888672 0.5 0.890625 0.502273 0.890625 0.505682 0.929688 0.505682 0.929688 0.502273 0.931641 0.5 0.93457 0.5 0.935547 0.498864 0.938477 0.498864 0.939453 0.497727 0.943359 0.497727 0.944336 0.496591 0.947266 0.496591 0.948242 0.495455 0.951172 0.495455 0.952148 0.494318 0.954102 0.494318 0.955078 0.493182 0.957031 0.493182 0.958008 0.492045 0.959961 0.492045 0.960938 0.490909 0.961914 0.490909 0.962891 0.489773 0.964844 0.489773 0.96582 0.488636 0.967773 0.488636 0.96875 0.4875 0.970703 0.4875 0.97168 0.486364 0.972656 0.486364 0.973633 0.485227 0.974609 0.485227 0.975586 0.484091 0.976562 0.484091 0.977539 0.482955 0.978516 0.482955 0.979492 0.481818 0.980469 0.481818 0.981445 0.480682 0.989258 0.480682 0.989258 0.463636 0.986328 0.463636 0.985352 0.4625 0.981445 0.4625 0.980469 0.461364 0.977539 0.461364 0.976562 0.460227 0.975586 0.460227 0.973633 0.457955 0.972656 0.457955 0.97168 0.456818 0.970703 0.456818 0.96875 0.454545 0.967773 0.454545 0.96582 0.452273 0.964844 0.452273 0.963867 0.451136 0.962891 0.451136 0.961914 0.45 0.960938 0.45 0.959961 0.448864 0.958984 0.448864 0.957031 0.446591 0.956055 0.446591 0.955078 0.445455 0.954102 0.445455 0.951172 0.442045 0.951172 0.438636
1 0.213867 0.229545 0.213867 0.232955 0.211914 0.235227 0.208984 0.235227 0.208984 0.311364 0.211914 0.311364 0.212891 0.3125 0.212891 0.319318 0.213867 0.320455 0.213867 0.329545 0.214844 0.330682 0.214844 0.335227 0.21582 0.336364 0.21582 0.339773 0.216797 0.340909 0.216797 0.343182 0.217773 0.344318 0.217773 0.346591 0.21875 0.347727 0.21875 0.348864 0.219727 0.35 0.222656 0.35 0.223633 0.351136 0.224609 0.35 0.226562 0.35 0.227539 0.348864 0.228516 0.348864 0.230469 0.346591 0.231445 0.346591 0.232422 0.345455 0.233398 0.345455 0.234375 0.344318 0.235352 0.344318 0.236328 0.343182 0.237305 0.343182 0.238281 0.342045 0.239258 0.342045 0.241211 0.339773 0.242188 0.339773 0.245117 0.336364 0.246094 0.336364 0.25 0.331818 0.25 0.330682 0.250977 0.329545 0.254883 0.329545 0.254883 0.315909 0.251953 0.315909 0.250977 0.314773 0.250977 0.313636 0.25 0.3125 0.25 0.306818 0.249023 0.305682 0.249023 0.303409 0.248047 0.302273 0.248047 0.3 0.24707 0.298864 0.24707 0.295455 0.246094 0.294318 0.246094 0.2875 0.245117 0.286364 0.245117 0.284091 0.246094 0.282955 0.246094 0.276136 0.24707 0.275 0.24707 0.255682 0.246094 0.254545 0.246094 0.252273 0.245117 0.251136 0.245117 0.25 0.243164 0.247727 0.243164 0.246591 0.241211 0.244318 0.241211 0.243182 0.239258 0.240909 0.239258 0.239773 0.237305 0.2375 0.237305 0.236364 0.235352 0.234091 0.235352 0.229545
1 0.501953 0.215909 0.501953 0.277273 0.504883 0.277273 0.505859 0.278409 0.505859 0.279545 0.506836 0.280682 0.506836 0.282955 0.507812 0.284091 0.507812 0.2875 0.508789 0.288636 0.508789 0.292045 0.509766 0.293182 0.509766 0.297727 0.510742 0.298864 0.510742 0.302273 0.511719 0.303409 0.511719 0.304545 0.512695 0.305682 0.512695 0.306818 0.513672 0.307955 0.513672 0.309091 0.514648 0.310227 0.514648 0.311364 0.515625 0.3125 0.515625 0.313636 0.516602 0.314773 0.516602 0.315909 0.517578 0.317045 0.517578 0.318182 0.518555 0.319318 0.518555 0.320455 0.519531 0.321591 0.519531 0.322727 0.520508 0.323864 0.520508 0.325 0.521484 0.326136 0.521484 0.327273 0.523438 0.329545 0.523438 0.330682 0.526367 0.334091 0.526367 0.335227 0.53418 0.344318 0.53418 0.345455 0.536133 0.347727 0.537109 0.347727 0.543945 0.355682 0.543945 0.356818 0.547852 0.361364 0.547852 0.3625 0.549805 0.364773 0.549805 0.367045 0.550781 0.368182 0.550781 0.370455 0.551758 0.371591 0.551758 0.372727 0.552734 0.373864 0.552734 0.378409 0.5625 0.378409 0.5625 0.373864 0.564453 0.371591 0.567383 0.371591 0.567383 0.342045 0.564453 0.342045 0.563477 0.340909 0.563477 0.339773 0.5625 0.338636 0.5625 0.3375 0.561523 0.336364 0.561523 0.334091 0.560547 0.332955 0.560547 0.330682 0.55957 0.329545 0.55957 0.327273 0.558594 0.326136 0.558594 0.323864 0.557617 0.322727 0.557617 0.321591 0.556641 0.320455 0.556641 0.318182 0.555664 0.317045 0.555664 0.314773 0.554688 0.313636 0.554688 0.3125 0.553711 0.311364 0.553711 0.309091 0.552734 0.307955 0.552734 0.305682 0.551758 0.304545 0.551758 0.302273 0.550781 0.301136 0.550781 0.298864 0.549805 0.297727 0.549805 0.296591 0.548828 0.295455 0.548828 0.294318 0.547852 0.293182 0.547852 0.290909 0.546875 0.289773 0.546875 0.288636 0.545898 0.2875 0.545898 0.285227 0.544922 0.284091 0.544922 0.282955 0.543945 0.281818 0.543945 0.279545 0.542969 0.278409 0.542969 0.277273 0.541992 0.276136 0.541992 0.273864 0.541016 0.272727 0.541016 0.271591 0.540039 0.270455 0.540039 0.269318 0.539062 0.268182 0.539062 0.267045 0.538086 0.265909 0.538086 0.263636 0.537109 0.2625 0.537109 0.261364 0.536133 0.260227 0.536133 0.259091 0.535156 0.257955 0.535156 0.256818 0.53418 0.255682 0.53418 0.254545 0.532227 0.252273 0.532227 0.251136 0.530273 0.248864 0.530273 0.247727 0.529297 0.246591 0.529297 0.245455 0.527344 0.243182 0.527344 0.242045 0.525391 0.239773 0.525391 0.238636 0.523438 0.236364 0.523438 0.235227 0.522461 0.234091 0.522461 0.232955 0.520508 0.230682 0.520508 0.229545 0.519531 0.228409 0.519531 0.227273 0.517578 0.225 0.517578 0.223864 0.516602 0.222727 0.516602 0.221591 0.515625 0.220455 0.515625 0.215909
0 0 0.670455 0 0.75 0.00488281 0.75 0.00585938 0.751136 0.0078125 0.751136 0.00878906 0.752273 0.00878906 0.755682 0.0107422 0.755682 0.0107422 0.752273 0.0117188 0.751136 0.0175781 0.751136 0.0185547 0.75 0.0205078 0.75 0.0214844 0.748864 0.0224609 0.748864 0.0234375 0.747727 0.0244141 0.747727 0.0253906 0.746591 0.0263672 0.746591 0.0273438 0.745455 0.0283203 0.745455 0.0292969 0.744318 0.03125 0.744318 0.0322266 0.743182 0.0332031 0.743182 0.0341797 0.742045 0.0351562 0.742045 0.0361328 0.740909 0.0371094 0.740909 0.0380859 0.739773 0.0390625 0.739773 0.0419922 0.736364 0.0429688 0.736364 0.0566406 0.720455 0.0595703 0.720455 0.0595703 0.706818 0.0566406 0.706818 0.0546875 0.704545 0.0546875 0.702273 0.0537109 0.701136 0.0537109 0.7 0.0527344 0.698864 0.0527344 0.697727 0.0517578 0.696591 0.0517578 0.695455 0.0507812 0.694318 0.0507812 0.693182 0.0488281 0.690909 0.0488281 0.689773 0.046875 0.6875 0.0458984 0.6875 0.0400391 0.680682 0.0390625 0.680682 0.0380859 0.679545 0.0371094 0.679545 0.0351562 0.677273 0.0341797 0.677273 0.0332031 0.676136 0.0322266 0.676136 0.0302734 0.673864 0.0302734 0.670455
0 0.157227 0.488636 0.157227 0.493182 0.15625 0.494318 0.155273 0.494318 0.146484 0.504545 0.145508 0.504545 0.144531 0.505682 0.144531 0.506818 0.138672 0.513636 0.137695 0.513636 0.135742 0.515909 0.135742 0.517045 0.134766 0.518182 0.130859 0.518182 0.130859 0.575 0.133789 0.575 0.136719 0.578409 0.136719 0.579545 0.139648 0.582955 0.139648 0.584091 0.141602 0.586364 0.141602 0.5875 0.143555 0.589773 0.143555 0.590909 0.144531 0.592045 0.144531 0.593182 0.147461 0.596591 0.147461 0.601136 0.155273 0.601136 0.155273 0.597727 0.15625 0.596591 0.157227 0.596591 0.160156 0.593182 0.161133 0.593182 0.164062 0.589773 0.165039 0.589773 0.170898 0.582955 0.171875 0.582955 0.172852 0.581818 0.172852 0.580682 0.193359 0.556818 0.193359 0.555682 0.195312 0.553409 0.195312 0.552273 0.197266 0.55 0.200195 0.55 0.200195 0.518182 0.197266 0.518182 0.195312 0.515909 0.195312 0.513636 0.194336 0.5125 0.194336 0.511364 0.193359 0.510227 0.193359 0.509091 0.192383 0.507955 0.192383 0.506818 0.191406 0.505682 0.191406 0.504545 0.19043 0.503409 0.19043 0.502273 0.189453 0.501136 0.189453 0.5 0.1875 0.497727 0.1875 0.496591 0.183594 0.492045 0.183594 0.488636
1 0.166016 0.447727 0.166016 0.451136 0.163086 0.454545 0.162109 0.454545 0.161133 0.455682 0.158203 0.455682 0.158203 0.481818 0.162109 0.481818 0.163086 0.482955 0.166016 0.482955 0.166992 0.481818 0.168945 0.481818 0.169922 0.482955 0.173828 0.482955 0.174805 0.484091 0.175781 0.484091 0.176758 0.485227 0.177734 0.485227 0.178711 0.486364 0.179688 0.486364 0.180664 0.4875 0.181641 0.4875 0.18457 0.490909 0.185547 0.490909 0.1875 0.493182 0.188477 0.493182 0.191406 0.496591 0.192383 0.496591 0.193359 0.497727 0.193359 0.498864 0.194336 0.5 0.195312 0.5 0.197266 0.502273 0.198242 0.502273 0.199219 0.503409 0.200195 0.503409 0.201172 0.504545 0.202148 0.504545 0.203125 0.505682 0.204102 0.505682 0.205078 0.506818 0.207031 0.506818 0.208008 0.507955 0.209961 0.507955 0.210938 0.509091 0.212891 0.509091 0.213867 0.510227 0.214844 0.510227 0.21582 0.511364 0.217773 0.511364 0.21875 0.5125 0.219727 0.5125 0.220703 0.513636 0.222656 0.513636 0.223633 0.514773 0.224609 0.514773 0.225586 0.515909 0.226562 0.515909 0.227539 0.517045 0.229492 0.517045 0.230469 0.518182 0.232422 0.518182 0.233398 0.519318 0.234375 0.519318 0.235352 0.520455 0.237305 0.520455 0.238281 0.521591 0.240234 0.521591 0.241211 0.522727 0.243164 0.522727 0.244141 0.523864 0.245117 0.523864 0.246094 0.525 0.25 0.525 0.250977 0.526136 0.253906 0.526136 0.254883 0.527273 0.256836 0.527273 0.257812 0.528409 0.258789 0.528409 0.259766 0.529545 0.261719 0.529545 0.262695 0.530682 0.265625 0.530682 0.266602 0.531818 0.268555 0.531818 0.269531 0.532955 0.271484 0.532955 0.272461 0.534091 0.274414 0.534091 0.275391 0.535227 0.28125 0.535227 0.282227 0.536364 0.3125 0.536364 0.313477 0.5375 0.319336 0.5375 0.320312 0.536364 0.335938 0.536364 0.336914 0.535227 0.338867 0.535227 0.339844 0.536364 0.341797 0.536364 0.342773 0.535227 0.347656 0.535227 0.348633 0.536364 0.355469 0.536364 0.356445 0.535227 0.358398 0.535227 0.359375 0.534091 0.360352 0.534091 0.361328 0.532955 0.362305 0.532955 0.364258 0.530682 0.364258 0.529545 0.365234 0.528409 0.365234 0.527273 0.366211 0.526136 0.366211 0.517045 0.365234 0.515909 0.365234 0.514773 0.364258 0.513636 0.364258 0.5125 0.363281 0.511364 0.363281 0.510227 0.362305 0.509091 0.362305 0.507955 0.359375 0.504545 0.359375 0.503409 0.354492 0.497727 0.353516 0.497727 0.350586 0.494318 0.349609 0.494318 0.348633 0.493182 0.347656 0.493182 0.34668 0.492045 0.345703 0.492045 0.344727 0.490909 0.341797 0.490909 0.34082 0.489773 0.336914 0.489773 0.335938 0.488636 0.333008 0.488636 0.332031 0.4875 0.325195 0.4875 0.324219 0.486364 0.31543 0.486364 0.314453 0.485227 0.295898 0.485227 0.294922 0.486364 0.291016 0.486364 0.290039 0.4875 0.285156 0.4875 0.28418 0.488636 0.280273 0.488636 0.279297 0.4875 0.272461 0.4875 0.271484 0.486364 0.267578 0.486364 0.266602 0.485227 0.265625 0.485227 0.264648 0.484091 0.262695 0.484091 0.261719 0.482955 0.260742 0.482955 0.259766 0.481818 0.258789 0.481818 0.257812 0.480682 0.256836 0.480682 0.255859 0.479545 0.254883 0.479545 0.25293 0.477273 0.251953 0.477273 0.250977 0.476136 0.25 0.476136 0.248047 0.473864 0.245117 0.473864 0.244141 0.472727 0.241211 0.472727 0.240234 0.471591 0.238281 0.471591 0.237305 0.470455 0.236328 0.470455 0.235352 0.469318 0.234375 0.469318 0.233398 0.468182 0.232422 0.468182 0.230469 0.465909 0.229492 0.465909 0.228516 0.464773 0.227539 0.464773 0.226562 0.463636 0.224609 0.463636 0.223633 0.4625 0.22168 0.4625 0.220703 0.461364 0.21875 0.461364 0.217773 0.460227 0.21582 0.460227 0.214844 0.459091 0.211914 0.459091 0.210938 0.457955 0.209961 0.457955 0.208984 0.456818 0.206055 0.456818 0.205078 0.455682 0.203125 0.455682 0.202148 0.454545 0.200195 0.454545 0.199219 0.453409 0.196289 0.453409 0.194336 0.451136 0.194336 0.447727
1 0.103516 0.188636 0.103516 0.217045 0.106445 0.217045 0.109375 0.220455 0.110352 0.220455 0.114258 0.225 0.115234 0.225 0.118164 0.228409 0.119141 0.228409 0.12207 0.231818 0.123047 0.231818 0.125 0.234091 0.125977 0.234091 0.12793 0.236364 0.128906 0.236364 0.129883 0.2375 0.130859 0.2375 0.131836 0.238636 0.132812 0.238636 0.134766 0.240909 0.135742 0.240909 0.138672 0.244318 0.139648 0.244318 0.144531 0.25 0.145508 0.25 0.149414 0.254545 0.150391 0.254545 0.161133 0.267045 0.161133 0.268182 0.163086 0.270455 0.164062 0.270455 0.166016 0.272727 0.166992 0.272727 0.167969 0.273864 0.168945 0.273864 0.169922 0.275 0.170898 0.275 0.171875 0.276136 0.172852 0.276136 0.173828 0.277273 0.174805 0.277273 0.175781 0.278409 0.176758 0.278409 0.177734 0.279545 0.178711 0.279545 0.179688 0.280682 0.180664 0.280682 0.182617 0.282955 0.183594 0.282955 0.18457 0.284091 0.185547 0.284091 0.186523 0.285227 0.1875 0.285227 0.188477 0.286364 0.189453 0.286364 0.191406 0.288636 0.191406 0.292045 0.199219 0.292045 0.199219 0.2875 0.200195 0.286364 0.204102 0.286364 0.204102 0.269318 0.201172 0.269318 0.199219 0.267045 0.199219 0.265909 0.198242 0.264773 0.198242 0.263636 0.197266 0.2625 0.197266 0.261364 0.195312 0.259091 0.194336 0.259091 0.168945 0.229545 0.168945 0.228409 0.167969 0.227273 0.167969 0.226136 0.166992 0.225 0.166992 0.222727 0.166016 0.221591 0.166016 0.220455 0.165039 0.219318 0.164062 0.219318 0.162109 0.217045 0.161133 0.217045 0.15918 0.214773 0.158203 0.214773 0.15625 0.2125 0.155273 0.2125 0.154297 0.211364 0.15332 0.211364 0.149414 0.206818 0.148438 0.206818 0.141602 0.198864 0.140625 0.198864 0.136719 0.194318 0.136719 0.193182 0.135742 0.192045 0.135742 0.188636
1 0 0.229545 0 0.275 0.000976562 0.275 0.00195312 0.276136 0.00390625 0.276136 0.00488281 0.277273 0.00683594 0.277273 0.0078125 0.278409 0.0117188 0.278409 0.0126953 0.279545 0.0166016 0.279545 0.0175781 0.280682 0.0195312 0.280682 0.0205078 0.281818 0.0224609 0.281818 0.0234375 0.282955 0.0253906 0.282955 0.0263672 0.284091 0.0273438 0.284091 0.0283203 0.285227 0.0292969 0.285227 0.0302734 0.286364 0.03125 0.286364 0.0322266 0.2875 0.0332031 0.2875 0.0351562 0.289773 0.0361328 0.289773 0.0380859 0.292045 0.0390625 0.292045 0.0400391 0.293182 0.0410156 0.293182 0.0429688 0.295455 0.0439453 0.295455 0.0449219 0.296591 0.0458984 0.296591 0.046875 0.297727 0.0478516 0.297727 0.0488281 0.298864 0.0498047 0.298864 0.0507812 0.3 0.0527344 0.3 0.0546875 0.302273 0.0546875 0.305682 0.0712891 0.305682 0.0712891 0.302273 0.0742188 0.298864 0.0751953 0.298864 0.0791016 0.294318 0.0830078 0.294318 0.0830078 0.284091 0.0800781 0.284091 0.0712891 0.273864 0.0703125 0.273864 0.0683594 0.271591 0.0673828 0.271591 0.0654297 0.269318 0.0644531 0.269318 0.0634766 0.268182 0.0625 0.268182 0.0615234 0.267045 0.0605469 0.267045 0.0595703 0.265909 0.0585938 0.265909 0.0576172 0.264773 0.0566406 0.264773 0.0546875 0.2625 0.0537109 0.2625 0.0527344 0.261364 0.0517578 0.261364 0.0507812 0.260227 0.0498047 0.260227 0.0488281 0.259091 0.0478516 0.259091 0.046875 0.257955 0.0449219 0.257955 0.0439453 0.256818 0.0429688 0.256818 0.0419922 0.255682 0.0410156 0.255682 0.0400391 0.254545 0.0390625 0.254545 0.0380859 0.253409 0.0371094 0.253409 0.0361328 0.252273 0.0351562 0.252273 0.0332031 0.25 0.0322266 0.25 0.0302734 0.247727 0.0292969 0.247727 0.0273438 0.245455 0.0263672 0.245455 0.0195312 0.2375 0.0195312 0.236364 0.0175781 0.234091 0.0175781 0.229545
1 0.758789 0.376136 0.756836 0.376136 0.755859 0.375 0.751953 0.375 0.751953 0.401136 0.789062 0.401136 0.789062 0.397727 0.787109 0.395455 0.786133 0.395455 0.78418 0.393182 0.783203 0.393182 0.78125 0.390909 0.780273 0.390909 0.77832 0.388636 0.777344 0.388636 0.775391 0.386364 0.774414 0.386364 0.772461 0.384091 0.771484 0.384091 0.770508 0.382955 0.769531 0.382955 0.768555 0.381818 0.767578 0.381818 0.766602 0.380682 0.765625 0.380682 0.764648 0.379545 0.763672 0.379545 0.762695 0.378409 0.761719 0.378409 0.760742 0.377273 0.759766 0.377273 0.758789 0.376136 0.788086 0.281818 0.790039 0.281818 0.791016 0.282955 0.792969 0.282955 0.793945 0.284091 0.795898 0.284091 0.796875 0.285227 0.798828 0.285227 0.799805 0.286364 0.801758 0.286364 0.802734 0.2875 0.804688 0.2875 0.805664 0.288636 0.808594 0.288636 0.80957 0.289773 0.813477 0.289773 0.814453 0.290909 0.816406 0.290909 0.817383 0.292045 0.820312 0.292045 0.821289 0.293182 0.824219 0.293182 0.825195 0.294318 0.827148 0.294318 0.828125 0.295455 0.831055 0.295455 0.832031 0.296591 0.834961 0.296591 0.835938 0.297727 0.838867 0.297727 0.839844 0.298864 0.842773 0.298864 0.84375 0.3 0.845703 0.3 0.84668 0.301136 0.849609 0.301136 0.850586 0.302273 0.853516 0.302273 0.854492 0.303409 0.857422 0.303409 0.858398 0.304545 0.860352 0.304545 0.861328 0.305682 0.863281 0.305682 0.864258 0.306818 0.866211 0.306818 0.867188 0.307955 0.868164 0.307955 0.869141 0.309091 0.870117 0.309091 0.871094 0.310227 0.873047 0.310227 0.874023 0.311364 0.876953 0.311364 0.87793 0.3125 0.878906 0.3125 0.879883 0.313636 0.880859 0.313636 0.881836 0.314773 0.883789 0.314773 0.884766 0.315909 0.885742 0.315909 0.886719 0.317045 0.888672 0.317045 0.889648 0.318182 0.891602 0.318182 0.892578 0.319318 0.895508 0.319318 0.896484 0.320455 0.900391 0.320455 0.901367 0.321591 0.904297 0.321591 0.905273 0.322727 0.907227 0.322727 0.908203 0.323864 0.910156 0.323864 0.911133 0.325 0.913086 0.325 0.914062 0.326136 0.916016 0.326136 0.916992 0.327273 0.918945 0.327273 0.919922 0.328409 0.921875 0.328409 0.922852 0.329545 0.924805 0.329545 0.925781 0.330682 0.928711 0.330682 0.929688 0.331818 0.931641 0.331818 0.932617 0.332955 0.935547 0.332955 0.936523 0.334091 0.938477 0.334091 0.939453 0.335227 0.94043 0.335227 0.941406 0.336364 0.942383 0.336364 0.943359 0.3375 0.944336 0.3375 0.945312 0.338636 0.946289 0.338636 0.947266 0.339773 0.948242 0.339773 0.950195 0.342045 0.951172 0.342045 0.952148 0.343182 0.954102 0.343182 0.955078 0.344318 0.956055 0.344318 0.957031 0.345455 0.958008 0.345455 0.958984 0.346591 0.959961 0.346591 0.961914 0.348864 0.962891 0.348864 0.963867 0.35 0.96582 0.35 0.966797 0.351136 0.967773 0.351136 0.974609 0.359091 0.975586 0.359091 0.977539 0.361364 0.977539 0.363636 0.978516 0.364773 0.978516 0.367045 0.979492 0.368182 0.979492 0.376136 0.980469 0.377273 0.980469 0.378409 0.982422 0.380682 0.983398 0.380682 0.985352 0.382955 0.986328 0.382955 0.987305 0.384091 0.988281 0.384091 0.989258 0.385227 0.991211 0.385227 0.992188 0.386364 0.995117 0.386364 0.99707 0.388636 0.996094 0.389773 0.996094 0.390909 0.995117 0.392045 0.995117 0.401136 0.999023 0.401136 0.999023 0.311364 0.998047 0.311364 0.996094 0.309091 0.995117 0.309091 0.992188 0.305682 0.991211 0.305682 0.990234 0.304545 0.989258 0.304545 0.988281 0.303409 0.987305 0.303409 0.986328 0.302273 0.985352 0.302273 0.984375 0.301136 0.982422 0.301136 0.981445 0.3 0.980469 0.3 0.979492 0.298864 0.978516 0.298864 0.977539 0.297727 0.976562 0.297727 0.975586 0.296591 0.973633 0.296591 0.972656 0.295455 0.970703 0.295455 0.969727 0.294318 0.959961 0.294318 0.958984 0.293182 0.958008 0.293182 0.957031 0.294318 0.946289 0.294318 0.945312 0.293182 0.942383 0.293182 0.941406 0.292045 0.939453 0.292045 0.938477 0.290909 0.9375 0.290909 0.936523 0.289773 0.935547 0.289773 0.932617 0.286364 0.931641 0.286364 0.927734 0.281818 0.927734 0.280682 0.926758 0.280682 0.924805 0.278409 0.923828 0.278409 0.922852 0.277273 0.921875 0.277273 0.920898 0.276136 0.919922 0.276136 0.918945 0.275 0.917969 0.275 0.916992 0.273864 0.916016 0.273864 0.915039 0.272727 0.914062 0.272727 0.913086 0.271591 0.911133 0.271591 0.910156 0.270455 0.90918 0.270455 0.908203 0.269318 0.90625 0.269318 0.905273 0.268182 0.90332 0.268182 0.902344 0.267045 0.899414 0.267045 0.898438 0.265909 0.896484 0.265909 0.895508 0.264773 0.894531 0.264773 0.893555 0.263636 0.891602 0.263636 0.890625 0.2625 0.888672 0.2625 0.887695 0.261364 0.885742 0.261364 0.884766 0.260227 0.882812 0.260227 0.881836 0.259091 0.87793 0.259091 0.876953 0.257955 0.873047 0.257955 0.87207 0.256818 0.869141 0.256818 0.868164 0.255682 0.866211 0.255682 0.865234 0.254545 0.863281 0.254545 0.862305 0.253409 0.860352 0.253409 0.859375 0.252273 0.857422 0.252273 0.856445 0.251136 0.854492 0.251136 0.853516 0.25 0.850586 0.25 0.849609 0.248864 0.845703 0.248864 0.844727 0.247727 0.842773 0.247727 0.841797 0.246591 0.839844 0.246591 0.838867 0.245455 0.836914 0.245455 0.835938 0.244318 0.834961 0.244318 0.833984 0.243182 0.832031 0.243182 0.831055 0.242045 0.829102 0.242045 0.828125 0.240909 0.825195 0.240909 0.824219 0.239773 0.820312 0.239773 0.819336 0.238636 0.816406 0.238636 0.81543 0.2375 0.8125 0.2375 0.811523 0.236364 0.80957 0.236364 0.808594 0.235227 0.806641 0.235227 0.805664 0.234091 0.804688 0.234091 0.803711 0.232955 0.802734 0.232955 0.801758 0.231818 0.799805 0.231818 0.798828 0.230682 0.797852 0.230682 0.795898 0.228409 0.795898 0.225 0.751953 0.225 0.751953 0.260227 0.755859 0.260227 0.763672 0.269318 0.764648 0.269318 0.765625 0.270455 0.766602 0.270455 0.767578 0.271591 0.768555 0.271591 0.770508 0.273864 0.772461 0.273864 0.773438 0.275 0.775391 0.275 0.776367 0.276136 0.777344 0.276136 0.77832 0.277273 0.779297 0.277273 0.780273 0.278409 0.782227 0.278409 0.783203 0.279545 0.785156 0.279545 0.786133 0.280682 0.787109 0.280682 0.788086 0.281818
1 0.647461 0.0931818 0.647461 0.0965909 0.646484 0.0977273 0.645508 0.0977273 0.644531 0.0988636 0.642578 0.0988636 0.641602 0.1 0.640625 0.1 0.639648 0.101136 0.638672 0.101136 0.637695 0.102273 0.636719 0.102273 0.635742 0.103409 0.634766 0.103409 0.633789 0.104545 0.632812 0.104545 0.631836 0.105682 0.630859 0.105682 0.629883 0.106818 0.628906 0.106818 0.62793 0.107955 0.626953 0.107955 0.625977 0.109091 0.624023 0.109091 0.623047 0.110227 0.620117 0.110227 0.619141 0.111364 0.615234 0.111364 0.615234 0.126136 0.619141 0.126136 0.620117 0.127273 0.621094 0.127273 0.623047 0.129545 0.624023 0.129545 0.625 0.130682 0.625977 0.130682 0.626953 0.131818 0.62793 0.131818 0.628906 0.132955 0.629883 0.132955 0.630859 0.134091 0.630859 0.1375 0.646484 0.1375 0.646484 0.134091 0.647461 0.132955 0.648438 0.132955 0.649414 0.131818 0.652344 0.131818 0.65332 0.130682 0.65625 0.130682 0.657227 0.129545 0.660156 0.129545 0.661133 0.128409 0.664062 0.128409 0.665039 0.127273 0.666992 0.127273 0.667969 0.126136 0.669922 0.126136 0.670898 0.125 0.671875 0.125 0.672852 0.123864 0.674805 0.123864 0.675781 0.122727 0.676758 0.122727 0.677734 0.121591 0.679688 0.121591 0.680664 0.120455 0.681641 0.120455 0.682617 0.119318 0.683594 0.119318 0.686523 0.115909 0.6875 0.115909 0.688477 0.114773 0.689453 0.114773 0.693359 0.110227 0.693359 0.109091 0.695312 0.106818 0.695312 0.102273 0.696289 0.101136 0.696289 0.0931818
1 0.748047 0.388636 0.748047 0.407955 0.75293 0.407955 0.753906 0.409091 0.754883 0.409091 0.755859 0.410227 0.756836 0.410227 0.758789 0.4125 0.759766 0.4125 0.760742 0.413636 0.761719 0.413636 0.763672 0.415909 0.764648 0.415909 0.766602 0.418182 0.767578 0.418182 0.768555 0.419318 0.769531 0.419318 0.772461 0.422727 0.773438 0.422727 0.77832 0.428409 0.779297 0.428409 0.780273 0.429545 0.78125 0.429545 0.783203 0.431818 0.78418 0.431818 0.785156 0.432955 0.786133 0.432955 0.787109 0.434091 0.788086 0.434091 0.789062 0.435227 0.790039 0.435227 0.791016 0.436364 0.792969 0.436364 0.793945 0.4375 0.795898 0.4375 0.796875 0.438636 0.802734 0.438636 0.803711 0.439773 0.80957 0.439773 0.810547 0.440909 0.813477 0.440909 0.814453 0.442045 0.81543 0.442045 0.816406 0.443182 0.817383 0.443182 0.818359 0.444318 0.819336 0.444318 0.820312 0.445455 0.822266 0.445455 0.824219 0.447727 0.824219 0.451136 0.862305 0.451136 0.862305 0.447727 0.863281 0.446591 0.865234 0.446591 0.866211 0.445455 0.871094 0.445455 0.87207 0.444318 0.875 0.444318 0.875977 0.443182 0.87793 0.443182 0.878906 0.442045 0.880859 0.442045 0.881836 0.440909 0.884766 0.440909 0.885742 0.439773 0.888672 0.439773 0.889648 0.438636 0.892578 0.438636 0.893555 0.4375 0.894531 0.4375 0.895508 0.436364 0.899414 0.436364 0.900391 0.435227 0.904297 0.435227 0.905273 0.434091 0.90918 0.434091 0.910156 0.432955 0.914062 0.432955 0.915039 0.431818 0.916992 0.431818 0.917969 0.430682 0.919922 0.430682 0.920898 0.429545 0.921875 0.429545 0.925781 0.425 0.925781 0.423864 0.927734 0.421591 0.928711 0.421591 0.929688 0.420455 0.921875 0.411364 0.921875 0.410227 0.920898 0.409091 0.919922 0.409091 0.917969 0.406818 0.916992 0.406818 0.916016 0.405682 0.915039 0.405682 0.914062 0.404545 0.913086 0.404545 0.912109 0.403409 0.904297 0.403409 0.90332 0.404545 0.900391 0.404545 0.899414 0.405682 0.897461 0.405682 0.895508 0.407955 0.894531 0.407955 0.893555 0.409091 0.892578 0.409091 0.891602 0.410227 0.890625 0.410227 0.889648 0.411364 0.888672 0.411364 0.887695 0.4125 0.883789 0.4125 0.882812 0.413636 0.878906 0.413636 0.87793 0.414773 0.875 0.414773 0.874023 0.415909 0.869141 0.415909 0.868164 0.417045 0.854492 0.417045 0.853516 0.418182 0.848633 0.418182 0.847656 0.417045 0.837891 0.417045 0.836914 0.415909 0.833984 0.415909 0.833008 0.414773 0.831055 0.414773 0.830078 0.413636 0.825195 0.413636 0.824219 0.4125 0.819336 0.4125 0.818359 0.411364 0.81543 0.411364 0.814453 0.410227 0.811523 0.410227 0.810547 0.409091 0.808594 0.409091 0.807617 0.407955 0.806641 0.407955 0.805664 0.406818 0.804688 0.406818 0.802734 0.404545 0.801758 0.404545 0.800781 0.403409 0.798828 0.403409 0.796875 0.401136 0.795898 0.401136 0.794922 0.4 0.793945 0.4 0.792969 0.398864 0.791016 0.398864 0.790039 0.397727 0.789062 0.397727 0.788086 0.396591 0.787109 0.396591 0.785156 0.394318 0.78418 0.394318 0.782227 0.392045 0.782227 0.388636
0 0.302734 0.625 0.301758 0.625 0.301758 0.626136 0.302734 0.625 0.386719 0.555682 0.389648 0.559091 0.389648 0.560227 0.390625 0.561364 0.375977 0.588636 0.375 0.588636 0.359375 0.570455 0.359375 0.569318 0.355469 0.564773 0.355469 0.563636 0.352539 0.560227 0.352539 0.559091 0.350586 0.556818 0.350586 0.552273 0.305664 0.552273 0.305664 0.555682 0.303711 0.557955 0.302734 0.557955 0.300781 0.560227 0.299805 0.560227 0.298828 0.561364 0.297852 0.561364 0.296875 0.5625 0.293945 0.5625 0.292969 0.563636 0.289062 0.563636 0.288086 0.564773 0.283203 0.564773 0.283203 0.580682 0.291016 0.580682 0.292969 0.582955 0.293945 0.582955 0.294922 0.584091 0.296875 0.584091 0.301758 0.589773 0.301758 0.590909 0.302734 0.592045 0.302734 0.593182 0.303711 0.594318 0.303711 0.595455 0.304688 0.596591 0.304688 0.597727 0.305664 0.598864 0.305664 0.601136 0.306641 0.602273 0.306641 0.605682 0.307617 0.606818 0.307617 0.607955 0.308594 0.609091 0.308594 0.610227 0.30957 0.611364 0.30957 0.6125 0.311523 0.614773 0.311523 0.615909 0.316406 0.621591 0.317383 0.621591 0.319336 0.623864 0.320312 0.623864 0.326172 0.630682 0.327148 0.630682 0.329102 0.632955 0.330078 0.632955 0.331055 0.634091 0.332031 0.634091 0.334961 0.6375 0.335938 0.6375 0.336914 0.638636 0.337891 0.638636 0.338867 0.639773 0.339844 0.639773 0.342773 0.643182 0.34375 0.643182 0.344727 0.644318 0.345703 0.644318 0.34668 0.645455 0.347656 0.645455 0.349609 0.647727 0.351562 0.647727 0.352539 0.648864 0.353516 0.648864 0.354492 0.65 0.356445 0.65 0.358398 0.652273 0.358398 0.655682 0.375 0.655682 0.375 0.652273 0.37793 0.648864 0.378906 0.648864 0.381836 0.645455 0.381836 0.644318 0.384766 0.640909 0.384766 0.639773 0.385742 0.638636 0.385742 0.6375 0.386719 0.636364 0.386719 0.635227 0.387695 0.634091 0.387695 0.631818 0.388672 0.630682 0.388672 0.628409 0.389648 0.627273 0.389648 0.621591 0.390625 0.620455 0.390625 0.618182 0.391602 0.617045 0.395508 0.617045 0.395508 0.605682 0.388672 0.605682 0.378906 0.594318 0.378906 0.593182 0.375977 0.589773 0.375977 0.588636 0.390625 0.561364 0.391602 0.561364 0.392578 0.5625 0.395508 0.5625 0.395508 0.552273 0.386719 0.552273 0.386719 0.555682
0 0.462891 0.788636 0.462891 0.842045 0.46582 0.842045 0.467773 0.844318 0.467773 0.845455 0.46875 0.846591 0.46875 0.847727 0.469727 0.848864 0.469727 0.85 0.470703 0.851136 0.470703 0.854545 0.47168 0.855682 0.47168 0.857955 0.474609 0.861364 0.475586 0.861364 0.476562 0.8625 0.477539 0.8625 0.479492 0.864773 0.481445 0.864773 0.482422 0.865909 0.483398 0.865909 0.484375 0.867045 0.486328 0.867045 0.487305 0.868182 0.489258 0.868182 0.490234 0.869318 0.494141 0.869318 0.495117 0.870455 0.501953 0.870455 0.50293 0.869318 0.519531 0.869318 0.520508 0.870455 0.574219 0.870455 0.575195 0.871591 0.598633 0.871591 0.599609 0.872727 0.607422 0.872727 0.608398 0.873864 0.611328 0.873864 0.612305 0.875 0.612305 0.878409 0.69043 0.878409 0.69043 0.875 0.691406 0.873864 0.695312 0.873864 0.696289 0.875 0.696289 0.878409 0.698242 0.878409 0.698242 0.875 0.699219 0.873864 0.704102 0.873864 0.705078 0.872727 0.706055 0.872727 0.708008 0.870455 0.708008 0.869318 0.707031 0.868182 0.707031 0.864773 0.702148 0.859091 0.701172 0.859091 0.697266 0.854545 0.696289 0.854545 0.694336 0.852273 0.693359 0.852273 0.69043 0.848864 0.689453 0.848864 0.6875 0.846591 0.686523 0.846591 0.682617 0.842045 0.681641 0.842045 0.679688 0.839773 0.678711 0.839773 0.675781 0.836364 0.674805 0.836364 0.673828 0.835227 0.672852 0.835227 0.670898 0.832955 0.669922 0.832955 0.667969 0.830682 0.666992 0.830682 0.666016 0.829545 0.665039 0.829545 0.664062 0.828409 0.663086 0.828409 0.662109 0.827273 0.660156 0.827273 0.65918 0.826136 0.65625 0.826136 0.655273 0.825 0.65332 0.825 0.652344 0.823864 0.648438 0.823864 0.647461 0.822727 0.643555 0.822727 0.642578 0.821591 0.639648 0.821591 0.638672 0.820455 0.635742 0.820455 0.634766 0.819318 0.633789 0.819318 0.632812 0.818182 0.630859 0.818182 0.629883 0.817045 0.62793 0.817045 0.626953 0.815909 0.625 0.815909 0.624023 0.814773 0.619141 0.814773 0.618164 0.813636 0.613281 0.813636 0.612305 0.8125 0.608398 0.8125 0.607422 0.811364 0.604492 0.811364 0.603516 0.810227 0.601562 0.810227 0.600586 0.809091 0.598633 0.809091 0.597656 0.807955 0.594727 0.807955 0.59375 0.806818 0.589844 0.806818 0.588867 0.805682 0.586914 0.805682 0.585938 0.804545 0.583008 0.804545 0.582031 0.803409 0.577148 0.803409 0.576172 0.802273 0.572266 0.802273 0.571289 0.801136 0.569336 0.801136 0.568359 0.8 0.566406 0.8 0.56543 0.798864 0.563477 0.798864 0.5625 0.797727 0.561523 0.797727 0.560547 0.796591 0.558594 0.796591 0.557617 0.795455 0.554688 0.795455 0.553711 0.794318 0.550781 0.794318 0.549805 0.793182 0.548828 0.793182 0.547852 0.792045 0.547852 0.788636
1 0.662109 0.647727 0.662109 0.654545 0.661133 0.655682 0.661133 0.660227 0.660156 0.661364 0.660156 0.664773 0.65918 0.665909 0.65918 0.672727 0.658203 0.673864 0.658203 0.679545 0.657227 0.680682 0.657227 0.686364 0.65625 0.6875 0.65625 0.692045 0.655273 0.693182 0.655273 0.697727 0.654297 0.698864 0.654297 0.702273 0.65332 0.703409 0.65332 0.705682 0.652344 0.706818 0.652344 0.709091 0.651367 0.710227 0.651367 0.711364 0.649414 0.713636 0.646484 0.713636 0.646484 0.740909 0.649414 0.740909 0.650391 0.742045 0.651367 0.742045 0.654297 0.745455 0.655273 0.745455 0.658203 0.748864 0.65918 0.748864 0.661133 0.751136 0.661133 0.755682 0.672852 0.755682 0.672852 0.75 0.673828 0.748864 0.673828 0.747727 0.676758 0.744318 0.676758 0.743182 0.680664 0.738636 0.680664 0.7375 0.681641 0.736364 0.681641 0.735227 0.683594 0.732955 0.683594 0.730682 0.68457 0.729545 0.68457 0.727273 0.685547 0.726136 0.685547 0.722727 0.686523 0.721591 0.686523 0.717045 0.6875 0.715909 0.6875 0.7125 0.689453 0.710227 0.692383 0.710227 0.692383 0.647727
1 0.369141 0.293182 0.369141 0.322727 0.37207 0.322727 0.375 0.326136 0.375 0.327273 0.376953 0.329545 0.376953 0.330682 0.379883 0.334091 0.379883 0.335227 0.383789 0.339773 0.383789 0.340909 0.385742 0.343182 0.386719 0.343182 0.390625 0.347727 0.391602 0.347727 0.393555 0.35 0.394531 0.35 0.396484 0.352273 0.397461 0.352273 0.399414 0.354545 0.400391 0.354545 0.401367 0.355682 0.402344 0.355682 0.404297 0.357955 0.405273 0.357955 0.407227 0.360227 0.408203 0.360227 0.40918 0.361364 0.410156 0.361364 0.411133 0.3625 0.412109 0.3625 0.413086 0.363636 0.414062 0.363636 0.415039 0.364773 0.416016 0.364773 0.416992 0.365909 0.417969 0.365909 0.420898 0.369318 0.421875 0.369318 0.423828 0.371591 0.424805 0.371591 0.425781 0.372727 0.425781 0.373864 0.426758 0.375 0.427734 0.375 0.428711 0.376136 0.429688 0.376136 0.431641 0.378409 0.433594 0.378409 0.43457 0.379545 0.438477 0.379545 0.438477 0.328409 0.435547 0.328409 0.430664 0.322727 0.429688 0.322727 0.425781 0.318182 0.424805 0.318182 0.421875 0.314773 0.420898 0.314773 0.418945 0.3125 0.417969 0.3125 0.416016 0.310227 0.415039 0.310227 0.414062 0.309091 0.413086 0.309091 0.411133 0.306818 0.410156 0.306818 0.40918 0.305682 0.408203 0.305682 0.407227 0.304545 0.40625 0.304545 0.404297 0.302273 0.40332 0.302273 0.401367 0.3 0.400391 0.3 0.397461 0.296591 0.397461 0.293182
1 0.951172 0.00681818 0.951172 0.0272727 0.954102 0.0272727 0.958008 0.0318182 0.958008 0.0329545 0.958984 0.0329545 0.961914 0.0363636 0.962891 0.0363636 0.964844 0.0386364 0.96582 0.0386364 0.966797 0.0397727 0.967773 0.0397727 0.96875 0.0409091 0.970703 0.0409091 0.97168 0.0420455 0.977539 0.0420455 0.978516 0.0431818 0.986328 0.0431818 0.987305 0.0443182 0.993164 0.0443182 0.994141 0.0454545 0.999023 0.0454545 0.999023 0.00681818
0 0.0712891 0.755682 0.0722656 0.756818 0.0732422 0.756818 0.0742188 0.757955 0.0800781 0.757955 0.0810547 0.756818 0.0810547 0.752273 0.0712891 0.752273 0.0712891 0.755682 0.0664062 0.761364 0.0615234 0.755682 0.0615234 0.752273 0.00195312 0.752273 0.00195312 0.755682 0.000976562 0.756818 0 0.756818 0 0.832955 0.0390625 0.832955 0.0390625 0.828409 0.0400391 0.827273 0.0419922 0.827273 0.0429688 0.826136 0.0439453 0.826136 0.0449219 0.825 0.0478516 0.825 0.0488281 0.823864 0.0517578 0.823864 0.0527344 0.822727 0.0556641 0.822727 0.0566406 0.821591 0.0605469 0.821591 0.0615234 0.820455 0.0644531 0.820455 0.0654297 0.819318 0.0664062 0.819318 0.0673828 0.818182 0.0693359 0.818182 0.0703125 0.817045 0.0712891 0.817045 0.0722656 0.815909 0.0732422 0.815909 0.0742188 0.814773 0.0751953 0.814773 0.0761719 0.813636 0.0771484 0.813636 0.078125 0.8125 0.0791016 0.8125 0.0810547 0.810227 0.0820312 0.810227 0.0869141 0.804545 0.0869141 0.803409 0.0917969 0.797727 0.0947266 0.797727 0.0947266 0.776136 0.0810547 0.776136 0.0800781 0.775 0.078125 0.775 0.0771484 0.773864 0.0761719 0.773864 0.0742188 0.771591 0.0732422 0.771591 0.0673828 0.764773 0.0673828 0.763636 0.0664062 0.7625 0.0664062 0.761364
1 0.0205078 0.503409 0.0185547 0.503409 0.0175781 0.502273 0.0136719 0.502273 0.0136719 0.542045 0.09375 0.542045 0.09375 0.538636 0.0917969 0.536364 0.0908203 0.536364 0.0898438 0.535227 0.0888672 0.535227 0.0878906 0.534091 0.0869141 0.534091 0.0849609 0.531818 0.0839844 0.531818 0.0830078 0.530682 0.0810547 0.530682 0.0800781 0.529545 0.0771484 0.529545 0.0761719 0.528409 0.0712891 0.528409 0.0703125 0.527273 0.0683594 0.527273 0.0673828 0.526136 0.0654297 0.526136 0.0644531 0.525 0.0634766 0.525 0.0625 0.523864 0.0615234 0.523864 0.0605469 0.522727 0.0595703 0.522727 0.0585938 0.521591 0.0576172 0.521591 0.0566406 0.520455 0.0556641 0.520455 0.0546875 0.519318 0.0537109 0.519318 0.0527344 0.518182 0.0517578 0.518182 0.0507812 0.517045 0.0498047 0.517045 0.0488281 0.515909 0.0478516 0.515909 0.046875 0.514773 0.0449219 0.514773 0.0439453 0.513636 0.0429688 0.513636 0.0419922 0.5125 0.0400391 0.5125 0.0390625 0.511364 0.0371094 0.511364 0.0361328 0.510227 0.0341797 0.510227 0.0332031 0.509091 0.03125 0.509091 0.0302734 0.507955 0.0283203 0.507955 0.0273438 0.506818 0.0263672 0.506818 0.0253906 0.505682 0.0234375 0.505682 0.0224609 0.504545 0.0214844 0.504545 0.0205078 0.503409 0.0341797 0.453409 0.0371094 0.453409 0.0380859 0.454545 0.0410156 0.454545 0.0419922 0.455682 0.0449219 0.455682 0.0458984 0.456818 0.0478516 0.456818 0.0488281 0.457955 0.0507812 0.457955 0.0517578 0.459091 0.0527344 0.459091 0.0537109 0.460227 0.0556641 0.460227 0.0566406 0.461364 0.0585938 0.461364 0.0595703 0.4625 0.0615234 0.4625 0.0625 0.463636 0.0644531 0.463636 0.0664062 0.465909 0.0673828 0.465909 0.0683594 0.467045 0.0693359 0.467045 0.0703125 0.468182 0.0712891 0.468182 0.0722656 0.469318 0.0732422 0.469318 0.0742188 0.470455 0.0771484 0.470455 0.078125 0.471591 0.0800781 0.471591 0.0810547 0.472727 0.0830078 0.472727 0.0839844 0.473864 0.0869141 0.473864 0.0878906 0.475 0.0908203 0.475 0.0917969 0.476136 0.0957031 0.476136 0.0966797 0.477273 0.100586 0.477273 0.101562 0.478409 0.103516 0.478409 0.104492 0.479545 0.106445 0.479545 0.107422 0.480682 0.109375 0.480682 0.110352 0.481818 0.111328 0.481818 0.112305 0.482955 0.114258 0.482955 0.115234 0.484091 0.117188 0.484091 0.118164 0.485227 0.121094 0.485227 0.12207 0.486364 0.124023 0.486364 0.125 0.4875 0.128906 0.4875 0.129883 0.488636 0.135742 0.488636 0.136719 0.489773 0.152344 0.489773 0.15332 0.488636 0.155273 0.488636 0.15625 0.4875 0.157227 0.4875 0.15918 0.485227 0.160156 0.485227 0.161133 0.484091 0.164062 0.484091 0.165039 0.482955 0.172852 0.482955 0.173828 0.484091 0.175781 0.484091 0.176758 0.485227 0.178711 0.485227 0.179688 0.486364 0.180664 0.486364 0.183594 0.489773 0.18457 0.489773 0.1875 0.493182 0.188477 0.493182 0.19043 0.495455 0.191406 0.495455 0.193359 0.497727 0.193359 0.498864 0.194336 0.5 0.195312 0.5 0.197266 0.502273 0.198242 0.502273 0.199219 0.503409 0.200195 0.503409 0.201172 0.504545 0.202148 0.504545 0.203125 0.505682 0.205078 0.505682 0.206055 0.506818 0.208008 0.506818 0.208984 0.507955 0.209961 0.507955 0.210938 0.509091 0.212891 0.509091 0.213867 0.510227 0.214844 0.510227 0.21582 0.511364 0.216797 0.511364 0.217773 0.5125 0.219727 0.5125 0.220703 0.513636 0.22168 0.513636 0.222656 0.514773 0.223633 0.514773 0.224609 0.515909 0.225586 0.515909 0.226562 0.517045 0.228516 0.517045 0.229492 0.518182 0.231445 0.518182 0.232422 0.519318 0.234375 0.519318 0.235352 0.520455 0.236328 0.520455 0.237305 0.521591 0.239258 0.521591 0.240234 0.522727 0.242188 0.522727 0.243164 0.523864 0.245117 0.523864 0.246094 0.525 0.25 0.525 0.250977 0.526136 0.253906 0.526136 0.254883 0.527273 0.256836 0.527273 0.257812 0.528409 0.259766 0.528409 0.260742 0.529545 0.262695 0.529545 0.263672 0.530682 0.266602 0.530682 0.267578 0.531818 0.269531 0.531818 0.270508 0.532955 0.272461 0.532955 0.273438 0.534091 0.276367 0.534091 0.277344 0.535227 0.28125 0.535227 0.282227 0.536364 0.311523 0.536364 0.3125 0.5375 0.321289 0.5375 0.322266 0.536364 0.354492 0.536364 0.355469 0.535227 0.358398 0.535227 0.359375 0.534091 0.360352 0.534091 0.364258 0.529545 0.364258 0.528409 0.365234 0.527273 0.365234 0.525 0.366211 0.523864 0.366211 0.519318 0.365234 0.518182 0.365234 0.515909 0.364258 0.514773 0.364258 0.513636 0.363281 0.5125 0.363281 0.511364 0.362305 0.510227 0.362305 0.509091 0.359375 0.505682 0.359375 0.504545 0.354492 0.498864 0.353516 0.498864 0.350586 0.495455 0.349609 0.495455 0.347656 0.493182 0.34668 0.493182 0.345703 0.492045 0.34375 0.492045 0.342773 0.490909 0.338867 0.490909 0.337891 0.489773 0.333984 0.489773 0.333008 0.488636 0.328125 0.488636 0.327148 0.4875 0.317383 0.4875 0.316406 0.486364 0.294922 0.486364 0.293945 0.4875 0.290039 0.4875 0.289062 0.488636 0.275391 0.488636 0.274414 0.4875 0.270508 0.4875 0.269531 0.486364 0.267578 0.486364 0.266602 0.485227 0.264648 0.485227 0.263672 0.484091 0.261719 0.484091 0.260742 0.482955 0.259766 0.482955 0.258789 0.481818 0.257812 0.481818 0.256836 0.480682 0.255859 0.480682 0.253906 0.478409 0.25293 0.478409 0.251953 0.477273 0.250977 0.477273 0.25 0.476136 0.249023 0.476136 0.248047 0.475 0.24707 0.475 0.246094 0.473864 0.243164 0.473864 0.242188 0.472727 0.240234 0.472727 0.239258 0.471591 0.237305 0.471591 0.236328 0.470455 0.235352 0.470455 0.233398 0.468182 0.232422 0.468182 0.231445 0.467045 0.230469 0.467045 0.229492 0.465909 0.228516 0.465909 0.227539 0.464773 0.226562 0.464773 0.225586 0.463636 0.223633 0.463636 0.222656 0.4625 0.220703 0.4625 0.219727 0.461364 0.216797 0.461364 0.21582 0.460227 0.214844 0.460227 0.213867 0.459091 0.211914 0.459091 0.210938 0.457955 0.208984 0.457955 0.208008 0.456818 0.205078 0.456818 0.204102 0.455682 0.203125 0.455682 0.202148 0.454545 0.199219 0.454545 0.198242 0.453409 0.196289 0.453409 0.195312 0.452273 0.194336 0.452273 0.193359 0.451136 0.192383 0.451136 0.191406 0.45 0.19043 0.45 0.189453 0.448864 0.188477 0.448864 0.1875 0.447727 0.177734 0.447727 0.176758 0.448864 0.174805 0.448864 0.173828 0.45 0.171875 0.45 0.170898 0.451136 0.167969 0.451136 0.166992 0.452273 0.166016 0.452273 0.165039 0.453409 0.164062 0.453409 0.162109 0.455682 0.161133 0.455682 0.158203 0.459091 0.15625 0.459091 0.155273 0.457955 0.15332 0.457955 0.151367 0.455682 0.150391 0.455682 0.147461 0.452273 0.146484 0.452273 0.143555 0.448864 0.142578 0.448864 0.141602 0.447727 0.140625 0.447727 0.139648 0.446591 0.138672 0.446591 0.137695 0.445455 0.134766 0.445455 0.133789 0.444318 0.131836 0.444318 0.130859 0.443182 0.128906 0.443182 0.12793 0.442045 0.125 0.442045 0.124023 0.440909 0.121094 0.440909 0.120117 0.439773 0.117188 0.439773 0.116211 0.438636 0.115234 0.438636 0.114258 0.4375 0.113281 0.4375 0.112305 0.436364 0.110352 0.436364 0.109375 0.435227 0.108398 0.435227 0.107422 0.434091 0.105469 0.434091 0.104492 0.432955 0.103516 0.432955 0.102539 0.431818 0.101562 0.431818 0.100586 0.430682 0.0976562 0.430682 0.0966797 0.429545 0.0947266 0.429545 0.09375 0.428409 0.0927734 0.428409 0.0917969 0.427273 0.0888672 0.427273 0.0878906 0.426136 0.0849609 0.426136 0.0839844 0.425 0.0830078 0.425 0.0820312 0.423864 0.0820312 0.422727 0.0791016 0.419318 0.0791016 0.415909 0.0566406 0.415909 0.0566406 0.419318 0.0556641 0.420455 0.0380859 0.420455 0.0371094 0.419318 0.0371094 0.415909 0.0136719 0.415909 0.0136719 0.440909 0.0166016 0.440909 0.0214844 0.446591 0.0224609 0.446591 0.0234375 0.447727 0.0244141 0.447727 0.0253906 0.448864 0.0263672 0.448864 0.0283203 0.451136 0.0302734 0.451136 0.03125 0.452273 0.0332031 0.452273 0.0341797 0.453409
1 0.376953 0.0704545 0.376953 0.126136 0.379883 0.126136 0.380859 0.127273 0.380859 0.128409 0.381836 0.129545 0.381836 0.132955 0.382812 0.134091 0.382812 0.138636 0.383789 0.139773 0.383789 0.143182 0.384766 0.144318 0.384766 0.145455 0.385742 0.146591 0.385742 0.147727 0.386719 0.148864 0.386719 0.15 0.387695 0.151136 0.387695 0.152273 0.392578 0.157955 0.392578 0.159091 0.402344 0.170455 0.40332 0.170455 0.404297 0.171591 0.405273 0.171591 0.40625 0.172727 0.407227 0.172727 0.408203 0.173864 0.413086 0.173864 0.414062 0.172727 0.418945 0.172727 0.418945 0.157955 0.416016 0.157955 0.414062 0.155682 0.414062 0.154545 0.413086 0.153409 0.413086 0.151136 0.412109 0.15 0.412109 0.148864 0.411133 0.147727 0.411133 0.145455 0.410156 0.144318 0.410156 0.143182 0.40918 0.142045 0.40918 0.139773 0.408203 0.138636 0.408203 0.136364 0.407227 0.135227 0.407227 0.134091 0.40625 0.132955 0.40625 0.130682 0.405273 0.129545 0.405273 0.127273 0.404297 0.126136 0.404297 0.125 0.40332 0.123864 0.40332 0.121591 0.402344 0.120455 0.402344 0.118182 0.401367 0.117045 0.401367 0.113636 0.400391 0.1125 0.400391 0.110227 0.399414 0.109091 0.399414 0.104545 0.398438 0.103409 0.398438 0.1 0.397461 0.0988636 0.397461 0.0943182 0.396484 0.0931818 0.396484 0.0886364 0.395508 0.0875 0.395508 0.0840909 0.394531 0.0829545 0.394531 0.0806818 0.393555 0.0795455 0.393555 0.0784091 0.392578 0.0772727 0.392578 0.0761364 0.391602 0.075 0.391602 0.0704545
0 0.947266 0.725 0.947266 0.789773 0.951172 0.789773 0.952148 0.790909 0.953125 0.790909 0.958984 0.797727 0.959961 0.797727 0.962891 0.801136 0.963867 0.801136 0.966797 0.804545 0.967773 0.804545 0.969727 0.806818 0.970703 0.806818 0.97168 0.807955 0.972656 0.807955 0.974609 0.810227 0.975586 0.810227 0.976562 0.811364 0.977539 0.811364 0.980469 0.814773 0.981445 0.814773 0.983398 0.817045 0.984375 0.817045 0.986328 0.819318 0.987305 0.819318 0.989258 0.821591 0.990234 0.821591 0.992188 0.823864 0.993164 0.823864 0.995117 0.826136 0.996094 0.826136 0.99707 0.827273 0.999023 0.827273 0.999023 0.740909 0.998047 0.740909 0.99707 0.739773 0.996094 0.739773 0.995117 0.738636 0.994141 0.738636 0.993164 0.7375 0.992188 0.7375 0.991211 0.736364 0.990234 0.736364 0.989258 0.735227 0.988281 0.735227 0.987305 0.734091 0.986328 0.734091 0.983398 0.730682 0.982422 0.730682 0.980469 0.728409 0.980469 0.725
1 0.798828 0 0.798828 0.0113636 0.801758 0.0113636 0.80957 0.0204545 0.810547 0.0204545 0.811523 0.0215909 0.8125 0.0215909 0.813477 0.0227273 0.814453 0.0227273 0.81543 0.0238636 0.817383 0.0238636 0.818359 0.025 0.819336 0.025 0.820312 0.0261364 0.822266 0.0261364 0.823242 0.0272727 0.825195 0.0272727 0.826172 0.0284091 0.827148 0.0284091 0.829102 0.0306818 0.831055 0.0306818 0.832031 0.0318182 0.833984 0.0318182 0.834961 0.0329545 0.835938 0.0329545 0.836914 0.0340909 0.838867 0.0340909 0.839844 0.0352273 0.841797 0.0352273 0.842773 0.0363636 0.845703 0.0363636 0.84668 0.0375 0.847656 0.0375 0.848633 0.0386364 0.848633 0.0420455 0.853516 0.0420455 0.853516 0.0386364 0.854492 0.0375 0.859375 0.0375 0.860352 0.0363636 0.863281 0.0363636 0.864258 0.0352273 0.868164 0.0352273 0.868164 0.0215909 0.865234 0.0215909 0.863281 0.0193182 0.862305 0.0193182 0.860352 0.0170455 0.859375 0.0170455 0.858398 0.0159091 0.857422 0.0159091 0.856445 0.0147727 0.855469 0.0147727 0.853516 0.0125 0.852539 0.0125 0.850586 0.0102273 0.849609 0.0102273 0.847656 0.00795455 0.84668 0.00795455 0.84375 0.00454545 0.842773 0.00454545 0.839844 0.00113636 0.839844 0
1 0.84668 0.134091 0.847656 0.134091 0.849609 0.136364 0.850586 0.136364 0.852539 0.138636 0.853516 0.138636 0.857422 0.143182 0.858398 0.143182 0.862305 0.147727 0.863281 0.147727 0.866211 0.151136 0.867188 0.151136 0.868164 0.152273 0.869141 0.152273 0.870117 0.153409 0.871094 0.153409 0.87207 0.154545 0.873047 0.154545 0.875 0.156818 0.875977 0.156818 0.876953 0.157955 0.878906 0.157955 0.879883 0.159091 0.888672 0.159091 0.889648 0.157955 0.894531 0.157955 0.895508 0.156818 0.900391 0.156818 0.902344 0.154545 0.90332 0.154545 0.905273 0.152273 0.90625 0.152273 0.908203 0.15 0.908203 0.147727 0.90918 0.146591 0.910156 0.146591 0.911133 0.145455 0.913086 0.145455 0.914062 0.146591 0.916016 0.146591 0.916992 0.145455 0.918945 0.145455 0.922852 0.140909 0.923828 0.140909 0.926758 0.1375 0.928711 0.1375 0.929688 0.138636 0.930664 0.138636 0.931641 0.139773 0.931641 0.140909 0.932617 0.142045 0.932617 0.145455 0.931641 0.146591 0.931641 0.147727 0.930664 0.148864 0.929688 0.148864 0.926758 0.152273 0.922852 0.152273 0.921875 0.153409 0.920898 0.153409 0.919922 0.154545 0.917969 0.154545 0.916016 0.156818 0.913086 0.156818 0.912109 0.157955 0.910156 0.157955 0.90918 0.159091 0.908203 0.159091 0.90625 0.161364 0.899414 0.161364 0.898438 0.1625 0.893555 0.1625 0.892578 0.163636 0.883789 0.163636 0.881836 0.165909 0.880859 0.165909 0.879883 0.167045 0.878906 0.167045 0.875 0.171591 0.874023 0.171591 0.873047 0.172727 0.87207 0.172727 0.870117 0.175 0.869141 0.175 0.868164 0.176136 0.867188 0.176136 0.866211 0.177273 0.865234 0.177273 0.864258 0.178409 0.861328 0.178409 0.860352 0.179545 0.858398 0.179545 0.857422 0.180682 0.852539 0.180682 0.851562 0.181818 0.845703 0.181818 0.844727 0.182955 0.834961 0.182955 0.833984 0.184091 0.825195 0.184091 0.824219 0.185227 0.818359 0.185227 0.817383 0.186364 0.813477 0.186364 0.8125 0.1875 0.808594 0.1875 0.807617 0.188636 0.806641 0.188636 0.805664 0.189773 0.804688 0.189773 0.802734 0.192045 0.801758 0.192045 0.801758 0.194318 0.802734 0.195455 0.802734 0.197727 0.804688 0.2 0.805664 0.2 0.808594 0.203409 0.808594 0.204545 0.810547 0.206818 0.810547 0.207955 0.811523 0.207955 0.8125 0.209091 0.813477 0.209091 0.814453 0.210227 0.816406 0.210227 0.817383 0.211364 0.823242 0.211364 0.824219 0.210227 0.838867 0.210227 0.839844 0.209091 0.845703 0.209091 0.84668 0.207955 0.848633 0.207955 0.849609 0.206818 0.856445 0.206818 0.857422 0.205682 0.860352 0.205682 0.861328 0.204545 0.862305 0.204545 0.863281 0.203409 0.864258 0.203409 0.865234 0.202273 0.868164 0.202273 0.869141 0.201136 0.876953 0.201136 0.87793 0.2 0.900391 0.2 0.901367 0.198864 0.902344 0.198864 0.904297 0.196591 0.905273 0.196591 0.90625 0.195455 0.923828 0.195455 0.924805 0.194318 0.926758 0.194318 0.927734 0.193182 0.928711 0.193182 0.929688 0.192045 0.930664 0.192045 0.931641 0.190909 0.932617 0.190909 0.933594 0.189773 0.93457 0.189773 0.935547 0.188636 0.936523 0.188636 0.9375 0.1875 0.938477 0.1875 0.939453 0.186364 0.94043 0.186364 0.941406 0.185227 0.943359 0.185227 0.944336 0.184091 0.945312 0.184091 0.946289 0.182955 0.947266 0.182955 0.948242 0.181818 0.949219 0.181818 0.950195 0.180682 0.951172 0.180682 0.952148 0.179545 0.954102 0.179545 0.955078 0.178409 0.956055 0.178409 0.957031 0.177273 0.958008 0.177273 0.958984 0.176136 0.960938 0.176136 0.961914 0.175 0.962891 0.175 0.963867 0.173864 0.96582 0.173864 0.966797 0.172727 0.967773 0.172727 0.96875 0.171591 0.970703 0.171591 0.97168 0.170455 0.974609 0.170455 0.975586 0.169318 0.981445 0.169318 0.982422 0.170455 0.983398 0.170455 0.984375 0.171591 0.989258 0.171591 0.992188 0.168182 0.993164 0.168182 0.996094 0.164773 0.99707 0.164773 0.998047 0.163636 0.999023 0.163636 0.999023 0.120455 0.974609 0.120455 0.974609 0.123864 0.973633 0.125 0.972656 0.125 0.97168 0.126136 0.96875 0.126136 0.967773 0.127273 0.963867 0.127273 0.962891 0.128409 0.960938 0.128409 0.959961 0.129545 0.957031 0.129545 0.956055 0.130682 0.953125 0.130682 0.952148 0.131818 0.947266 0.131818 0.946289 0.130682 0.944336 0.130682 0.943359 0.129545 0.941406 0.129545 0.94043 0.128409 0.938477 0.128409 0.9375 0.127273 0.935547 0.127273 0.93457 0.126136 0.925781 0.126136 0.923828 0.123864 0.923828 0.120455 0.849609 0.120455 0.849609 0.125 0.84668 0.128409 0.84668 0.134091 0.819336 0.1375 0.817383 0.135227 0.817383 0.132955 0.814453 0.129545 0.814453 0.128409 0.8125 0.126136 0.8125 0.125 0.811523 0.123864 0.811523 0.120455 0.787109 0.120455 0.787109 0.160227 0.790039 0.160227 0.791016 0.159091 0.792969 0.159091 0.793945 0.157955 0.796875 0.157955 0.797852 0.156818 0.798828 0.156818 0.799805 0.155682 0.799805 0.154545 0.802734 0.151136 0.803711 0.151136 0.805664 0.148864 0.806641 0.148864 0.807617 0.147727 0.808594 0.147727 0.80957 0.146591 0.810547 0.146591 0.811523 0.145455 0.813477 0.145455 0.816406 0.142045 0.816406 0.140909 0.819336 0.1375
1 0.267578 0.570455 0.267578 0.611364 0.274414 0.611364 0.285156 0.623864 0.285156 0.625 0.288086 0.628409 0.288086 0.629545 0.291016 0.632955 0.291016 0.634091 0.292969 0.636364 0.293945 0.636364 0.294922 0.6375 0.295898 0.6375 0.296875 0.636364 0.298828 0.636364 0.300781 0.634091 0.301758 0.634091 0.303711 0.631818 0.303711 0.630682 0.306641 0.627273 0.30957 0.627273 0.30957 0.604545 0.306641 0.604545 0.305664 0.603409 0.305664 0.602273 0.304688 0.601136 0.304688 0.6 0.303711 0.598864 0.303711 0.596591 0.302734 0.595455 0.302734 0.593182 0.301758 0.592045 0.301758 0.589773 0.300781 0.588636 0.300781 0.5875 0.298828 0.585227 0.298828 0.584091 0.296875 0.581818 0.296875 0.580682 0.293945 0.577273 0.293945 0.576136 0.291992 0.573864 0.291992 0.570455
0 0.985352 0.543182 0.985352 0.546591 0.984375 0.547727 0.984375 0.548864 0.983398 0.55 0.983398 0.551136 0.980469 0.554545 0.980469 0.555682 0.977539 0.559091 0.976562 0.559091 0.976562 0.560227 0.974609 0.5625 0.970703 0.5625 0.970703 0.623864 0.973633 0.623864 0.976562 0.627273 0.976562 0.628409 0.978516 0.630682 0.978516 0.631818 0.981445 0.635227 0.981445 0.636364 0.987305 0.643182 0.987305 0.646591 0.999023 0.646591 0.999023 0.543182
1 0.00976562 0.411364 0.00976562 0.447727 0.0195312 0.447727 0.0205078 0.448864 0.0234375 0.448864 0.0244141 0.45 0.0263672 0.45 0.0273438 0.451136 0.0283203 0.451136 0.0292969 0.452273 0.03125 0.452273 0.0322266 0.453409 0.0361328 0.453409 0.0371094 0.454545 0.0390625 0.454545 0.0400391 0.455682 0.0419922 0.455682 0.0429688 0.456818 0.0449219 0.456818 0.0458984 0.457955 0.0478516 0.457955 0.0488281 0.459091 0.0498047 0.459091 0.0507812 0.460227 0.0517578 0.460227 0.0527344 0.461364 0.0546875 0.461364 0.0556641 0.4625 0.0576172 0.4625 0.0585938 0.463636 0.0595703 0.463636 0.0605469 0.464773 0.0615234 0.464773 0.0625 0.465909 0.0634766 0.465909 0.0644531 0.467045 0.0654297 0.467045 0.0664062 0.468182 0.0673828 0.468182 0.0683594 0.469318 0.0703125 0.469318 0.0712891 0.470455 0.0732422 0.470455 0.0742188 0.471591 0.0761719 0.471591 0.0771484 0.472727 0.0791016 0.472727 0.0800781 0.473864 0.0810547 0.473864 0.0820312 0.475 0.0849609 0.475 0.0859375 0.476136 0.0888672 0.476136 0.0898438 0.477273 0.0927734 0.477273 0.09375 0.478409 0.0966797 0.478409 0.0976562 0.479545 0.101562 0.479545 0.102539 0.480682 0.105469 0.480682 0.106445 0.481818 0.108398 0.481818 0.109375 0.482955 0.111328 0.482955 0.112305 0.484091 0.115234 0.484091 0.116211 0.485227 0.119141 0.485227 0.120117 0.486364 0.125977 0.486364 0.126953 0.4875 0.12793 0.4875 0.128906 0.488636 0.128906 0.492045 0.15625 0.492045 0.15625 0.4875 0.157227 0.486364 0.161133 0.486364 0.161133 0.4625 0.158203 0.4625 0.155273 0.459091 0.154297 0.459091 0.150391 0.454545 0.149414 0.454545 0.144531 0.448864 0.143555 0.448864 0.142578 0.447727 0.141602 0.447727 0.139648 0.445455 0.137695 0.445455 0.136719 0.444318 0.133789 0.444318 0.132812 0.443182 0.129883 0.443182 0.128906 0.442045 0.126953 0.442045 0.125977 0.440909 0.123047 0.440909 0.12207 0.439773 0.119141 0.439773 0.118164 0.438636 0.116211 0.438636 0.115234 0.4375 0.114258 0.4375 0.113281 0.436364 0.111328 0.436364 0.110352 0.435227 0.108398 0.435227 0.107422 0.434091 0.106445 0.434091 0.105469 0.432955 0.104492 0.432955 0.103516 0.431818 0.102539 0.431818 0.101562 0.430682 0.0996094 0.430682 0.0986328 0.429545 0.0966797 0.429545 0.0957031 0.428409 0.0947266 0.428409 0.09375 0.427273 0.0917969 0.427273 0.0908203 0.426136 0.0869141 0.426136 0.0859375 0.425 0.0849609 0.425 0.0839844 0.423864 0.0830078 0.423864 0.0820312 0.422727 0.0800781 0.422727 0.0791016 0.421591 0.0527344 0.421591 0.0517578 0.420455 0.0478516 0.420455 0.046875 0.419318 0.0419922 0.419318 0.0410156 0.418182 0.0341797 0.418182 0.0332031 0.417045 0.0273438 0.417045 0.0263672 0.415909 0.0253906 0.415909 0.0244141 0.414773 0.0244141 0.411364
1 0.451172 0.0886364 0.451172 0.134091 0.454102 0.134091 0.455078 0.135227 0.455078 0.145455 0.454102 0.146591 0.451172 0.146591 0.451172 0.152273 0.454102 0.152273 0.455078 0.153409 0.455078 0.155682 0.456055 0.156818 0.456055 0.160227 0.457031 0.161364 0.457031 0.163636 0.458008 0.164773 0.458008 0.167045 0.458984 0.168182 0.458984 0.171591 0.459961 0.172727 0.459961 0.175 0.460938 0.176136 0.460938 0.178409 0.461914 0.179545 0.461914 0.184091 0.462891 0.185227 0.462891 0.201136 0.461914 0.202273 0.461914 0.209091 0.460938 0.210227 0.460938 0.222727 0.461914 0.223864 0.461914 0.226136 0.462891 0.227273 0.46582 0.227273 0.466797 0.228409 0.467773 0.228409 0.469727 0.230682 0.474609 0.230682 0.475586 0.231818 0.475586 0.232955 0.476562 0.234091 0.476562 0.235227 0.477539 0.236364 0.477539 0.2375 0.478516 0.238636 0.478516 0.246591 0.496094 0.246591 0.496094 0.242045 0.49707 0.240909 0.49707 0.238636 0.498047 0.2375 0.498047 0.229545 0.499023 0.228409 0.499023 0.221591 0.5 0.220455 0.5 0.206818 0.500977 0.205682 0.500977 0.197727 0.501953 0.196591 0.504883 0.196591 0.504883 0.176136 0.501953 0.176136 0.500977 0.175 0.500977 0.173864 0.5 0.172727 0.5 0.169318 0.499023 0.168182 0.499023 0.164773 0.498047 0.163636 0.498047 0.159091 0.49707 0.157955 0.49707 0.152273 0.496094 0.151136 0.496094 0.143182 0.49707 0.142045 0.49707 0.138636 0.498047 0.1375 0.49707 0.136364 0.49707 0.129545 0.496094 0.128409 0.496094 0.118182 0.495117 0.117045 0.495117 0.106818 0.494141 0.105682 0.494141 0.0943182 0.493164 0.0931818 0.493164 0.0886364
1 0.806641 0.1875 0.805664 0.188636 0.805664 0.192045 0.860352 0.192045 0.860352 0.178409 0.854492 0.178409 0.853516 0.179545 0.849609 0.179545 0.848633 0.180682 0.838867 0.180682 0.837891 0.181818 0.829102 0.181818 0.828125 0.182955 0.822266 0.182955 0.821289 0.184091 0.816406 0.184091 0.81543 0.185227 0.8125 0.185227 0.811523 0.186364 0.80957 0.186364 0.808594 0.1875 0.806641 0.1875 0.792969 0.154545 0.793945 0.153409 0.794922 0.153409 0.795898 0.152273 0.796875 0.152273 0.797852 0.151136 0.799805 0.151136 0.800781 0.15 0.801758 0.15 0.802734 0.148864 0.805664 0.148864 0.806641 0.147727 0.808594 0.147727 0.80957 0.146591 0.811523 0.146591 0.8125 0.145455 0.814453 0.145455 0.81543 0.144318 0.817383 0.144318 0.818359 0.143182 0.820312 0.143182 0.821289 0.142045 0.823242 0.142045 0.824219 0.140909 0.827148 0.140909 0.828125 0.139773 0.834961 0.139773 0.835938 0.138636 0.839844 0.138636 0.84082 0.1375 0.842773 0.1375 0.84375 0.136364 0.845703 0.136364 0.84668 0.135227 0.849609 0.135227 0.850586 0.134091 0.856445 0.134091 0.857422 0.132955 0.860352 0.132955 0.860352 0.115909 0.78418 0.115909 0.78418 0.119318 0.782227 0.121591 0.779297 0.121591 0.77832 0.122727 0.776367 0.122727 0.775391 0.123864 0.772461 0.123864 0.771484 0.125 0.767578 0.125 0.766602 0.126136 0.763672 0.126136 0.762695 0.127273 0.760742 0.127273 0.759766 0.128409 0.758789 0.128409 0.757812 0.129545 0.755859 0.129545 0.754883 0.130682 0.753906 0.130682 0.75293 0.131818 0.750977 0.131818 0.75 0.132955 0.748047 0.132955 0.74707 0.134091 0.746094 0.134091 0.745117 0.135227 0.743164 0.135227 0.742188 0.136364 0.741211 0.136364 0.740234 0.1375 0.739258 0.1375 0.738281 0.138636 0.736328 0.138636 0.735352 0.139773 0.734375 0.139773 0.733398 0.140909 0.732422 0.140909 0.731445 0.142045 0.729492 0.142045 0.728516 0.143182 0.726562 0.143182 0.725586 0.144318 0.724609 0.144318 0.723633 0.145455 0.72168 0.145455 0.720703 0.146591 0.71875 0.146591 0.717773 0.147727 0.712891 0.147727 0.712891 0.161364 0.717773 0.161364 0.71875 0.1625 0.719727 0.1625 0.72168 0.164773 0.722656 0.164773 0.724609 0.167045 0.725586 0.167045 0.727539 0.169318 0.728516 0.169318 0.732422 0.173864 0.732422 0.175 0.731445 0.176136 0.731445 0.180682 0.734375 0.184091 0.741211 0.184091 0.742188 0.185227 0.74707 0.185227 0.748047 0.186364 0.75 0.186364 0.750977 0.1875 0.751953 0.1875 0.75293 0.186364 0.755859 0.186364 0.756836 0.185227 0.757812 0.185227 0.758789 0.184091 0.759766 0.184091 0.760742 0.182955 0.761719 0.182955 0.762695 0.181818 0.763672 0.181818 0.765625 0.179545 0.766602 0.179545 0.776367 0.168182 0.776367 0.167045 0.777344 0.165909 0.77832 0.165909 0.782227 0.161364 0.783203 0.161364 0.786133 0.157955 0.787109 0.157955 0.788086 0.156818 0.789062 0.156818 0.791016 0.154545 0.792969 0.154545
1 0.851562 0.120455 0.851562 0.123864 0.850586 0.125 0.850586 0.126136 0.848633 0.128409 0.845703 0.128409 0.845703 0.1375 0.849609 0.1375 0.850586 0.138636 0.850586 0.139773 0.851562 0.140909 0.852539 0.140909 0.855469 0.144318 0.856445 0.144318 0.860352 0.148864 0.861328 0.148864 0.864258 0.152273 0.865234 0.152273 0.866211 0.153409 0.867188 0.153409 0.868164 0.154545 0.869141 0.154545 0.873047 0.159091 0.874023 0.159091 0.875977 0.161364 0.875977 0.164773 0.999023 0.164773 0.999023 0.120455 0.969727 0.120455 0.969727 0.123864 0.967773 0.126136 0.966797 0.126136 0.96582 0.127273 0.963867 0.127273 0.962891 0.128409 0.960938 0.128409 0.959961 0.129545 0.957031 0.129545 0.956055 0.130682 0.953125 0.130682 0.952148 0.129545 0.950195 0.129545 0.947266 0.126136 0.946289 0.126136 0.945312 0.125 0.945312 0.120455
1 0.930664 0.384091 0.930664 0.3875 0.927734 0.390909 0.923828 0.390909 0.923828 0.415909 0.926758 0.415909 0.927734 0.417045 0.929688 0.417045 0.930664 0.418182 0.931641 0.418182 0.933594 0.420455 0.93457 0.420455 0.935547 0.421591 0.936523 0.421591 0.9375 0.422727 0.938477 0.422727 0.939453 0.423864 0.941406 0.423864 0.942383 0.425 0.942383 0.428409 0.951172 0.428409 0.951172 0.425 0.952148 0.423864 0.954102 0.423864 0.955078 0.422727 0.958008 0.422727 0.958984 0.421591 0.960938 0.421591 0.961914 0.420455 0.962891 0.420455 0.963867 0.419318 0.964844 0.419318 0.96582 0.418182 0.966797 0.418182 0.967773 0.417045 0.96875 0.417045 0.969727 0.415909 0.970703 0.415909 0.97168 0.414773 0.972656 0.414773 0.975586 0.411364 0.976562 0.411364 0.976562 0.410227 0.977539 0.409091 0.981445 0.409091 0.981445 0.398864 0.978516 0.398864 0.975586 0.395455 0.974609 0.395455 0.970703 0.390909 0.969727 0.390909 0.966797 0.3875 0.966797 0.384091
1 0.466797 0.793182 0.466797 0.860227 0.470703 0.860227 0.47168 0.861364 0.472656 0.861364 0.473633 0.8625 0.474609 0.8625 0.475586 0.863636 0.476562 0.863636 0.477539 0.864773 0.478516 0.864773 0.479492 0.865909 0.481445 0.865909 0.482422 0.867045 0.484375 0.867045 0.485352 0.868182 0.488281 0.868182 0.489258 0.869318 0.492188 0.869318 0.493164 0.870455 0.505859 0.870455 0.506836 0.869318 0.514648 0.869318 0.515625 0.870455 0.576172 0.870455 0.577148 0.871591 0.597656 0.871591 0.598633 0.872727 0.605469 0.872727 0.606445 0.873864 0.608398 0.873864 0.609375 0.875 0.609375 0.878409 0.708008 0.878409 0.708008 0.875 0.709961 0.872727 0.709961 0.871591 0.710938 0.870455 0.710938 0.869318 0.708984 0.867045 0.708984 0.865909 0.703125 0.859091 0.702148 0.859091 0.698242 0.854545 0.697266 0.854545 0.696289 0.853409 0.695312 0.853409 0.692383 0.85 0.691406 0.85 0.689453 0.847727 0.688477 0.847727 0.685547 0.844318 0.68457 0.844318 0.681641 0.840909 0.680664 0.840909 0.678711 0.838636 0.677734 0.838636 0.674805 0.835227 0.673828 0.835227 0.672852 0.834091 0.671875 0.834091 0.669922 0.831818 0.668945 0.831818 0.666992 0.829545 0.666016 0.829545 0.665039 0.828409 0.664062 0.828409 0.663086 0.827273 0.662109 0.827273 0.661133 0.826136 0.65918 0.826136 0.658203 0.825 0.655273 0.825 0.654297 0.823864 0.651367 0.823864 0.650391 0.822727 0.646484 0.822727 0.645508 0.821591 0.641602 0.821591 0.640625 0.820455 0.637695 0.820455 0.636719 0.819318 0.634766 0.819318 0.633789 0.818182 0.631836 0.818182 0.630859 0.817045 0.628906 0.817045 0.62793 0.815909 0.625977 0.815909 0.625 0.814773 0.623047 0.814773 0.62207 0.813636 0.617188 0.813636 0.616211 0.8125 0.612305 0.8125 0.611328 0.811364 0.607422 0.811364 0.606445 0.810227 0.603516 0.810227 0.602539 0.809091 0.600586 0.809091 0.599609 0.807955 0.59668 0.807955 0.595703 0.806818 0.592773 0.806818 0.591797 0.805682 0.587891 0.805682 0.586914 0.804545 0.584961 0.804545 0.583984 0.803409 0.578125 0.803409 0.577148 0.802273 0.573242 0.802273 0.572266 0.801136 0.569336 0.801136 0.568359 0.8 0.566406 0.8 0.56543 0.798864 0.563477 0.798864 0.5625 0.797727 0.561523 0.797727 0.560547 0.796591 0.560547 0.793182
1 0.0625 0.651136 0.0615234 0.652273 0.0605469 0.652273 0.0595703 0.653409 0.0585938 0.653409 0.0576172 0.654545 0.0556641 0.654545 0.0546875 0.655682 0.0527344 0.655682 0.0517578 0.656818 0.0498047 0.656818 0.0488281 0.657955 0.0478516 0.657955 0.046875 0.659091 0.0458984 0.659091 0.0449219 0.660227 0.0410156 0.660227 0.0410156 0.679545 0.0439453 0.679545 0.0517578 0.688636 0.0517578 0.689773 0.0537109 0.692045 0.0537109 0.693182 0.0546875 0.694318 0.0546875 0.695455 0.0556641 0.696591 0.0556641 0.697727 0.0566406 0.698864 0.0566406 0.701136 0.0576172 0.702273 0.0576172 0.703409 0.0585938 0.704545 0.0585938 0.706818 0.0595703 0.707955 0.0595703 0.709091 0.0615234 0.711364 0.0615234 0.7125 0.0634766 0.714773 0.0634766 0.715909 0.0654297 0.718182 0.0654297 0.719318 0.0722656 0.727273 0.0732422 0.727273 0.0761719 0.730682 0.078125 0.730682 0.0791016 0.731818 0.0839844 0.731818 0.0849609 0.730682 0.0878906 0.730682 0.0888672 0.729545 0.0898438 0.729545 0.0908203 0.728409 0.0917969 0.728409 0.09375 0.726136 0.0947266 0.726136 0.0996094 0.720455 0.102539 0.720455 0.102539 0.709091 0.0996094 0.709091 0.0917969 0.7 0.0908203 0.7 0.0898438 0.698864 0.0888672 0.698864 0.0791016 0.6875 0.0791016 0.686364 0.0771484 0.684091 0.0771484 0.681818 0.0761719 0.680682 0.0761719 0.672727 0.0771484 0.671591 0.0771484 0.664773 0.078125 0.663636 0.078125 0.660227 0.0742188 0.655682 0.0742188 0.654545 0.0712891 0.651136
1 0.0800781 0.484091 0.0800781 0.525 0.0830078 0.525 0.0869141 0.529545 0.0878906 0.529545 0.0908203 0.532955 0.0917969 0.532955 0.09375 0.535227 0.0947266 0.535227 0.0976562 0.538636 0.0986328 0.538636 0.107422 0.548864 0.108398 0.548864 0.109375 0.55 0.112305 0.55 0.115234 0.546591 0.115234 0.545455 0.117188 0.543182 0.117188 0.542045 0.119141 0.539773 0.119141 0.538636 0.120117 0.5375 0.120117 0.536364 0.123047 0.532955 0.125977 0.532955 0.125977 0.511364 0.123047 0.511364 0.121094 0.509091 0.121094 0.506818 0.120117 0.505682 0.120117 0.504545 0.119141 0.503409 0.119141 0.501136 0.118164 0.5 0.118164 0.498864 0.117188 0.497727 0.117188 0.496591 0.115234 0.494318 0.115234 0.493182 0.111328 0.488636 0.111328 0.484091
1 0.714844 0.025 0.714844 0.0284091 0.713867 0.0295455 0.703125 0.0295455 0.702148 0.0306818 0.695312 0.0306818 0.694336 0.0318182 0.691406 0.0318182 0.69043 0.0329545 0.686523 0.0329545 0.685547 0.0340909 0.679688 0.0340909 0.678711 0.0352273 0.671875 0.0352273 0.670898 0.0340909 0.667969 0.0340909 0.666992 0.0329545 0.663086 0.0329545 0.662109 0.0340909 0.661133 0.0340909 0.658203 0.0375 0.658203 0.0409091 0.657227 0.0420455 0.657227 0.0465909 0.652344 0.0522727 0.652344 0.0534091 0.651367 0.0545455 0.651367 0.0556818 0.647461 0.0602273 0.647461 0.0613636 0.645508 0.0636364 0.645508 0.0647727 0.644531 0.0659091 0.644531 0.0670455 0.643555 0.0681818 0.643555 0.0693182 0.642578 0.0704545 0.634766 0.0704545 0.634766 0.0818182 0.638672 0.0818182 0.640625 0.0840909 0.641602 0.0840909 0.645508 0.0886364 0.645508 0.0897727 0.646484 0.0909091 0.646484 0.0920455 0.647461 0.0931818 0.647461 0.0965909 0.725586 0.0965909 0.725586 0.0931818 0.727539 0.0909091 0.729492 0.0909091 0.730469 0.0897727 0.731445 0.0897727 0.732422 0.0886364 0.733398 0.0886364 0.734375 0.0875 0.735352 0.0875 0.736328 0.0863636 0.738281 0.0863636 0.739258 0.0852273 0.745117 0.0852273 0.746094 0.0840909 0.755859 0.0840909 0.756836 0.0829545 0.757812 0.0829545 0.758789 0.0818182 0.759766 0.0818182 0.760742 0.0806818 0.761719 0.0806818 0.762695 0.0795455 0.763672 0.0795455 0.764648 0.0784091 0.768555 0.0784091 0.769531 0.0772727 0.774414 0.0772727 0.775391 0.0784091 0.786133 0.0784091 0.787109 0.0772727 0.791016 0.0772727 0.791992 0.0761364 0.793945 0.0761364 0.794922 0.075 0.797852 0.075 0.798828 0.0738636 0.801758 0.0738636 0.802734 0.0727273 0.803711 0.0727273 0.804688 0.0715909 0.806641 0.0715909 0.807617 0.0704545 0.808594 0.0704545 0.80957 0.0693182 0.810547 0.0693182 0.81543 0.0636364 0.816406 0.0636364 0.818359 0.0613636 0.821289 0.0613636 0.821289 0.0465909 0.817383 0.0465909 0.81543 0.0443182 0.81543 0.0431818 0.808594 0.0352273 0.807617 0.0352273 0.802734 0.0295455 0.802734 0.025
1 0.513672 0.170455 0.513672 0.217045 0.516602 0.217045 0.518555 0.219318 0.518555 0.220455 0.520508 0.222727 0.520508 0.223864 0.523438 0.227273 0.523438 0.228409 0.524414 0.229545 0.524414 0.230682 0.527344 0.234091 0.527344 0.235227 0.53125 0.239773 0.53125 0.240909 0.53418 0.244318 0.53418 0.245455 0.536133 0.247727 0.536133 0.248864 0.537109 0.25 0.537109 0.251136 0.539062 0.253409 0.539062 0.254545 0.540039 0.255682 0.540039 0.256818 0.541016 0.257955 0.541016 0.259091 0.541992 0.260227 0.541992 0.261364 0.542969 0.2625 0.542969 0.263636 0.543945 0.264773 0.543945 0.268182 0.544922 0.269318 0.544922 0.271591 0.545898 0.272727 0.545898 0.275 0.546875 0.276136 0.546875 0.278409 0.547852 0.279545 0.547852 0.281818 0.548828 0.282955 0.548828 0.285227 0.549805 0.286364 0.549805 0.2875 0.550781 0.288636 0.550781 0.290909 0.551758 0.292045 0.551758 0.293182 0.552734 0.294318 0.552734 0.295455 0.553711 0.296591 0.553711 0.297727 0.554688 0.298864 0.554688 0.301136 0.555664 0.302273 0.555664 0.305682 0.556641 0.306818 0.556641 0.309091 0.557617 0.310227 0.557617 0.3125 0.558594 0.313636 0.558594 0.314773 0.55957 0.315909 0.55957 0.319318 0.560547 0.320455 0.560547 0.321591 0.561523 0.322727 0.561523 0.323864 0.5625 0.325 0.5625 0.326136 0.563477 0.327273 0.563477 0.328409 0.564453 0.329545 0.564453 0.330682 0.56543 0.331818 0.56543 0.332955 0.566406 0.334091 0.566406 0.335227 0.567383 0.336364 0.567383 0.3375 0.568359 0.338636 0.568359 0.339773 0.576172 0.348864 0.577148 0.348864 0.579102 0.351136 0.579102 0.355682 0.586914 0.355682 0.586914 0.352273 0.603516 0.332955 0.603516 0.331818 0.609375 0.325 0.614258 0.325 0.614258 0.292045 0.611328 0.292045 0.608398 0.288636 0.608398 0.2875 0.609375 0.286364 0.609375 0.282955 0.610352 0.281818 0.610352 0.280682 0.611328 0.279545 0.614258 0.279545 0.611328 0.279545 0.607422 0.275 0.607422 0.272727 0.606445 0.271591 0.606445 0.269318 0.605469 0.268182 0.605469 0.265909 0.604492 0.264773 0.604492 0.2625 0.603516 0.261364 0.603516 0.260227 0.602539 0.259091 0.602539 0.257955 0.600586 0.255682 0.600586 0.254545 0.598633 0.252273 0.598633 0.251136 0.594727 0.246591 0.594727 0.245455 0.591797 0.242045 0.591797 0.240909 0.588867 0.2375 0.588867 0.236364 0.587891 0.235227 0.587891 0.234091 0.585938 0.231818 0.584961 0.231818 0.583984 0.230682 0.583008 0.230682 0.580078 0.227273 0.579102 0.227273 0.578125 0.226136 0.577148 0.226136 0.573242 0.221591 0.573242 0.220455 0.572266 0.219318 0.572266 0.218182 0.571289 0.217045 0.571289 0.215909 0.570312 0.214773 0.570312 0.213636 0.569336 0.2125 0.569336 0.211364 0.567383 0.209091 0.567383 0.207955 0.566406 0.207955 0.563477 0.204545 0.5625 0.204545 0.560547 0.202273 0.55957 0.202273 0.556641 0.198864 0.555664 0.198864 0.552734 0.195455 0.552734 0.194318 0.549805 0.190909 0.549805 0.189773 0.545898 0.185227 0.545898 0.184091 0.538086 0.175 0.538086 0.170455
1 0.767578 0.402273 0.767578 0.419318 0.770508 0.419318 0.771484 0.420455 0.772461 0.420455 0.779297 0.428409 0.780273 0.428409 0.78125 0.429545 0.782227 0.429545 0.78418 0.431818 0.785156 0.431818 0.786133 0.432955 0.787109 0.432955 0.788086 0.434091 0.789062 0.434091 0.790039 0.435227 0.791992 0.435227 0.792969 0.436364 0.793945 0.436364 0.794922 0.4375 0.798828 0.4375 0.799805 0.438636 0.806641 0.438636 0.807617 0.439773 0.811523 0.439773 0.8125 0.440909 0.814453 0.440909 0.81543 0.442045 0.816406 0.442045 0.817383 0.443182 0.818359 0.443182 0.819336 0.444318 0.820312 0.444318 0.821289 0.445455 0.823242 0.445455 0.825195 0.447727 0.825195 0.451136 0.863281 0.451136 0.863281 0.447727 0.864258 0.446591 0.867188 0.446591 0.868164 0.445455 0.873047 0.445455 0.874023 0.444318 0.875977 0.444318 0.876953 0.443182 0.87793 0.443182 0.878906 0.442045 0.880859 0.442045 0.881836 0.440909 0.884766 0.440909 0.885742 0.439773 0.888672 0.439773 0.889648 0.438636 0.892578 0.438636 0.893555 0.4375 0.894531 0.4375 0.895508 0.436364 0.899414 0.436364 0.900391 0.435227 0.904297 0.435227 0.905273 0.434091 0.910156 0.434091 0.911133 0.432955 0.916016 0.432955 0.916992 0.431818 0.920898 0.431818 0.921875 0.430682 0.923828 0.430682 0.927734 0.426136 0.930664 0.426136 0.930664 0.417045 0.926758 0.417045 0.925781 0.415909 0.925781 0.414773 0.919922 0.407955 0.918945 0.407955 0.917969 0.406818 0.917969 0.402273 0.896484 0.402273 0.896484 0.405682 0.894531 0.407955 0.893555 0.407955 0.891602 0.410227 0.890625 0.410227 0.889648 0.411364 0.888672 0.411364 0.887695 0.4125 0.884766 0.4125 0.883789 0.413636 0.879883 0.413636 0.878906 0.414773 0.875977 0.414773 0.875 0.415909 0.871094 0.415909 0.870117 0.417045 0.857422 0.417045 0.856445 0.418182 0.844727 0.418182 0.84375 0.417045 0.837891 0.417045 0.836914 0.415909 0.833008 0.415909 0.832031 0.414773 0.830078 0.414773 0.829102 0.413636 0.823242 0.413636 0.822266 0.4125 0.817383 0.4125 0.816406 0.411364 0.814453 0.411364 0.813477 0.410227 0.810547 0.410227 0.80957 0.409091 0.808594 0.409091 0.807617 0.407955 0.805664 0.407955 0.804688 0.406818 0.804688 0.402273
1 0.439453 0.0204545 0.439453 0.0931818 0.442383 0.0931818 0.444336 0.0954545 0.444336 0.0965909 0.446289 0.0988636 0.446289 0.1 0.449219 0.103409 0.449219 0.104545 0.450195 0.105682 0.450195 0.109091 0.451172 0.110227 0.451172 0.114773 0.452148 0.115909 0.452148 0.119318 0.453125 0.120455 0.453125 0.123864 0.454102 0.125 0.454102 0.130682 0.455078 0.131818 0.455078 0.155682 0.456055 0.156818 0.456055 0.160227 0.457031 0.161364 0.457031 0.163636 0.458008 0.164773 0.458008 0.167045 0.458984 0.168182 0.458984 0.171591 0.459961 0.172727 0.459961 0.176136 0.460938 0.177273 0.460938 0.179545 0.461914 0.180682 0.461914 0.184091 0.462891 0.185227 0.462891 0.201136 0.461914 0.202273 0.461914 0.209091 0.460938 0.210227 0.460938 0.221591 0.461914 0.222727 0.461914 0.225 0.462891 0.226136 0.462891 0.227273 0.463867 0.227273 0.464844 0.228409 0.46582 0.228409 0.466797 0.229545 0.467773 0.229545 0.470703 0.232955 0.473633 0.232955 0.475586 0.235227 0.475586 0.236364 0.477539 0.238636 0.477539 0.239773 0.479492 0.242045 0.479492 0.246591 0.495117 0.246591 0.495117 0.242045 0.496094 0.240909 0.496094 0.239773 0.49707 0.238636 0.49707 0.235227 0.498047 0.234091 0.498047 0.228409 0.499023 0.227273 0.499023 0.219318 0.5 0.218182 0.5 0.205682 0.500977 0.204545 0.500977 0.196591 0.501953 0.195455 0.504883 0.195455 0.504883 0.178409 0.501953 0.178409 0.500977 0.177273 0.500977 0.173864 0.5 0.172727 0.5 0.169318 0.499023 0.168182 0.499023 0.164773 0.498047 0.163636 0.498047 0.160227 0.49707 0.159091 0.49707 0.153409 0.496094 0.152273 0.496094 0.142045 0.49707 0.140909 0.49707 0.132955 0.496094 0.131818 0.496094 0.121591 0.495117 0.120455 0.495117 0.109091 0.494141 0.107955 0.494141 0.0943182 0.493164 0.0931818 0.493164 0.0909091 0.492188 0.0897727 0.492188 0.0886364 0.491211 0.0875 0.491211 0.0863636 0.490234 0.0852273 0.490234 0.0829545 0.489258 0.0818182 0.489258 0.0806818 0.488281 0.0795455 0.488281 0.0704545 0.494141 0.0636364 0.494141 0.0613636 0.496094 0.0590909 0.496094 0.0579545 0.49707 0.0568182 0.49707 0.0556818 0.498047 0.0545455 0.498047 0.05 0.499023 0.0488636 0.499023 0.0409091 0.498047 0.0397727 0.498047 0.0363636 0.49707 0.0352273 0.49707 0.0329545 0.496094 0.0318182 0.496094 0.0284091 0.495117 0.0272727 0.495117 0.025 0.494141 0.0238636 0.494141 0.0204545
