1 0.674805 0.44401 0.672852 0.441406 0.671875 0.441406 0.669922 0.438802 0.669922 0.434896 0.668945 0.433594 0.667969 0.433594 0.666992 0.432292 0.666016 0.432292 0.665039 0.43099 0.664062 0.432292 0.660156 0.432292 0.65918 0.43099 0.657227 0.43099 0.65625 0.432292 0.65625 0.434896 0.665039 0.446615 0.666992 0.446615 0.667969 0.447917 0.672852 0.447917 0.673828 0.446615 0.674805 0.446615 0.674805 0.44401 0.694336 0.432292 0.695312 0.433594 0.695312 0.434896 0.696289 0.436198 0.696289 0.438802 0.707031 0.453125 0.707031 0.454427 0.708008 0.455729 0.708008 0.459635 0.708984 0.460938 0.708984 0.464844 0.709961 0.466146 0.709961 0.46875 0.710938 0.470052 0.710938 0.472656 0.711914 0.473958 0.711914 0.479167 0.712891 0.480469 0.712891 0.483073 0.713867 0.484375 0.713867 0.485677 0.714844 0.486979 0.714844 0.488281 0.71582 0.489583 0.71582 0.490885 0.716797 0.490885 0.717773 0.492188 0.719727 0.492188 0.720703 0.49349 0.72168 0.492188 0.725586 0.492188 0.726562 0.490885 0.727539 0.490885 0.729492 0.488281 0.729492 0.486979 0.732422 0.483073 0.735352 0.483073 0.735352 0.446615 0.731445 0.446615 0.728516 0.442708 0.728516 0.441406 0.727539 0.440104 0.727539 0.438802 0.726562 0.4375 0.726562 0.436198 0.725586 0.434896 0.725586 0.433594 0.724609 0.432292 0.724609 0.43099 0.723633 0.429688 0.723633 0.428385 0.722656 0.427083 0.722656 0.425781 0.72168 0.424479 0.72168 0.423177 0.720703 0.421875 0.720703 0.420573 0.719727 0.419271 0.719727 0.417969 0.71875 0.416667 0.71875 0.415365 0.717773 0.414062 0.717773 0.41276 0.71582 0.410156 0.71582 0.408854 0.712891 0.404948 0.712891 0.403646 0.708984 0.398438 0.708984 0.397135 0.704102 0.390625 0.704102 0.389323 0.701172 0.385417 0.701172 0.384115 0.693359 0.373698 0.693359 0.372396 0.689453 0.367188 0.688477 0.367188 0.6875 0.365885 0.686523 0.365885 0.68457 0.363281 0.683594 0.363281 0.681641 0.360677 0.679688 0.360677 0.678711 0.359375 0.673828 0.359375 0.668945 0.365885 0.665039 0.365885 0.662109 0.361979 0.662109 0.360677 0.661133 0.359375 0.661133 0.352865 0.662109 0.351562 0.662109 0.35026 0.663086 0.348958 0.663086 0.347656 0.664062 0.346354 0.664062 0.345052 0.663086 0.345052 0.662109 0.34375 0.652344 0.34375 0.649414 0.339844 0.643555 0.339844 0.642578 0.341146 0.638672 0.341146 0.638672 0.361979 0.644531 0.361979 0.645508 0.360677 0.646484 0.361979 0.647461 0.361979 0.648438 0.363281 0.648438 0.364583 0.649414 0.365885 0.649414 0.372396 0.650391 0.373698 0.657227 0.373698 0.658203 0.375 0.65918 0.375 0.663086 0.380208 0.663086 0.38151 0.667969 0.388021 0.667969 0.389323 0.672852 0.395833 0.673828 0.395833 0.674805 0.397135 0.674805 0.398438 0.675781 0.398438 0.682617 0.407552 0.682617 0.408854 0.686523 0.414062 0.686523 0.415365 0.689453 0.419271 0.689453 0.420573 0.69043 0.421875 0.69043 0.423177 0.692383 0.425781 0.692383 0.427083 0.693359 0.428385 0.693359 0.429688 0.694336 0.43099 0.694336 0.432292
1 0.869141 0.429688 0.869141 0.460938 0.87207 0.460938 0.874023 0.463542 0.874023 0.466146 0.875 0.467448 0.875 0.470052 0.875977 0.471354 0.875977 0.472656 0.876953 0.473958 0.876953 0.47526 0.87793 0.476562 0.87793 0.479167 0.878906 0.480469 0.878906 0.481771 0.879883 0.483073 0.879883 0.484375 0.880859 0.485677 0.880859 0.486979 0.882812 0.489583 0.882812 0.490885 0.883789 0.492188 0.883789 0.494792 0.884766 0.496094 0.884766 0.497396 0.885742 0.498698 0.885742 0.5 0.886719 0.501302 0.886719 0.503906 0.887695 0.505208 0.887695 0.50651 0.888672 0.507812 0.888672 0.509115 0.889648 0.510417 0.889648 0.511719 0.890625 0.513021 0.890625 0.515625 0.891602 0.516927 0.891602 0.520833 0.892578 0.522135 0.892578 0.52474 0.893555 0.526042 0.893555 0.528646 0.894531 0.529948 0.894531 0.532552 0.895508 0.533854 0.895508 0.536458 0.896484 0.53776 0.896484 0.539062 0.897461 0.540365 0.897461 0.542969 0.898438 0.544271 0.898438 0.546875 0.899414 0.548177 0.899414 0.550781 0.900391 0.552083 0.900391 0.554688 0.901367 0.55599 0.901367 0.559896 0.902344 0.561198 0.902344 0.567708 0.90332 0.56901 0.90332 0.575521 0.904297 0.576823 0.904297 0.580729 0.905273 0.582031 0.905273 0.585938 0.90625 0.58724 0.90625 0.591146 0.907227 0.592448 0.907227 0.59375 0.908203 0.595052 0.908203 0.596354 0.910156 0.598958 0.910156 0.60026 0.911133 0.601562 0.911133 0.602865 0.913086 0.605469 0.913086 0.606771 0.914062 0.608073 0.914062 0.609375 0.915039 0.610677 0.915039 0.611979 0.916016 0.613281 0.916016 0.614583 0.916992 0.615885 0.916992 0.617188 0.917969 0.61849 0.917969 0.619792 0.918945 0.621094 0.918945 0.622396 0.919922 0.623698 0.919922 0.625 0.920898 0.626302 0.920898 0.627604 0.922852 0.630208 0.922852 0.63151 0.927734 0.638021 0.928711 0.638021 0.930664 0.640625 0.932617 0.640625 0.933594 0.641927 0.93457 0.641927 0.935547 0.643229 0.935547 0.647135 0.935547 0.643229 0.936523 0.641927 0.938477 0.641927 0.939453 0.640625 0.94043 0.640625 0.941406 0.639323 0.942383 0.639323 0.947266 0.632812 0.950195 0.632812 0.950195 0.591146 0.947266 0.591146 0.945312 0.588542 0.945312 0.584635 0.944336 0.583333 0.944336 0.582031 0.943359 0.580729 0.943359 0.579427 0.942383 0.578125 0.942383 0.575521 0.941406 0.574219 0.941406 0.572917 0.94043 0.571615 0.94043 0.56901 0.939453 0.567708 0.939453 0.566406 0.938477 0.565104 0.938477 0.563802 0.9375 0.5625 0.9375 0.559896 0.936523 0.558594 0.936523 0.557292 0.935547 0.55599 0.935547 0.554688 0.93457 0.553385 0.93457 0.552083 0.933594 0.550781 0.933594 0.548177 0.932617 0.546875 0.932617 0.545573 0.931641 0.544271 0.931641 0.542969 0.930664 0.541667 0.930664 0.540365 0.929688 0.539062 0.929688 0.53776 0.928711 0.536458 0.928711 0.535156 0.927734 0.533854 0.927734 0.53125 0.926758 0.529948 0.926758 0.528646 0.925781 0.527344 0.925781 0.52474 0.924805 0.523438 0.924805 0.520833 0.923828 0.519531 0.923828 0.515625 0.922852 0.514323 0.922852 0.510417 0.921875 0.509115 0.921875 0.505208 0.920898 0.503906 0.920898 0.502604 0.919922 0.501302 0.919922 0.498698 0.918945 0.497396 0.918945 0.496094 0.917969 0.494792 0.917969 0.49349 0.916992 0.492188 0.916992 0.490885 0.916016 0.489583 0.916016 0.488281 0.915039 0.486979 0.915039 0.485677 0.914062 0.484375 0.914062 0.481771 0.913086 0.480469 0.913086 0.479167 0.912109 0.477865 0.912109 0.47526 0.911133 0.473958 0.911133 0.471354 0.910156 0.470052 0.910156 0.467448 0.90918 0.466146 0.90918 0.464844 0.908203 0.463542 0.908203 0.460938 0.907227 0.459635 0.907227 0.458333 0.90625 0.457031 0.90625 0.455729 0.905273 0.454427 0.905273 0.453125 0.899414 0.445312 0.898438 0.445312 0.895508 0.441406 0.894531 0.441406 0.892578 0.438802 0.892578 0.4375 0.890625 0.434896 0.890625 0.429688
1 0.750977 0.664062 0.750977 0.667969 0.749023 0.670573 0.748047 0.670573 0.74707 0.671875 0.746094 0.671875 0.744141 0.674479 0.743164 0.674479 0.741211 0.677083 0.740234 0.677083 0.738281 0.679688 0.737305 0.679688 0.735352 0.682292 0.734375 0.682292 0.733398 0.683594 0.732422 0.683594 0.731445 0.684896 0.730469 0.684896 0.728516 0.6875 0.727539 0.6875 0.726562 0.688802 0.725586 0.688802 0.723633 0.691406 0.722656 0.691406 0.72168 0.692708 0.720703 0.692708 0.719727 0.69401 0.71875 0.69401 0.717773 0.695312 0.716797 0.695312 0.71582 0.696615 0.714844 0.696615 0.713867 0.697917 0.712891 0.697917 0.709961 0.701823 0.708984 0.701823 0.708008 0.703125 0.707031 0.703125 0.705078 0.705729 0.703125 0.705729 0.702148 0.707031 0.700195 0.707031 0.699219 0.708333 0.697266 0.708333 0.696289 0.709635 0.694336 0.709635 0.692383 0.71224 0.691406 0.71224 0.688477 0.716146 0.6875 0.716146 0.686523 0.717448 0.685547 0.717448 0.682617 0.721354 0.681641 0.721354 0.679688 0.723958 0.678711 0.723958 0.677734 0.72526 0.676758 0.72526 0.674805 0.727865 0.673828 0.727865 0.672852 0.729167 0.670898 0.729167 0.669922 0.730469 0.667969 0.730469 0.666992 0.731771 0.665039 0.731771 0.664062 0.733073 0.661133 0.733073 0.660156 0.734375 0.658203 0.734375 0.657227 0.735677 0.655273 0.735677 0.654297 0.736979 0.652344 0.736979 0.651367 0.738281 0.649414 0.738281 0.648438 0.739583 0.646484 0.739583 0.645508 0.740885 0.644531 0.740885 0.643555 0.742188 0.641602 0.742188 0.640625 0.74349 0.637695 0.74349 0.636719 0.744792 0.634766 0.744792 0.633789 0.746094 0.630859 0.746094 0.629883 0.747396 0.626953 0.747396 0.625977 0.748698 0.623047 0.748698 0.62207 0.75 0.620117 0.75 0.619141 0.751302 0.617188 0.751302 0.616211 0.752604 0.615234 0.752604 0.614258 0.753906 0.612305 0.753906 0.611328 0.755208 0.609375 0.755208 0.608398 0.75651 0.605469 0.75651 0.604492 0.757812 0.603516 0.757812 0.602539 0.759115 0.600586 0.759115 0.598633 0.761719 0.597656 0.761719 0.59668 0.763021 0.595703 0.763021 0.59375 0.765625 0.592773 0.765625 0.591797 0.766927 0.59082 0.766927 0.588867 0.769531 0.587891 0.769531 0.583984 0.77474 0.583008 0.77474 0.580078 0.778646 0.579102 0.778646 0.578125 0.779948 0.577148 0.779948 0.576172 0.78125 0.575195 0.78125 0.574219 0.782552 0.573242 0.782552 0.571289 0.785156 0.570312 0.785156 0.567383 0.789062 0.566406 0.789062 0.5625 0.794271 0.561523 0.794271 0.548828 0.811198 0.547852 0.811198 0.545898 0.813802 0.544922 0.813802 0.543945 0.815104 0.542969 0.815104 0.541992 0.816406 0.541016 0.816406 0.540039 0.817708 0.539062 0.817708 0.538086 0.81901 0.537109 0.81901 0.536133 0.820312 0.535156 0.820312 0.53418 0.821615 0.532227 0.821615 0.53125 0.822917 0.529297 0.822917 0.52832 0.824219 0.527344 0.824219 0.526367 0.825521 0.525391 0.825521 0.524414 0.826823 0.523438 0.826823 0.522461 0.828125 0.521484 0.828125 0.520508 0.829427 0.519531 0.829427 0.518555 0.830729 0.517578 0.830729 0.515625 0.833333 0.514648 0.833333 0.512695 0.835938 0.511719 0.835938 0.509766 0.838542 0.508789 0.838542 0.506836 0.841146 0.505859 0.841146 0.503906 0.84375 0.50293 0.84375 0.500977 0.846354 0.498047 0.846354 0.498047 0.859375 0.500977 0.859375 0.504883 0.864583 0.505859 0.864583 0.506836 0.865885 0.507812 0.865885 0.508789 0.867188 0.509766 0.867188 0.510742 0.86849 0.518555 0.86849 0.519531 0.869792 0.521484 0.869792 0.522461 0.86849 0.529297 0.86849 0.530273 0.867188 0.532227 0.867188 0.533203 0.865885 0.53418 0.865885 0.535156 0.864583 0.536133 0.864583 0.537109 0.863281 0.538086 0.863281 0.539062 0.861979 0.541016 0.861979 0.542969 0.859375 0.543945 0.859375 0.544922 0.858073 0.545898 0.858073 0.546875 0.856771 0.547852 0.856771 0.548828 0.855469 0.549805 0.855469 0.550781 0.854167 0.551758 0.854167 0.553711 0.851562 0.555664 0.851562 0.557617 0.848958 0.558594 0.848958 0.55957 0.847656 0.560547 0.847656 0.561523 0.846354 0.563477 0.846354 0.56543 0.84375 0.566406 0.84375 0.567383 0.842448 0.568359 0.842448 0.569336 0.841146 0.570312 0.841146 0.572266 0.838542 0.573242 0.838542 0.574219 0.83724 0.575195 0.83724 0.576172 0.835938 0.577148 0.835938 0.578125 0.834635 0.579102 0.834635 0.581055 0.832031 0.582031 0.832031 0.585938 0.826823 0.586914 0.826823 0.591797 0.820312 0.592773 0.820312 0.599609 0.811198 0.600586 0.811198 0.604492 0.80599 0.605469 0.80599 0.608398 0.802083 0.609375 0.802083 0.610352 0.800781 0.611328 0.800781 0.612305 0.799479 0.613281 0.799479 0.614258 0.798177 0.615234 0.798177 0.617188 0.795573 0.618164 0.795573 0.620117 0.792969 0.621094 0.792969 0.62207 0.791667 0.623047 0.791667 0.624023 0.790365 0.625 0.790365 0.626953 0.78776 0.62793 0.78776 0.629883 0.785156 0.630859 0.785156 0.631836 0.783854 0.632812 0.783854 0.633789 0.782552 0.634766 0.782552 0.635742 0.78125 0.636719 0.78125 0.637695 0.779948 0.640625 0.779948 0.641602 0.778646 0.643555 0.778646 0.644531 0.777344 0.646484 0.777344 0.647461 0.776042 0.648438 0.776042 0.649414 0.77474 0.651367 0.77474 0.652344 0.773438 0.654297 0.773438 0.655273 0.772135 0.65625 0.772135 0.657227 0.770833 0.65918 0.770833 0.660156 0.769531 0.661133 0.769531 0.662109 0.768229 0.664062 0.768229 0.665039 0.766927 0.666016 0.766927 0.666992 0.765625 0.667969 0.765625 0.668945 0.764323 0.669922 0.764323 0.670898 0.763021 0.672852 0.763021 0.673828 0.761719 0.674805 0.761719 0.675781 0.760417 0.676758 0.760417 0.677734 0.759115 0.678711 0.759115 0.679688 0.757812 0.680664 0.757812 0.681641 0.75651 0.683594 0.75651 0.68457 0.755208 0.686523 0.755208 0.6875 0.753906 0.69043 0.753906 0.691406 0.752604 0.694336 0.752604 0.695312 0.751302 0.697266 0.751302 0.698242 0.75 0.701172 0.75 0.702148 0.748698 0.703125 0.748698 0.704102 0.747396 0.706055 0.747396 0.707031 0.746094 0.708008 0.746094 0.708984 0.744792 0.709961 0.744792 0.710938 0.74349 0.712891 0.74349 0.713867 0.742188 0.714844 0.742188 0.71582 0.740885 0.716797 0.740885 0.71875 0.738281 0.719727 0.738281 0.720703 0.736979 0.72168 0.736979 0.722656 0.735677 0.723633 0.735677 0.724609 0.734375 0.725586 0.734375 0.726562 0.733073 0.728516 0.733073 0.729492 0.731771 0.730469 0.731771 0.731445 0.730469 0.732422 0.730469 0.733398 0.729167 0.734375 0.729167 0.735352 0.727865 0.736328 0.727865 0.739258 0.723958 0.740234 0.723958 0.742188 0.721354 0.743164 0.721354 0.746094 0.717448 0.74707 0.717448 0.749023 0.714844 0.75 0.714844 0.75293 0.710938 0.753906 0.710938 0.755859 0.708333 0.756836 0.708333 0.758789 0.705729 0.759766 0.705729 0.761719 0.703125 0.762695 0.703125 0.764648 0.700521 0.765625 0.700521 0.768555 0.696615 0.769531 0.696615 0.770508 0.695312 0.771484 0.695312 0.773438 0.692708 0.773438 0.691406 0.774414 0.690104 0.77832 0.690104 0.77832 0.677083 0.775391 0.677083 0.773438 0.674479 0.773438 0.673177 0.770508 0.669271 0.770508 0.664062
1 0.256836 0.263021 0.256836 0.278646 0.255859 0.279948 0.255859 0.28776 0.254883 0.289062 0.254883 0.294271 0.253906 0.295573 0.253906 0.298177 0.25293 0.299479 0.25293 0.309896 0.251953 0.311198 0.251953 0.316406 0.250977 0.317708 0.250977 0.321615 0.25 0.322917 0.25 0.328125 0.249023 0.329427 0.249023 0.35026 0.25 0.351562 0.25 0.358073 0.250977 0.359375 0.250977 0.364583 0.251953 0.365885 0.251953 0.371094 0.25293 0.372396 0.25293 0.377604 0.253906 0.378906 0.253906 0.382812 0.254883 0.384115 0.254883 0.388021 0.255859 0.389323 0.255859 0.393229 0.256836 0.394531 0.256836 0.398438 0.257812 0.39974 0.257812 0.402344 0.258789 0.403646 0.258789 0.407552 0.259766 0.408854 0.259766 0.411458 0.260742 0.41276 0.260742 0.415365 0.261719 0.416667 0.261719 0.419271 0.262695 0.420573 0.262695 0.423177 0.263672 0.424479 0.263672 0.427083 0.264648 0.428385 0.264648 0.43099 0.265625 0.432292 0.265625 0.436198 0.266602 0.4375 0.266602 0.442708 0.267578 0.44401 0.267578 0.450521 0.268555 0.451823 0.268555 0.460938 0.269531 0.46224 0.269531 0.46875 0.270508 0.470052 0.270508 0.477865 0.271484 0.479167 0.271484 0.486979 0.272461 0.488281 0.272461 0.49349 0.273438 0.494792 0.273438 0.5 0.274414 0.501302 0.274414 0.505208 0.275391 0.50651 0.275391 0.510417 0.276367 0.511719 0.276367 0.515625 0.277344 0.516927 0.277344 0.522135 0.27832 0.523438 0.27832 0.527344 0.279297 0.528646 0.279297 0.532552 0.280273 0.533854 0.280273 0.539062 0.28125 0.540365 0.28125 0.546875 0.282227 0.548177 0.282227 0.580729 0.283203 0.582031 0.283203 0.589844 0.28418 0.591146 0.28418 0.596354 0.285156 0.597656 0.285156 0.602865 0.286133 0.604167 0.286133 0.609375 0.287109 0.610677 0.287109 0.615885 0.288086 0.617188 0.288086 0.621094 0.289062 0.622396 0.289062 0.627604 0.290039 0.628906 0.290039 0.632812 0.291016 0.634115 0.291016 0.636719 0.291992 0.638021 0.291992 0.639323 0.292969 0.640625 0.292969 0.641927 0.293945 0.643229 0.293945 0.647135 0.298828 0.647135 0.298828 0.641927 0.301758 0.638021 0.301758 0.636719 0.302734 0.635417 0.302734 0.634115 0.303711 0.632812 0.303711 0.63151 0.304688 0.630208 0.304688 0.628906 0.306641 0.626302 0.30957 0.626302 0.30957 0.522135 0.306641 0.522135 0.305664 0.520833 0.305664 0.519531 0.304688 0.518229 0.304688 0.514323 0.303711 0.513021 0.303711 0.507812 0.302734 0.50651 0.302734 0.501302 0.301758 0.5 0.301758 0.492188 0.300781 0.490885 0.300781 0.483073 0.299805 0.481771 0.299805 0.47526 0.298828 0.473958 0.298828 0.46224 0.297852 0.460938 0.297852 0.455729 0.296875 0.454427 0.296875 0.450521 0.295898 0.449219 0.295898 0.447917 0.294922 0.446615 0.294922 0.445312 0.293945 0.44401 0.293945 0.442708 0.291992 0.440104 0.291992 0.438802 0.291016 0.4375 0.291016 0.434896 0.290039 0.433594 0.290039 0.432292 0.289062 0.43099 0.289062 0.429688 0.288086 0.428385 0.288086 0.425781 0.287109 0.424479 0.287109 0.421875 0.286133 0.420573 0.286133 0.417969 0.285156 0.416667 0.285156 0.410156 0.28418 0.408854 0.28418 0.401042 0.283203 0.39974 0.283203 0.391927 0.282227 0.390625 0.282227 0.384115 0.28125 0.382812 0.28125 0.375 0.280273 0.373698 0.280273 0.365885 0.279297 0.364583 0.279297 0.363281 0.277344 0.360677 0.277344 0.348958 0.27832 0.347656 0.279297 0.348958 0.279297 0.35026 0.280273 0.351562 0.280273 0.356771 0.28125 0.358073 0.28125 0.359375 0.282227 0.359375 0.285156 0.363281 0.287109 0.363281 0.288086 0.361979 0.289062 0.361979 0.290039 0.360677 0.291992 0.360677 0.292969 0.359375 0.293945 0.359375 0.294922 0.358073 0.294922 0.356771 0.295898 0.355469 0.295898 0.352865 0.296875 0.351562 0.296875 0.341146 0.297852 0.339844 0.297852 0.31901 0.296875 0.317708 0.296875 0.308594 0.295898 0.307292 0.295898 0.30599 0.294922 0.304688 0.294922 0.302083 0.293945 0.302083 0.291016 0.30599 0.289062 0.30599 0.288086 0.304688 0.287109 0.304688 0.286133 0.30599 0.285156 0.30599 0.283203 0.308594 0.283203 0.313802 0.276367 0.322917 0.275391 0.322917 0.273438 0.320312 0.273438 0.316406 0.272461 0.315104 0.272461 0.311198 0.271484 0.309896 0.271484 0.30599 0.270508 0.304688 0.270508 0.302083 0.269531 0.300781 0.269531 0.299479 0.268555 0.298177 0.268555 0.295573 0.267578 0.294271 0.267578 0.291667 0.266602 0.290365 0.266602 0.283854 0.267578 0.282552 0.267578 0.28125 0.270508 0.277344 0.275391 0.277344 0.276367 0.276042 0.289062 0.276042 0.290039 0.27474 0.291992 0.27474 0.292969 0.273438 0.293945 0.273438 0.293945 0.269531 0.292969 0.268229 0.292969 0.263021
1 0.328125 0.742188 0.328125 0.746094 0.325195 0.75 0.322266 0.75 0.322266 0.782552 0.326172 0.782552 0.328125 0.785156 0.328125 0.786458 0.329102 0.78776 0.329102 0.789062 0.331055 0.791667 0.331055 0.792969 0.332031 0.794271 0.332031 0.795573 0.333984 0.798177 0.333984 0.799479 0.334961 0.799479 0.336914 0.802083 0.336914 0.803385 0.341797 0.809896 0.342773 0.809896 0.351562 0.821615 0.351562 0.822917 0.360352 0.834635 0.361328 0.834635 0.365234 0.839844 0.366211 0.839844 0.370117 0.845052 0.370117 0.846354 0.376953 0.855469 0.376953 0.856771 0.378906 0.859375 0.378906 0.860677 0.381836 0.864583 0.381836 0.865885 0.385742 0.871094 0.385742 0.872396 0.386719 0.873698 0.386719 0.875 0.387695 0.876302 0.387695 0.877604 0.388672 0.878906 0.388672 0.880208 0.390625 0.882812 0.390625 0.884115 0.393555 0.888021 0.393555 0.889323 0.394531 0.890625 0.394531 0.891927 0.395508 0.893229 0.395508 0.894531 0.397461 0.897135 0.397461 0.898438 0.399414 0.901042 0.399414 0.902344 0.400391 0.903646 0.400391 0.904948 0.402344 0.907552 0.402344 0.908854 0.404297 0.911458 0.404297 0.91276 0.40625 0.915365 0.40625 0.916667 0.408203 0.919271 0.408203 0.920573 0.40918 0.921875 0.40918 0.923177 0.410156 0.924479 0.410156 0.925781 0.412109 0.928385 0.412109 0.929688 0.413086 0.93099 0.413086 0.932292 0.414062 0.933594 0.414062 0.934896 0.415039 0.936198 0.415039 0.9375 0.416016 0.938802 0.416016 0.940104 0.416992 0.941406 0.416992 0.942708 0.417969 0.94401 0.417969 0.945312 0.418945 0.946615 0.418945 0.947917 0.420898 0.950521 0.420898 0.951823 0.422852 0.954427 0.422852 0.955729 0.423828 0.957031 0.423828 0.958333 0.425781 0.960938 0.425781 0.96224 0.426758 0.963542 0.426758 0.964844 0.427734 0.966146 0.427734 0.967448 0.430664 0.971354 0.430664 0.972656 0.433594 0.976562 0.433594 0.977865 0.435547 0.980469 0.435547 0.981771 0.436523 0.981771 0.441406 0.988281 0.442383 0.988281 0.444336 0.990885 0.445312 0.990885 0.446289 0.992188 0.447266 0.992188 0.448242 0.99349 0.449219 0.99349 0.451172 0.996094 0.452148 0.996094 0.453125 0.997396 0.453125 0.998698 0.5 0.998698 0.5 0.996094 0.499023 0.994792 0.499023 0.99349 0.492188 0.984375 0.491211 0.984375 0.489258 0.981771 0.488281 0.981771 0.486328 0.979167 0.485352 0.979167 0.483398 0.976562 0.482422 0.976562 0.480469 0.973958 0.479492 0.973958 0.477539 0.971354 0.476562 0.971354 0.474609 0.96875 0.473633 0.96875 0.470703 0.964844 0.469727 0.964844 0.467773 0.96224 0.466797 0.96224 0.456055 0.947917 0.456055 0.946615 0.455078 0.945312 0.454102 0.945312 0.448242 0.9375 0.448242 0.936198 0.447266 0.934896 0.447266 0.933594 0.443359 0.928385 0.443359 0.927083 0.44043 0.923177 0.44043 0.921875 0.4375 0.917969 0.4375 0.916667 0.43457 0.91276 0.43457 0.911458 0.433594 0.910156 0.433594 0.908854 0.429688 0.903646 0.429688 0.902344 0.425781 0.897135 0.425781 0.894531 0.424805 0.893229 0.424805 0.891927 0.423828 0.890625 0.423828 0.889323 0.422852 0.888021 0.422852 0.886719 0.421875 0.885417 0.421875 0.884115 0.420898 0.882812 0.420898 0.88151 0.419922 0.880208 0.419922 0.878906 0.418945 0.877604 0.418945 0.875 0.417969 0.873698 0.417969 0.872396 0.416992 0.871094 0.416992 0.869792 0.416016 0.86849 0.416016 0.867188 0.413086 0.863281 0.413086 0.861979 0.410156 0.858073 0.410156 0.856771 0.408203 0.854167 0.408203 0.852865 0.405273 0.848958 0.405273 0.847656 0.404297 0.846354 0.404297 0.845052 0.40332 0.84375 0.40332 0.842448 0.402344 0.841146 0.402344 0.839844 0.399414 0.835938 0.399414 0.834635 0.375 0.802083 0.374023 0.802083 0.369141 0.795573 0.368164 0.795573 0.360352 0.785156 0.359375 0.785156 0.356445 0.78125 0.355469 0.78125 0.347656 0.770833 0.347656 0.769531 0.345703 0.766927 0.345703 0.765625 0.337891 0.755208 0.337891 0.753906 0.333008 0.747396 0.332031 0.747396 0.331055 0.746094 0.331055 0.742188
0 0.759766 0.585938 0.759766 0.63151 0.762695 0.63151 0.764648 0.634115 0.764648 0.635417 0.765625 0.636719 0.765625 0.638021 0.767578 0.640625 0.767578 0.641927 0.768555 0.643229 0.768555 0.644531 0.769531 0.645833 0.769531 0.648438 0.770508 0.64974 0.770508 0.651042 0.771484 0.652344 0.771484 0.653646 0.772461 0.654948 0.772461 0.65625 0.774414 0.658854 0.774414 0.660156 0.777344 0.664062 0.777344 0.665365 0.77832 0.666667 0.77832 0.667969 0.780273 0.670573 0.780273 0.671875 0.783203 0.675781 0.783203 0.677083 0.785156 0.679688 0.785156 0.68099 0.788086 0.684896 0.788086 0.686198 0.794922 0.695312 0.795898 0.695312 0.799805 0.700521 0.800781 0.700521 0.801758 0.701823 0.803711 0.701823 0.804688 0.703125 0.813477 0.703125 0.814453 0.701823 0.817383 0.701823 0.818359 0.700521 0.820312 0.700521 0.821289 0.699219 0.822266 0.699219 0.829102 0.690104 0.829102 0.688802 0.830078 0.6875 0.830078 0.686198 0.831055 0.684896 0.831055 0.682292 0.832031 0.68099 0.832031 0.675781 0.833008 0.674479 0.833008 0.66276 0.832031 0.661458 0.832031 0.651042 0.831055 0.64974 0.831055 0.641927 0.830078 0.640625 0.830078 0.638021 0.829102 0.636719 0.829102 0.632812 0.827148 0.630208 0.827148 0.628906 0.826172 0.627604 0.826172 0.626302 0.825195 0.625 0.825195 0.623698 0.822266 0.619792 0.822266 0.61849 0.819336 0.614583 0.819336 0.613281 0.810547 0.601562 0.80957 0.601562 0.808594 0.60026 0.807617 0.60026 0.805664 0.597656 0.804688 0.597656 0.803711 0.596354 0.801758 0.596354 0.800781 0.595052 0.795898 0.595052 0.794922 0.59375 0.791016 0.59375 0.790039 0.592448 0.787109 0.592448 0.786133 0.591146 0.78418 0.591146 0.783203 0.589844 0.783203 0.585938
1 0.581055 0.455729 0.568359 0.438802 0.568359 0.4375 0.557617 0.423177 0.556641 0.423177 0.551758 0.416667 0.548828 0.416667 0.547852 0.417969 0.545898 0.417969 0.545898 0.424479 0.544922 0.425781 0.544922 0.434896 0.545898 0.436198 0.545898 0.440104 0.546875 0.441406 0.546875 0.442708 0.548828 0.445312 0.548828 0.449219 0.549805 0.450521 0.549805 0.453125 0.550781 0.454427 0.550781 0.459635 0.581055 0.459635 0.581055 0.455729 0.771484 0.251302 0.772461 0.251302 0.775391 0.255208 0.776367 0.255208 0.777344 0.25651 0.77832 0.25651 0.779297 0.257812 0.785156 0.257812 0.786133 0.259115 0.790039 0.259115 0.790039 0.285156 0.786133 0.285156 0.520508 0.226562 0.517578 0.222656 0.516602 0.222656 0.515625 0.221354 0.514648 0.221354 0.512695 0.21875 0.512695 0.217448 0.511719 0.216146 0.511719 0.209635 0.512695 0.208333 0.512695 0.207031 0.513672 0.205729 0.513672 0.204427 0.551758 0.178385 0.552734 0.179688 0.553711 0.179688 0.555664 0.182292 0.556641 0.182292 0.557617 0.183594 0.564453 0.183594 0.56543 0.184896 0.56543 0.186198 0.566406 0.1875 0.566406 0.188802 0.567383 0.188802 0.568359 0.190104 0.573242 0.190104 0.575195 0.192708 0.579102 0.192708 0.581055 0.195312 0.581055 0.199219 0.583008 0.201823 0.583008 0.203125 0.583984 0.204427 0.584961 0.204427 0.585938 0.205729 0.586914 0.205729 0.588867 0.208333 0.588867 0.209635 0.589844 0.209635 0.600586 0.223958 0.601562 0.223958 0.605469 0.229167 0.606445 0.229167 0.609375 0.233073 0.610352 0.233073 0.615234 0.239583 0.616211 0.239583 0.618164 0.242188 0.619141 0.242188 0.62207 0.246094 0.623047 0.246094 0.625 0.248698 0.625977 0.248698 0.630859 0.255208 0.631836 0.255208 0.635742 0.260417 0.636719 0.260417 0.638672 0.263021 0.639648 0.263021 0.641602 0.265625 0.642578 0.265625 0.646484 0.270833 0.647461 0.270833 0.650391 0.27474 0.651367 0.27474 0.655273 0.279948 0.65625 0.279948 0.663086 0.289062 0.663086 0.290365 0.666016 0.294271 0.666016 0.295573 0.669922 0.300781 0.669922 0.302083 0.671875 0.304688 0.672852 0.304688 0.675781 0.308594 0.675781 0.309896 0.683594 0.320312 0.68457 0.320312 0.685547 0.321615 0.686523 0.321615 0.688477 0.324219 0.689453 0.324219 0.694336 0.330729 0.695312 0.330729 0.705078 0.34375 0.706055 0.34375 0.71582 0.356771 0.716797 0.356771 0.71875 0.359375 0.71875 0.360677 0.719727 0.361979 0.720703 0.361979 0.723633 0.365885 0.723633 0.367188 0.729492 0.375 0.729492 0.376302 0.731445 0.378906 0.731445 0.380208 0.734375 0.384115 0.734375 0.385417 0.739258 0.391927 0.739258 0.393229 0.74707 0.403646 0.749023 0.403646 0.75 0.402344 0.750977 0.402344 0.751953 0.401042 0.751953 0.388021 0.750977 0.386719 0.750977 0.385417 0.748047 0.38151 0.748047 0.378906 0.74707 0.377604 0.74707 0.375 0.746094 0.373698 0.746094 0.372396 0.745117 0.371094 0.745117 0.367188 0.743164 0.364583 0.743164 0.363281 0.739258 0.358073 0.739258 0.356771 0.737305 0.354167 0.737305 0.352865 0.736328 0.351562 0.736328 0.35026 0.727539 0.338542 0.727539 0.33724 0.726562 0.335938 0.726562 0.334635 0.723633 0.330729 0.723633 0.329427 0.72168 0.326823 0.72168 0.325521 0.717773 0.320312 0.717773 0.31901 0.712891 0.3125 0.712891 0.311198 0.708984 0.30599 0.708984 0.304688 0.695312 0.286458 0.695312 0.285156 0.693359 0.282552 0.693359 0.28125 0.691406 0.278646 0.69043 0.278646 0.6875 0.27474 0.686523 0.27474 0.679688 0.265625 0.679688 0.264323 0.670898 0.252604 0.669922 0.252604 0.668945 0.251302 0.667969 0.251302 0.666992 0.25 0.666016 0.25 0.663086 0.246094 0.662109 0.246094 0.657227 0.239583 0.65625 0.239583 0.654297 0.236979 0.65332 0.236979 0.651367 0.234375 0.650391 0.234375 0.647461 0.230469 0.646484 0.230469 0.641602 0.223958 0.640625 0.223958 0.633789 0.214844 0.632812 0.214844 0.630859 0.21224 0.629883 0.21224 0.625 0.205729 0.624023 0.205729 0.62207 0.203125 0.621094 0.203125 0.616211 0.196615 0.615234 0.196615 0.612305 0.192708 0.611328 0.192708 0.609375 0.190104 0.608398 0.190104 0.606445 0.1875 0.605469 0.1875 0.603516 0.184896 0.602539 0.184896 0.601562 0.183594 0.600586 0.183594 0.598633 0.18099 0.597656 0.18099 0.59668 0.179688 0.595703 0.179688 0.594727 0.178385 0.59375 0.178385 0.592773 0.177083 0.591797 0.177083 0.59082 0.175781 0.589844 0.175781 0.588867 0.174479 0.587891 0.174479 0.586914 0.173177 0.584961 0.173177 0.583008 0.170573 0.582031 0.170573 0.581055 0.169271 0.580078 0.169271 0.579102 0.167969 0.578125 0.167969 0.577148 0.166667 0.575195 0.166667 0.574219 0.165365 0.570312 0.165365 0.569336 0.164062 0.564453 0.164062 0.563477 0.16276 0.561523 0.16276 0.560547 0.161458 0.558594 0.161458 0.556641 0.158854 0.555664 0.158854 0.554688 0.157552 0.549805 0.157552 0.549805 0.158854 0.551758 0.161458 0.551758 0.164062 0.552734 0.165365 0.552734 0.169271 0.555664 0.173177 0.555664 0.174479 0.554688 0.175781 0.553711 0.175781 0.551758 0.178385 0.513672 0.204427 0.512695 0.203125 0.512695 0.201823 0.509766 0.197917 0.505859 0.197917 0.505859 0.227865 0.511719 0.227865 0.512695 0.229167 0.514648 0.229167 0.515625 0.230469 0.518555 0.230469 0.519531 0.229167 0.519531 0.227865 0.520508 0.226562 0.786133 0.285156 0.785156 0.283854 0.779297 0.283854 0.77832 0.285156 0.772461 0.285156 0.771484 0.283854 0.770508 0.283854 0.769531 0.282552 0.767578 0.282552 0.766602 0.28125 0.763672 0.28125 0.762695 0.279948 0.762695 0.278646 0.760742 0.276042 0.760742 0.27474 0.759766 0.273438 0.759766 0.272135 0.758789 0.270833 0.758789 0.266927 0.757812 0.265625 0.757812 0.263021 0.756836 0.261719 0.756836 0.257812 0.757812 0.25651 0.757812 0.255208 0.760742 0.251302 0.760742 0.25 0.762695 0.247396 0.766602 0.247396 0.767578 0.248698 0.768555 0.248698 0.769531 0.25 0.770508 0.25 0.771484 0.251302
1 0.532227 0.632812 0.529297 0.632812 0.529297 0.641927 0.533203 0.641927 0.533203 0.638021 0.532227 0.636719 0.532227 0.632812 0.568359 0.604167 0.570312 0.606771 0.570312 0.608073 0.571289 0.609375 0.571289 0.610677 0.572266 0.611979 0.572266 0.613281 0.574219 0.615885 0.574219 0.617188 0.575195 0.61849 0.575195 0.619792 0.578125 0.623698 0.578125 0.625 0.580078 0.627604 0.580078 0.628906 0.582031 0.63151 0.582031 0.634115 0.583008 0.635417 0.583008 0.636719 0.583984 0.638021 0.583984 0.641927 0.597656 0.641927 0.597656 0.636719 0.599609 0.634115 0.602539 0.634115 0.602539 0.606771 0.599609 0.606771 0.597656 0.604167 0.597656 0.601562 0.59668 0.60026 0.59668 0.598958 0.595703 0.597656 0.595703 0.596354 0.594727 0.595052 0.594727 0.59375 0.59375 0.592448 0.59375 0.591146 0.592773 0.589844 0.592773 0.588542 0.591797 0.58724 0.591797 0.585938 0.59082 0.584635 0.59082 0.583333 0.588867 0.580729 0.588867 0.579427 0.586914 0.576823 0.586914 0.575521 0.584961 0.572917 0.584961 0.571615 0.583984 0.570312 0.583984 0.56901 0.581055 0.565104 0.581055 0.563802 0.578125 0.559896 0.578125 0.558594 0.575195 0.554688 0.575195 0.553385 0.56543 0.540365 0.56543 0.539062 0.561523 0.533854 0.561523 0.532552 0.560547 0.53125 0.560547 0.529948 0.558594 0.527344 0.558594 0.526042 0.556641 0.523438 0.556641 0.522135 0.555664 0.520833 0.555664 0.519531 0.554688 0.518229 0.554688 0.516927 0.551758 0.513021 0.551758 0.511719 0.548828 0.507812 0.548828 0.50651 0.547852 0.50651 0.546875 0.505208 0.544922 0.505208 0.543945 0.503906 0.542969 0.503906 0.541992 0.505208 0.535156 0.505208 0.53418 0.503906 0.529297 0.503906 0.529297 0.53125 0.532227 0.53125 0.538086 0.539062 0.538086 0.540365 0.540039 0.542969 0.540039 0.544271 0.541016 0.545573 0.541016 0.546875 0.542969 0.549479 0.542969 0.550781 0.544922 0.553385 0.544922 0.554688 0.545898 0.55599 0.545898 0.557292 0.546875 0.558594 0.546875 0.559896 0.548828 0.5625 0.548828 0.563802 0.549805 0.565104 0.549805 0.566406 0.552734 0.570312 0.552734 0.571615 0.555664 0.575521 0.555664 0.576823 0.557617 0.579427 0.557617 0.580729 0.55957 0.583333 0.55957 0.584635 0.561523 0.58724 0.561523 0.588542 0.5625 0.589844 0.5625 0.591146 0.564453 0.59375 0.564453 0.595052 0.566406 0.597656 0.566406 0.598958 0.567383 0.60026 0.567383 0.601562 0.568359 0.602865 0.568359 0.604167
1 0.457031 0.486979 0.457031 0.490885 0.454102 0.494792 0.451172 0.494792 0.451172 0.526042 0.454102 0.526042 0.457031 0.529948 0.457031 0.53125 0.458008 0.532552 0.458008 0.533854 0.458984 0.535156 0.458984 0.536458 0.460938 0.539062 0.460938 0.540365 0.461914 0.541667 0.461914 0.542969 0.463867 0.545573 0.463867 0.546875 0.46582 0.549479 0.46582 0.550781 0.466797 0.552083 0.466797 0.553385 0.467773 0.554688 0.467773 0.55599 0.46875 0.557292 0.46875 0.558594 0.469727 0.559896 0.469727 0.5625 0.470703 0.563802 0.470703 0.566406 0.47168 0.567708 0.47168 0.56901 0.472656 0.570312 0.472656 0.571615 0.473633 0.572917 0.473633 0.574219 0.474609 0.575521 0.474609 0.578125 0.475586 0.579427 0.475586 0.580729 0.476562 0.582031 0.476562 0.583333 0.477539 0.584635 0.477539 0.585938 0.478516 0.58724 0.478516 0.588542 0.479492 0.589844 0.479492 0.591146 0.480469 0.592448 0.480469 0.59375 0.481445 0.595052 0.481445 0.596354 0.482422 0.597656 0.482422 0.598958 0.483398 0.60026 0.483398 0.601562 0.484375 0.602865 0.484375 0.605469 0.485352 0.606771 0.485352 0.609375 0.486328 0.610677 0.486328 0.613281 0.487305 0.614583 0.487305 0.617188 0.488281 0.61849 0.488281 0.621094 0.489258 0.622396 0.489258 0.625 0.490234 0.626302 0.490234 0.628906 0.491211 0.630208 0.491211 0.634115 0.492188 0.635417 0.492188 0.638021 0.493164 0.639323 0.493164 0.643229 0.494141 0.644531 0.494141 0.651042 0.495117 0.652344 0.495117 0.65625 0.496094 0.657552 0.496094 0.660156 0.49707 0.661458 0.49707 0.66276 0.498047 0.664062 0.498047 0.665365 0.499023 0.666667 0.499023 0.667969 0.5 0.669271 0.5 0.671875 0.500977 0.673177 0.500977 0.674479 0.501953 0.675781 0.501953 0.678385 0.503906 0.68099 0.503906 0.682292 0.508789 0.688802 0.508789 0.69401 0.52832 0.69401 0.52832 0.688802 0.530273 0.686198 0.530273 0.684896 0.53125 0.683594 0.53125 0.675781 0.530273 0.674479 0.530273 0.670573 0.53125 0.669271 0.53125 0.661458 0.530273 0.660156 0.530273 0.65625 0.529297 0.654948 0.529297 0.651042 0.52832 0.64974 0.52832 0.647135 0.527344 0.645833 0.527344 0.643229 0.526367 0.641927 0.526367 0.638021 0.525391 0.636719 0.525391 0.63151 0.524414 0.630208 0.524414 0.623698 0.523438 0.622396 0.523438 0.619792 0.522461 0.61849 0.522461 0.614583 0.521484 0.613281 0.521484 0.608073 0.520508 0.606771 0.520508 0.602865 0.519531 0.601562 0.519531 0.597656 0.518555 0.596354 0.518555 0.592448 0.517578 0.591146 0.517578 0.58724 0.516602 0.585938 0.516602 0.582031 0.515625 0.580729 0.515625 0.579427 0.514648 0.578125 0.514648 0.576823 0.513672 0.575521 0.513672 0.572917 0.512695 0.571615 0.512695 0.56901 0.510742 0.566406 0.510742 0.565104 0.509766 0.563802 0.509766 0.561198 0.506836 0.557292 0.506836 0.55599 0.504883 0.553385 0.504883 0.552083 0.501953 0.548177 0.501953 0.546875 0.500977 0.545573 0.500977 0.544271 0.5 0.542969 0.5 0.540365 0.499023 0.539062 0.499023 0.53776 0.498047 0.536458 0.498047 0.533854 0.496094 0.53125 0.496094 0.529948 0.495117 0.528646 0.495117 0.527344 0.494141 0.526042 0.494141 0.52474 0.493164 0.523438 0.493164 0.522135 0.486328 0.513021 0.486328 0.511719 0.483398 0.507812 0.483398 0.50651 0.479492 0.501302 0.479492 0.5 0.478516 0.498698 0.478516 0.497396 0.477539 0.496094 0.477539 0.494792 0.476562 0.49349 0.476562 0.492188 0.475586 0.490885 0.475586 0.486979
1 0.421875 0.485677 0.420898 0.486979 0.418945 0.486979 0.418945 0.488281 0.417969 0.489583 0.417969 0.490885 0.416992 0.492188 0.416992 0.49349 0.415039 0.496094 0.415039 0.498698 0.414062 0.5 0.414062 0.501302 0.413086 0.502604 0.413086 0.503906 0.412109 0.505208 0.412109 0.50651 0.411133 0.507812 0.411133 0.510417 0.410156 0.511719 0.410156 0.513021 0.40918 0.514323 0.40918 0.515625 0.408203 0.516927 0.408203 0.518229 0.407227 0.519531 0.407227 0.522135 0.40625 0.523438 0.40625 0.52474 0.404297 0.527344 0.404297 0.528646 0.40332 0.529948 0.40332 0.53125 0.402344 0.532552 0.402344 0.535156 0.401367 0.536458 0.401367 0.53776 0.400391 0.539062 0.400391 0.542969 0.399414 0.544271 0.399414 0.545573 0.398438 0.546875 0.398438 0.548177 0.397461 0.549479 0.397461 0.550781 0.396484 0.552083 0.396484 0.553385 0.395508 0.554688 0.395508 0.55599 0.393555 0.558594 0.393555 0.559896 0.392578 0.561198 0.392578 0.5625 0.380859 0.578125 0.379883 0.578125 0.37793 0.580729 0.376953 0.580729 0.375 0.583333 0.374023 0.583333 0.37207 0.585938 0.371094 0.585938 0.369141 0.588542 0.368164 0.588542 0.366211 0.591146 0.365234 0.591146 0.359375 0.598958 0.358398 0.598958 0.345703 0.615885 0.345703 0.617188 0.342773 0.621094 0.342773 0.622396 0.34082 0.625 0.34082 0.626302 0.337891 0.630208 0.337891 0.63151 0.336914 0.632812 0.336914 0.634115 0.334961 0.636719 0.334961 0.638021 0.333984 0.639323 0.333984 0.640625 0.333008 0.641927 0.333008 0.643229 0.331055 0.645833 0.331055 0.647135 0.330078 0.648438 0.326172 0.648438 0.326172 0.688802 0.333984 0.688802 0.333984 0.683594 0.336914 0.679688 0.337891 0.679688 0.337891 0.677083 0.335938 0.674479 0.335938 0.673177 0.337891 0.670573 0.338867 0.670573 0.339844 0.669271 0.339844 0.667969 0.341797 0.665365 0.342773 0.665365 0.344727 0.66276 0.345703 0.66276 0.34668 0.661458 0.347656 0.661458 0.350586 0.657552 0.350586 0.65625 0.351562 0.654948 0.351562 0.653646 0.353516 0.651042 0.353516 0.64974 0.356445 0.645833 0.356445 0.644531 0.359375 0.640625 0.360352 0.640625 0.366211 0.632812 0.367188 0.632812 0.371094 0.627604 0.37207 0.627604 0.375 0.623698 0.375977 0.623698 0.379883 0.61849 0.380859 0.61849 0.382812 0.615885 0.383789 0.615885 0.385742 0.613281 0.386719 0.613281 0.389648 0.609375 0.390625 0.609375 0.397461 0.60026 0.398438 0.60026 0.402344 0.595052 0.40332 0.595052 0.40625 0.591146 0.407227 0.591146 0.417969 0.576823 0.417969 0.575521 0.420898 0.571615 0.420898 0.570312 0.422852 0.567708 0.422852 0.566406 0.423828 0.565104 0.423828 0.563802 0.424805 0.5625 0.424805 0.561198 0.425781 0.559896 0.425781 0.557292 0.426758 0.55599 0.426758 0.553385 0.427734 0.552083 0.427734 0.549479 0.428711 0.548177 0.428711 0.545573 0.429688 0.544271 0.429688 0.541667 0.430664 0.540365 0.430664 0.53776 0.431641 0.536458 0.431641 0.514323 0.430664 0.513021 0.430664 0.509115 0.429688 0.507812 0.429688 0.50651 0.428711 0.505208 0.428711 0.502604 0.427734 0.501302 0.427734 0.492188 0.426758 0.490885 0.426758 0.488281 0.425781 0.486979 0.424805 0.486979 0.423828 0.485677
1 0.267578 0.148438 0.267578 0.164062 0.271484 0.164062 0.275391 0.169271 0.275391 0.170573 0.280273 0.177083 0.28125 0.177083 0.287109 0.184896 0.288086 0.184896 0.291016 0.188802 0.291992 0.188802 0.292969 0.190104 0.293945 0.190104 0.295898 0.192708 0.296875 0.192708 0.297852 0.19401 0.298828 0.19401 0.299805 0.195312 0.300781 0.195312 0.301758 0.196615 0.302734 0.196615 0.303711 0.197917 0.304688 0.197917 0.305664 0.199219 0.306641 0.199219 0.307617 0.200521 0.30957 0.200521 0.310547 0.201823 0.311523 0.201823 0.313477 0.204427 0.314453 0.204427 0.31543 0.205729 0.316406 0.205729 0.318359 0.208333 0.319336 0.208333 0.321289 0.210938 0.323242 0.210938 0.324219 0.21224 0.325195 0.21224 0.326172 0.213542 0.327148 0.213542 0.328125 0.214844 0.329102 0.214844 0.330078 0.216146 0.332031 0.216146 0.333008 0.217448 0.333984 0.217448 0.334961 0.21875 0.335938 0.21875 0.336914 0.220052 0.337891 0.220052 0.338867 0.221354 0.341797 0.221354 0.342773 0.222656 0.345703 0.222656 0.34668 0.223958 0.348633 0.223958 0.349609 0.22526 0.350586 0.22526 0.351562 0.226562 0.352539 0.226562 0.353516 0.227865 0.354492 0.227865 0.355469 0.229167 0.356445 0.229167 0.357422 0.230469 0.358398 0.230469 0.360352 0.233073 0.361328 0.233073 0.362305 0.234375 0.363281 0.234375 0.366211 0.238281 0.367188 0.238281 0.369141 0.240885 0.370117 0.240885 0.37207 0.24349 0.373047 0.24349 0.375 0.246094 0.375977 0.246094 0.379883 0.251302 0.380859 0.251302 0.386719 0.259115 0.387695 0.259115 0.390625 0.263021 0.391602 0.263021 0.396484 0.269531 0.397461 0.269531 0.412109 0.289062 0.412109 0.290365 0.414062 0.292969 0.414062 0.294271 0.417969 0.299479 0.417969 0.300781 0.421875 0.30599 0.421875 0.307292 0.423828 0.309896 0.423828 0.311198 0.425781 0.313802 0.425781 0.316406 0.426758 0.317708 0.426758 0.31901 0.428711 0.321615 0.428711 0.322917 0.429688 0.324219 0.429688 0.325521 0.431641 0.328125 0.431641 0.329427 0.432617 0.330729 0.432617 0.332031 0.433594 0.333333 0.433594 0.334635 0.43457 0.335938 0.43457 0.33724 0.435547 0.338542 0.435547 0.339844 0.438477 0.34375 0.438477 0.345052 0.44043 0.347656 0.44043 0.348958 0.442383 0.351562 0.442383 0.352865 0.448242 0.360677 0.448242 0.361979 0.449219 0.363281 0.449219 0.364583 0.451172 0.367188 0.451172 0.36849 0.452148 0.36849 0.455078 0.372396 0.455078 0.373698 0.458008 0.377604 0.458008 0.378906 0.46582 0.389323 0.467773 0.389323 0.46875 0.390625 0.469727 0.390625 0.47168 0.393229 0.47168 0.397135 0.477539 0.397135 0.477539 0.393229 0.479492 0.390625 0.480469 0.390625 0.482422 0.388021 0.483398 0.388021 0.485352 0.385417 0.485352 0.384115 0.486328 0.382812 0.486328 0.38151 0.487305 0.380208 0.487305 0.377604 0.488281 0.376302 0.488281 0.371094 0.487305 0.369792 0.487305 0.365885 0.485352 0.363281 0.485352 0.361979 0.46875 0.339844 0.467773 0.339844 0.464844 0.335938 0.464844 0.334635 0.462891 0.332031 0.462891 0.330729 0.459961 0.326823 0.459961 0.325521 0.458984 0.324219 0.458984 0.322917 0.456055 0.31901 0.456055 0.317708 0.454102 0.315104 0.454102 0.313802 0.451172 0.309896 0.451172 0.308594 0.450195 0.307292 0.450195 0.30599 0.449219 0.304688 0.449219 0.303385 0.448242 0.302083 0.448242 0.300781 0.447266 0.299479 0.447266 0.298177 0.445312 0.295573 0.445312 0.294271 0.444336 0.292969 0.444336 0.291667 0.443359 0.290365 0.443359 0.289062 0.442383 0.28776 0.442383 0.286458 0.441406 0.285156 0.441406 0.283854 0.44043 0.282552 0.44043 0.28125 0.439453 0.279948 0.439453 0.278646 0.4375 0.276042 0.4375 0.27474 0.435547 0.272135 0.435547 0.270833 0.433594 0.268229 0.433594 0.266927 0.431641 0.264323 0.431641 0.263021 0.427734 0.257812 0.426758 0.257812 0.423828 0.253906 0.422852 0.253906 0.40918 0.235677 0.408203 0.235677 0.405273 0.231771 0.404297 0.231771 0.400391 0.226562 0.399414 0.226562 0.394531 0.220052 0.393555 0.220052 0.390625 0.216146 0.389648 0.216146 0.384766 0.209635 0.383789 0.209635 0.379883 0.204427 0.378906 0.204427 0.376953 0.201823 0.375977 0.201823 0.374023 0.199219 0.373047 0.199219 0.37207 0.197917 0.371094 0.197917 0.369141 0.195312 0.367188 0.195312 0.366211 0.19401 0.356445 0.19401 0.355469 0.195312 0.352539 0.195312 0.351562 0.19401 0.350586 0.19401 0.349609 0.192708 0.348633 0.192708 0.347656 0.191406 0.34668 0.191406 0.34375 0.1875 0.342773 0.1875 0.341797 0.186198 0.34082 0.186198 0.337891 0.182292 0.336914 0.182292 0.335938 0.18099 0.334961 0.18099 0.333984 0.179688 0.333008 0.179688 0.331055 0.177083 0.330078 0.177083 0.329102 0.175781 0.328125 0.175781 0.327148 0.174479 0.326172 0.174479 0.325195 0.173177 0.324219 0.173177 0.323242 0.171875 0.322266 0.171875 0.321289 0.170573 0.320312 0.170573 0.319336 0.169271 0.318359 0.169271 0.316406 0.166667 0.31543 0.166667 0.314453 0.165365 0.313477 0.165365 0.3125 0.164062 0.311523 0.164062 0.308594 0.160156 0.307617 0.160156 0.306641 0.158854 0.305664 0.158854 0.304688 0.157552 0.303711 0.157552 0.302734 0.15625 0.301758 0.15625 0.300781 0.154948 0.299805 0.154948 0.298828 0.153646 0.297852 0.153646 0.296875 0.152344 0.296875 0.148438
1 0.71875 0.731771 0.71875 0.736979 0.717773 0.738281 0.716797 0.738281 0.712891 0.74349 0.711914 0.74349 0.709961 0.746094 0.708984 0.746094 0.708008 0.747396 0.707031 0.747396 0.701172 0.755208 0.700195 0.755208 0.695312 0.761719 0.695312 0.763021 0.694336 0.764323 0.694336 0.766927 0.693359 0.768229 0.693359 0.769531 0.692383 0.770833 0.692383 0.772135 0.69043 0.77474 0.69043 0.776042 0.688477 0.778646 0.688477 0.779948 0.686523 0.782552 0.686523 0.783854 0.68457 0.786458 0.68457 0.78776 0.682617 0.790365 0.682617 0.791667 0.681641 0.792969 0.681641 0.794271 0.679688 0.796875 0.679688 0.798177 0.677734 0.800781 0.677734 0.802083 0.673828 0.807292 0.673828 0.808594 0.661133 0.825521 0.658203 0.825521 0.658203 0.848958 0.662109 0.848958 0.664062 0.851562 0.664062 0.852865 0.665039 0.854167 0.666016 0.854167 0.667969 0.856771 0.669922 0.856771 0.670898 0.858073 0.672852 0.858073 0.673828 0.859375 0.674805 0.858073 0.681641 0.858073 0.682617 0.856771 0.68457 0.856771 0.691406 0.847656 0.691406 0.846354 0.694336 0.842448 0.694336 0.841146 0.697266 0.83724 0.697266 0.835938 0.701172 0.830729 0.701172 0.829427 0.703125 0.826823 0.703125 0.825521 0.706055 0.821615 0.706055 0.820312 0.709961 0.815104 0.709961 0.813802 0.713867 0.808594 0.713867 0.807292 0.717773 0.802083 0.717773 0.800781 0.723633 0.792969 0.723633 0.791667 0.726562 0.78776 0.726562 0.786458 0.727539 0.785156 0.727539 0.783854 0.728516 0.782552 0.728516 0.779948 0.729492 0.778646 0.729492 0.777344 0.730469 0.776042 0.730469 0.77474 0.731445 0.773438 0.731445 0.770833 0.732422 0.769531 0.732422 0.765625 0.733398 0.764323 0.733398 0.761719 0.734375 0.760417 0.734375 0.759115 0.735352 0.757812 0.735352 0.75651 0.736328 0.755208 0.739258 0.755208 0.739258 0.731771
1 0.774414 0.233073 0.773438 0.234375 0.770508 0.234375 0.762695 0.244792 0.761719 0.244792 0.760742 0.246094 0.759766 0.246094 0.758789 0.247396 0.755859 0.247396 0.755859 0.265625 0.758789 0.265625 0.758789 0.264323 0.759766 0.263021 0.759766 0.261719 0.762695 0.257812 0.766602 0.257812 0.771484 0.264323 0.771484 0.265625 0.78125 0.278646 0.782227 0.278646 0.786133 0.283854 0.787109 0.283854 0.790039 0.28776 0.791016 0.28776 0.794922 0.292969 0.795898 0.292969 0.796875 0.294271 0.797852 0.294271 0.800781 0.298177 0.801758 0.298177 0.804688 0.302083 0.805664 0.302083 0.807617 0.304688 0.808594 0.304688 0.80957 0.30599 0.810547 0.30599 0.8125 0.308594 0.813477 0.308594 0.814453 0.309896 0.81543 0.309896 0.818359 0.313802 0.819336 0.313802 0.820312 0.315104 0.822266 0.315104 0.823242 0.316406 0.824219 0.316406 0.825195 0.317708 0.829102 0.317708 0.830078 0.31901 0.832031 0.31901 0.833008 0.320312 0.835938 0.320312 0.836914 0.321615 0.838867 0.321615 0.839844 0.322917 0.842773 0.322917 0.84375 0.324219 0.84668 0.324219 0.847656 0.325521 0.864258 0.325521 0.865234 0.326823 0.867188 0.326823 0.868164 0.328125 0.869141 0.328125 0.870117 0.329427 0.871094 0.329427 0.87207 0.330729 0.873047 0.330729 0.874023 0.332031 0.875 0.332031 0.875977 0.333333 0.878906 0.333333 0.879883 0.334635 0.882812 0.334635 0.883789 0.335938 0.897461 0.335938 0.898438 0.33724 0.90332 0.33724 0.904297 0.338542 0.90918 0.338542 0.910156 0.339844 0.915039 0.339844 0.916016 0.341146 0.918945 0.341146 0.919922 0.342448 0.922852 0.342448 0.923828 0.34375 0.926758 0.34375 0.927734 0.345052 0.930664 0.345052 0.931641 0.346354 0.93457 0.346354 0.935547 0.347656 0.939453 0.347656 0.94043 0.348958 0.942383 0.348958 0.943359 0.35026 0.946289 0.35026 0.947266 0.351562 0.949219 0.351562 0.950195 0.352865 0.951172 0.352865 0.952148 0.354167 0.954102 0.354167 0.956055 0.356771 0.956055 0.360677 0.964844 0.360677 0.964844 0.356771 0.96582 0.355469 0.969727 0.355469 0.969727 0.345052 0.966797 0.345052 0.96582 0.34375 0.964844 0.34375 0.956055 0.332031 0.956055 0.330729 0.955078 0.329427 0.954102 0.329427 0.953125 0.328125 0.952148 0.328125 0.951172 0.326823 0.950195 0.326823 0.949219 0.325521 0.947266 0.325521 0.946289 0.324219 0.944336 0.324219 0.943359 0.322917 0.941406 0.322917 0.94043 0.321615 0.939453 0.321615 0.938477 0.320312 0.935547 0.320312 0.93457 0.31901 0.931641 0.31901 0.930664 0.317708 0.927734 0.317708 0.926758 0.316406 0.924805 0.316406 0.923828 0.315104 0.920898 0.315104 0.919922 0.313802 0.916992 0.313802 0.916016 0.3125 0.913086 0.3125 0.912109 0.311198 0.90918 0.311198 0.908203 0.309896 0.905273 0.309896 0.904297 0.308594 0.899414 0.308594 0.898438 0.307292 0.892578 0.307292 0.891602 0.30599 0.886719 0.30599 0.885742 0.304688 0.883789 0.304688 0.882812 0.303385 0.879883 0.303385 0.878906 0.302083 0.875977 0.302083 0.875 0.300781 0.873047 0.300781 0.87207 0.299479 0.869141 0.299479 0.868164 0.298177 0.866211 0.298177 0.865234 0.296875 0.860352 0.296875 0.859375 0.295573 0.856445 0.295573 0.855469 0.294271 0.852539 0.294271 0.851562 0.292969 0.848633 0.292969 0.847656 0.291667 0.844727 0.291667 0.84375 0.290365 0.84082 0.290365 0.839844 0.289062 0.837891 0.289062 0.836914 0.28776 0.835938 0.28776 0.834961 0.286458 0.833008 0.286458 0.832031 0.285156 0.831055 0.285156 0.830078 0.283854 0.829102 0.283854 0.827148 0.28125 0.826172 0.28125 0.825195 0.279948 0.824219 0.279948 0.823242 0.278646 0.822266 0.278646 0.821289 0.277344 0.820312 0.277344 0.819336 0.276042 0.818359 0.276042 0.817383 0.27474 0.816406 0.27474 0.81543 0.273438 0.814453 0.273438 0.8125 0.270833 0.811523 0.270833 0.810547 0.269531 0.80957 0.269531 0.801758 0.259115 0.800781 0.259115 0.794922 0.251302 0.794922 0.25 0.792969 0.247396 0.792969 0.246094 0.786133 0.236979 0.785156 0.236979 0.78418 0.235677 0.783203 0.235677 0.782227 0.234375 0.77832 0.234375 0.777344 0.233073
1 0.400391 0.247396 0.396484 0.247396 0.396484 0.261719 0.40625 0.261719 0.40625 0.257812 0.402344 0.252604 0.402344 0.251302 0.400391 0.248698 0.400391 0.247396 0.402344 0.188802 0.40625 0.188802 0.407227 0.1875 0.412109 0.1875 0.413086 0.188802 0.415039 0.188802 0.416016 0.190104 0.417969 0.190104 0.418945 0.191406 0.419922 0.191406 0.420898 0.192708 0.423828 0.192708 0.424805 0.19401 0.425781 0.19401 0.426758 0.195312 0.428711 0.195312 0.429688 0.196615 0.432617 0.196615 0.433594 0.197917 0.442383 0.197917 0.443359 0.199219 0.447266 0.199219 0.448242 0.200521 0.455078 0.200521 0.456055 0.201823 0.458984 0.201823 0.459961 0.203125 0.461914 0.203125 0.462891 0.204427 0.463867 0.204427 0.464844 0.205729 0.46582 0.205729 0.466797 0.207031 0.46875 0.207031 0.469727 0.208333 0.470703 0.208333 0.47168 0.209635 0.473633 0.209635 0.474609 0.210938 0.476562 0.210938 0.477539 0.21224 0.479492 0.21224 0.480469 0.213542 0.482422 0.213542 0.483398 0.214844 0.485352 0.214844 0.486328 0.216146 0.487305 0.216146 0.488281 0.217448 0.489258 0.217448 0.490234 0.21875 0.491211 0.21875 0.492188 0.220052 0.493164 0.220052 0.494141 0.221354 0.495117 0.221354 0.496094 0.222656 0.498047 0.222656 0.499023 0.223958 0.5 0.223958 0.500977 0.22526 0.501953 0.22526 0.50293 0.226562 0.503906 0.226562 0.504883 0.227865 0.506836 0.227865 0.507812 0.229167 0.509766 0.229167 0.510742 0.230469 0.512695 0.230469 0.513672 0.231771 0.515625 0.231771 0.516602 0.233073 0.518555 0.233073 0.519531 0.234375 0.521484 0.234375 0.522461 0.235677 0.524414 0.235677 0.525391 0.236979 0.527344 0.236979 0.52832 0.238281 0.529297 0.238281 0.530273 0.239583 0.532227 0.239583 0.533203 0.240885 0.53418 0.240885 0.535156 0.242188 0.536133 0.242188 0.537109 0.24349 0.539062 0.24349 0.540039 0.244792 0.541992 0.244792 0.542969 0.246094 0.543945 0.246094 0.544922 0.247396 0.546875 0.247396 0.547852 0.248698 0.550781 0.248698 0.551758 0.25 0.555664 0.25 0.556641 0.251302 0.558594 0.251302 0.55957 0.252604 0.561523 0.252604 0.5625 0.253906 0.56543 0.253906 0.566406 0.255208 0.584961 0.255208 0.585938 0.25651 0.588867 0.25651 0.589844 0.257812 0.589844 0.261719 0.603516 0.261719 0.603516 0.25651 0.604492 0.255208 0.605469 0.255208 0.609375 0.25 0.609375 0.248698 0.610352 0.247396 0.610352 0.240885 0.609375 0.239583 0.609375 0.238281 0.607422 0.235677 0.607422 0.234375 0.606445 0.233073 0.605469 0.233073 0.604492 0.231771 0.603516 0.231771 0.601562 0.229167 0.599609 0.229167 0.598633 0.227865 0.59668 0.227865 0.595703 0.226562 0.59375 0.226562 0.592773 0.22526 0.591797 0.22526 0.59082 0.223958 0.587891 0.223958 0.586914 0.222656 0.583008 0.222656 0.582031 0.221354 0.579102 0.221354 0.578125 0.220052 0.575195 0.220052 0.574219 0.21875 0.572266 0.21875 0.571289 0.217448 0.568359 0.217448 0.567383 0.216146 0.56543 0.216146 0.564453 0.214844 0.560547 0.214844 0.55957 0.213542 0.554688 0.213542 0.553711 0.21224 0.550781 0.21224 0.549805 0.210938 0.546875 0.210938 0.545898 0.209635 0.543945 0.209635 0.542969 0.208333 0.541016 0.208333 0.540039 0.207031 0.538086 0.207031 0.537109 0.205729 0.53418 0.205729 0.533203 0.204427 0.53125 0.204427 0.530273 0.203125 0.527344 0.203125 0.526367 0.201823 0.523438 0.201823 0.522461 0.200521 0.520508 0.200521 0.519531 0.199219 0.517578 0.199219 0.516602 0.197917 0.514648 0.197917 0.513672 0.196615 0.512695 0.196615 0.511719 0.195312 0.510742 0.195312 0.509766 0.19401 0.507812 0.19401 0.506836 0.192708 0.505859 0.192708 0.504883 0.191406 0.50293 0.191406 0.501953 0.190104 0.5 0.190104 0.499023 0.188802 0.498047 0.188802 0.49707 0.1875 0.495117 0.1875 0.494141 0.186198 0.492188 0.186198 0.491211 0.184896 0.490234 0.184896 0.488281 0.182292 0.487305 0.182292 0.486328 0.18099 0.485352 0.18099 0.484375 0.179688 0.483398 0.179688 0.481445 0.177083 0.479492 0.177083 0.478516 0.175781 0.477539 0.175781 0.476562 0.174479 0.475586 0.174479 0.473633 0.171875 0.472656 0.171875 0.47168 0.170573 0.470703 0.170573 0.469727 0.169271 0.467773 0.169271 0.466797 0.167969 0.46582 0.167969 0.464844 0.166667 0.461914 0.166667 0.460938 0.165365 0.458984 0.165365 0.458008 0.164062 0.453125 0.164062 0.452148 0.16276 0.441406 0.16276 0.44043 0.161458 0.436523 0.161458 0.435547 0.160156 0.433594 0.160156 0.432617 0.158854 0.430664 0.158854 0.429688 0.157552 0.426758 0.157552 0.425781 0.15625 0.422852 0.15625 0.421875 0.154948 0.416992 0.154948 0.416016 0.15625 0.413086 0.15625 0.412109 0.157552 0.411133 0.157552 0.410156 0.158854 0.411133 0.160156 0.411133 0.165365 0.410156 0.166667 0.410156 0.167969 0.407227 0.171875 0.40625 0.170573 0.40332 0.170573 0.402344 0.169271 0.401367 0.169271 0.400391 0.167969 0.396484 0.167969 0.396484 0.1875 0.401367 0.1875 0.402344 0.188802
1 0.599609 0.309896 0.599609 0.33724 0.602539 0.33724 0.604492 0.339844 0.604492 0.341146 0.605469 0.342448 0.605469 0.345052 0.606445 0.346354 0.606445 0.347656 0.607422 0.348958 0.607422 0.352865 0.608398 0.354167 0.608398 0.359375 0.610352 0.361979 0.612305 0.361979 0.613281 0.363281 0.615234 0.363281 0.619141 0.36849 0.619141 0.369792 0.620117 0.371094 0.620117 0.372396 0.62207 0.375 0.62207 0.376302 0.624023 0.378906 0.624023 0.380208 0.625 0.38151 0.625 0.382812 0.625977 0.384115 0.625977 0.385417 0.626953 0.386719 0.626953 0.388021 0.628906 0.390625 0.628906 0.391927 0.629883 0.393229 0.629883 0.394531 0.631836 0.397135 0.631836 0.398438 0.633789 0.401042 0.633789 0.402344 0.636719 0.40625 0.636719 0.407552 0.640625 0.41276 0.640625 0.414062 0.643555 0.417969 0.643555 0.419271 0.645508 0.421875 0.645508 0.423177 0.646484 0.424479 0.646484 0.425781 0.647461 0.427083 0.647461 0.428385 0.649414 0.43099 0.649414 0.432292 0.651367 0.434896 0.651367 0.436198 0.657227 0.44401 0.658203 0.44401 0.660156 0.446615 0.661133 0.446615 0.662109 0.447917 0.664062 0.447917 0.665039 0.449219 0.666016 0.449219 0.666992 0.450521 0.667969 0.450521 0.668945 0.451823 0.671875 0.451823 0.672852 0.453125 0.680664 0.453125 0.681641 0.451823 0.683594 0.451823 0.68457 0.450521 0.685547 0.450521 0.686523 0.449219 0.6875 0.449219 0.688477 0.447917 0.692383 0.447917 0.692383 0.433594 0.688477 0.433594 0.679688 0.421875 0.679688 0.420573 0.677734 0.417969 0.677734 0.416667 0.675781 0.414062 0.675781 0.41276 0.672852 0.408854 0.672852 0.407552 0.670898 0.404948 0.670898 0.403646 0.668945 0.401042 0.668945 0.39974 0.666992 0.397135 0.666992 0.395833 0.665039 0.393229 0.665039 0.391927 0.663086 0.389323 0.663086 0.388021 0.662109 0.386719 0.662109 0.385417 0.661133 0.384115 0.661133 0.382812 0.658203 0.378906 0.658203 0.377604 0.65625 0.375 0.65625 0.373698 0.655273 0.372396 0.655273 0.371094 0.65332 0.36849 0.65332 0.367188 0.651367 0.364583 0.651367 0.363281 0.649414 0.360677 0.649414 0.359375 0.646484 0.355469 0.646484 0.354167 0.645508 0.352865 0.645508 0.351562 0.643555 0.348958 0.643555 0.347656 0.641602 0.345052 0.641602 0.34375 0.639648 0.341146 0.639648 0.339844 0.638672 0.338542 0.638672 0.33724 0.636719 0.334635 0.636719 0.333333 0.635742 0.332031 0.635742 0.330729 0.633789 0.328125 0.633789 0.326823 0.631836 0.324219 0.631836 0.322917 0.62793 0.317708 0.62793 0.316406 0.625977 0.313802 0.625977 0.309896
1 0.115234 0.664062 0.115234 0.690104 0.118164 0.690104 0.120117 0.692708 0.120117 0.69401 0.121094 0.695312 0.121094 0.696615 0.123047 0.699219 0.123047 0.700521 0.124023 0.700521 0.129883 0.708333 0.129883 0.709635 0.130859 0.710938 0.131836 0.710938 0.139648 0.721354 0.140625 0.721354 0.141602 0.722656 0.141602 0.723958 0.150391 0.735677 0.151367 0.735677 0.15332 0.738281 0.154297 0.738281 0.166016 0.753906 0.166992 0.753906 0.169922 0.757812 0.170898 0.757812 0.176758 0.765625 0.176758 0.766927 0.178711 0.769531 0.178711 0.770833 0.180664 0.773438 0.180664 0.77474 0.189453 0.786458 0.189453 0.78776 0.19043 0.789062 0.191406 0.789062 0.192383 0.790365 0.192383 0.791667 0.194336 0.794271 0.195312 0.794271 0.199219 0.799479 0.200195 0.799479 0.208008 0.809896 0.208984 0.809896 0.211914 0.813802 0.212891 0.813802 0.214844 0.816406 0.21582 0.816406 0.217773 0.81901 0.21875 0.81901 0.22168 0.822917 0.222656 0.822917 0.225586 0.826823 0.226562 0.826823 0.230469 0.832031 0.231445 0.832031 0.233398 0.834635 0.234375 0.834635 0.236328 0.83724 0.237305 0.83724 0.248047 0.851562 0.248047 0.852865 0.251953 0.858073 0.251953 0.859375 0.255859 0.864583 0.255859 0.865885 0.257812 0.86849 0.257812 0.869792 0.258789 0.871094 0.258789 0.872396 0.260742 0.875 0.260742 0.876302 0.262695 0.878906 0.262695 0.880208 0.264648 0.882812 0.264648 0.884115 0.267578 0.888021 0.267578 0.889323 0.269531 0.891927 0.269531 0.893229 0.270508 0.894531 0.270508 0.895833 0.272461 0.898438 0.272461 0.89974 0.275391 0.903646 0.275391 0.904948 0.277344 0.907552 0.277344 0.908854 0.27832 0.910156 0.27832 0.911458 0.280273 0.914062 0.280273 0.915365 0.283203 0.919271 0.283203 0.920573 0.28418 0.921875 0.28418 0.923177 0.286133 0.925781 0.286133 0.927083 0.289062 0.93099 0.289062 0.932292 0.291016 0.934896 0.291016 0.936198 0.292969 0.938802 0.292969 0.940104 0.294922 0.942708 0.294922 0.94401 0.295898 0.945312 0.296875 0.945312 0.299805 0.949219 0.299805 0.950521 0.30957 0.963542 0.30957 0.964844 0.310547 0.966146 0.311523 0.966146 0.317383 0.973958 0.318359 0.973958 0.322266 0.979167 0.323242 0.979167 0.326172 0.983073 0.327148 0.983073 0.329102 0.985677 0.330078 0.985677 0.334961 0.992188 0.335938 0.992188 0.336914 0.99349 0.337891 0.99349 0.339844 0.996094 0.339844 0.998698 0.370117 0.998698 0.370117 0.994792 0.369141 0.99349 0.369141 0.992188 0.365234 0.986979 0.365234 0.985677 0.364258 0.985677 0.348633 0.964844 0.347656 0.964844 0.333008 0.945312 0.332031 0.945312 0.328125 0.940104 0.327148 0.940104 0.326172 0.938802 0.326172 0.9375 0.321289 0.93099 0.321289 0.929688 0.313477 0.919271 0.313477 0.917969 0.311523 0.915365 0.311523 0.914062 0.310547 0.91276 0.310547 0.911458 0.30957 0.910156 0.30957 0.908854 0.308594 0.907552 0.308594 0.90625 0.307617 0.904948 0.307617 0.903646 0.305664 0.901042 0.305664 0.89974 0.304688 0.898438 0.304688 0.897135 0.302734 0.894531 0.302734 0.893229 0.300781 0.890625 0.300781 0.889323 0.298828 0.886719 0.298828 0.885417 0.294922 0.880208 0.294922 0.878906 0.291992 0.875 0.291992 0.873698 0.290039 0.871094 0.290039 0.869792 0.280273 0.856771 0.280273 0.855469 0.277344 0.851562 0.277344 0.85026 0.275391 0.847656 0.275391 0.846354 0.274414 0.845052 0.274414 0.84375 0.272461 0.841146 0.272461 0.839844 0.271484 0.838542 0.271484 0.83724 0.264648 0.828125 0.263672 0.828125 0.259766 0.822917 0.259766 0.821615 0.258789 0.821615 0.255859 0.817708 0.254883 0.817708 0.248047 0.808594 0.24707 0.808594 0.244141 0.804688 0.243164 0.804688 0.236328 0.795573 0.235352 0.795573 0.233398 0.792969 0.233398 0.791667 0.22168 0.776042 0.220703 0.776042 0.212891 0.765625 0.211914 0.765625 0.208984 0.761719 0.208008 0.761719 0.203125 0.755208 0.202148 0.755208 0.198242 0.75 0.197266 0.75 0.194336 0.746094 0.193359 0.746094 0.191406 0.74349 0.19043 0.74349 0.188477 0.740885 0.1875 0.740885 0.186523 0.739583 0.185547 0.739583 0.18457 0.738281 0.183594 0.738281 0.182617 0.736979 0.180664 0.736979 0.179688 0.735677 0.177734 0.735677 0.176758 0.734375 0.175781 0.734375 0.174805 0.733073 0.173828 0.733073 0.172852 0.731771 0.171875 0.731771 0.170898 0.730469 0.169922 0.730469 0.167969 0.727865 0.166992 0.727865 0.166016 0.726562 0.164062 0.726562 0.163086 0.72526 0.162109 0.72526 0.161133 0.723958 0.160156 0.723958 0.158203 0.721354 0.157227 0.721354 0.152344 0.714844 0.151367 0.714844 0.148438 0.710938 0.148438 0.709635 0.146484 0.707031 0.146484 0.705729 0.144531 0.703125 0.144531 0.701823 0.143555 0.700521 0.143555 0.697917 0.142578 0.696615 0.142578 0.69401 0.141602 0.692708 0.141602 0.690104 0.140625 0.688802 0.140625 0.684896 0.139648 0.683594 0.139648 0.68099 0.138672 0.679688 0.138672 0.677083 0.137695 0.675781 0.137695 0.674479 0.136719 0.673177 0.136719 0.671875 0.135742 0.670573 0.135742 0.669271 0.134766 0.667969 0.134766 0.664062
1 0.351562 0.320312 0.351562 0.326823 0.352539 0.328125 0.352539 0.329427 0.351562 0.330729 0.351562 0.33724 0.352539 0.338542 0.352539 0.372396 0.351562 0.373698 0.351562 0.380208 0.350586 0.38151 0.350586 0.386719 0.349609 0.388021 0.349609 0.393229 0.348633 0.394531 0.348633 0.39974 0.347656 0.401042 0.347656 0.404948 0.34668 0.40625 0.34668 0.408854 0.345703 0.410156 0.345703 0.41276 0.344727 0.414062 0.344727 0.415365 0.34375 0.416667 0.34375 0.419271 0.342773 0.420573 0.342773 0.423177 0.341797 0.424479 0.341797 0.425781 0.34082 0.427083 0.34082 0.429688 0.339844 0.43099 0.339844 0.432292 0.338867 0.433594 0.338867 0.436198 0.337891 0.4375 0.337891 0.442708 0.336914 0.44401 0.336914 0.447917 0.335938 0.449219 0.335938 0.451823 0.334961 0.453125 0.334961 0.454427 0.333984 0.455729 0.333984 0.458333 0.333008 0.459635 0.333008 0.46224 0.332031 0.463542 0.332031 0.466146 0.331055 0.467448 0.331055 0.470052 0.330078 0.471354 0.330078 0.473958 0.329102 0.47526 0.329102 0.477865 0.328125 0.479167 0.328125 0.480469 0.327148 0.481771 0.327148 0.483073 0.326172 0.484375 0.326172 0.485677 0.325195 0.486979 0.325195 0.489583 0.324219 0.490885 0.324219 0.492188 0.323242 0.49349 0.323242 0.496094 0.322266 0.497396 0.322266 0.498698 0.321289 0.5 0.321289 0.502604 0.320312 0.503906 0.320312 0.505208 0.319336 0.50651 0.319336 0.507812 0.317383 0.510417 0.314453 0.510417 0.314453 0.55599 0.319336 0.55599 0.320312 0.554688 0.322266 0.554688 0.324219 0.552083 0.325195 0.552083 0.327148 0.549479 0.328125 0.549479 0.330078 0.546875 0.331055 0.546875 0.332031 0.545573 0.332031 0.544271 0.333984 0.541667 0.333984 0.540365 0.335938 0.53776 0.335938 0.536458 0.336914 0.535156 0.336914 0.533854 0.337891 0.532552 0.337891 0.53125 0.338867 0.529948 0.338867 0.528646 0.339844 0.527344 0.339844 0.52474 0.34082 0.523438 0.34082 0.522135 0.341797 0.520833 0.341797 0.519531 0.342773 0.518229 0.342773 0.516927 0.344727 0.514323 0.344727 0.513021 0.345703 0.511719 0.345703 0.510417 0.34668 0.509115 0.34668 0.507812 0.347656 0.50651 0.347656 0.505208 0.348633 0.503906 0.348633 0.502604 0.350586 0.5 0.350586 0.498698 0.351562 0.497396 0.351562 0.496094 0.353516 0.49349 0.353516 0.492188 0.354492 0.490885 0.354492 0.489583 0.355469 0.488281 0.355469 0.486979 0.356445 0.485677 0.356445 0.484375 0.357422 0.483073 0.357422 0.481771 0.358398 0.480469 0.358398 0.479167 0.360352 0.476562 0.360352 0.47526 0.361328 0.473958 0.361328 0.472656 0.362305 0.471354 0.362305 0.470052 0.364258 0.467448 0.364258 0.466146 0.365234 0.464844 0.365234 0.463542 0.366211 0.46224 0.366211 0.460938 0.367188 0.459635 0.367188 0.457031 0.368164 0.455729 0.368164 0.454427 0.369141 0.453125 0.369141 0.450521 0.370117 0.449219 0.370117 0.447917 0.371094 0.446615 0.371094 0.44401 0.37207 0.442708 0.37207 0.440104 0.373047 0.438802 0.373047 0.4375 0.374023 0.436198 0.374023 0.432292 0.375 0.43099 0.375 0.427083 0.375977 0.425781 0.375977 0.398438 0.376953 0.397135 0.376953 0.386719 0.37793 0.385417 0.37793 0.378906 0.378906 0.377604 0.378906 0.372396 0.379883 0.371094 0.379883 0.369792 0.380859 0.36849 0.383789 0.36849 0.383789 0.326823 0.380859 0.326823 0.379883 0.325521 0.379883 0.320312
1 0.796875 0.544271 0.796875 0.548177 0.795898 0.549479 0.794922 0.549479 0.793945 0.550781 0.791016 0.550781 0.790039 0.552083 0.787109 0.552083 0.786133 0.553385 0.783203 0.553385 0.782227 0.554688 0.780273 0.554688 0.779297 0.55599 0.77832 0.55599 0.777344 0.557292 0.775391 0.557292 0.774414 0.558594 0.773438 0.558594 0.771484 0.561198 0.770508 0.561198 0.766602 0.566406 0.763672 0.566406 0.763672 0.582031 0.767578 0.582031 0.769531 0.584635 0.771484 0.584635 0.772461 0.585938 0.774414 0.585938 0.775391 0.58724 0.777344 0.58724 0.77832 0.588542 0.782227 0.588542 0.783203 0.589844 0.785156 0.589844 0.786133 0.591146 0.786133 0.595052 0.827148 0.595052 0.827148 0.591146 0.828125 0.589844 0.831055 0.589844 0.832031 0.588542 0.837891 0.588542 0.838867 0.589844 0.84375 0.589844 0.844727 0.591146 0.844727 0.595052 0.864258 0.595052 0.864258 0.591146 0.865234 0.589844 0.867188 0.589844 0.868164 0.588542 0.871094 0.588542 0.87207 0.58724 0.874023 0.58724 0.875 0.585938 0.875977 0.585938 0.876953 0.584635 0.879883 0.584635 0.880859 0.583333 0.886719 0.583333 0.887695 0.584635 0.890625 0.584635 0.891602 0.585938 0.893555 0.585938 0.894531 0.58724 0.90332 0.58724 0.90332 0.56901 0.900391 0.56901 0.898438 0.566406 0.898438 0.565104 0.894531 0.559896 0.892578 0.559896 0.891602 0.558594 0.890625 0.558594 0.889648 0.557292 0.887695 0.557292 0.886719 0.55599 0.883789 0.55599 0.881836 0.553385 0.880859 0.553385 0.879883 0.552083 0.878906 0.552083 0.87793 0.550781 0.876953 0.550781 0.875 0.548177 0.875 0.544271
1 0.853516 0.596354 0.853516 0.623698 0.857422 0.623698 0.859375 0.626302 0.859375 0.627604 0.862305 0.63151 0.862305 0.632812 0.864258 0.635417 0.864258 0.636719 0.865234 0.638021 0.865234 0.639323 0.866211 0.640625 0.866211 0.641927 0.867188 0.643229 0.867188 0.644531 0.868164 0.645833 0.868164 0.647135 0.869141 0.648438 0.869141 0.64974 0.870117 0.651042 0.870117 0.652344 0.871094 0.653646 0.871094 0.654948 0.87207 0.65625 0.87207 0.657552 0.873047 0.658854 0.873047 0.660156 0.874023 0.661458 0.874023 0.66276 0.875 0.664062 0.875 0.666667 0.876953 0.669271 0.876953 0.670573 0.87793 0.671875 0.87793 0.673177 0.878906 0.674479 0.878906 0.675781 0.880859 0.678385 0.880859 0.679688 0.882812 0.682292 0.882812 0.683594 0.885742 0.6875 0.885742 0.688802 0.886719 0.690104 0.887695 0.690104 0.891602 0.695312 0.892578 0.695312 0.896484 0.700521 0.897461 0.700521 0.899414 0.703125 0.901367 0.703125 0.902344 0.704427 0.904297 0.704427 0.905273 0.705729 0.907227 0.705729 0.908203 0.707031 0.90918 0.705729 0.911133 0.705729 0.912109 0.704427 0.918945 0.704427 0.918945 0.682292 0.916016 0.682292 0.914062 0.679688 0.914062 0.678385 0.912109 0.675781 0.912109 0.674479 0.911133 0.673177 0.911133 0.671875 0.910156 0.670573 0.910156 0.669271 0.908203 0.666667 0.908203 0.665365 0.907227 0.664062 0.907227 0.66276 0.90625 0.661458 0.90625 0.660156 0.904297 0.657552 0.904297 0.65625 0.90332 0.654948 0.90332 0.653646 0.899414 0.648438 0.899414 0.647135 0.895508 0.641927 0.895508 0.640625 0.892578 0.636719 0.892578 0.635417 0.890625 0.632812 0.890625 0.63151 0.888672 0.628906 0.888672 0.627604 0.886719 0.625 0.886719 0.623698 0.885742 0.622396 0.885742 0.621094 0.884766 0.619792 0.884766 0.61849 0.883789 0.617188 0.883789 0.615885 0.882812 0.614583 0.882812 0.613281 0.881836 0.611979 0.881836 0.610677 0.879883 0.608073 0.879883 0.606771 0.878906 0.605469 0.878906 0.604167 0.87793 0.602865 0.87793 0.601562 0.876953 0.60026 0.876953 0.596354
1 0.564453 0.414062 0.564453 0.434896 0.567383 0.434896 0.575195 0.445312 0.575195 0.446615 0.576172 0.447917 0.577148 0.447917 0.579102 0.450521 0.580078 0.450521 0.587891 0.460938 0.588867 0.460938 0.592773 0.466146 0.59375 0.466146 0.595703 0.46875 0.59668 0.46875 0.598633 0.471354 0.599609 0.471354 0.601562 0.473958 0.602539 0.473958 0.607422 0.480469 0.608398 0.480469 0.610352 0.483073 0.611328 0.483073 0.613281 0.485677 0.614258 0.485677 0.616211 0.488281 0.617188 0.488281 0.619141 0.490885 0.620117 0.490885 0.621094 0.492188 0.62207 0.492188 0.623047 0.49349 0.624023 0.49349 0.625 0.494792 0.626953 0.494792 0.62793 0.496094 0.628906 0.496094 0.630859 0.498698 0.631836 0.498698 0.632812 0.5 0.633789 0.5 0.634766 0.501302 0.635742 0.501302 0.636719 0.502604 0.637695 0.502604 0.638672 0.503906 0.639648 0.503906 0.640625 0.505208 0.641602 0.505208 0.643555 0.507812 0.643555 0.511719 0.657227 0.511719 0.657227 0.507812 0.658203 0.50651 0.658203 0.505208 0.65918 0.503906 0.65918 0.502604 0.660156 0.501302 0.660156 0.498698 0.661133 0.497396 0.661133 0.496094 0.662109 0.494792 0.665039 0.494792 0.665039 0.486979 0.662109 0.486979 0.660156 0.484375 0.660156 0.483073 0.655273 0.476562 0.654297 0.476562 0.652344 0.473958 0.651367 0.473958 0.650391 0.472656 0.649414 0.472656 0.648438 0.471354 0.647461 0.471354 0.645508 0.46875 0.644531 0.46875 0.643555 0.467448 0.642578 0.467448 0.639648 0.463542 0.638672 0.463542 0.633789 0.457031 0.633789 0.455729 0.632812 0.455729 0.629883 0.451823 0.628906 0.451823 0.626953 0.449219 0.625977 0.449219 0.625 0.447917 0.623047 0.447917 0.62207 0.446615 0.621094 0.446615 0.620117 0.445312 0.619141 0.445312 0.618164 0.44401 0.616211 0.44401 0.615234 0.442708 0.613281 0.442708 0.612305 0.441406 0.611328 0.441406 0.610352 0.440104 0.609375 0.440104 0.608398 0.438802 0.607422 0.438802 0.606445 0.4375 0.605469 0.4375 0.604492 0.436198 0.603516 0.436198 0.601562 0.433594 0.600586 0.433594 0.595703 0.427083 0.594727 0.427083 0.589844 0.420573 0.588867 0.420573 0.587891 0.419271 0.587891 0.414062
1 0.522461 0.68099 0.520508 0.68099 0.519531 0.679688 0.518555 0.679688 0.517578 0.678385 0.516602 0.678385 0.515625 0.679688 0.513672 0.679688 0.510742 0.683594 0.510742 0.688802 0.526367 0.688802 0.526367 0.683594 0.525391 0.683594 0.524414 0.682292 0.523438 0.682292 0.522461 0.68099 0.571289 0.545573 0.571289 0.552083 0.568359 0.552083 0.568359 0.550781 0.567383 0.549479 0.567383 0.548177 0.560547 0.53776 0.560547 0.53125 0.55957 0.529948 0.55957 0.528646 0.558594 0.528646 0.556641 0.526042 0.556641 0.522135 0.554688 0.519531 0.554688 0.518229 0.552734 0.515625 0.552734 0.514323 0.551758 0.513021 0.551758 0.511719 0.550781 0.511719 0.548828 0.509115 0.548828 0.507812 0.546875 0.505208 0.546875 0.503906 0.545898 0.502604 0.545898 0.497396 0.53418 0.497396 0.53418 0.501302 0.529297 0.507812 0.52832 0.507812 0.526367 0.510417 0.524414 0.510417 0.523438 0.509115 0.522461 0.509115 0.521484 0.507812 0.515625 0.507812 0.514648 0.50651 0.512695 0.50651 0.511719 0.505208 0.509766 0.505208 0.508789 0.503906 0.500977 0.503906 0.5 0.505208 0.5 0.518229 0.500977 0.519531 0.500977 0.522135 0.501953 0.523438 0.501953 0.526042 0.50293 0.527344 0.50293 0.528646 0.503906 0.529948 0.503906 0.53125 0.504883 0.532552 0.504883 0.535156 0.505859 0.536458 0.505859 0.539062 0.506836 0.540365 0.506836 0.542969 0.507812 0.544271 0.507812 0.549479 0.508789 0.550781 0.508789 0.552083 0.509766 0.553385 0.509766 0.554688 0.510742 0.55599 0.510742 0.557292 0.511719 0.558594 0.511719 0.559896 0.512695 0.561198 0.512695 0.5625 0.513672 0.563802 0.513672 0.566406 0.514648 0.567708 0.514648 0.570312 0.515625 0.571615 0.515625 0.572917 0.516602 0.574219 0.516602 0.575521 0.517578 0.576823 0.517578 0.578125 0.518555 0.579427 0.518555 0.582031 0.519531 0.583333 0.519531 0.58724 0.520508 0.588542 0.520508 0.592448 0.521484 0.59375 0.521484 0.598958 0.522461 0.60026 0.522461 0.606771 0.523438 0.608073 0.523438 0.613281 0.524414 0.614583 0.524414 0.61849 0.525391 0.619792 0.525391 0.625 0.526367 0.626302 0.526367 0.632812 0.527344 0.634115 0.527344 0.638021 0.52832 0.639323 0.52832 0.641927 0.529297 0.643229 0.529297 0.645833 0.530273 0.647135 0.530273 0.648438 0.53125 0.64974 0.53125 0.651042 0.532227 0.652344 0.532227 0.653646 0.53418 0.65625 0.53418 0.657552 0.535156 0.658854 0.535156 0.660156 0.536133 0.661458 0.536133 0.66276 0.539062 0.666667 0.539062 0.667969 0.541992 0.671875 0.541992 0.673177 0.548828 0.682292 0.549805 0.682292 0.551758 0.684896 0.551758 0.688802 0.5625 0.688802 0.5625 0.683594 0.56543 0.679688 0.56543 0.677083 0.566406 0.675781 0.566406 0.669271 0.56543 0.667969 0.56543 0.664062 0.564453 0.66276 0.564453 0.661458 0.563477 0.660156 0.563477 0.65625 0.5625 0.654948 0.5625 0.651042 0.561523 0.64974 0.561523 0.647135 0.560547 0.645833 0.560547 0.641927 0.55957 0.640625 0.55957 0.636719 0.558594 0.635417 0.558594 0.632812 0.557617 0.63151 0.557617 0.628906 0.556641 0.627604 0.556641 0.623698 0.555664 0.622396 0.555664 0.619792 0.554688 0.61849 0.554688 0.614583 0.553711 0.613281 0.553711 0.608073 0.552734 0.606771 0.552734 0.60026 0.551758 0.598958 0.551758 0.59375 0.550781 0.592448 0.550781 0.58724 0.549805 0.585938 0.549805 0.580729 0.548828 0.579427 0.548828 0.576823 0.547852 0.575521 0.547852 0.572917 0.546875 0.571615 0.546875 0.567708 0.545898 0.566406 0.545898 0.563802 0.544922 0.5625 0.544922 0.561198 0.543945 0.559896 0.543945 0.558594 0.542969 0.557292 0.542969 0.554688 0.541992 0.553385 0.541992 0.552083 0.541016 0.550781 0.541016 0.549479 0.540039 0.548177 0.540039 0.546875 0.538086 0.544271 0.538086 0.542969 0.536133 0.540365 0.536133 0.539062 0.535156 0.53776 0.535156 0.536458 0.533203 0.533854 0.533203 0.532552 0.532227 0.53125 0.532227 0.528646 0.53125 0.527344 0.53125 0.526042 0.532227 0.52474 0.532227 0.520833 0.533203 0.519531 0.533203 0.518229 0.536133 0.514323 0.538086 0.514323 0.539062 0.513021 0.541016 0.513021 0.541992 0.514323 0.542969 0.514323 0.543945 0.515625 0.546875 0.515625 0.547852 0.516927 0.548828 0.516927 0.549805 0.518229 0.549805 0.519531 0.550781 0.520833 0.550781 0.522135 0.551758 0.523438 0.551758 0.52474 0.552734 0.526042 0.552734 0.527344 0.553711 0.527344 0.55957 0.535156 0.55957 0.536458 0.560547 0.53776 0.567383 0.548177 0.568359 0.546875 0.568359 0.545573 0.571289 0.545573
1 0.142578 0.669271 0.142578 0.709635 0.146484 0.709635 0.147461 0.710938 0.148438 0.710938 0.149414 0.71224 0.150391 0.71224 0.15332 0.716146 0.154297 0.716146 0.15625 0.71875 0.157227 0.71875 0.15918 0.721354 0.160156 0.721354 0.161133 0.722656 0.162109 0.722656 0.163086 0.723958 0.164062 0.723958 0.165039 0.72526 0.166016 0.72526 0.166992 0.726562 0.168945 0.726562 0.169922 0.727865 0.170898 0.727865 0.171875 0.729167 0.172852 0.729167 0.173828 0.730469 0.175781 0.730469 0.176758 0.731771 0.178711 0.731771 0.179688 0.733073 0.181641 0.733073 0.182617 0.734375 0.185547 0.734375 0.186523 0.735677 0.189453 0.735677 0.19043 0.736979 0.192383 0.736979 0.193359 0.738281 0.194336 0.738281 0.195312 0.739583 0.196289 0.739583 0.197266 0.740885 0.199219 0.740885 0.200195 0.742188 0.201172 0.742188 0.202148 0.74349 0.204102 0.74349 0.205078 0.744792 0.206055 0.744792 0.207031 0.746094 0.208008 0.746094 0.208984 0.747396 0.209961 0.747396 0.210938 0.748698 0.211914 0.748698 0.212891 0.75 0.21582 0.75 0.216797 0.751302 0.22168 0.751302 0.222656 0.752604 0.223633 0.752604 0.224609 0.753906 0.226562 0.753906 0.227539 0.755208 0.228516 0.755208 0.229492 0.75651 0.229492 0.759115 0.227539 0.761719 0.227539 0.766927 0.237305 0.766927 0.237305 0.763021 0.238281 0.761719 0.244141 0.761719 0.245117 0.763021 0.245117 0.766927 0.253906 0.766927 0.253906 0.763021 0.255859 0.760417 0.256836 0.760417 0.258789 0.757812 0.259766 0.757812 0.260742 0.75651 0.261719 0.75651 0.264648 0.752604 0.264648 0.748698 0.263672 0.747396 0.263672 0.746094 0.262695 0.744792 0.262695 0.74349 0.259766 0.739583 0.258789 0.739583 0.257812 0.738281 0.256836 0.738281 0.254883 0.735677 0.251953 0.735677 0.250977 0.734375 0.25 0.734375 0.249023 0.733073 0.24707 0.733073 0.245117 0.730469 0.244141 0.730469 0.243164 0.729167 0.242188 0.729167 0.241211 0.727865 0.238281 0.727865 0.237305 0.726562 0.234375 0.726562 0.233398 0.72526 0.232422 0.72526 0.230469 0.722656 0.229492 0.722656 0.226562 0.71875 0.225586 0.71875 0.224609 0.717448 0.223633 0.717448 0.222656 0.716146 0.22168 0.716146 0.220703 0.714844 0.219727 0.714844 0.217773 0.71224 0.216797 0.71224 0.214844 0.709635 0.213867 0.709635 0.212891 0.708333 0.211914 0.708333 0.209961 0.705729 0.208984 0.705729 0.207031 0.703125 0.206055 0.703125 0.205078 0.701823 0.204102 0.701823 0.202148 0.699219 0.201172 0.699219 0.200195 0.697917 0.199219 0.697917 0.198242 0.696615 0.197266 0.696615 0.196289 0.695312 0.195312 0.695312 0.193359 0.692708 0.192383 0.692708 0.191406 0.691406 0.19043 0.691406 0.189453 0.690104 0.188477 0.690104 0.1875 0.688802 0.186523 0.688802 0.185547 0.6875 0.18457 0.6875 0.182617 0.684896 0.181641 0.684896 0.179688 0.682292 0.178711 0.682292 0.175781 0.678385 0.174805 0.678385 0.172852 0.675781 0.171875 0.675781 0.169922 0.673177 0.169922 0.669271
1 0.689453 0.445312 0.689453 0.450521 0.688477 0.451823 0.6875 0.451823 0.686523 0.453125 0.686523 0.454427 0.683594 0.458333 0.683594 0.459635 0.681641 0.46224 0.681641 0.463542 0.679688 0.466146 0.679688 0.467448 0.677734 0.470052 0.677734 0.471354 0.674805 0.47526 0.674805 0.476562 0.672852 0.479167 0.672852 0.480469 0.670898 0.483073 0.669922 0.483073 0.668945 0.484375 0.666016 0.484375 0.666016 0.518229 0.669922 0.518229 0.670898 0.519531 0.671875 0.519531 0.672852 0.520833 0.674805 0.520833 0.676758 0.523438 0.676758 0.527344 0.680664 0.527344 0.680664 0.523438 0.682617 0.520833 0.683594 0.520833 0.689453 0.513021 0.689453 0.511719 0.694336 0.505208 0.694336 0.503906 0.701172 0.494792 0.701172 0.49349 0.704102 0.489583 0.704102 0.488281 0.706055 0.485677 0.706055 0.484375 0.707031 0.483073 0.707031 0.481771 0.708008 0.480469 0.708008 0.477865 0.708984 0.476562 0.711914 0.476562 0.711914 0.47526 0.708984 0.47526 0.708008 0.473958 0.708008 0.470052 0.707031 0.46875 0.707031 0.464844 0.706055 0.463542 0.706055 0.460938 0.705078 0.459635 0.705078 0.455729 0.704102 0.454427 0.704102 0.453125 0.702148 0.450521 0.702148 0.445312
1 0.821289 0.513021 0.818359 0.513021 0.817383 0.511719 0.814453 0.511719 0.813477 0.510417 0.810547 0.510417 0.80957 0.509115 0.807617 0.509115 0.806641 0.507812 0.805664 0.507812 0.804688 0.50651 0.802734 0.50651 0.801758 0.505208 0.800781 0.505208 0.799805 0.503906 0.798828 0.503906 0.797852 0.502604 0.796875 0.502604 0.795898 0.501302 0.793945 0.501302 0.792969 0.5 0.791992 0.5 0.790039 0.497396 0.789062 0.497396 0.787109 0.494792 0.786133 0.494792 0.785156 0.49349 0.78418 0.49349 0.78125 0.489583 0.780273 0.489583 0.77832 0.486979 0.777344 0.486979 0.775391 0.484375 0.774414 0.484375 0.773438 0.483073 0.771484 0.483073 0.770508 0.481771 0.768555 0.481771 0.767578 0.480469 0.766602 0.480469 0.765625 0.479167 0.761719 0.479167 0.760742 0.480469 0.758789 0.480469 0.756836 0.483073 0.755859 0.483073 0.754883 0.484375 0.753906 0.484375 0.75293 0.485677 0.751953 0.485677 0.750977 0.486979 0.751953 0.488281 0.751953 0.494792 0.75293 0.496094 0.75293 0.497396 0.753906 0.498698 0.753906 0.5 0.754883 0.501302 0.754883 0.502604 0.755859 0.503906 0.755859 0.505208 0.765625 0.518229 0.766602 0.518229 0.767578 0.519531 0.768555 0.519531 0.770508 0.522135 0.771484 0.522135 0.772461 0.523438 0.774414 0.523438 0.775391 0.52474 0.777344 0.52474 0.77832 0.526042 0.779297 0.526042 0.780273 0.527344 0.783203 0.527344 0.78418 0.528646 0.787109 0.528646 0.788086 0.529948 0.791016 0.529948 0.791992 0.53125 0.792969 0.53125 0.793945 0.532552 0.795898 0.532552 0.796875 0.533854 0.799805 0.533854 0.800781 0.535156 0.803711 0.535156 0.804688 0.536458 0.807617 0.536458 0.808594 0.53776 0.8125 0.53776 0.813477 0.539062 0.81543 0.539062 0.816406 0.540365 0.819336 0.540365 0.820312 0.541667 0.834961 0.541667 0.835938 0.540365 0.841797 0.540365 0.842773 0.539062 0.845703 0.539062 0.84668 0.53776 0.845703 0.536458 0.845703 0.529948 0.844727 0.528646 0.844727 0.527344 0.841797 0.523438 0.839844 0.523438 0.838867 0.522135 0.836914 0.522135 0.835938 0.520833 0.833984 0.520833 0.832031 0.518229 0.831055 0.518229 0.830078 0.516927 0.827148 0.516927 0.826172 0.515625 0.824219 0.515625 0.823242 0.514323 0.822266 0.514323 0.821289 0.513021 0.875977 0.388021 0.875977 0.423177 0.87207 0.423177 0.870117 0.420573 0.869141 0.420573 0.868164 0.419271 0.866211 0.419271 0.865234 0.417969 0.861328 0.417969 0.860352 0.416667 0.859375 0.416667 0.858398 0.415365 0.853516 0.415365 0.852539 0.414062 0.849609 0.414062 0.848633 0.41276 0.84668 0.41276 0.743164 0.388021 0.737305 0.388021 0.737305 0.393229 0.739258 0.395833 0.739258 0.397135 0.740234 0.398438 0.741211 0.397135 0.742188 0.397135 0.742188 0.395833 0.743164 0.394531 0.743164 0.388021 0.84668 0.41276 0.845703 0.411458 0.844727 0.411458 0.84375 0.410156 0.842773 0.410156 0.841797 0.408854 0.84082 0.408854 0.837891 0.404948 0.836914 0.404948 0.834961 0.402344 0.834961 0.401042 0.833008 0.398438 0.833008 0.395833 0.832031 0.394531 0.832031 0.393229 0.831055 0.391927 0.831055 0.388021 0.875977 0.388021
1 0.55957 0.263021 0.55957 0.266927 0.556641 0.270833 0.552734 0.270833 0.552734 0.299479 0.556641 0.299479 0.557617 0.300781 0.587891 0.300781 0.588867 0.299479 0.59668 0.299479 0.597656 0.298177 0.605469 0.298177 0.606445 0.296875 0.614258 0.296875 0.615234 0.298177 0.620117 0.298177 0.621094 0.299479 0.623047 0.299479 0.624023 0.300781 0.62793 0.300781 0.628906 0.302083 0.632812 0.302083 0.633789 0.303385 0.635742 0.303385 0.636719 0.304688 0.638672 0.304688 0.639648 0.30599 0.640625 0.30599 0.641602 0.307292 0.642578 0.307292 0.643555 0.308594 0.644531 0.308594 0.645508 0.309896 0.646484 0.309896 0.647461 0.311198 0.649414 0.311198 0.650391 0.3125 0.65332 0.3125 0.654297 0.313802 0.65625 0.313802 0.657227 0.315104 0.65918 0.315104 0.660156 0.316406 0.670898 0.316406 0.671875 0.315104 0.673828 0.315104 0.674805 0.313802 0.674805 0.308594 0.673828 0.307292 0.673828 0.30599 0.668945 0.299479 0.668945 0.298177 0.667969 0.298177 0.662109 0.290365 0.661133 0.290365 0.657227 0.285156 0.65625 0.285156 0.654297 0.282552 0.65332 0.282552 0.651367 0.279948 0.650391 0.279948 0.649414 0.278646 0.648438 0.278646 0.646484 0.276042 0.645508 0.276042 0.644531 0.27474 0.643555 0.27474 0.642578 0.273438 0.641602 0.273438 0.640625 0.272135 0.639648 0.272135 0.638672 0.270833 0.637695 0.270833 0.636719 0.269531 0.634766 0.269531 0.632812 0.266927 0.632812 0.263021
1 0.954102 0.122396 0.955078 0.122396 0.955078 0.121094 0.954102 0.121094 0.954102 0.122396 0.926758 0.178385 0.925781 0.178385 0.924805 0.177083 0.923828 0.177083 0.921875 0.174479 0.920898 0.174479 0.919922 0.173177 0.918945 0.173177 0.917969 0.171875 0.916992 0.171875 0.916016 0.170573 0.915039 0.170573 0.914062 0.169271 0.913086 0.169271 0.911133 0.166667 0.910156 0.166667 0.90918 0.165365 0.908203 0.165365 0.907227 0.164062 0.90625 0.164062 0.905273 0.16276 0.904297 0.16276 0.90332 0.161458 0.902344 0.161458 0.901367 0.160156 0.900391 0.160156 0.898438 0.157552 0.897461 0.157552 0.896484 0.15625 0.895508 0.15625 0.893555 0.153646 0.892578 0.153646 0.890625 0.151042 0.889648 0.151042 0.888672 0.14974 0.887695 0.14974 0.883789 0.144531 0.882812 0.144531 0.878906 0.139323 0.87793 0.139323 0.873047 0.132812 0.87207 0.132812 0.868164 0.127604 0.867188 0.127604 0.861328 0.119792 0.860352 0.119792 0.858398 0.117188 0.857422 0.117188 0.84668 0.102865 0.84668 0.101562 0.844727 0.0989583 0.84375 0.0989583 0.834961 0.0872396 0.833984 0.0872396 0.833008 0.0859375 0.831055 0.0859375 0.830078 0.0846354 0.830078 0.0807292 0.829102 0.0807292 0.829102 0.0846354 0.827148 0.0872396 0.821289 0.0872396 0.817383 0.0820312 0.817383 0.0807292 0.816406 0.0794271 0.816406 0.078125 0.813477 0.0742188 0.8125 0.0755208 0.810547 0.0755208 0.80957 0.0768229 0.80957 0.0833333 0.810547 0.0846354 0.810547 0.0872396 0.811523 0.0885417 0.811523 0.0898438 0.813477 0.0924479 0.813477 0.09375 0.814453 0.0950521 0.814453 0.0963542 0.81543 0.0976562 0.81543 0.0989583 0.816406 0.10026 0.816406 0.101562 0.817383 0.102865 0.817383 0.105469 0.820312 0.109375 0.820312 0.110677 0.823242 0.114583 0.823242 0.115885 0.830078 0.125 0.830078 0.126302 0.833008 0.130208 0.833008 0.13151 0.835938 0.135417 0.835938 0.136719 0.838867 0.140625 0.838867 0.141927 0.851562 0.158854 0.852539 0.158854 0.856445 0.164062 0.857422 0.164062 0.859375 0.166667 0.860352 0.166667 0.862305 0.169271 0.863281 0.169271 0.867188 0.174479 0.868164 0.174479 0.869141 0.175781 0.870117 0.175781 0.87207 0.178385 0.873047 0.178385 0.874023 0.179688 0.875 0.179688 0.87793 0.183594 0.878906 0.183594 0.880859 0.186198 0.881836 0.186198 0.884766 0.190104 0.885742 0.190104 0.886719 0.191406 0.887695 0.191406 0.890625 0.195312 0.891602 0.195312 0.892578 0.196615 0.893555 0.196615 0.894531 0.197917 0.895508 0.197917 0.896484 0.199219 0.897461 0.199219 0.898438 0.200521 0.900391 0.200521 0.902344 0.203125 0.90332 0.203125 0.904297 0.204427 0.905273 0.204427 0.907227 0.207031 0.908203 0.207031 0.90918 0.208333 0.910156 0.208333 0.912109 0.210938 0.913086 0.210938 0.914062 0.21224 0.915039 0.21224 0.916016 0.213542 0.916992 0.213542 0.918945 0.216146 0.920898 0.216146 0.921875 0.217448 0.922852 0.217448 0.924805 0.220052 0.925781 0.220052 0.926758 0.221354 0.927734 0.221354 0.928711 0.222656 0.929688 0.222656 0.932617 0.226562 0.933594 0.226562 0.93457 0.227865 0.935547 0.227865 0.9375 0.230469 0.938477 0.230469 0.941406 0.234375 0.942383 0.234375 0.946289 0.239583 0.947266 0.239583 0.949219 0.242188 0.950195 0.242188 0.953125 0.246094 0.954102 0.246094 0.958008 0.251302 0.958984 0.251302 0.963867 0.257812 0.964844 0.257812 0.967773 0.261719 0.96875 0.261719 0.977539 0.273438 0.977539 0.27474 0.982422 0.28125 0.982422 0.282552 0.987305 0.289062 0.987305 0.290365 0.993164 0.298177 0.993164 0.299479 0.994141 0.299479 0.995117 0.300781 0.996094 0.300781 0.99707 0.302083 0.999023 0.302083 0.999023 0.251302 0.998047 0.251302 0.996094 0.248698 0.996094 0.247396 0.985352 0.233073 0.984375 0.233073 0.983398 0.231771 0.982422 0.231771 0.979492 0.227865 0.979492 0.226562 0.977539 0.223958 0.976562 0.223958 0.974609 0.221354 0.973633 0.221354 0.969727 0.216146 0.96875 0.216146 0.966797 0.213542 0.96582 0.213542 0.962891 0.209635 0.961914 0.209635 0.958008 0.204427 0.957031 0.204427 0.955078 0.201823 0.954102 0.201823 0.953125 0.200521 0.952148 0.200521 0.950195 0.197917 0.949219 0.197917 0.946289 0.19401 0.944336 0.19401 0.942383 0.191406 0.941406 0.191406 0.939453 0.188802 0.938477 0.188802 0.9375 0.1875 0.936523 0.1875 0.933594 0.183594 0.932617 0.183594 0.931641 0.182292 0.930664 0.182292 0.929688 0.18099 0.928711 0.18099 0.926758 0.178385
1 0.267578 0.226562 0.267578 0.307292 0.270508 0.307292 0.271484 0.308594 0.271484 0.309896 0.272461 0.311198 0.272461 0.316406 0.273438 0.317708 0.273438 0.322917 0.274414 0.324219 0.274414 0.329427 0.275391 0.330729 0.275391 0.339844 0.276367 0.341146 0.276367 0.34375 0.277344 0.345052 0.277344 0.35026 0.27832 0.351562 0.27832 0.361979 0.279297 0.363281 0.279297 0.372396 0.280273 0.373698 0.280273 0.375 0.28125 0.376302 0.28125 0.378906 0.282227 0.380208 0.282227 0.386719 0.296875 0.386719 0.296875 0.38151 0.298828 0.378906 0.298828 0.377604 0.299805 0.376302 0.299805 0.365885 0.298828 0.364583 0.298828 0.363281 0.297852 0.361979 0.297852 0.356771 0.298828 0.355469 0.298828 0.354167 0.299805 0.352865 0.299805 0.333333 0.298828 0.332031 0.298828 0.321615 0.297852 0.320312 0.297852 0.282552 0.296875 0.28125 0.296875 0.272135 0.295898 0.270833 0.295898 0.265625 0.294922 0.264323 0.294922 0.261719 0.293945 0.260417 0.293945 0.257812 0.292969 0.25651 0.292969 0.253906 0.291992 0.252604 0.291992 0.25 0.291016 0.248698 0.291016 0.244792 0.290039 0.24349 0.290039 0.239583 0.289062 0.238281 0.289062 0.235677 0.288086 0.234375 0.288086 0.231771 0.287109 0.230469 0.287109 0.226562
1 0.544922 0.516927 0.543945 0.516927 0.541016 0.513021 0.540039 0.513021 0.537109 0.516927 0.533203 0.516927 0.532227 0.518229 0.532227 0.519531 0.533203 0.520833 0.533203 0.523438 0.53418 0.52474 0.535156 0.52474 0.536133 0.526042 0.536133 0.527344 0.537109 0.528646 0.538086 0.528646 0.541992 0.533854 0.542969 0.533854 0.545898 0.53776 0.545898 0.539062 0.546875 0.540365 0.546875 0.548177 0.548828 0.548177 0.548828 0.526042 0.547852 0.52474 0.547852 0.520833 0.544922 0.516927 0.563477 0.483073 0.564453 0.483073 0.568359 0.488281 0.569336 0.488281 0.572266 0.492188 0.573242 0.492188 0.575195 0.494792 0.576172 0.494792 0.577148 0.496094 0.578125 0.496094 0.581055 0.5 0.582031 0.5 0.583984 0.502604 0.584961 0.502604 0.586914 0.505208 0.587891 0.505208 0.589844 0.507812 0.59082 0.507812 0.591797 0.509115 0.59375 0.509115 0.595703 0.511719 0.59668 0.511719 0.599609 0.515625 0.600586 0.515625 0.602539 0.518229 0.603516 0.518229 0.606445 0.522135 0.607422 0.522135 0.608398 0.523438 0.609375 0.523438 0.610352 0.52474 0.611328 0.52474 0.612305 0.526042 0.613281 0.526042 0.615234 0.528646 0.616211 0.528646 0.617188 0.529948 0.618164 0.529948 0.619141 0.53125 0.620117 0.53125 0.621094 0.532552 0.62207 0.532552 0.623047 0.533854 0.625 0.533854 0.625977 0.535156 0.626953 0.535156 0.62793 0.536458 0.628906 0.536458 0.629883 0.53776 0.631836 0.53776 0.632812 0.539062 0.633789 0.539062 0.634766 0.540365 0.636719 0.540365 0.637695 0.541667 0.639648 0.541667 0.641602 0.544271 0.641602 0.548177 0.661133 0.548177 0.661133 0.520833 0.657227 0.520833 0.65625 0.519531 0.655273 0.519531 0.651367 0.514323 0.650391 0.514323 0.649414 0.513021 0.648438 0.513021 0.647461 0.511719 0.645508 0.511719 0.644531 0.510417 0.642578 0.510417 0.641602 0.509115 0.639648 0.509115 0.638672 0.507812 0.637695 0.507812 0.633789 0.502604 0.631836 0.502604 0.630859 0.501302 0.629883 0.501302 0.628906 0.5 0.62793 0.5 0.626953 0.498698 0.625977 0.498698 0.625 0.497396 0.623047 0.497396 0.621094 0.494792 0.620117 0.494792 0.618164 0.492188 0.617188 0.492188 0.616211 0.490885 0.615234 0.490885 0.614258 0.489583 0.613281 0.489583 0.611328 0.486979 0.610352 0.486979 0.608398 0.484375 0.607422 0.484375 0.603516 0.479167 0.602539 0.479167 0.600586 0.476562 0.599609 0.476562 0.595703 0.471354 0.594727 0.471354 0.591797 0.467448 0.59082 0.467448 0.572266 0.442708 0.572266 0.441406 0.569336 0.4375 0.569336 0.436198 0.56543 0.43099 0.56543 0.429688 0.55957 0.421875 0.55957 0.420573 0.556641 0.416667 0.556641 0.415365 0.555664 0.415365 0.554688 0.414062 0.554688 0.41276 0.551758 0.408854 0.550781 0.408854 0.544922 0.401042 0.544922 0.39974 0.541992 0.395833 0.541992 0.394531 0.540039 0.391927 0.540039 0.388021 0.521484 0.388021 0.521484 0.41276 0.525391 0.41276 0.52832 0.416667 0.52832 0.417969 0.530273 0.420573 0.530273 0.421875 0.53125 0.423177 0.53125 0.424479 0.532227 0.425781 0.532227 0.427083 0.533203 0.428385 0.533203 0.429688 0.535156 0.432292 0.535156 0.434896 0.536133 0.436198 0.536133 0.4375 0.537109 0.438802 0.537109 0.440104 0.539062 0.442708 0.539062 0.44401 0.541016 0.446615 0.541016 0.447917 0.542969 0.450521 0.542969 0.451823 0.544922 0.454427 0.544922 0.455729 0.547852 0.459635 0.547852 0.460938 0.548828 0.46224 0.548828 0.463542 0.550781 0.466146 0.550781 0.467448 0.55957 0.479167 0.560547 0.479167 0.563477 0.483073
1 0.337891 0.00260417 0.337891 0.0234375 0.34082 0.0234375 0.341797 0.0247396 0.341797 0.0260417 0.342773 0.0273438 0.342773 0.0299479 0.34375 0.03125 0.34375 0.0351562 0.344727 0.0364583 0.344727 0.0403646 0.345703 0.0416667 0.345703 0.0455729 0.34668 0.046875 0.34668 0.0533854 0.347656 0.0546875 0.347656 0.0585938 0.348633 0.0598958 0.348633 0.0638021 0.349609 0.0651042 0.349609 0.0690104 0.350586 0.0703125 0.350586 0.0716146 0.351562 0.0729167 0.351562 0.0755208 0.352539 0.0768229 0.352539 0.0794271 0.353516 0.0807292 0.353516 0.0833333 0.354492 0.0846354 0.354492 0.0859375 0.355469 0.0872396 0.355469 0.0885417 0.356445 0.0898438 0.356445 0.0911458 0.359375 0.0950521 0.359375 0.0963542 0.361328 0.0989583 0.361328 0.10026 0.364258 0.104167 0.364258 0.105469 0.37207 0.115885 0.37207 0.117188 0.387695 0.138021 0.388672 0.138021 0.389648 0.139323 0.390625 0.139323 0.391602 0.140625 0.392578 0.140625 0.394531 0.143229 0.394531 0.147135 0.399414 0.147135 0.399414 0.143229 0.401367 0.140625 0.402344 0.140625 0.40332 0.139323 0.404297 0.139323 0.40625 0.136719 0.40625 0.134115 0.407227 0.132812 0.407227 0.130208 0.40625 0.128906 0.40625 0.126302 0.405273 0.125 0.405273 0.123698 0.404297 0.122396 0.404297 0.121094 0.402344 0.11849 0.402344 0.117188 0.397461 0.110677 0.397461 0.109375 0.394531 0.105469 0.394531 0.104167 0.391602 0.10026 0.391602 0.0989583 0.389648 0.0963542 0.389648 0.0950521 0.388672 0.09375 0.388672 0.0924479 0.384766 0.0872396 0.384766 0.0859375 0.382812 0.0833333 0.382812 0.0820312 0.379883 0.078125 0.379883 0.0768229 0.378906 0.0755208 0.378906 0.0742188 0.37793 0.0729167 0.37793 0.0703125 0.376953 0.0690104 0.376953 0.0677083 0.375977 0.0664062 0.375977 0.0638021 0.375 0.0625 0.375 0.0585938 0.374023 0.0572917 0.374023 0.0520833 0.373047 0.0507812 0.373047 0.0403646 0.37207 0.0390625 0.37207 0.0273438 0.371094 0.0260417 0.371094 0.0195312 0.370117 0.0182292 0.370117 0.0117188 0.369141 0.0104167 0.369141 0.00260417
1 0.324219 0.601562 0.322266 0.601562 0.318359 0.606771 0.318359 0.608073 0.316406 0.610677 0.316406 0.611979 0.313477 0.615885 0.313477 0.617188 0.3125 0.61849 0.3125 0.619792 0.311523 0.621094 0.311523 0.622396 0.310547 0.623698 0.310547 0.625 0.30957 0.626302 0.30957 0.628906 0.308594 0.630208 0.308594 0.632812 0.307617 0.634115 0.307617 0.635417 0.306641 0.636719 0.306641 0.638021 0.305664 0.639323 0.305664 0.640625 0.303711 0.643229 0.303711 0.644531 0.302734 0.645833 0.302734 0.647135 0.301758 0.648438 0.301758 0.64974 0.300781 0.651042 0.300781 0.652344 0.299805 0.653646 0.299805 0.654948 0.297852 0.657552 0.297852 0.658854 0.296875 0.660156 0.296875 0.661458 0.295898 0.66276 0.295898 0.665365 0.294922 0.666667 0.294922 0.667969 0.293945 0.669271 0.293945 0.677083 0.292969 0.678385 0.293945 0.679688 0.293945 0.682292 0.294922 0.682292 0.295898 0.683594 0.296875 0.683594 0.297852 0.684896 0.298828 0.684896 0.303711 0.691406 0.304688 0.691406 0.306641 0.69401 0.307617 0.692708 0.30957 0.692708 0.311523 0.690104 0.311523 0.688802 0.3125 0.6875 0.3125 0.686198 0.313477 0.684896 0.313477 0.683594 0.314453 0.682292 0.314453 0.68099 0.31543 0.679688 0.31543 0.678385 0.316406 0.677083 0.316406 0.675781 0.317383 0.674479 0.317383 0.673177 0.319336 0.670573 0.319336 0.669271 0.320312 0.667969 0.320312 0.666667 0.321289 0.665365 0.321289 0.664062 0.322266 0.66276 0.322266 0.660156 0.323242 0.658854 0.323242 0.65625 0.324219 0.654948 0.324219 0.652344 0.325195 0.651042 0.325195 0.648438 0.326172 0.647135 0.326172 0.644531 0.327148 0.643229 0.327148 0.641927 0.328125 0.640625 0.328125 0.639323 0.329102 0.638021 0.329102 0.636719 0.330078 0.635417 0.330078 0.632812 0.331055 0.63151 0.331055 0.628906 0.332031 0.627604 0.332031 0.626302 0.333008 0.625 0.333008 0.622396 0.333984 0.621094 0.333984 0.61849 0.334961 0.617188 0.334961 0.611979 0.333984 0.611979 0.333008 0.610677 0.329102 0.610677 0.326172 0.606771 0.326172 0.605469 0.325195 0.604167 0.325195 0.602865 0.324219 0.601562 0.329102 0.588542 0.330078 0.58724 0.331055 0.58724 0.333984 0.583333 0.334961 0.584635 0.335938 0.584635 0.336914 0.585938 0.337891 0.585938 0.338867 0.58724 0.339844 0.58724 0.34082 0.588542 0.341797 0.588542 0.342773 0.58724 0.342773 0.585938 0.344727 0.583333 0.344727 0.580729 0.345703 0.579427 0.345703 0.578125 0.347656 0.575521 0.347656 0.574219 0.348633 0.572917 0.348633 0.571615 0.349609 0.570312 0.349609 0.567708 0.350586 0.566406 0.350586 0.565104 0.351562 0.563802 0.351562 0.5625 0.352539 0.561198 0.352539 0.558594 0.353516 0.557292 0.353516 0.55599 0.354492 0.554688 0.354492 0.553385 0.357422 0.549479 0.357422 0.548177 0.360352 0.544271 0.360352 0.542969 0.361328 0.541667 0.361328 0.539062 0.363281 0.536458 0.363281 0.535156 0.365234 0.532552 0.365234 0.53125 0.369141 0.526042 0.369141 0.52474 0.370117 0.523438 0.370117 0.522135 0.373047 0.518229 0.373047 0.516927 0.376953 0.511719 0.376953 0.510417 0.378906 0.507812 0.378906 0.50651 0.380859 0.503906 0.380859 0.502604 0.382812 0.5 0.382812 0.498698 0.384766 0.496094 0.384766 0.494792 0.387695 0.490885 0.387695 0.489583 0.393555 0.481771 0.393555 0.480469 0.404297 0.466146 0.405273 0.466146 0.40918 0.460938 0.410156 0.460938 0.415039 0.454427 0.415039 0.453125 0.416016 0.451823 0.416016 0.447917 0.480469 0.429688 0.481445 0.43099 0.485352 0.43099 0.486328 0.429688 0.490234 0.429688 0.491211 0.428385 0.491211 0.427083 0.494141 0.423177 0.494141 0.421875 0.496094 0.419271 0.49707 0.419271 0.498047 0.417969 0.49707 0.416667 0.490234 0.416667 0.489258 0.417969 0.489258 0.419271 0.488281 0.420573 0.488281 0.421875 0.486328 0.424479 0.484375 0.424479 0.483398 0.425781 0.482422 0.425781 0.480469 0.428385 0.480469 0.429688 0.416016 0.447917 0.415039 0.446615 0.414062 0.446615 0.413086 0.445312 0.40332 0.445312 0.401367 0.447917 0.399414 0.447917 0.398438 0.449219 0.394531 0.449219 0.393555 0.450521 0.392578 0.450521 0.391602 0.451823 0.388672 0.451823 0.378906 0.464844 0.378906 0.466146 0.374023 0.472656 0.373047 0.472656 0.37207 0.473958 0.37207 0.47526 0.371094 0.476562 0.371094 0.477865 0.370117 0.479167 0.370117 0.480469 0.366211 0.485677 0.365234 0.485677 0.364258 0.486979 0.364258 0.488281 0.356445 0.498698 0.356445 0.5 0.351562 0.50651 0.351562 0.507812 0.349609 0.510417 0.349609 0.511719 0.347656 0.514323 0.347656 0.515625 0.34668 0.516927 0.34668 0.518229 0.345703 0.519531 0.345703 0.520833 0.34375 0.523438 0.34375 0.52474 0.342773 0.526042 0.342773 0.527344 0.341797 0.528646 0.341797 0.53125 0.34082 0.532552 0.34082 0.535156 0.339844 0.536458 0.339844 0.539062 0.338867 0.540365 0.338867 0.541667 0.337891 0.542969 0.337891 0.544271 0.336914 0.545573 0.336914 0.546875 0.335938 0.548177 0.335938 0.549479 0.333984 0.552083 0.333984 0.553385 0.333008 0.554688 0.333008 0.557292 0.332031 0.558594 0.332031 0.559896 0.329102 0.563802 0.329102 0.56901 0.328125 0.570312 0.328125 0.582031 0.327148 0.583333 0.327148 0.585938 0.329102 0.588542
1 0.349609 0.669271 0.349609 0.674479 0.348633 0.675781 0.347656 0.675781 0.34375 0.68099 0.342773 0.68099 0.34082 0.683594 0.337891 0.683594 0.337891 0.692708 0.342773 0.692708 0.34375 0.69401 0.345703 0.69401 0.34668 0.695312 0.348633 0.695312 0.349609 0.696615 0.351562 0.696615 0.352539 0.697917 0.353516 0.697917 0.354492 0.699219 0.355469 0.699219 0.356445 0.700521 0.358398 0.700521 0.359375 0.701823 0.360352 0.701823 0.361328 0.703125 0.362305 0.703125 0.363281 0.704427 0.364258 0.704427 0.365234 0.705729 0.366211 0.705729 0.367188 0.707031 0.368164 0.707031 0.369141 0.708333 0.370117 0.708333 0.371094 0.709635 0.37207 0.709635 0.373047 0.710938 0.375 0.710938 0.375977 0.71224 0.376953 0.71224 0.37793 0.713542 0.379883 0.713542 0.380859 0.714844 0.381836 0.714844 0.382812 0.716146 0.383789 0.716146 0.384766 0.717448 0.386719 0.717448 0.387695 0.71875 0.388672 0.71875 0.389648 0.720052 0.390625 0.720052 0.391602 0.721354 0.392578 0.721354 0.393555 0.722656 0.394531 0.722656 0.395508 0.723958 0.396484 0.723958 0.397461 0.72526 0.398438 0.72526 0.399414 0.726562 0.401367 0.726562 0.402344 0.727865 0.404297 0.727865 0.405273 0.729167 0.411133 0.729167 0.412109 0.730469 0.422852 0.730469 0.423828 0.731771 0.433594 0.731771 0.43457 0.733073 0.449219 0.733073 0.450195 0.734375 0.460938 0.734375 0.461914 0.735677 0.476562 0.735677 0.477539 0.736979 0.482422 0.736979 0.483398 0.738281 0.490234 0.738281 0.491211 0.739583 0.495117 0.739583 0.496094 0.740885 0.501953 0.740885 0.50293 0.742188 0.508789 0.742188 0.509766 0.74349 0.513672 0.74349 0.514648 0.744792 0.517578 0.744792 0.518555 0.746094 0.520508 0.746094 0.521484 0.747396 0.521484 0.751302 0.537109 0.751302 0.537109 0.747396 0.538086 0.746094 0.541016 0.746094 0.541992 0.744792 0.546875 0.744792 0.547852 0.74349 0.550781 0.74349 0.551758 0.742188 0.556641 0.742188 0.557617 0.740885 0.560547 0.740885 0.561523 0.739583 0.566406 0.739583 0.567383 0.738281 0.574219 0.738281 0.574219 0.736979 0.575195 0.735677 0.577148 0.735677 0.578125 0.734375 0.579102 0.734375 0.583008 0.729167 0.583984 0.729167 0.584961 0.727865 0.585938 0.727865 0.592773 0.71875 0.592773 0.717448 0.594727 0.714844 0.598633 0.714844 0.598633 0.700521 0.59375 0.700521 0.592773 0.699219 0.588867 0.699219 0.587891 0.697917 0.575195 0.697917 0.574219 0.699219 0.573242 0.699219 0.572266 0.700521 0.557617 0.700521 0.556641 0.699219 0.545898 0.699219 0.544922 0.697917 0.538086 0.697917 0.537109 0.696615 0.525391 0.696615 0.524414 0.695312 0.513672 0.695312 0.512695 0.69401 0.508789 0.69401 0.507812 0.692708 0.50293 0.692708 0.501953 0.691406 0.474609 0.691406 0.473633 0.692708 0.463867 0.692708 0.462891 0.69401 0.452148 0.69401 0.451172 0.692708 0.447266 0.692708 0.446289 0.691406 0.443359 0.691406 0.442383 0.690104 0.439453 0.690104 0.438477 0.688802 0.435547 0.688802 0.43457 0.6875 0.430664 0.6875 0.429688 0.686198 0.424805 0.686198 0.423828 0.684896 0.419922 0.684896 0.418945 0.683594 0.416016 0.683594 0.415039 0.682292 0.413086 0.682292 0.412109 0.68099 0.407227 0.68099 0.40625 0.679688 0.388672 0.679688 0.387695 0.678385 0.383789 0.678385 0.382812 0.677083 0.380859 0.677083 0.379883 0.675781 0.37793 0.675781 0.375977 0.673177 0.375977 0.669271
1 0.430664 0.445312 0.430664 0.449219 0.429688 0.450521 0.428711 0.450521 0.427734 0.451823 0.424805 0.451823 0.423828 0.453125 0.420898 0.453125 0.419922 0.454427 0.416016 0.454427 0.416016 0.471354 0.419922 0.471354 0.420898 0.472656 0.421875 0.472656 0.422852 0.473958 0.424805 0.473958 0.425781 0.47526 0.427734 0.47526 0.428711 0.476562 0.431641 0.476562 0.432617 0.477865 0.438477 0.477865 0.439453 0.479167 0.475586 0.479167 0.476562 0.480469 0.482422 0.480469 0.483398 0.481771 0.487305 0.481771 0.488281 0.483073 0.492188 0.483073 0.493164 0.484375 0.495117 0.484375 0.496094 0.485677 0.498047 0.485677 0.499023 0.486979 0.500977 0.486979 0.501953 0.488281 0.50293 0.488281 0.503906 0.489583 0.505859 0.489583 0.506836 0.490885 0.507812 0.490885 0.509766 0.49349 0.510742 0.49349 0.511719 0.494792 0.512695 0.494792 0.513672 0.496094 0.515625 0.496094 0.516602 0.497396 0.518555 0.497396 0.519531 0.498698 0.526367 0.498698 0.527344 0.497396 0.529297 0.497396 0.53125 0.494792 0.532227 0.494792 0.533203 0.49349 0.53418 0.49349 0.537109 0.489583 0.540039 0.489583 0.540039 0.473958 0.536133 0.473958 0.535156 0.472656 0.535156 0.471354 0.53418 0.470052 0.533203 0.470052 0.53125 0.467448 0.530273 0.467448 0.529297 0.466146 0.52832 0.466146 0.526367 0.463542 0.525391 0.463542 0.524414 0.46224 0.523438 0.46224 0.522461 0.460938 0.521484 0.460938 0.520508 0.459635 0.519531 0.459635 0.518555 0.458333 0.516602 0.458333 0.515625 0.457031 0.514648 0.457031 0.513672 0.455729 0.511719 0.455729 0.510742 0.454427 0.508789 0.454427 0.507812 0.453125 0.506836 0.453125 0.505859 0.451823 0.504883 0.451823 0.50293 0.449219 0.50293 0.445312
1 0.0898438 0.606771 0.0898438 0.611979 0.0908203 0.613281 0.0908203 0.614583 0.0917969 0.615885 0.0908203 0.617188 0.0908203 0.621094 0.0878906 0.625 0.0878906 0.626302 0.0771484 0.640625 0.0771484 0.641927 0.0751953 0.644531 0.0751953 0.645833 0.0732422 0.648438 0.0732422 0.64974 0.0703125 0.653646 0.0703125 0.654948 0.0683594 0.657552 0.0683594 0.658854 0.0664062 0.661458 0.0664062 0.66276 0.0654297 0.664062 0.0654297 0.665365 0.0644531 0.666667 0.0644531 0.667969 0.0605469 0.673177 0.0605469 0.674479 0.0585938 0.677083 0.0585938 0.678385 0.0566406 0.68099 0.0566406 0.682292 0.0537109 0.686198 0.0537109 0.6875 0.0527344 0.688802 0.0527344 0.690104 0.0507812 0.692708 0.0507812 0.69401 0.0498047 0.695312 0.0498047 0.696615 0.0488281 0.697917 0.0488281 0.699219 0.0449219 0.704427 0.0449219 0.705729 0.0371094 0.716146 0.0371094 0.717448 0.0351562 0.720052 0.0351562 0.721354 0.0322266 0.72526 0.0322266 0.726562 0.0302734 0.729167 0.0302734 0.730469 0.0292969 0.731771 0.0292969 0.733073 0.0283203 0.734375 0.0283203 0.735677 0.0263672 0.738281 0.0263672 0.739583 0.0253906 0.740885 0.0253906 0.742188 0.0234375 0.744792 0.0234375 0.746094 0.0224609 0.747396 0.0224609 0.748698 0.0214844 0.75 0.0214844 0.751302 0.0205078 0.752604 0.0205078 0.753906 0.0195312 0.755208 0.0195312 0.75651 0.0185547 0.757812 0.0185547 0.759115 0.0175781 0.760417 0.0175781 0.761719 0.0166016 0.763021 0.0166016 0.764323 0.015625 0.765625 0.015625 0.766927 0.0146484 0.768229 0.0146484 0.770833 0.0136719 0.772135 0.0136719 0.773438 0.0126953 0.77474 0.0126953 0.776042 0.0117188 0.777344 0.0117188 0.778646 0.0107422 0.779948 0.0107422 0.782552 0.00976562 0.783854 0.00976562 0.785156 0.00878906 0.786458 0.00878906 0.78776 0.0078125 0.789062 0.0078125 0.790365 0.00683594 0.791667 0.00683594 0.794271 0.00488281 0.796875 0.00195312 0.796875 0.00195312 0.91276 0.015625 0.91276 0.015625 0.907552 0.0185547 0.903646 0.0185547 0.901042 0.0195312 0.89974 0.0195312 0.882812 0.0205078 0.88151 0.0205078 0.869792 0.0214844 0.86849 0.0214844 0.863281 0.0224609 0.861979 0.0224609 0.856771 0.0234375 0.855469 0.0234375 0.852865 0.0244141 0.851562 0.0244141 0.848958 0.0253906 0.847656 0.0253906 0.84375 0.0263672 0.842448 0.0263672 0.83724 0.0273438 0.835938 0.0273438 0.832031 0.0283203 0.830729 0.0283203 0.828125 0.0292969 0.826823 0.0292969 0.825521 0.0302734 0.824219 0.0302734 0.821615 0.03125 0.820312 0.03125 0.817708 0.0322266 0.816406 0.0322266 0.815104 0.0332031 0.813802 0.0332031 0.811198 0.0341797 0.809896 0.0341797 0.807292 0.0351562 0.80599 0.0351562 0.804688 0.0361328 0.803385 0.0361328 0.802083 0.0371094 0.800781 0.0371094 0.798177 0.0380859 0.796875 0.0380859 0.795573 0.0400391 0.792969 0.0400391 0.790365 0.0410156 0.789062 0.0410156 0.78776 0.0419922 0.786458 0.0419922 0.782552 0.0429688 0.78125 0.0429688 0.778646 0.0439453 0.777344 0.0439453 0.776042 0.0449219 0.77474 0.0449219 0.773438 0.0458984 0.772135 0.0458984 0.769531 0.046875 0.768229 0.046875 0.766927 0.0488281 0.764323 0.0488281 0.763021 0.0498047 0.761719 0.0498047 0.760417 0.0507812 0.759115 0.0507812 0.757812 0.0527344 0.755208 0.0527344 0.753906 0.0537109 0.752604 0.0537109 0.751302 0.0556641 0.748698 0.0556641 0.747396 0.0566406 0.746094 0.0566406 0.744792 0.0576172 0.74349 0.0576172 0.742188 0.0595703 0.739583 0.0595703 0.738281 0.0634766 0.733073 0.0634766 0.731771 0.0664062 0.727865 0.0664062 0.726562 0.0683594 0.723958 0.0683594 0.722656 0.0712891 0.71875 0.0712891 0.717448 0.0732422 0.714844 0.0732422 0.713542 0.0742188 0.71224 0.0742188 0.710938 0.0771484 0.707031 0.0771484 0.705729 0.0791016 0.703125 0.0791016 0.701823 0.0830078 0.696615 0.0830078 0.695312 0.0859375 0.691406 0.0859375 0.690104 0.0878906 0.6875 0.0878906 0.686198 0.0888672 0.684896 0.0888672 0.683594 0.0927734 0.678385 0.0927734 0.677083 0.0976562 0.670573 0.0976562 0.669271 0.0996094 0.666667 0.0996094 0.665365 0.100586 0.664062 0.100586 0.66276 0.101562 0.661458 0.101562 0.658854 0.102539 0.657552 0.102539 0.65625 0.103516 0.654948 0.103516 0.653646 0.104492 0.652344 0.104492 0.651042 0.105469 0.64974 0.105469 0.648438 0.106445 0.647135 0.106445 0.645833 0.107422 0.644531 0.107422 0.641927 0.108398 0.640625 0.108398 0.639323 0.110352 0.636719 0.110352 0.635417 0.113281 0.63151 0.113281 0.630208 0.114258 0.628906 0.114258 0.627604 0.115234 0.626302 0.115234 0.623698 0.116211 0.622396 0.116211 0.621094 0.117188 0.619792 0.117188 0.61849 0.119141 0.615885 0.12207 0.615885 0.12207 0.606771
1 0.185547 0 0.185547 0.00260417 0.188477 0.00260417 0.191406 0.00651042 0.191406 0.0078125 0.192383 0.00911458 0.192383 0.0104167 0.193359 0.0117188 0.193359 0.0130208 0.194336 0.0143229 0.194336 0.015625 0.195312 0.0169271 0.195312 0.0182292 0.196289 0.0195312 0.196289 0.0221354 0.197266 0.0234375 0.197266 0.0247396 0.198242 0.0260417 0.198242 0.0273438 0.199219 0.0286458 0.199219 0.03125 0.200195 0.0325521 0.200195 0.0338542 0.201172 0.0351562 0.201172 0.0377604 0.203125 0.0403646 0.203125 0.0416667 0.204102 0.0429688 0.204102 0.0455729 0.205078 0.046875 0.205078 0.0494792 0.206055 0.0507812 0.206055 0.0533854 0.207031 0.0546875 0.207031 0.0559896 0.208008 0.0572917 0.208008 0.0598958 0.208984 0.0611979 0.208984 0.0625 0.209961 0.0638021 0.209961 0.0664062 0.210938 0.0677083 0.210938 0.0690104 0.211914 0.0703125 0.211914 0.0729167 0.212891 0.0742188 0.212891 0.0768229 0.213867 0.078125 0.213867 0.0807292 0.214844 0.0820312 0.214844 0.0846354 0.21582 0.0859375 0.21582 0.0885417 0.216797 0.0898438 0.216797 0.0911458 0.217773 0.0924479 0.217773 0.09375 0.219727 0.0963542 0.219727 0.0976562 0.220703 0.0989583 0.220703 0.10026 0.22168 0.101562 0.22168 0.102865 0.223633 0.105469 0.223633 0.110677 0.229492 0.110677 0.229492 0.106771 0.236328 0.0976562 0.239258 0.0976562 0.239258 0.0572917 0.236328 0.0572917 0.234375 0.0546875 0.234375 0.0520833 0.233398 0.0507812 0.233398 0.0481771 0.232422 0.046875 0.232422 0.0455729 0.231445 0.0442708 0.231445 0.0416667 0.230469 0.0403646 0.230469 0.0390625 0.229492 0.0377604 0.229492 0.0351562 0.228516 0.0338542 0.228516 0.03125 0.227539 0.0299479 0.227539 0.0286458 0.226562 0.0273438 0.226562 0.0247396 0.225586 0.0234375 0.225586 0.0195312 0.224609 0.0182292 0.224609 0.0130208 0.223633 0.0117188 0.223633 0.00651042 0.222656 0.00520833 0.222656 0.00260417 0.22168 0.00130208 0.22168 0
1 0.949219 0.356771 0.949219 0.360677 0.948242 0.361979 0.947266 0.361979 0.946289 0.363281 0.943359 0.363281 0.942383 0.364583 0.94043 0.364583 0.939453 0.365885 0.936523 0.365885 0.935547 0.367188 0.933594 0.367188 0.932617 0.36849 0.929688 0.36849 0.928711 0.369792 0.925781 0.369792 0.924805 0.371094 0.922852 0.371094 0.921875 0.372396 0.918945 0.372396 0.917969 0.373698 0.914062 0.373698 0.913086 0.375 0.910156 0.375 0.90918 0.376302 0.907227 0.376302 0.90625 0.377604 0.904297 0.377604 0.90332 0.378906 0.901367 0.378906 0.900391 0.380208 0.898438 0.380208 0.897461 0.38151 0.894531 0.38151 0.893555 0.382812 0.890625 0.382812 0.889648 0.384115 0.883789 0.384115 0.882812 0.385417 0.876953 0.385417 0.875977 0.386719 0.874023 0.386719 0.873047 0.385417 0.866211 0.385417 0.865234 0.384115 0.863281 0.384115 0.862305 0.382812 0.860352 0.382812 0.859375 0.38151 0.857422 0.38151 0.856445 0.380208 0.855469 0.380208 0.852539 0.376302 0.850586 0.376302 0.849609 0.375 0.848633 0.375 0.84668 0.372396 0.836914 0.372396 0.834961 0.375 0.834961 0.376302 0.831055 0.38151 0.831055 0.382812 0.830078 0.384115 0.830078 0.385417 0.829102 0.386719 0.829102 0.389323 0.830078 0.390625 0.830078 0.393229 0.831055 0.394531 0.831055 0.395833 0.833008 0.398438 0.833008 0.39974 0.839844 0.408854 0.84082 0.408854 0.84375 0.41276 0.844727 0.41276 0.845703 0.414062 0.847656 0.414062 0.848633 0.415365 0.849609 0.415365 0.850586 0.416667 0.851562 0.416667 0.852539 0.417969 0.853516 0.417969 0.854492 0.419271 0.856445 0.419271 0.857422 0.420573 0.859375 0.420573 0.860352 0.421875 0.861328 0.421875 0.862305 0.423177 0.863281 0.423177 0.864258 0.424479 0.864258 0.428385 0.893555 0.428385 0.893555 0.424479 0.894531 0.423177 0.896484 0.423177 0.897461 0.421875 0.902344 0.421875 0.90332 0.420573 0.90625 0.420573 0.907227 0.419271 0.908203 0.419271 0.90918 0.417969 0.911133 0.417969 0.912109 0.416667 0.914062 0.416667 0.915039 0.415365 0.916016 0.415365 0.916992 0.414062 0.917969 0.414062 0.918945 0.41276 0.919922 0.41276 0.920898 0.411458 0.923828 0.411458 0.924805 0.410156 0.926758 0.410156 0.927734 0.408854 0.930664 0.408854 0.931641 0.407552 0.932617 0.407552 0.933594 0.40625 0.935547 0.40625 0.936523 0.404948 0.938477 0.404948 0.939453 0.403646 0.94043 0.403646 0.941406 0.402344 0.943359 0.402344 0.944336 0.401042 0.946289 0.401042 0.947266 0.39974 0.950195 0.39974 0.951172 0.398438 0.957031 0.398438 0.958008 0.397135 0.969727 0.397135 0.970703 0.398438 0.979492 0.398438 0.980469 0.39974 0.990234 0.39974 0.991211 0.401042 0.999023 0.401042 0.999023 0.356771
1 0.514648 0.231771 0.514648 0.235677 0.513672 0.236979 0.512695 0.236979 0.511719 0.238281 0.510742 0.238281 0.509766 0.239583 0.505859 0.239583 0.505859 0.273438 0.508789 0.273438 0.510742 0.276042 0.510742 0.277344 0.511719 0.278646 0.511719 0.279948 0.513672 0.282552 0.513672 0.283854 0.514648 0.285156 0.514648 0.286458 0.515625 0.28776 0.515625 0.289062 0.516602 0.290365 0.516602 0.291667 0.518555 0.294271 0.518555 0.295573 0.519531 0.296875 0.519531 0.298177 0.520508 0.299479 0.520508 0.300781 0.521484 0.302083 0.521484 0.3125 0.520508 0.313802 0.520508 0.317708 0.521484 0.31901 0.522461 0.31901 0.523438 0.320312 0.524414 0.320312 0.525391 0.321615 0.525391 0.322917 0.526367 0.324219 0.526367 0.325521 0.527344 0.326823 0.527344 0.329427 0.52832 0.330729 0.52832 0.335938 0.529297 0.33724 0.529297 0.352865 0.530273 0.354167 0.530273 0.364583 0.53125 0.365885 0.53125 0.369792 0.532227 0.371094 0.532227 0.372396 0.533203 0.373698 0.533203 0.375 0.535156 0.377604 0.535156 0.380208 0.53418 0.38151 0.529297 0.38151 0.52832 0.382812 0.52832 0.386719 0.53418 0.386719 0.53418 0.38151 0.535156 0.380208 0.540039 0.380208 0.541016 0.378906 0.541992 0.378906 0.544922 0.375 0.545898 0.375 0.552734 0.365885 0.552734 0.364583 0.556641 0.359375 0.55957 0.359375 0.55957 0.334635 0.556641 0.334635 0.555664 0.333333 0.555664 0.332031 0.554688 0.330729 0.554688 0.322917 0.553711 0.321615 0.553711 0.313802 0.552734 0.3125 0.552734 0.308594 0.551758 0.307292 0.551758 0.304688 0.550781 0.303385 0.550781 0.300781 0.549805 0.299479 0.549805 0.296875 0.548828 0.295573 0.548828 0.291667 0.547852 0.290365 0.547852 0.286458 0.546875 0.285156 0.546875 0.282552 0.545898 0.28125 0.545898 0.278646 0.544922 0.277344 0.544922 0.27474 0.543945 0.273438 0.543945 0.270833 0.542969 0.269531 0.542969 0.268229 0.541992 0.266927 0.541992 0.265625 0.541016 0.264323 0.541016 0.263021 0.540039 0.261719 0.540039 0.260417 0.539062 0.259115 0.539062 0.257812 0.537109 0.255208 0.537109 0.253906 0.53418 0.25 0.53418 0.248698 0.532227 0.246094 0.53125 0.246094 0.529297 0.24349 0.52832 0.24349 0.526367 0.240885 0.525391 0.240885 0.524414 0.239583 0.523438 0.239583 0.522461 0.238281 0.520508 0.238281 0.519531 0.236979 0.518555 0.236979 0.517578 0.235677 0.517578 0.231771
1 0.939453 0.00260417 0.939453 0.0742188 0.942383 0.0742188 0.944336 0.0768229 0.944336 0.078125 0.945312 0.0794271 0.945312 0.0820312 0.946289 0.0833333 0.946289 0.0846354 0.947266 0.0859375 0.947266 0.0885417 0.948242 0.0898438 0.948242 0.0911458 0.949219 0.0924479 0.949219 0.0950521 0.950195 0.0963542 0.950195 0.0976562 0.951172 0.0989583 0.951172 0.10026 0.952148 0.101562 0.952148 0.102865 0.953125 0.104167 0.953125 0.105469 0.956055 0.109375 0.956055 0.110677 0.958008 0.113281 0.958008 0.114583 0.961914 0.119792 0.962891 0.119792 0.963867 0.121094 0.964844 0.121094 0.96582 0.122396 0.966797 0.122396 0.96875 0.125 0.969727 0.125 0.97168 0.127604 0.97168 0.13151 0.975586 0.13151 0.975586 0.127604 0.979492 0.122396 0.979492 0.104167 0.978516 0.102865 0.978516 0.0885417 0.979492 0.0872396 0.979492 0.0677083 0.980469 0.0664062 0.980469 0.046875 0.981445 0.0455729 0.981445 0.0416667 0.980469 0.0403646 0.980469 0.0364583 0.981445 0.0351562 0.981445 0.0299479 0.980469 0.0286458 0.980469 0.0195312 0.979492 0.0182292 0.979492 0.015625 0.978516 0.0143229 0.978516 0.0130208 0.977539 0.0117188 0.977539 0.00911458 0.976562 0.0078125 0.976562 0.00260417
1 0.288086 0.00260417 0.288086 0.00911458 0.287109 0.0104167 0.287109 0.0130208 0.286133 0.0143229 0.286133 0.015625 0.285156 0.0169271 0.285156 0.0195312 0.28418 0.0208333 0.28418 0.0221354 0.283203 0.0234375 0.283203 0.0247396 0.282227 0.0260417 0.282227 0.0273438 0.28125 0.0286458 0.28125 0.0299479 0.280273 0.03125 0.280273 0.0325521 0.27832 0.0351562 0.27832 0.0364583 0.274414 0.0416667 0.274414 0.0429688 0.270508 0.0481771 0.270508 0.0494792 0.268555 0.0520833 0.268555 0.0533854 0.266602 0.0559896 0.266602 0.0572917 0.264648 0.0598958 0.264648 0.0611979 0.263672 0.0625 0.263672 0.0638021 0.262695 0.0651042 0.262695 0.0664062 0.260742 0.0690104 0.260742 0.0703125 0.259766 0.0716146 0.259766 0.0729167 0.254883 0.0794271 0.254883 0.0807292 0.241211 0.0989583 0.241211 0.10026 0.240234 0.101562 0.240234 0.102865 0.238281 0.105469 0.238281 0.106771 0.236328 0.109375 0.235352 0.109375 0.234375 0.110677 0.234375 0.111979 0.232422 0.114583 0.232422 0.115885 0.229492 0.119792 0.229492 0.121094 0.226562 0.125 0.226562 0.126302 0.223633 0.130208 0.223633 0.13151 0.22168 0.134115 0.22168 0.135417 0.21875 0.139323 0.21875 0.140625 0.216797 0.143229 0.216797 0.144531 0.214844 0.147135 0.214844 0.148438 0.211914 0.152344 0.211914 0.153646 0.209961 0.15625 0.209961 0.157552 0.208984 0.158854 0.208984 0.160156 0.206055 0.164062 0.206055 0.165365 0.204102 0.167969 0.204102 0.169271 0.189453 0.188802 0.189453 0.190104 0.188477 0.191406 0.188477 0.192708 0.186523 0.195312 0.186523 0.197917 0.185547 0.199219 0.185547 0.201823 0.18457 0.203125 0.18457 0.205729 0.183594 0.207031 0.183594 0.209635 0.182617 0.210938 0.182617 0.21224 0.181641 0.213542 0.181641 0.216146 0.180664 0.217448 0.180664 0.220052 0.179688 0.221354 0.179688 0.229167 0.178711 0.230469 0.178711 0.235677 0.177734 0.236979 0.177734 0.239583 0.176758 0.240885 0.176758 0.242188 0.175781 0.24349 0.175781 0.247396 0.174805 0.248698 0.174805 0.252604 0.175781 0.253906 0.175781 0.255208 0.176758 0.25651 0.176758 0.259115 0.175781 0.260417 0.175781 0.263021 0.176758 0.264323 0.176758 0.265625 0.177734 0.266927 0.178711 0.265625 0.181641 0.265625 0.182617 0.264323 0.183594 0.264323 0.18457 0.263021 0.185547 0.263021 0.186523 0.261719 0.1875 0.261719 0.1875 0.260417 0.188477 0.259115 0.188477 0.257812 0.193359 0.251302 0.193359 0.25 0.194336 0.248698 0.194336 0.247396 0.199219 0.240885 0.199219 0.239583 0.201172 0.236979 0.201172 0.235677 0.202148 0.234375 0.202148 0.233073 0.203125 0.231771 0.203125 0.230469 0.204102 0.229167 0.204102 0.227865 0.205078 0.226562 0.205078 0.22526 0.206055 0.223958 0.206055 0.222656 0.208008 0.220052 0.208008 0.21875 0.209961 0.216146 0.209961 0.214844 0.210938 0.213542 0.210938 0.21224 0.212891 0.209635 0.212891 0.208333 0.213867 0.207031 0.213867 0.205729 0.216797 0.201823 0.216797 0.200521 0.21875 0.197917 0.21875 0.196615 0.22168 0.192708 0.22168 0.191406 0.223633 0.188802 0.223633 0.1875 0.226562 0.183594 0.226562 0.182292 0.228516 0.179688 0.228516 0.178385 0.229492 0.177083 0.229492 0.175781 0.230469 0.174479 0.230469 0.173177 0.232422 0.170573 0.232422 0.169271 0.234375 0.166667 0.234375 0.165365 0.237305 0.161458 0.237305 0.160156 0.241211 0.154948 0.241211 0.153646 0.243164 0.151042 0.243164 0.14974 0.244141 0.148438 0.244141 0.147135 0.246094 0.144531 0.246094 0.143229 0.24707 0.141927 0.24707 0.140625 0.25293 0.132812 0.253906 0.132812 0.262695 0.121094 0.262695 0.119792 0.271484 0.108073 0.271484 0.106771 0.272461 0.105469 0.272461 0.104167 0.274414 0.101562 0.274414 0.0989583 0.275391 0.0976562 0.275391 0.0950521 0.277344 0.0924479 0.277344 0.0911458 0.279297 0.0885417 0.279297 0.0872396 0.28418 0.0807292 0.28418 0.0794271 0.286133 0.0768229 0.286133 0.0755208 0.287109 0.0742188 0.287109 0.0729167 0.289062 0.0703125 0.289062 0.0690104 0.291992 0.0651042 0.293945 0.0651042 0.298828 0.0585938 0.299805 0.0585938 0.299805 0.0572917 0.302734 0.0533854 0.302734 0.0520833 0.305664 0.0481771 0.306641 0.0481771 0.307617 0.046875 0.308594 0.046875 0.310547 0.0442708 0.310547 0.0403646 0.311523 0.0390625 0.311523 0.0364583 0.3125 0.0351562 0.3125 0.0325521 0.313477 0.03125 0.313477 0.0273438 0.314453 0.0260417 0.314453 0.00260417
1 0.318359 0.00260417 0.318359 0.0768229 0.321289 0.0768229 0.323242 0.0794271 0.323242 0.0807292 0.325195 0.0833333 0.325195 0.0846354 0.327148 0.0872396 0.327148 0.0885417 0.328125 0.0898438 0.328125 0.0911458 0.331055 0.0950521 0.332031 0.0950521 0.333008 0.0963542 0.333984 0.0963542 0.334961 0.0976562 0.335938 0.0976562 0.336914 0.0989583 0.339844 0.0989583 0.34082 0.10026 0.341797 0.10026 0.342773 0.101562 0.342773 0.105469 0.347656 0.105469 0.347656 0.101562 0.348633 0.10026 0.352539 0.10026 0.352539 0.0677083 0.349609 0.0677083 0.348633 0.0664062 0.348633 0.0651042 0.347656 0.0638021 0.347656 0.0598958 0.34668 0.0585938 0.34668 0.0546875 0.345703 0.0533854 0.345703 0.0455729 0.344727 0.0442708 0.344727 0.0364583 0.34375 0.0351562 0.34375 0.0299479 0.342773 0.0286458 0.342773 0.0247396 0.341797 0.0234375 0.341797 0.0169271 0.34082 0.015625 0.34082 0.00911458 0.339844 0.0078125 0.339844 0.00260417
1 0.771484 0.0807292 0.771484 0.130208 0.774414 0.130208 0.775391 0.13151 0.775391 0.132812 0.776367 0.134115 0.776367 0.139323 0.777344 0.140625 0.777344 0.144531 0.77832 0.145833 0.77832 0.151042 0.779297 0.152344 0.779297 0.154948 0.780273 0.15625 0.780273 0.158854 0.78125 0.160156 0.78125 0.16276 0.782227 0.164062 0.782227 0.169271 0.783203 0.170573 0.783203 0.175781 0.78418 0.177083 0.78418 0.182292 0.785156 0.183594 0.785156 0.186198 0.786133 0.1875 0.786133 0.188802 0.787109 0.190104 0.787109 0.192708 0.788086 0.19401 0.788086 0.196615 0.789062 0.197917 0.790039 0.197917 0.791016 0.199219 0.791016 0.204427 0.800781 0.204427 0.800781 0.200521 0.805664 0.19401 0.805664 0.192708 0.807617 0.190104 0.807617 0.1875 0.808594 0.186198 0.808594 0.184896 0.80957 0.183594 0.80957 0.18099 0.810547 0.179688 0.813477 0.179688 0.813477 0.173177 0.810547 0.173177 0.80957 0.171875 0.80957 0.166667 0.808594 0.165365 0.808594 0.160156 0.807617 0.158854 0.807617 0.154948 0.806641 0.153646 0.806641 0.151042 0.805664 0.14974 0.805664 0.147135 0.804688 0.145833 0.804688 0.141927 0.803711 0.140625 0.803711 0.135417 0.802734 0.134115 0.802734 0.128906 0.801758 0.127604 0.801758 0.122396 0.800781 0.121094 0.800781 0.115885 0.799805 0.114583 0.799805 0.111979 0.798828 0.110677 0.798828 0.108073 0.797852 0.106771 0.797852 0.105469 0.796875 0.104167 0.796875 0.101562 0.795898 0.10026 0.795898 0.0976562 0.794922 0.0963542 0.794922 0.0950521 0.793945 0.09375 0.793945 0.0911458 0.792969 0.0898438 0.792969 0.0885417 0.791992 0.0872396 0.791992 0.0859375 0.791016 0.0846354 0.791016 0.0807292
1 0.349609 0.841146 0.349609 0.86849 0.352539 0.86849 0.357422 0.875 0.357422 0.876302 0.359375 0.878906 0.359375 0.880208 0.360352 0.88151 0.360352 0.882812 0.362305 0.885417 0.362305 0.886719 0.363281 0.888021 0.363281 0.889323 0.364258 0.890625 0.364258 0.891927 0.365234 0.893229 0.365234 0.895833 0.366211 0.897135 0.366211 0.898438 0.367188 0.89974 0.367188 0.902344 0.368164 0.903646 0.368164 0.90625 0.369141 0.907552 0.369141 0.908854 0.370117 0.910156 0.370117 0.91276 0.371094 0.914062 0.371094 0.915365 0.37207 0.916667 0.37207 0.919271 0.373047 0.920573 0.373047 0.921875 0.375 0.924479 0.375 0.925781 0.375977 0.927083 0.375977 0.928385 0.37793 0.93099 0.37793 0.932292 0.378906 0.933594 0.378906 0.934896 0.379883 0.936198 0.379883 0.938802 0.380859 0.940104 0.380859 0.941406 0.382812 0.94401 0.382812 0.945312 0.383789 0.946615 0.383789 0.949219 0.384766 0.950521 0.384766 0.951823 0.385742 0.953125 0.385742 0.954427 0.386719 0.955729 0.386719 0.958333 0.387695 0.959635 0.387695 0.96224 0.388672 0.963542 0.388672 0.966146 0.389648 0.967448 0.389648 0.972656 0.390625 0.973958 0.390625 0.979167 0.391602 0.980469 0.391602 0.986979 0.392578 0.988281 0.392578 0.989583 0.393555 0.990885 0.393555 0.992188 0.395508 0.994792 0.395508 0.996094 0.396484 0.997396 0.396484 0.998698 0.420898 0.998698 0.420898 0.992188 0.419922 0.990885 0.419922 0.988281 0.418945 0.986979 0.418945 0.979167 0.419922 0.977865 0.419922 0.967448 0.418945 0.966146 0.418945 0.960938 0.417969 0.959635 0.417969 0.955729 0.416992 0.954427 0.416992 0.953125 0.416016 0.951823 0.416016 0.949219 0.415039 0.947917 0.415039 0.946615 0.414062 0.945312 0.414062 0.94401 0.413086 0.942708 0.413086 0.941406 0.412109 0.940104 0.412109 0.938802 0.411133 0.9375 0.411133 0.936198 0.410156 0.934896 0.410156 0.933594 0.408203 0.93099 0.408203 0.929688 0.407227 0.928385 0.407227 0.927083 0.40625 0.925781 0.40625 0.924479 0.404297 0.921875 0.404297 0.920573 0.40332 0.919271 0.40332 0.917969 0.402344 0.916667 0.402344 0.915365 0.401367 0.914062 0.401367 0.91276 0.400391 0.911458 0.400391 0.910156 0.398438 0.907552 0.398438 0.90625 0.397461 0.904948 0.397461 0.903646 0.396484 0.902344 0.396484 0.901042 0.394531 0.898438 0.394531 0.897135 0.393555 0.895833 0.393555 0.894531 0.391602 0.891927 0.391602 0.890625 0.390625 0.889323 0.390625 0.888021 0.389648 0.886719 0.389648 0.885417 0.388672 0.884115 0.388672 0.882812 0.387695 0.88151 0.387695 0.880208 0.385742 0.877604 0.385742 0.876302 0.384766 0.875 0.384766 0.873698 0.380859 0.86849 0.380859 0.867188 0.375977 0.860677 0.375977 0.859375 0.374023 0.856771 0.374023 0.855469 0.373047 0.854167 0.373047 0.852865 0.37207 0.851562 0.37207 0.85026 0.371094 0.848958 0.371094 0.847656 0.370117 0.846354 0.370117 0.841146
1 0.951172 0.539062 0.951172 0.542969 0.949219 0.545573 0.948242 0.545573 0.947266 0.546875 0.943359 0.546875 0.943359 0.566406 0.946289 0.566406 0.947266 0.567708 0.950195 0.567708 0.951172 0.56901 0.953125 0.56901 0.954102 0.570312 0.956055 0.570312 0.957031 0.571615 0.959961 0.571615 0.960938 0.572917 0.961914 0.572917 0.962891 0.574219 0.963867 0.574219 0.964844 0.575521 0.966797 0.575521 0.967773 0.576823 0.969727 0.576823 0.970703 0.578125 0.97168 0.578125 0.972656 0.579427 0.975586 0.579427 0.976562 0.580729 0.982422 0.580729 0.983398 0.582031 0.996094 0.582031 0.99707 0.583333 0.999023 0.583333 0.999023 0.539062
1 0.212891 0.752604 0.212891 0.768229 0.216797 0.768229 0.21875 0.770833 0.21875 0.772135 0.224609 0.779948 0.225586 0.779948 0.229492 0.785156 0.230469 0.785156 0.233398 0.789062 0.234375 0.789062 0.239258 0.795573 0.239258 0.796875 0.24707 0.807292 0.248047 0.807292 0.25 0.809896 0.250977 0.809896 0.255859 0.816406 0.256836 0.816406 0.259766 0.820312 0.260742 0.820312 0.263672 0.824219 0.264648 0.824219 0.265625 0.825521 0.266602 0.825521 0.268555 0.828125 0.269531 0.828125 0.270508 0.829427 0.270508 0.834635 0.279297 0.834635 0.279297 0.829427 0.282227 0.825521 0.282227 0.824219 0.283203 0.822917 0.283203 0.820312 0.28418 0.81901 0.28418 0.813802 0.283203 0.8125 0.283203 0.809896 0.282227 0.808594 0.282227 0.807292 0.277344 0.800781 0.277344 0.799479 0.264648 0.782552 0.263672 0.782552 0.262695 0.78125 0.262695 0.779948 0.257812 0.773438 0.256836 0.773438 0.253906 0.769531 0.25293 0.769531 0.250977 0.766927 0.250977 0.764323 0.25 0.763021 0.251953 0.760417 0.25293 0.760417 0.254883 0.757812 0.255859 0.757812 0.256836 0.75651 0.256836 0.752604
1 0.162109 0 0.162109 0.0104167 0.165039 0.0104167 0.166992 0.0130208 0.166992 0.0169271 0.167969 0.0182292 0.167969 0.0208333 0.168945 0.0221354 0.168945 0.0247396 0.169922 0.0260417 0.169922 0.0273438 0.170898 0.0286458 0.170898 0.0299479 0.171875 0.03125 0.171875 0.0338542 0.172852 0.0351562 0.172852 0.0364583 0.173828 0.0377604 0.173828 0.0403646 0.174805 0.0416667 0.174805 0.0429688 0.175781 0.0442708 0.175781 0.046875 0.176758 0.0481771 0.176758 0.0494792 0.177734 0.0507812 0.177734 0.0520833 0.178711 0.0533854 0.178711 0.0546875 0.179688 0.0559896 0.179688 0.0572917 0.180664 0.0585938 0.180664 0.0611979 0.181641 0.0625 0.181641 0.0638021 0.182617 0.0651042 0.182617 0.0664062 0.183594 0.0677083 0.183594 0.0690104 0.185547 0.0716146 0.186523 0.0716146 0.189453 0.0755208 0.19043 0.0755208 0.192383 0.078125 0.194336 0.078125 0.196289 0.0807292 0.196289 0.0846354 0.199219 0.0846354 0.199219 0.0807292 0.200195 0.0794271 0.201172 0.0794271 0.202148 0.078125 0.205078 0.078125 0.206055 0.0768229 0.207031 0.0768229 0.208008 0.0755208 0.208984 0.0755208 0.208984 0.0638021 0.208008 0.0625 0.208008 0.0598958 0.207031 0.0585938 0.207031 0.0572917 0.206055 0.0559896 0.206055 0.0533854 0.205078 0.0520833 0.205078 0.0507812 0.204102 0.0494792 0.204102 0.046875 0.203125 0.0455729 0.203125 0.0429688 0.202148 0.0416667 0.202148 0.0403646 0.201172 0.0390625 0.201172 0.0351562 0.200195 0.0338542 0.200195 0.03125 0.199219 0.0299479 0.199219 0.0273438 0.198242 0.0260417 0.198242 0.0247396 0.197266 0.0234375 0.197266 0.0195312 0.196289 0.0182292 0.196289 0.015625 0.195312 0.0143229 0.195312 0.0117188 0.194336 0.0104167 0.194336 0.0078125 0.193359 0.00651042 0.193359 0.00390625 0.192383 0.00260417 0.192383 0
1 0.675781 0.720052 0.678711 0.720052 0.677734 0.71875 0.676758 0.71875 0.675781 0.720052 0.671875 0.720052 0.668945 0.716146 0.664062 0.716146 0.663086 0.714844 0.662109 0.714844 0.661133 0.713542 0.660156 0.713542 0.65918 0.71224 0.65918 0.709635 0.660156 0.708333 0.662109 0.708333 0.663086 0.707031 0.666016 0.707031 0.666992 0.705729 0.667969 0.705729 0.668945 0.704427 0.669922 0.704427 0.670898 0.703125 0.672852 0.703125 0.674805 0.700521 0.673828 0.699219 0.671875 0.699219 0.670898 0.697917 0.668945 0.697917 0.667969 0.696615 0.661133 0.696615 0.660156 0.697917 0.658203 0.697917 0.657227 0.699219 0.652344 0.699219 0.651367 0.700521 0.650391 0.700521 0.648438 0.703125 0.647461 0.703125 0.646484 0.704427 0.645508 0.704427 0.642578 0.708333 0.641602 0.708333 0.640625 0.709635 0.636719 0.709635 0.635742 0.710938 0.631836 0.710938 0.630859 0.71224 0.62793 0.71224 0.626953 0.713542 0.625 0.713542 0.624023 0.714844 0.62207 0.714844 0.621094 0.716146 0.618164 0.716146 0.617188 0.717448 0.610352 0.717448 0.609375 0.71875 0.607422 0.71875 0.606445 0.720052 0.604492 0.720052 0.603516 0.721354 0.602539 0.721354 0.601562 0.722656 0.600586 0.722656 0.599609 0.723958 0.598633 0.723958 0.597656 0.72526 0.59668 0.72526 0.594727 0.727865 0.592773 0.727865 0.591797 0.729167 0.59082 0.729167 0.589844 0.730469 0.588867 0.730469 0.587891 0.731771 0.585938 0.731771 0.584961 0.733073 0.583008 0.733073 0.582031 0.734375 0.580078 0.734375 0.579102 0.735677 0.577148 0.735677 0.576172 0.736979 0.574219 0.736979 0.573242 0.738281 0.570312 0.738281 0.569336 0.739583 0.567383 0.739583 0.56543 0.742188 0.564453 0.742188 0.563477 0.74349 0.561523 0.74349 0.560547 0.744792 0.55957 0.744792 0.558594 0.746094 0.557617 0.746094 0.556641 0.747396 0.555664 0.747396 0.553711 0.75 0.552734 0.75 0.550781 0.752604 0.549805 0.752604 0.547852 0.755208 0.546875 0.755208 0.544922 0.757812 0.543945 0.757812 0.527344 0.779948 0.526367 0.779948 0.524414 0.782552 0.523438 0.782552 0.520508 0.786458 0.519531 0.786458 0.517578 0.789062 0.516602 0.789062 0.515625 0.790365 0.514648 0.790365 0.513672 0.791667 0.512695 0.791667 0.511719 0.792969 0.509766 0.792969 0.507812 0.795573 0.506836 0.795573 0.504883 0.798177 0.503906 0.798177 0.50293 0.799479 0.501953 0.799479 0.5 0.802083 0.499023 0.802083 0.49707 0.804688 0.496094 0.804688 0.494141 0.807292 0.493164 0.807292 0.489258 0.8125 0.488281 0.8125 0.485352 0.816406 0.484375 0.816406 0.482422 0.81901 0.481445 0.81901 0.479492 0.821615 0.478516 0.821615 0.477539 0.822917 0.476562 0.822917 0.463867 0.839844 0.462891 0.839844 0.447266 0.860677 0.447266 0.861979 0.442383 0.86849 0.442383 0.869792 0.44043 0.872396 0.44043 0.873698 0.439453 0.875 0.435547 0.875 0.435547 0.91276 0.438477 0.91276 0.439453 0.914062 0.439453 0.917969 0.452148 0.917969 0.452148 0.914062 0.455078 0.910156 0.455078 0.908854 0.459961 0.902344 0.459961 0.901042 0.464844 0.894531 0.46582 0.894531 0.475586 0.88151 0.475586 0.880208 0.496094 0.852865 0.496094 0.851562 0.5 0.846354 0.5 0.845052 0.500977 0.84375 0.501953 0.84375 0.508789 0.834635 0.509766 0.834635 0.512695 0.830729 0.513672 0.830729 0.515625 0.828125 0.517578 0.828125 0.518555 0.826823 0.519531 0.826823 0.520508 0.825521 0.521484 0.825521 0.522461 0.824219 0.523438 0.824219 0.525391 0.821615 0.526367 0.821615 0.52832 0.81901 0.530273 0.81901 0.53125 0.817708 0.532227 0.817708 0.533203 0.816406 0.53418 0.816406 0.535156 0.815104 0.536133 0.815104 0.537109 0.813802 0.538086 0.813802 0.541016 0.809896 0.541992 0.809896 0.543945 0.807292 0.544922 0.807292 0.545898 0.80599 0.546875 0.80599 0.547852 0.804688 0.548828 0.804688 0.553711 0.798177 0.554688 0.798177 0.561523 0.789062 0.5625 0.789062 0.563477 0.78776 0.564453 0.78776 0.567383 0.783854 0.568359 0.783854 0.576172 0.773438 0.577148 0.773438 0.579102 0.770833 0.580078 0.770833 0.583008 0.766927 0.583984 0.766927 0.585938 0.764323 0.586914 0.764323 0.588867 0.761719 0.589844 0.761719 0.59082 0.760417 0.591797 0.760417 0.592773 0.759115 0.59375 0.759115 0.594727 0.757812 0.595703 0.757812 0.59668 0.75651 0.598633 0.75651 0.599609 0.755208 0.601562 0.755208 0.602539 0.753906 0.603516 0.753906 0.604492 0.752604 0.606445 0.752604 0.607422 0.751302 0.609375 0.751302 0.610352 0.75 0.612305 0.75 0.613281 0.748698 0.614258 0.748698 0.615234 0.747396 0.617188 0.747396 0.618164 0.746094 0.619141 0.746094 0.620117 0.744792 0.62207 0.744792 0.623047 0.74349 0.625977 0.74349 0.626953 0.742188 0.628906 0.742188 0.629883 0.740885 0.631836 0.740885 0.632812 0.739583 0.634766 0.739583 0.635742 0.738281 0.636719 0.738281 0.637695 0.736979 0.640625 0.736979 0.641602 0.735677 0.643555 0.735677 0.644531 0.734375 0.645508 0.734375 0.646484 0.733073 0.647461 0.733073 0.648438 0.731771 0.649414 0.731771 0.650391 0.730469 0.651367 0.730469 0.654297 0.726562 0.65625 0.726562 0.657227 0.72526 0.662109 0.72526 0.663086 0.723958 0.664062 0.723958 0.665039 0.722656 0.666992 0.722656 0.667969 0.721354 0.670898 0.721354 0.671875 0.720052
1 0.738281 0.492188 0.738281 0.496094 0.734375 0.501302 0.733398 0.501302 0.731445 0.503906 0.730469 0.503906 0.727539 0.507812 0.726562 0.507812 0.72168 0.514323 0.720703 0.514323 0.71875 0.516927 0.717773 0.516927 0.714844 0.520833 0.713867 0.520833 0.711914 0.523438 0.710938 0.523438 0.709961 0.52474 0.708984 0.52474 0.708008 0.526042 0.707031 0.526042 0.705078 0.528646 0.704102 0.528646 0.703125 0.529948 0.702148 0.529948 0.701172 0.53125 0.700195 0.53125 0.699219 0.532552 0.698242 0.532552 0.697266 0.533854 0.696289 0.533854 0.694336 0.536458 0.693359 0.536458 0.692383 0.53776 0.691406 0.53776 0.69043 0.539062 0.689453 0.539062 0.688477 0.540365 0.686523 0.540365 0.685547 0.541667 0.683594 0.541667 0.682617 0.542969 0.680664 0.542969 0.679688 0.544271 0.676758 0.544271 0.675781 0.545573 0.671875 0.545573 0.670898 0.546875 0.666016 0.546875 0.665039 0.548177 0.660156 0.548177 0.65918 0.549479 0.644531 0.549479 0.643555 0.548177 0.638672 0.548177 0.637695 0.546875 0.632812 0.546875 0.631836 0.545573 0.629883 0.545573 0.628906 0.544271 0.626953 0.544271 0.625977 0.542969 0.625 0.542969 0.624023 0.541667 0.623047 0.541667 0.62207 0.540365 0.621094 0.540365 0.620117 0.539062 0.619141 0.539062 0.618164 0.53776 0.617188 0.53776 0.616211 0.536458 0.614258 0.536458 0.613281 0.535156 0.612305 0.535156 0.611328 0.533854 0.610352 0.533854 0.609375 0.532552 0.607422 0.532552 0.606445 0.53125 0.605469 0.53125 0.604492 0.529948 0.603516 0.529948 0.601562 0.527344 0.600586 0.527344 0.599609 0.526042 0.598633 0.526042 0.594727 0.520833 0.59375 0.520833 0.591797 0.518229 0.59082 0.518229 0.589844 0.516927 0.588867 0.516927 0.587891 0.515625 0.586914 0.515625 0.585938 0.514323 0.584961 0.514323 0.583984 0.513021 0.583008 0.513021 0.582031 0.511719 0.581055 0.511719 0.580078 0.510417 0.579102 0.510417 0.577148 0.507812 0.572266 0.507812 0.571289 0.50651 0.569336 0.50651 0.568359 0.505208 0.55957 0.505208 0.558594 0.50651 0.557617 0.50651 0.557617 0.507812 0.558594 0.509115 0.558594 0.510417 0.55957 0.511719 0.55957 0.514323 0.560547 0.515625 0.560547 0.516927 0.561523 0.518229 0.561523 0.519531 0.563477 0.522135 0.563477 0.523438 0.568359 0.529948 0.568359 0.53125 0.574219 0.539062 0.574219 0.540365 0.575195 0.541667 0.575195 0.542969 0.577148 0.545573 0.577148 0.546875 0.584961 0.557292 0.585938 0.557292 0.587891 0.559896 0.588867 0.559896 0.589844 0.561198 0.59082 0.561198 0.591797 0.5625 0.592773 0.5625 0.59375 0.563802 0.594727 0.563802 0.595703 0.565104 0.59668 0.565104 0.597656 0.566406 0.598633 0.566406 0.599609 0.567708 0.600586 0.567708 0.601562 0.56901 0.602539 0.56901 0.603516 0.570312 0.605469 0.570312 0.606445 0.571615 0.608398 0.571615 0.609375 0.572917 0.611328 0.572917 0.612305 0.574219 0.613281 0.574219 0.614258 0.575521 0.616211 0.575521 0.617188 0.576823 0.618164 0.576823 0.619141 0.578125 0.620117 0.578125 0.62207 0.580729 0.62207 0.584635 0.695312 0.584635 0.695312 0.580729 0.696289 0.579427 0.697266 0.579427 0.698242 0.578125 0.699219 0.578125 0.700195 0.576823 0.701172 0.576823 0.702148 0.575521 0.704102 0.575521 0.707031 0.571615 0.708008 0.571615 0.708984 0.570312 0.709961 0.570312 0.710938 0.56901 0.711914 0.56901 0.713867 0.566406 0.714844 0.566406 0.71582 0.565104 0.716797 0.565104 0.71875 0.5625 0.719727 0.5625 0.72168 0.559896 0.722656 0.559896 0.725586 0.55599 0.726562 0.55599 0.729492 0.552083 0.730469 0.552083 0.732422 0.549479 0.733398 0.549479 0.75 0.527344 0.75 0.526042 0.751953 0.523438 0.751953 0.520833 0.75293 0.519531 0.75293 0.510417 0.751953 0.509115 0.751953 0.507812 0.749023 0.503906 0.749023 0.502604 0.746094 0.498698 0.746094 0.497396 0.745117 0.496094 0.745117 0.492188
1 0.185547 0.611979 0.185547 0.638021 0.188477 0.638021 0.194336 0.645833 0.195312 0.645833 0.196289 0.647135 0.197266 0.647135 0.198242 0.648438 0.200195 0.648438 0.201172 0.64974 0.204102 0.64974 0.205078 0.651042 0.208984 0.651042 0.209961 0.652344 0.210938 0.652344 0.211914 0.653646 0.213867 0.653646 0.214844 0.654948 0.21582 0.654948 0.216797 0.65625 0.217773 0.65625 0.21875 0.657552 0.219727 0.657552 0.220703 0.658854 0.222656 0.658854 0.223633 0.660156 0.224609 0.660156 0.225586 0.661458 0.227539 0.661458 0.228516 0.66276 0.230469 0.66276 0.231445 0.664062 0.234375 0.664062 0.235352 0.665365 0.237305 0.665365 0.238281 0.666667 0.239258 0.666667 0.240234 0.667969 0.242188 0.667969 0.243164 0.669271 0.24707 0.669271 0.248047 0.670573 0.253906 0.670573 0.254883 0.671875 0.260742 0.671875 0.261719 0.673177 0.264648 0.673177 0.265625 0.674479 0.265625 0.678385 0.283203 0.678385 0.283203 0.674479 0.286133 0.670573 0.290039 0.670573 0.290039 0.645833 0.287109 0.645833 0.285156 0.643229 0.285156 0.641927 0.28418 0.640625 0.28418 0.639323 0.283203 0.638021 0.283203 0.636719 0.282227 0.636719 0.280273 0.634115 0.273438 0.634115 0.272461 0.632812 0.262695 0.632812 0.261719 0.63151 0.257812 0.63151 0.256836 0.630208 0.250977 0.630208 0.25 0.628906 0.243164 0.628906 0.242188 0.627604 0.239258 0.627604 0.238281 0.626302 0.236328 0.626302 0.235352 0.625 0.233398 0.625 0.232422 0.623698 0.229492 0.623698 0.228516 0.622396 0.226562 0.622396 0.225586 0.621094 0.224609 0.621094 0.223633 0.619792 0.220703 0.619792 0.219727 0.61849 0.217773 0.61849 0.216797 0.617188 0.21582 0.617188 0.214844 0.615885 0.214844 0.611979
1 0.0322266 0.153646 0.0322266 0.158854 0.03125 0.160156 0.03125 0.161458 0.0302734 0.16276 0.0302734 0.164062 0.0292969 0.165365 0.0292969 0.167969 0.0283203 0.169271 0.0283203 0.171875 0.0273438 0.173177 0.0273438 0.174479 0.0263672 0.175781 0.0263672 0.177083 0.0253906 0.178385 0.0253906 0.179688 0.0244141 0.18099 0.0244141 0.182292 0.0234375 0.183594 0.0234375 0.186198 0.0224609 0.1875 0.0224609 0.188802 0.0214844 0.190104 0.0214844 0.191406 0.0205078 0.192708 0.0205078 0.196615 0.0195312 0.197917 0.0195312 0.203125 0.0185547 0.204427 0.0185547 0.21875 0.0175781 0.220052 0.0175781 0.227865 0.0166016 0.229167 0.0166016 0.231771 0.015625 0.233073 0.015625 0.235677 0.0146484 0.236979 0.0146484 0.240885 0.0136719 0.242188 0.0136719 0.24349 0.0126953 0.244792 0.0126953 0.247396 0.0117188 0.248698 0.0117188 0.251302 0.0107422 0.252604 0.0107422 0.255208 0.00976562 0.25651 0.00976562 0.257812 0.00878906 0.259115 0.00878906 0.260417 0.0078125 0.261719 0.0078125 0.264323 0.00683594 0.265625 0.00683594 0.269531 0.00585938 0.270833 0.00585938 0.27474 0.00488281 0.276042 0.00488281 0.277344 0.00390625 0.278646 0.00390625 0.28125 0.00292969 0.282552 0.00292969 0.285156 0.00195312 0.286458 0.00195312 0.28776 0.000976562 0.289062 0 0.289062 0 0.425781 0.00195312 0.425781 0.00195312 0.424479 0.00488281 0.420573 0.00488281 0.419271 0.00585938 0.417969 0.00585938 0.416667 0.00683594 0.415365 0.00683594 0.41276 0.00878906 0.410156 0.00878906 0.408854 0.00976562 0.407552 0.00976562 0.404948 0.0107422 0.403646 0.0107422 0.401042 0.0117188 0.39974 0.0117188 0.398438 0.0126953 0.397135 0.0126953 0.394531 0.0136719 0.393229 0.0136719 0.390625 0.0146484 0.389323 0.0146484 0.386719 0.015625 0.385417 0.015625 0.382812 0.0166016 0.38151 0.0166016 0.377604 0.0175781 0.376302 0.0175781 0.36849 0.0185547 0.367188 0.0185547 0.359375 0.0195312 0.358073 0.0195312 0.352865 0.0205078 0.351562 0.0205078 0.348958 0.0214844 0.347656 0.0214844 0.345052 0.0224609 0.34375 0.0224609 0.342448 0.0234375 0.341146 0.0234375 0.338542 0.0244141 0.33724 0.0244141 0.335938 0.0253906 0.334635 0.0253906 0.330729 0.0263672 0.329427 0.0263672 0.326823 0.0273438 0.325521 0.0273438 0.324219 0.0283203 0.322917 0.0283203 0.320312 0.0292969 0.31901 0.0292969 0.317708 0.0302734 0.316406 0.0302734 0.315104 0.03125 0.313802 0.03125 0.309896 0.0322266 0.308594 0.0322266 0.279948 0.0332031 0.278646 0.0332031 0.273438 0.0341797 0.272135 0.0341797 0.269531 0.0351562 0.268229 0.0351562 0.265625 0.0361328 0.264323 0.0361328 0.261719 0.0371094 0.260417 0.0371094 0.257812 0.0380859 0.25651 0.0380859 0.252604 0.0390625 0.251302 0.0390625 0.247396 0.0400391 0.246094 0.0400391 0.242188 0.0410156 0.240885 0.0410156 0.236979 0.0419922 0.235677 0.0419922 0.233073 0.0429688 0.231771 0.0429688 0.230469 0.0439453 0.229167 0.0439453 0.226562 0.0449219 0.22526 0.0449219 0.220052 0.0458984 0.21875 0.0458984 0.195312 0.0449219 0.19401 0.0449219 0.191406 0.0439453 0.190104 0.0439453 0.188802 0.0429688 0.1875 0.0429688 0.183594 0.0419922 0.182292 0.0419922 0.167969 0.0380859 0.16276 0.0380859 0.161458 0.0361328 0.158854 0.0361328 0.153646
1 0.116211 0.459635 0.116211 0.460938 0.115234 0.46224 0.115234 0.464844 0.114258 0.466146 0.114258 0.46875 0.113281 0.470052 0.113281 0.471354 0.112305 0.472656 0.112305 0.47526 0.111328 0.476562 0.111328 0.477865 0.110352 0.479167 0.110352 0.481771 0.109375 0.483073 0.109375 0.485677 0.108398 0.486979 0.108398 0.489583 0.107422 0.490885 0.107422 0.49349 0.106445 0.494792 0.106445 0.497396 0.105469 0.498698 0.105469 0.502604 0.104492 0.503906 0.104492 0.50651 0.103516 0.507812 0.103516 0.509115 0.102539 0.510417 0.102539 0.513021 0.101562 0.514323 0.101562 0.518229 0.100586 0.519531 0.100586 0.527344 0.129883 0.527344 0.129883 0.522135 0.130859 0.520833 0.133789 0.520833 0.133789 0.429688 0.130859 0.429688 0.129883 0.43099 0.129883 0.433594 0.126953 0.4375 0.126953 0.438802 0.125977 0.440104 0.125977 0.442708 0.125 0.44401 0.125 0.446615 0.118164 0.455729 0.118164 0.457031 0.116211 0.459635 0.0673828 0.424479 0.0673828 0.423177 0.0683594 0.421875 0.0683594 0.420573 0.0703125 0.417969 0.0703125 0.416667 0.0712891 0.415365 0.0712891 0.414062 0.0722656 0.41276 0.0722656 0.411458 0.0732422 0.410156 0.0732422 0.408854 0.0751953 0.40625 0.0751953 0.404948 0.0771484 0.402344 0.0771484 0.401042 0.0800781 0.397135 0.0800781 0.395833 0.0810547 0.394531 0.0810547 0.393229 0.0820312 0.391927 0.0820312 0.390625 0.0839844 0.388021 0.0839844 0.386719 0.0849609 0.385417 0.0849609 0.384115 0.0869141 0.38151 0.0869141 0.380208 0.0878906 0.378906 0.0878906 0.377604 0.0888672 0.376302 0.0888672 0.373698 0.0908203 0.371094 0.0908203 0.369792 0.0917969 0.36849 0.0917969 0.367188 0.0927734 0.365885 0.0927734 0.364583 0.09375 0.363281 0.09375 0.361979 0.0947266 0.360677 0.0947266 0.359375 0.0957031 0.358073 0.0957031 0.355469 0.0966797 0.354167 0.0966797 0.35026 0.0976562 0.348958 0.0976562 0.346354 0.0986328 0.345052 0.0986328 0.342448 0.0996094 0.341146 0.0996094 0.33724 0.100586 0.335938 0.100586 0.332031 0.101562 0.330729 0.101562 0.326823 0.102539 0.325521 0.102539 0.321615 0.103516 0.320312 0.103516 0.313802 0.104492 0.3125 0.104492 0.307292 0.105469 0.30599 0.105469 0.303385 0.106445 0.302083 0.106445 0.299479 0.107422 0.298177 0.107422 0.295573 0.108398 0.294271 0.108398 0.291667 0.109375 0.290365 0.109375 0.28776 0.110352 0.286458 0.110352 0.283854 0.111328 0.282552 0.111328 0.276042 0.112305 0.27474 0.112305 0.261719 0.113281 0.260417 0.113281 0.25651 0.114258 0.255208 0.114258 0.253906 0.115234 0.252604 0.115234 0.247396 0.116211 0.246094 0.116211 0.242188 0.117188 0.240885 0.117188 0.238281 0.118164 0.236979 0.118164 0.234375 0.119141 0.233073 0.119141 0.231771 0.120117 0.230469 0.120117 0.229167 0.121094 0.227865 0.121094 0.226562 0.12207 0.22526 0.12207 0.223958 0.123047 0.222656 0.123047 0.221354 0.124023 0.220052 0.124023 0.21875 0.125977 0.216146 0.125977 0.214844 0.12793 0.21224 0.12793 0.210938 0.130859 0.207031 0.133789 0.207031 0.133789 0.178385 0.129883 0.178385 0.128906 0.179688 0.12793 0.179688 0.125977 0.182292 0.125 0.182292 0.123047 0.184896 0.123047 0.186198 0.12207 0.1875 0.12207 0.188802 0.120117 0.191406 0.119141 0.191406 0.115234 0.196615 0.115234 0.197917 0.114258 0.199219 0.114258 0.200521 0.113281 0.201823 0.113281 0.203125 0.111328 0.205729 0.111328 0.207031 0.110352 0.208333 0.110352 0.210938 0.108398 0.213542 0.108398 0.214844 0.107422 0.216146 0.107422 0.217448 0.106445 0.21875 0.106445 0.221354 0.105469 0.222656 0.105469 0.223958 0.104492 0.22526 0.104492 0.226562 0.103516 0.227865 0.103516 0.229167 0.102539 0.230469 0.102539 0.231771 0.101562 0.233073 0.101562 0.234375 0.0996094 0.236979 0.0996094 0.238281 0.0986328 0.239583 0.0986328 0.240885 0.0966797 0.24349 0.0966797 0.244792 0.0957031 0.246094 0.0957031 0.247396 0.0947266 0.248698 0.0947266 0.251302 0.0917969 0.255208 0.0917969 0.25651 0.0908203 0.257812 0.0908203 0.259115 0.0898438 0.260417 0.0898438 0.261719 0.0878906 0.264323 0.0878906 0.265625 0.0869141 0.266927 0.0869141 0.269531 0.0859375 0.270833 0.0859375 0.272135 0.0849609 0.273438 0.0849609 0.276042 0.0839844 0.277344 0.0839844 0.279948 0.0830078 0.28125 0.0830078 0.285156 0.0820312 0.286458 0.0820312 0.291667 0.0810547 0.292969 0.0810547 0.296875 0.0800781 0.298177 0.0800781 0.300781 0.0791016 0.302083 0.0791016 0.303385 0.078125 0.304688 0.078125 0.307292 0.0771484 0.308594 0.0771484 0.311198 0.0761719 0.3125 0.0761719 0.316406 0.0751953 0.317708 0.0751953 0.320312 0.0742188 0.321615 0.0742188 0.322917 0.0732422 0.324219 0.0732422 0.326823 0.0722656 0.328125 0.0722656 0.329427 0.0712891 0.330729 0.0712891 0.355469 0.0703125 0.356771 0.0703125 0.359375 0.0693359 0.360677 0.0693359 0.363281 0.0683594 0.364583 0.0683594 0.365885 0.0625 0.373698 0.0625 0.375 0.0615234 0.376302 0.0615234 0.377604 0.0595703 0.380208 0.0585938 0.380208 0.0585938 0.38151 0.0566406 0.384115 0.0566406 0.385417 0.0537109 0.389323 0.0537109 0.390625 0.0507812 0.394531 0.0507812 0.395833 0.0498047 0.397135 0.0498047 0.398438 0.0458984 0.403646 0.0458984 0.404948 0.0449219 0.40625 0.0449219 0.407552 0.0419922 0.411458 0.0419922 0.41276 0.0390625 0.416667 0.0390625 0.417969 0.0351562 0.423177 0.0341797 0.423177 0.0332031 0.424479 0.0322266 0.424479 0.03125 0.423177 0.0292969 0.423177 0.0283203 0.424479 0.0283203 0.427083 0.0273438 0.428385 0.0273438 0.43099 0.0263672 0.432292 0.0253906 0.432292 0.0244141 0.433594 0.0234375 0.433594 0.0224609 0.434896 0.0214844 0.434896 0.0166016 0.428385 0.0166016 0.427083 0.015625 0.425781 0.015625 0.424479 0.0146484 0.424479 0.0136719 0.423177 0.00976562 0.428385 0.00585938 0.428385 0.00585938 0.518229 0.00878906 0.518229 0.00878906 0.513021 0.00976562 0.511719 0.00976562 0.510417 0.0126953 0.50651 0.0126953 0.505208 0.0146484 0.502604 0.015625 0.502604 0.0175781 0.5 0.0175781 0.498698 0.0185547 0.497396 0.0185547 0.496094 0.0253906 0.486979 0.0263672 0.486979 0.0273438 0.485677 0.0302734 0.485677 0.0341797 0.490885 0.0341797 0.49349 0.0351562 0.494792 0.0351562 0.496094 0.0361328 0.497396 0.0380859 0.494792 0.0380859 0.49349 0.0400391 0.490885 0.0400391 0.489583 0.0410156 0.488281 0.0410156 0.486979 0.0419922 0.485677 0.0419922 0.484375 0.0439453 0.481771 0.0439453 0.480469 0.0449219 0.479167 0.0449219 0.476562 0.0458984 0.47526 0.0458984 0.473958 0.046875 0.472656 0.046875 0.471354 0.0478516 0.470052 0.0478516 0.46875 0.0488281 0.467448 0.0488281 0.466146 0.0498047 0.464844 0.0498047 0.463542 0.0517578 0.460938 0.0517578 0.457031 0.0527344 0.455729 0.0527344 0.453125 0.0537109 0.451823 0.0537109 0.450521 0.0546875 0.449219 0.0546875 0.447917 0.0566406 0.445312 0.0566406 0.442708 0.0595703 0.438802 0.0595703 0.4375 0.0605469 0.436198 0.0605469 0.434896 0.0644531 0.429688 0.0644531 0.428385 0.0673828 0.424479
1 0.841797 0.679688 0.841797 0.700521 0.845703 0.700521 0.84668 0.701823 0.847656 0.701823 0.848633 0.703125 0.849609 0.703125 0.850586 0.704427 0.851562 0.704427 0.852539 0.705729 0.853516 0.705729 0.854492 0.707031 0.855469 0.707031 0.856445 0.708333 0.857422 0.708333 0.858398 0.709635 0.860352 0.709635 0.861328 0.710938 0.862305 0.710938 0.863281 0.71224 0.865234 0.71224 0.866211 0.713542 0.867188 0.713542 0.868164 0.714844 0.869141 0.714844 0.87207 0.71875 0.873047 0.71875 0.875977 0.722656 0.876953 0.722656 0.878906 0.72526 0.878906 0.726562 0.880859 0.729167 0.881836 0.729167 0.885742 0.734375 0.886719 0.734375 0.888672 0.736979 0.889648 0.736979 0.891602 0.739583 0.892578 0.739583 0.893555 0.740885 0.894531 0.740885 0.895508 0.742188 0.896484 0.742188 0.897461 0.74349 0.898438 0.74349 0.899414 0.744792 0.901367 0.744792 0.90332 0.747396 0.90332 0.751302 0.912109 0.751302 0.912109 0.747396 0.918945 0.738281 0.919922 0.738281 0.922852 0.734375 0.922852 0.733073 0.923828 0.731771 0.926758 0.731771 0.923828 0.731771 0.920898 0.727865 0.920898 0.726562 0.919922 0.726562 0.916992 0.722656 0.916992 0.721354 0.916016 0.721354 0.914062 0.71875 0.913086 0.71875 0.911133 0.716146 0.910156 0.716146 0.907227 0.71224 0.90625 0.71224 0.905273 0.710938 0.904297 0.710938 0.90332 0.709635 0.902344 0.709635 0.900391 0.707031 0.899414 0.707031 0.898438 0.705729 0.897461 0.705729 0.896484 0.704427 0.895508 0.704427 0.893555 0.701823 0.892578 0.701823 0.891602 0.700521 0.888672 0.700521 0.887695 0.699219 0.886719 0.699219 0.885742 0.697917 0.884766 0.697917 0.883789 0.696615 0.882812 0.696615 0.880859 0.69401 0.879883 0.69401 0.87793 0.691406 0.876953 0.691406 0.875977 0.690104 0.875 0.690104 0.873047 0.6875 0.87207 0.6875 0.871094 0.686198 0.870117 0.686198 0.868164 0.683594 0.868164 0.679688
1 0.908203 0.778646 0.908203 0.816406 0.911133 0.816406 0.917969 0.825521 0.917969 0.826823 0.920898 0.830729 0.920898 0.832031 0.922852 0.834635 0.922852 0.835938 0.924805 0.838542 0.924805 0.839844 0.925781 0.841146 0.925781 0.842448 0.928711 0.846354 0.928711 0.847656 0.930664 0.85026 0.930664 0.851562 0.931641 0.852865 0.931641 0.854167 0.933594 0.856771 0.933594 0.859375 0.936523 0.863281 0.936523 0.864583 0.9375 0.865885 0.9375 0.867188 0.938477 0.86849 0.938477 0.869792 0.939453 0.871094 0.939453 0.872396 0.94043 0.873698 0.94043 0.876302 0.941406 0.877604 0.941406 0.878906 0.942383 0.880208 0.942383 0.88151 0.944336 0.884115 0.944336 0.885417 0.947266 0.889323 0.947266 0.890625 0.951172 0.895833 0.952148 0.895833 0.954102 0.898438 0.955078 0.898438 0.956055 0.89974 0.957031 0.89974 0.958008 0.901042 0.960938 0.901042 0.961914 0.902344 0.962891 0.902344 0.963867 0.901042 0.96582 0.901042 0.967773 0.898438 0.96875 0.898438 0.970703 0.895833 0.973633 0.895833 0.973633 0.871094 0.970703 0.871094 0.967773 0.867188 0.967773 0.865885 0.960938 0.856771 0.960938 0.855469 0.958008 0.851562 0.958008 0.85026 0.953125 0.84375 0.953125 0.842448 0.952148 0.841146 0.952148 0.839844 0.950195 0.83724 0.950195 0.835938 0.948242 0.833333 0.948242 0.830729 0.947266 0.829427 0.947266 0.828125 0.946289 0.826823 0.946289 0.825521 0.945312 0.824219 0.945312 0.822917 0.944336 0.821615 0.944336 0.81901 0.943359 0.817708 0.943359 0.816406 0.942383 0.815104 0.942383 0.8125 0.941406 0.811198 0.941406 0.809896 0.94043 0.808594 0.94043 0.807292 0.939453 0.80599 0.939453 0.804688 0.938477 0.803385 0.938477 0.802083 0.9375 0.800781 0.9375 0.799479 0.935547 0.796875 0.935547 0.795573 0.93457 0.794271 0.93457 0.792969 0.932617 0.790365 0.932617 0.789062 0.929688 0.785156 0.929688 0.783854 0.928711 0.782552 0.928711 0.778646
1 0.604492 0.0442708 0.604492 0.0481771 0.602539 0.0507812 0.599609 0.0507812 0.599609 0.0950521 0.602539 0.0950521 0.603516 0.0963542 0.603516 0.0976562 0.604492 0.0989583 0.604492 0.101562 0.605469 0.102865 0.605469 0.109375 0.606445 0.110677 0.606445 0.115885 0.607422 0.117188 0.607422 0.121094 0.608398 0.122396 0.608398 0.125 0.609375 0.126302 0.609375 0.128906 0.610352 0.130208 0.610352 0.13151 0.611328 0.132812 0.611328 0.134115 0.612305 0.135417 0.612305 0.136719 0.613281 0.138021 0.613281 0.140625 0.614258 0.141927 0.614258 0.143229 0.615234 0.144531 0.615234 0.147135 0.616211 0.148438 0.616211 0.14974 0.617188 0.151042 0.617188 0.153646 0.618164 0.154948 0.618164 0.15625 0.619141 0.157552 0.619141 0.160156 0.620117 0.161458 0.620117 0.16276 0.621094 0.164062 0.621094 0.166667 0.62207 0.167969 0.62207 0.169271 0.623047 0.170573 0.623047 0.171875 0.624023 0.173177 0.624023 0.174479 0.625 0.175781 0.625 0.178385 0.625977 0.179688 0.625977 0.18099 0.626953 0.182292 0.626953 0.183594 0.62793 0.184896 0.62793 0.186198 0.628906 0.1875 0.628906 0.188802 0.629883 0.190104 0.629883 0.191406 0.630859 0.192708 0.630859 0.195312 0.631836 0.196615 0.631836 0.197917 0.632812 0.199219 0.632812 0.200521 0.633789 0.201823 0.633789 0.204427 0.635742 0.207031 0.635742 0.208333 0.638672 0.21224 0.638672 0.213542 0.641602 0.217448 0.641602 0.21875 0.642578 0.220052 0.643555 0.220052 0.646484 0.223958 0.647461 0.223958 0.648438 0.22526 0.650391 0.22526 0.651367 0.223958 0.652344 0.223958 0.658203 0.216146 0.661133 0.216146 0.661133 0.199219 0.658203 0.199219 0.65625 0.196615 0.65625 0.19401 0.655273 0.192708 0.655273 0.190104 0.654297 0.188802 0.654297 0.1875 0.65332 0.186198 0.65332 0.183594 0.652344 0.182292 0.652344 0.179688 0.651367 0.178385 0.651367 0.174479 0.650391 0.173177 0.650391 0.167969 0.649414 0.166667 0.649414 0.161458 0.648438 0.160156 0.648438 0.15625 0.647461 0.154948 0.647461 0.151042 0.646484 0.14974 0.646484 0.145833 0.645508 0.144531 0.645508 0.135417 0.644531 0.134115 0.644531 0.126302 0.643555 0.125 0.643555 0.121094 0.642578 0.119792 0.642578 0.117188 0.641602 0.115885 0.641602 0.114583 0.640625 0.113281 0.640625 0.110677 0.639648 0.109375 0.639648 0.106771 0.638672 0.105469 0.638672 0.101562 0.637695 0.10026 0.637695 0.0950521 0.636719 0.09375 0.636719 0.0924479 0.635742 0.0911458 0.635742 0.0885417 0.634766 0.0872396 0.634766 0.0859375 0.633789 0.0846354 0.633789 0.0820312 0.632812 0.0807292 0.632812 0.0703125 0.631836 0.0690104 0.631836 0.0638021 0.630859 0.0625 0.630859 0.0598958 0.629883 0.0585938 0.629883 0.0572917 0.628906 0.0559896 0.628906 0.0546875 0.626953 0.0520833 0.626953 0.0507812 0.625977 0.0494792 0.625977 0.0442708
1 0.845703 0.330729 0.845703 0.367188 0.849609 0.367188 0.852539 0.371094 0.853516 0.371094 0.857422 0.376302 0.858398 0.376302 0.859375 0.377604 0.860352 0.377604 0.862305 0.380208 0.863281 0.380208 0.864258 0.38151 0.865234 0.38151 0.866211 0.382812 0.867188 0.382812 0.868164 0.384115 0.869141 0.384115 0.870117 0.385417 0.875 0.385417 0.875977 0.386719 0.876953 0.385417 0.879883 0.385417 0.880859 0.384115 0.881836 0.384115 0.882812 0.382812 0.883789 0.382812 0.884766 0.38151 0.887695 0.38151 0.887695 0.369792 0.884766 0.369792 0.882812 0.367188 0.882812 0.365885 0.881836 0.364583 0.881836 0.363281 0.880859 0.361979 0.880859 0.359375 0.879883 0.358073 0.879883 0.356771 0.878906 0.355469 0.878906 0.351562 0.87793 0.35026 0.87793 0.347656 0.876953 0.346354 0.876953 0.345052 0.875977 0.34375 0.875977 0.342448 0.875 0.341146 0.875 0.339844 0.873047 0.33724 0.873047 0.335938 0.87207 0.334635 0.87207 0.330729
1 0.271484 0.919271 0.271484 0.998698 0.299805 0.998698 0.299805 0.994792 0.300781 0.99349 0.300781 0.986979 0.301758 0.985677 0.301758 0.983073 0.302734 0.981771 0.305664 0.981771 0.305664 0.970052 0.302734 0.970052 0.301758 0.96875 0.301758 0.967448 0.300781 0.966146 0.300781 0.964844 0.299805 0.963542 0.299805 0.960938 0.298828 0.959635 0.298828 0.958333 0.297852 0.957031 0.297852 0.955729 0.295898 0.953125 0.295898 0.951823 0.294922 0.950521 0.294922 0.949219 0.293945 0.947917 0.293945 0.946615 0.292969 0.945312 0.292969 0.94401 0.291992 0.942708 0.291992 0.941406 0.291016 0.940104 0.291016 0.938802 0.290039 0.9375 0.290039 0.936198 0.289062 0.934896 0.289062 0.933594 0.288086 0.932292 0.288086 0.93099 0.287109 0.929688 0.287109 0.928385 0.286133 0.927083 0.286133 0.925781 0.285156 0.924479 0.285156 0.919271
1 0.233398 0.919271 0.233398 0.923177 0.229492 0.928385 0.228516 0.928385 0.225586 0.932292 0.224609 0.932292 0.222656 0.934896 0.22168 0.934896 0.219727 0.9375 0.21875 0.9375 0.216797 0.940104 0.21582 0.940104 0.214844 0.941406 0.213867 0.941406 0.212891 0.942708 0.211914 0.942708 0.210938 0.94401 0.209961 0.94401 0.208984 0.945312 0.207031 0.945312 0.206055 0.946615 0.204102 0.946615 0.203125 0.947917 0.200195 0.947917 0.199219 0.949219 0.197266 0.949219 0.196289 0.950521 0.195312 0.950521 0.194336 0.951823 0.192383 0.951823 0.191406 0.953125 0.1875 0.953125 0.186523 0.954427 0.179688 0.954427 0.178711 0.955729 0.172852 0.955729 0.171875 0.957031 0.167969 0.957031 0.166992 0.958333 0.163086 0.958333 0.162109 0.959635 0.15918 0.959635 0.158203 0.960938 0.15625 0.960938 0.155273 0.96224 0.15332 0.96224 0.152344 0.963542 0.149414 0.963542 0.148438 0.964844 0.147461 0.964844 0.146484 0.966146 0.144531 0.966146 0.143555 0.967448 0.140625 0.967448 0.139648 0.96875 0.137695 0.96875 0.136719 0.970052 0.135742 0.970052 0.134766 0.971354 0.133789 0.971354 0.132812 0.972656 0.131836 0.972656 0.130859 0.973958 0.129883 0.973958 0.128906 0.97526 0.12793 0.97526 0.126953 0.976562 0.125977 0.976562 0.125 0.977865 0.12207 0.977865 0.121094 0.979167 0.118164 0.979167 0.117188 0.980469 0.115234 0.980469 0.114258 0.981771 0.111328 0.981771 0.110352 0.983073 0.109375 0.983073 0.108398 0.984375 0.106445 0.984375 0.105469 0.985677 0.103516 0.985677 0.102539 0.986979 0.0996094 0.986979 0.0986328 0.988281 0.0957031 0.988281 0.0947266 0.989583 0.0917969 0.989583 0.0908203 0.990885 0.0869141 0.990885 0.0859375 0.992188 0.0820312 0.992188 0.0810547 0.99349 0.078125 0.99349 0.0771484 0.994792 0.0742188 0.994792 0.0732422 0.996094 0.0703125 0.996094 0.0693359 0.997396 0.0683594 0.997396 0.0683594 0.998698 0.165039 0.998698 0.165039 0.997396 0.166992 0.994792 0.168945 0.994792 0.169922 0.99349 0.173828 0.99349 0.174805 0.992188 0.178711 0.992188 0.179688 0.990885 0.182617 0.990885 0.183594 0.989583 0.18457 0.989583 0.185547 0.988281 0.1875 0.988281 0.188477 0.986979 0.19043 0.986979 0.191406 0.985677 0.193359 0.985677 0.194336 0.984375 0.195312 0.984375 0.196289 0.983073 0.200195 0.983073 0.201172 0.981771 0.203125 0.981771 0.204102 0.980469 0.208984 0.980469 0.209961 0.979167 0.216797 0.979167 0.217773 0.977865 0.220703 0.977865 0.22168 0.976562 0.225586 0.976562 0.226562 0.97526 0.229492 0.97526 0.230469 0.973958 0.232422 0.973958 0.233398 0.972656 0.235352 0.972656 0.236328 0.971354 0.239258 0.971354 0.240234 0.970052 0.241211 0.970052 0.242188 0.96875 0.243164 0.96875 0.244141 0.967448 0.245117 0.967448 0.246094 0.966146 0.24707 0.966146 0.248047 0.964844 0.249023 0.964844 0.25 0.963542 0.250977 0.963542 0.251953 0.96224 0.25293 0.96224 0.253906 0.960938 0.254883 0.960938 0.256836 0.958333 0.257812 0.958333 0.260742 0.954427 0.261719 0.954427 0.265625 0.949219 0.265625 0.947917 0.266602 0.946615 0.270508 0.946615 0.270508 0.93099 0.267578 0.93099 0.265625 0.928385 0.265625 0.927083 0.262695 0.923177 0.262695 0.919271
1 0.756836 0.263021 0.756836 0.268229 0.758789 0.270833 0.758789 0.272135 0.759766 0.273438 0.759766 0.278646 0.760742 0.279948 0.760742 0.283854 0.761719 0.285156 0.761719 0.286458 0.762695 0.28776 0.762695 0.290365 0.763672 0.291667 0.763672 0.292969 0.764648 0.294271 0.764648 0.295573 0.765625 0.296875 0.765625 0.298177 0.767578 0.300781 0.767578 0.302083 0.771484 0.307292 0.771484 0.308594 0.772461 0.309896 0.773438 0.309896 0.776367 0.313802 0.777344 0.313802 0.77832 0.315104 0.779297 0.315104 0.780273 0.316406 0.78125 0.316406 0.782227 0.317708 0.783203 0.317708 0.785156 0.320312 0.786133 0.320312 0.787109 0.321615 0.788086 0.321615 0.789062 0.322917 0.790039 0.322917 0.791016 0.324219 0.791992 0.324219 0.792969 0.325521 0.793945 0.325521 0.795898 0.328125 0.796875 0.328125 0.797852 0.329427 0.798828 0.329427 0.799805 0.330729 0.800781 0.330729 0.801758 0.332031 0.802734 0.332031 0.804688 0.334635 0.805664 0.334635 0.806641 0.335938 0.807617 0.335938 0.80957 0.338542 0.810547 0.338542 0.81543 0.345052 0.81543 0.35026 0.84082 0.35026 0.84082 0.346354 0.841797 0.345052 0.841797 0.34375 0.847656 0.335938 0.848633 0.335938 0.849609 0.334635 0.849609 0.333333 0.851562 0.330729 0.850586 0.329427 0.844727 0.329427 0.84375 0.328125 0.842773 0.328125 0.841797 0.326823 0.839844 0.326823 0.838867 0.325521 0.834961 0.325521 0.833984 0.324219 0.832031 0.324219 0.831055 0.322917 0.829102 0.322917 0.828125 0.321615 0.827148 0.321615 0.826172 0.320312 0.824219 0.320312 0.823242 0.31901 0.822266 0.31901 0.821289 0.317708 0.820312 0.317708 0.818359 0.315104 0.817383 0.315104 0.816406 0.313802 0.81543 0.313802 0.813477 0.311198 0.8125 0.311198 0.811523 0.309896 0.810547 0.309896 0.80957 0.308594 0.808594 0.308594 0.806641 0.30599 0.805664 0.30599 0.803711 0.303385 0.802734 0.303385 0.797852 0.296875 0.796875 0.296875 0.794922 0.294271 0.793945 0.294271 0.789062 0.28776 0.788086 0.28776 0.786133 0.285156 0.786133 0.283854 0.785156 0.283854 0.783203 0.28125 0.783203 0.279948 0.774414 0.268229 0.774414 0.263021
1 0.30957 0.705729 0.30957 0.709635 0.308594 0.710938 0.308594 0.713542 0.307617 0.714844 0.307617 0.716146 0.306641 0.717448 0.306641 0.71875 0.305664 0.720052 0.305664 0.723958 0.304688 0.72526 0.304688 0.729167 0.303711 0.730469 0.303711 0.733073 0.302734 0.734375 0.302734 0.736979 0.301758 0.738281 0.301758 0.74349 0.300781 0.744792 0.300781 0.748698 0.299805 0.75 0.299805 0.752604 0.298828 0.753906 0.298828 0.757812 0.297852 0.759115 0.297852 0.763021 0.296875 0.764323 0.296875 0.768229 0.295898 0.769531 0.295898 0.773438 0.294922 0.77474 0.294922 0.776042 0.293945 0.777344 0.293945 0.779948 0.292969 0.78125 0.292969 0.782552 0.291992 0.783854 0.291992 0.785156 0.290039 0.78776 0.287109 0.78776 0.287109 0.856771 0.290039 0.856771 0.291992 0.859375 0.291992 0.861979 0.292969 0.863281 0.292969 0.865885 0.293945 0.867188 0.293945 0.86849 0.294922 0.869792 0.294922 0.871094 0.296875 0.873698 0.296875 0.875 0.301758 0.88151 0.301758 0.886719 0.305664 0.886719 0.305664 0.882812 0.306641 0.88151 0.306641 0.878906 0.307617 0.877604 0.307617 0.872396 0.308594 0.871094 0.308594 0.867188 0.30957 0.865885 0.30957 0.863281 0.310547 0.861979 0.310547 0.858073 0.311523 0.856771 0.311523 0.848958 0.3125 0.847656 0.3125 0.839844 0.313477 0.838542 0.313477 0.832031 0.314453 0.830729 0.314453 0.795573 0.31543 0.794271 0.31543 0.764323 0.316406 0.763021 0.316406 0.760417 0.317383 0.759115 0.317383 0.757812 0.318359 0.75651 0.318359 0.753906 0.319336 0.752604 0.319336 0.75 0.320312 0.748698 0.320312 0.74349 0.321289 0.742188 0.321289 0.736979 0.320312 0.735677 0.320312 0.717448 0.319336 0.716146 0.319336 0.705729
1 0.405273 0.325521 0.405273 0.330729 0.404297 0.332031 0.40332 0.332031 0.399414 0.33724 0.399414 0.338542 0.397461 0.341146 0.397461 0.342448 0.395508 0.345052 0.395508 0.346354 0.393555 0.348958 0.393555 0.35026 0.390625 0.354167 0.390625 0.355469 0.387695 0.359375 0.387695 0.360677 0.385742 0.363281 0.385742 0.364583 0.383789 0.367188 0.383789 0.36849 0.382812 0.369792 0.382812 0.371094 0.379883 0.375 0.376953 0.375 0.376953 0.441406 0.380859 0.441406 0.381836 0.440104 0.383789 0.440104 0.388672 0.433594 0.388672 0.432292 0.391602 0.428385 0.391602 0.427083 0.393555 0.424479 0.393555 0.423177 0.395508 0.420573 0.395508 0.419271 0.396484 0.417969 0.396484 0.416667 0.397461 0.415365 0.397461 0.414062 0.398438 0.41276 0.398438 0.411458 0.399414 0.410156 0.399414 0.407552 0.400391 0.40625 0.400391 0.402344 0.401367 0.401042 0.401367 0.398438 0.402344 0.397135 0.402344 0.393229 0.40332 0.391927 0.40332 0.389323 0.404297 0.388021 0.404297 0.386719 0.405273 0.385417 0.405273 0.384115 0.40625 0.382812 0.40625 0.38151 0.40918 0.377604 0.40918 0.376302 0.411133 0.373698 0.411133 0.372396 0.415039 0.367188 0.416016 0.367188 0.423828 0.356771 0.424805 0.356771 0.427734 0.352865 0.428711 0.352865 0.431641 0.348958 0.431641 0.347656 0.432617 0.346354 0.432617 0.341146 0.431641 0.339844 0.431641 0.338542 0.430664 0.33724 0.430664 0.335938 0.426758 0.330729 0.426758 0.325521
1 0.0986328 0.664062 0.0986328 0.667969 0.0976562 0.669271 0.0976562 0.670573 0.0917969 0.678385 0.0917969 0.679688 0.0898438 0.682292 0.0898438 0.683594 0.0878906 0.686198 0.0878906 0.6875 0.0869141 0.688802 0.0869141 0.690104 0.0839844 0.69401 0.0839844 0.695312 0.0830078 0.696615 0.0830078 0.697917 0.0810547 0.700521 0.0810547 0.701823 0.0791016 0.704427 0.0791016 0.705729 0.078125 0.707031 0.078125 0.708333 0.0761719 0.710938 0.0761719 0.71224 0.0751953 0.713542 0.0751953 0.716146 0.0742188 0.717448 0.0742188 0.71875 0.0722656 0.721354 0.0722656 0.723958 0.0712891 0.72526 0.0712891 0.726562 0.0703125 0.727865 0.0703125 0.729167 0.0683594 0.731771 0.0683594 0.733073 0.0654297 0.736979 0.0654297 0.738281 0.0625 0.742188 0.0625 0.74349 0.0605469 0.746094 0.0605469 0.747396 0.0595703 0.748698 0.0595703 0.75 0.0566406 0.753906 0.0566406 0.755208 0.0556641 0.75651 0.0556641 0.757812 0.0546875 0.759115 0.0546875 0.760417 0.0527344 0.763021 0.0527344 0.764323 0.0517578 0.765625 0.0517578 0.766927 0.0507812 0.768229 0.0507812 0.769531 0.0498047 0.770833 0.0498047 0.772135 0.0488281 0.773438 0.0488281 0.778646 0.0478516 0.779948 0.0478516 0.789062 0.046875 0.790365 0.046875 0.803385 0.0488281 0.80599 0.0488281 0.807292 0.0498047 0.808594 0.0488281 0.809896 0.0488281 0.811198 0.0478516 0.8125 0.046875 0.811198 0.0458984 0.811198 0.0449219 0.809896 0.0410156 0.809896 0.0400391 0.811198 0.0400391 0.815104 0.0390625 0.816406 0.0390625 0.820312 0.0380859 0.821615 0.0380859 0.822917 0.0371094 0.824219 0.0371094 0.825521 0.0361328 0.826823 0.0361328 0.828125 0.0351562 0.829427 0.0351562 0.830729 0.0322266 0.834635 0.0322266 0.835938 0.03125 0.83724 0.03125 0.838542 0.0302734 0.839844 0.0302734 0.842448 0.0292969 0.84375 0.0292969 0.845052 0.0283203 0.846354 0.0283203 0.848958 0.0273438 0.85026 0.0273438 0.851562 0.0263672 0.852865 0.0263672 0.855469 0.0253906 0.856771 0.0253906 0.858073 0.0244141 0.859375 0.0214844 0.859375 0.0214844 0.907552 0.0253906 0.907552 0.0253906 0.902344 0.0283203 0.898438 0.0292969 0.898438 0.0302734 0.897135 0.03125 0.897135 0.0371094 0.889323 0.0371094 0.888021 0.0410156 0.882812 0.0410156 0.88151 0.0449219 0.876302 0.0449219 0.875 0.046875 0.872396 0.046875 0.871094 0.0507812 0.865885 0.0507812 0.864583 0.0517578 0.863281 0.0517578 0.861979 0.0537109 0.859375 0.0537109 0.858073 0.0546875 0.856771 0.0546875 0.854167 0.0585938 0.848958 0.0585938 0.846354 0.0615234 0.842448 0.0625 0.842448 0.0644531 0.839844 0.0654297 0.839844 0.0664062 0.838542 0.0664062 0.83724 0.0673828 0.835938 0.0673828 0.833333 0.0683594 0.832031 0.0683594 0.828125 0.0693359 0.826823 0.0693359 0.824219 0.0712891 0.821615 0.0712891 0.820312 0.0722656 0.81901 0.0722656 0.817708 0.0742188 0.815104 0.0742188 0.813802 0.0761719 0.811198 0.0761719 0.808594 0.078125 0.80599 0.078125 0.804688 0.0791016 0.803385 0.0791016 0.802083 0.0800781 0.800781 0.0800781 0.799479 0.0810547 0.798177 0.0810547 0.796875 0.0820312 0.795573 0.0820312 0.794271 0.0830078 0.792969 0.0830078 0.790365 0.0839844 0.789062 0.0839844 0.786458 0.0849609 0.785156 0.0849609 0.783854 0.0859375 0.782552 0.0859375 0.78125 0.0869141 0.779948 0.0869141 0.778646 0.0878906 0.777344 0.0878906 0.776042 0.0888672 0.77474 0.0888672 0.773438 0.0898438 0.772135 0.0898438 0.770833 0.0908203 0.769531 0.0908203 0.766927 0.0917969 0.765625 0.0917969 0.760417 0.0927734 0.759115 0.0927734 0.75651 0.09375 0.755208 0.09375 0.753906 0.0947266 0.752604 0.0947266 0.747396 0.0957031 0.746094 0.0957031 0.736979 0.0966797 0.735677 0.0966797 0.729167 0.0976562 0.727865 0.0976562 0.72526 0.0986328 0.723958 0.0986328 0.721354 0.0996094 0.720052 0.0996094 0.71875 0.100586 0.717448 0.100586 0.716146 0.102539 0.713542 0.102539 0.71224 0.104492 0.709635 0.104492 0.708333 0.106445 0.705729 0.106445 0.704427 0.108398 0.701823 0.108398 0.700521 0.112305 0.695312 0.112305 0.69401 0.113281 0.692708 0.113281 0.691406 0.115234 0.688802 0.118164 0.688802 0.118164 0.674479 0.115234 0.674479 0.113281 0.671875 0.113281 0.664062
1 0.998047 0.658854 0.978516 0.684896 0.978516 0.686198 0.976562 0.688802 0.976562 0.690104 0.973633 0.69401 0.973633 0.695312 0.97168 0.697917 0.97168 0.699219 0.969727 0.701823 0.969727 0.703125 0.96875 0.704427 0.96875 0.705729 0.967773 0.707031 0.967773 0.708333 0.96582 0.710938 0.96582 0.71224 0.964844 0.713542 0.964844 0.714844 0.963867 0.716146 0.963867 0.717448 0.961914 0.720052 0.958984 0.720052 0.958984 0.761719 0.961914 0.761719 0.962891 0.763021 0.962891 0.766927 0.96875 0.766927 0.96875 0.763021 0.970703 0.760417 0.97168 0.760417 0.974609 0.75651 0.975586 0.75651 0.976562 0.755208 0.976562 0.753906 0.980469 0.748698 0.980469 0.747396 0.987305 0.738281 0.987305 0.736979 0.988281 0.735677 0.988281 0.734375 0.991211 0.730469 0.991211 0.729167 0.998047 0.720052 0.999023 0.720052 0.999023 0.658854
1 0.767578 0.252604 0.767578 0.268229 0.770508 0.268229 0.780273 0.28125 0.78125 0.28125 0.783203 0.283854 0.78418 0.283854 0.787109 0.28776 0.788086 0.28776 0.790039 0.290365 0.791016 0.290365 0.794922 0.295573 0.795898 0.295573 0.797852 0.298177 0.798828 0.298177 0.802734 0.303385 0.803711 0.303385 0.805664 0.30599 0.806641 0.30599 0.808594 0.308594 0.80957 0.308594 0.811523 0.311198 0.8125 0.311198 0.813477 0.3125 0.814453 0.3125 0.817383 0.316406 0.818359 0.316406 0.819336 0.317708 0.820312 0.317708 0.822266 0.320312 0.826172 0.320312 0.827148 0.321615 0.832031 0.321615 0.833008 0.322917 0.834961 0.322917 0.835938 0.324219 0.837891 0.324219 0.838867 0.325521 0.839844 0.325521 0.84082 0.326823 0.857422 0.326823 0.858398 0.328125 0.865234 0.328125 0.866211 0.329427 0.867188 0.329427 0.868164 0.330729 0.869141 0.330729 0.870117 0.332031 0.871094 0.332031 0.87207 0.333333 0.873047 0.333333 0.874023 0.334635 0.875 0.334635 0.875977 0.335938 0.876953 0.335938 0.87793 0.33724 0.882812 0.33724 0.883789 0.338542 0.889648 0.338542 0.890625 0.339844 0.895508 0.339844 0.896484 0.341146 0.900391 0.341146 0.901367 0.342448 0.90332 0.342448 0.904297 0.34375 0.90625 0.34375 0.907227 0.345052 0.90918 0.345052 0.910156 0.346354 0.913086 0.346354 0.914062 0.347656 0.920898 0.347656 0.921875 0.348958 0.927734 0.348958 0.928711 0.35026 0.930664 0.35026 0.931641 0.351562 0.931641 0.355469 0.969727 0.355469 0.969727 0.333333 0.964844 0.333333 0.963867 0.332031 0.962891 0.332031 0.960938 0.329427 0.959961 0.329427 0.958984 0.328125 0.958008 0.328125 0.957031 0.326823 0.956055 0.326823 0.955078 0.325521 0.953125 0.325521 0.952148 0.324219 0.951172 0.324219 0.950195 0.322917 0.948242 0.322917 0.947266 0.321615 0.944336 0.321615 0.943359 0.320312 0.941406 0.320312 0.94043 0.31901 0.9375 0.31901 0.936523 0.317708 0.932617 0.317708 0.931641 0.316406 0.929688 0.316406 0.928711 0.315104 0.926758 0.315104 0.925781 0.313802 0.923828 0.313802 0.922852 0.3125 0.919922 0.3125 0.918945 0.311198 0.915039 0.311198 0.914062 0.309896 0.911133 0.309896 0.910156 0.308594 0.90625 0.308594 0.905273 0.307292 0.900391 0.307292 0.899414 0.30599 0.894531 0.30599 0.893555 0.304688 0.890625 0.304688 0.889648 0.303385 0.887695 0.303385 0.886719 0.302083 0.882812 0.302083 0.881836 0.300781 0.87793 0.300781 0.876953 0.299479 0.873047 0.299479 0.87207 0.298177 0.868164 0.298177 0.867188 0.296875 0.861328 0.296875 0.860352 0.295573 0.854492 0.295573 0.853516 0.294271 0.850586 0.294271 0.849609 0.292969 0.84668 0.292969 0.845703 0.291667 0.842773 0.291667 0.841797 0.290365 0.839844 0.290365 0.838867 0.289062 0.836914 0.289062 0.835938 0.28776 0.834961 0.28776 0.833984 0.286458 0.833008 0.286458 0.832031 0.285156 0.831055 0.285156 0.830078 0.283854 0.829102 0.283854 0.828125 0.282552 0.827148 0.282552 0.826172 0.28125 0.825195 0.28125 0.824219 0.279948 0.823242 0.279948 0.821289 0.277344 0.820312 0.277344 0.819336 0.276042 0.818359 0.276042 0.817383 0.27474 0.816406 0.27474 0.81543 0.273438 0.814453 0.273438 0.813477 0.272135 0.8125 0.272135 0.811523 0.270833 0.810547 0.270833 0.804688 0.263021 0.803711 0.263021 0.800781 0.259115 0.799805 0.259115 0.797852 0.25651 0.797852 0.252604
1 0.0595703 0.846354 0.0595703 0.851562 0.0585938 0.852865 0.0585938 0.855469 0.0576172 0.856771 0.0576172 0.858073 0.0566406 0.859375 0.0566406 0.860677 0.0556641 0.861979 0.0556641 0.864583 0.0546875 0.865885 0.0546875 0.869792 0.0537109 0.871094 0.0537109 0.880208 0.0527344 0.88151 0.0527344 0.882812 0.0517578 0.884115 0.0517578 0.886719 0.0419922 0.89974 0.0410156 0.89974 0.0400391 0.901042 0.0390625 0.901042 0.0361328 0.904948 0.0351562 0.904948 0.0322266 0.908854 0.03125 0.908854 0.0302734 0.910156 0.0292969 0.910156 0.0283203 0.911458 0.0273438 0.911458 0.0244141 0.915365 0.0234375 0.915365 0.0166016 0.924479 0.0166016 0.925781 0.0136719 0.929688 0.0136719 0.93099 0.0126953 0.932292 0.0126953 0.933594 0.0107422 0.936198 0.0107422 0.9375 0.00878906 0.940104 0.00878906 0.941406 0.00488281 0.946615 0.00195312 0.946615 0.00195312 0.992188 0.00488281 0.992188 0.00683594 0.989583 0.00683594 0.988281 0.0117188 0.981771 0.0117188 0.980469 0.0185547 0.971354 0.0185547 0.970052 0.0351562 0.947917 0.0361328 0.947917 0.0400391 0.942708 0.0410156 0.942708 0.0449219 0.9375 0.0458984 0.9375 0.0537109 0.927083 0.0546875 0.927083 0.0654297 0.91276 0.0654297 0.911458 0.0683594 0.907552 0.0683594 0.90625 0.0703125 0.903646 0.0703125 0.902344 0.0712891 0.901042 0.0712891 0.89974 0.0722656 0.898438 0.0722656 0.893229 0.0712891 0.891927 0.0712891 0.877604 0.0722656 0.876302 0.0722656 0.872396 0.0732422 0.871094 0.0732422 0.865885 0.0742188 0.864583 0.0742188 0.861979 0.0751953 0.860677 0.0751953 0.859375 0.0761719 0.858073 0.0791016 0.858073 0.0791016 0.846354
1 0.730469 0 0.730469 0.00130208 0.731445 0.00260417 0.731445 0.00390625 0.734375 0.0078125 0.734375 0.00911458 0.737305 0.0130208 0.737305 0.0143229 0.739258 0.0169271 0.739258 0.0182292 0.741211 0.0208333 0.741211 0.0221354 0.742188 0.0234375 0.742188 0.0247396 0.744141 0.0273438 0.744141 0.0286458 0.74707 0.0325521 0.74707 0.0338542 0.75293 0.0416667 0.753906 0.0416667 0.755859 0.0442708 0.756836 0.0442708 0.757812 0.0455729 0.760742 0.0455729 0.761719 0.0442708 0.763672 0.0442708 0.767578 0.0390625 0.770508 0.0390625 0.770508 0.0169271 0.767578 0.0169271 0.763672 0.0117188 0.763672 0.0104167 0.757812 0.00260417 0.757812 0
1 0.324219 0.382812 0.324219 0.384115 0.310547 0.402344 0.30957 0.402344 0.304688 0.408854 0.303711 0.408854 0.301758 0.411458 0.300781 0.411458 0.297852 0.415365 0.294922 0.415365 0.294922 0.438802 0.305664 0.438802 0.305664 0.434896 0.306641 0.433594 0.308594 0.433594 0.30957 0.432292 0.3125 0.432292 0.313477 0.433594 0.31543 0.433594 0.316406 0.434896 0.316406 0.438802 0.322266 0.438802 0.322266 0.429688 0.324219 0.427083 0.325195 0.427083 0.326172 0.425781 0.327148 0.425781 0.330078 0.421875 0.331055 0.421875 0.333008 0.419271 0.333008 0.417969 0.339844 0.408854 0.34082 0.408854 0.341797 0.407552 0.341797 0.40625 0.344727 0.402344 0.344727 0.401042 0.345703 0.39974 0.345703 0.398438 0.34668 0.397135 0.34668 0.394531 0.347656 0.393229 0.347656 0.389323 0.348633 0.388021 0.348633 0.384115 0.349609 0.382812 0.349609 0.377604 0.350586 0.376302 0.350586 0.351562 0.34082 0.351562 0.34082 0.356771 0.338867 0.359375 0.338867 0.360677 0.333984 0.367188 0.333984 0.36849 0.331055 0.372396 0.331055 0.373698 0.324219 0.382812 0.297852 0.355469 0.297852 0.351562 0.294922 0.351562 0.294922 0.355469 0.297852 0.355469
1 0.0556641 0.330729 0.0556641 0.334635 0.0498047 0.342448 0.0498047 0.34375 0.0478516 0.346354 0.0478516 0.347656 0.0449219 0.351562 0.0449219 0.352865 0.0439453 0.354167 0.0439453 0.355469 0.0361328 0.365885 0.0361328 0.367188 0.0322266 0.372396 0.0322266 0.373698 0.0283203 0.378906 0.0283203 0.380208 0.0273438 0.38151 0.0273438 0.382812 0.0253906 0.385417 0.0253906 0.386719 0.0244141 0.388021 0.0244141 0.389323 0.0224609 0.391927 0.0224609 0.393229 0.0214844 0.394531 0.0214844 0.395833 0.0205078 0.397135 0.0205078 0.398438 0.0195312 0.39974 0.0195312 0.401042 0.0185547 0.402344 0.0185547 0.403646 0.0175781 0.404948 0.0175781 0.40625 0.015625 0.408854 0.015625 0.410156 0.0136719 0.41276 0.0136719 0.414062 0.0126953 0.415365 0.0126953 0.416667 0.0117188 0.417969 0.0117188 0.419271 0.0107422 0.420573 0.0107422 0.423177 0.00976562 0.424479 0.00976562 0.425781 0.00878906 0.427083 0.00878906 0.428385 0.0078125 0.429688 0.0078125 0.43099 0.00683594 0.432292 0.00683594 0.434896 0.00488281 0.4375 0.00195312 0.4375 0.00195312 0.49349 0.00488281 0.49349 0.00585938 0.492188 0.00585938 0.490885 0.00683594 0.489583 0.00683594 0.488281 0.0078125 0.486979 0.0078125 0.485677 0.00878906 0.484375 0.00878906 0.481771 0.00976562 0.480469 0.00976562 0.477865 0.0107422 0.476562 0.0107422 0.473958 0.0117188 0.472656 0.0117188 0.471354 0.0126953 0.470052 0.0126953 0.467448 0.0136719 0.466146 0.0136719 0.464844 0.0146484 0.463542 0.0146484 0.46224 0.015625 0.460938 0.015625 0.459635 0.0175781 0.457031 0.0175781 0.455729 0.0185547 0.454427 0.0185547 0.453125 0.0205078 0.450521 0.0205078 0.449219 0.0214844 0.447917 0.0214844 0.445312 0.0224609 0.44401 0.0224609 0.438802 0.0234375 0.4375 0.0234375 0.434896 0.0253906 0.432292 0.0253906 0.43099 0.0292969 0.425781 0.0292969 0.424479 0.0332031 0.419271 0.0332031 0.417969 0.0341797 0.416667 0.0341797 0.415365 0.0351562 0.414062 0.0351562 0.41276 0.0380859 0.408854 0.0380859 0.407552 0.0410156 0.403646 0.0410156 0.402344 0.0439453 0.398438 0.0439453 0.397135 0.0458984 0.394531 0.0458984 0.393229 0.0478516 0.390625 0.0478516 0.389323 0.0498047 0.386719 0.0498047 0.385417 0.0537109 0.380208 0.0537109 0.378906 0.0595703 0.371094 0.0605469 0.371094 0.0625 0.36849 0.0634766 0.36849 0.0664062 0.364583 0.0673828 0.364583 0.0703125 0.360677 0.0703125 0.359375 0.0722656 0.356771 0.0751953 0.356771 0.0751953 0.330729
1 0.207031 0.289062 0.207031 0.294271 0.203125 0.299479 0.203125 0.300781 0.200195 0.304688 0.200195 0.30599 0.199219 0.307292 0.199219 0.308594 0.197266 0.311198 0.197266 0.3125 0.195312 0.315104 0.195312 0.316406 0.192383 0.320312 0.192383 0.321615 0.191406 0.322917 0.191406 0.324219 0.189453 0.326823 0.189453 0.328125 0.188477 0.329427 0.188477 0.330729 0.1875 0.332031 0.1875 0.333333 0.185547 0.335938 0.185547 0.33724 0.18457 0.338542 0.18457 0.339844 0.183594 0.341146 0.183594 0.342448 0.182617 0.34375 0.182617 0.345052 0.181641 0.346354 0.181641 0.347656 0.180664 0.348958 0.180664 0.35026 0.179688 0.351562 0.179688 0.354167 0.177734 0.356771 0.177734 0.358073 0.176758 0.359375 0.176758 0.360677 0.174805 0.363281 0.174805 0.364583 0.172852 0.367188 0.169922 0.367188 0.169922 0.397135 0.175781 0.397135 0.176758 0.395833 0.178711 0.395833 0.179688 0.394531 0.180664 0.394531 0.183594 0.390625 0.18457 0.390625 0.193359 0.378906 0.193359 0.377604 0.196289 0.373698 0.196289 0.372396 0.197266 0.371094 0.197266 0.369792 0.198242 0.36849 0.198242 0.367188 0.199219 0.365885 0.199219 0.364583 0.200195 0.363281 0.200195 0.361979 0.201172 0.360677 0.201172 0.359375 0.202148 0.358073 0.202148 0.356771 0.203125 0.355469 0.203125 0.352865 0.204102 0.351562 0.204102 0.348958 0.205078 0.347656 0.205078 0.346354 0.206055 0.345052 0.206055 0.342448 0.207031 0.341146 0.207031 0.339844 0.208008 0.338542 0.208008 0.33724 0.208984 0.335938 0.208984 0.333333 0.209961 0.332031 0.209961 0.330729 0.210938 0.329427 0.210938 0.328125 0.211914 0.326823 0.211914 0.325521 0.212891 0.324219 0.212891 0.322917 0.214844 0.320312 0.214844 0.317708 0.216797 0.315104 0.219727 0.315104 0.219727 0.289062
1 0.951172 0.669271 0.951172 0.673177 0.947266 0.678385 0.947266 0.679688 0.945312 0.682292 0.945312 0.683594 0.944336 0.684896 0.944336 0.686198 0.943359 0.6875 0.943359 0.688802 0.942383 0.690104 0.942383 0.691406 0.941406 0.692708 0.941406 0.69401 0.94043 0.695312 0.94043 0.697917 0.939453 0.699219 0.939453 0.700521 0.938477 0.701823 0.938477 0.703125 0.9375 0.704427 0.9375 0.707031 0.936523 0.708333 0.936523 0.709635 0.935547 0.710938 0.935547 0.71224 0.93457 0.713542 0.93457 0.714844 0.933594 0.716146 0.933594 0.717448 0.932617 0.71875 0.932617 0.720052 0.928711 0.72526 0.928711 0.726562 0.925781 0.730469 0.925781 0.731771 0.916992 0.74349 0.916992 0.744792 0.916016 0.746094 0.912109 0.746094 0.912109 0.769531 0.916016 0.769531 0.916992 0.770833 0.917969 0.770833 0.918945 0.772135 0.919922 0.772135 0.922852 0.776042 0.925781 0.776042 0.926758 0.777344 0.930664 0.777344 0.931641 0.776042 0.932617 0.776042 0.93457 0.773438 0.935547 0.773438 0.939453 0.768229 0.94043 0.768229 0.944336 0.763021 0.944336 0.761719 0.948242 0.75651 0.948242 0.755208 0.955078 0.746094 0.955078 0.744792 0.956055 0.74349 0.956055 0.742188 0.957031 0.740885 0.957031 0.739583 0.958008 0.738281 0.958008 0.735677 0.958984 0.734375 0.958984 0.731771 0.959961 0.730469 0.959961 0.727865 0.960938 0.726562 0.960938 0.72526 0.961914 0.723958 0.961914 0.720052 0.962891 0.71875 0.962891 0.716146 0.963867 0.714844 0.963867 0.71224 0.964844 0.710938 0.964844 0.708333 0.966797 0.705729 0.969727 0.705729 0.969727 0.669271
1 0.114258 0.601562 0.114258 0.605469 0.114258 0.601562 0.181641 0.342448 0.180664 0.34375 0.180664 0.345052 0.179688 0.346354 0.179688 0.347656 0.175781 0.352865 0.175781 0.356771 0.174805 0.358073 0.174805 0.359375 0.173828 0.360677 0.173828 0.361979 0.171875 0.364583 0.171875 0.367188 0.170898 0.36849 0.170898 0.373698 0.171875 0.375 0.171875 0.376302 0.172852 0.377604 0.175781 0.373698 0.175781 0.372396 0.177734 0.369792 0.177734 0.36849 0.178711 0.367188 0.178711 0.360677 0.179688 0.359375 0.179688 0.358073 0.180664 0.356771 0.181641 0.356771 0.182617 0.355469 0.18457 0.355469 0.185547 0.354167 0.186523 0.354167 0.1875 0.352865 0.1875 0.351562 0.188477 0.35026 0.188477 0.348958 0.189453 0.347656 0.189453 0.346354 0.189453 0.352865 0.19043 0.354167 0.19043 0.361979 0.188477 0.364583 0.188477 0.365885 0.182617 0.373698 0.182617 0.376302 0.181641 0.377604 0.181641 0.378906 0.179688 0.38151 0.177734 0.38151 0.176758 0.382812 0.173828 0.382812 0.172852 0.384115 0.169922 0.384115 0.168945 0.385417 0.168945 0.386719 0.166016 0.390625 0.166016 0.391927 0.165039 0.393229 0.165039 0.394531 0.163086 0.397135 0.163086 0.398438 0.162109 0.39974 0.162109 0.401042 0.160156 0.403646 0.160156 0.404948 0.15918 0.40625 0.15918 0.407552 0.157227 0.410156 0.157227 0.411458 0.154297 0.415365 0.154297 0.416667 0.15332 0.417969 0.15332 0.419271 0.152344 0.420573 0.152344 0.421875 0.150391 0.424479 0.150391 0.427083 0.149414 0.428385 0.149414 0.429688 0.147461 0.432292 0.147461 0.433594 0.146484 0.434896 0.146484 0.436198 0.145508 0.4375 0.145508 0.438802 0.143555 0.441406 0.143555 0.442708 0.142578 0.44401 0.142578 0.445312 0.141602 0.446615 0.141602 0.447917 0.139648 0.450521 0.139648 0.451823 0.138672 0.453125 0.138672 0.454427 0.09375 0.339844 0.09375 0.33724 0.0947266 0.335938 0.0947266 0.333333 0.0957031 0.332031 0.0957031 0.329427 0.0966797 0.328125 0.0966797 0.325521 0.0976562 0.324219 0.0976562 0.322917 0.0986328 0.321615 0.0986328 0.31901 0.0996094 0.317708 0.0996094 0.315104 0.100586 0.313802 0.100586 0.311198 0.101562 0.309896 0.101562 0.308594 0.102539 0.307292 0.102539 0.303385 0.103516 0.302083 0.103516 0.296875 0.104492 0.295573 0.104492 0.291667 0.105469 0.290365 0.105469 0.286458 0.106445 0.285156 0.106445 0.282552 0.107422 0.28125 0.107422 0.278646 0.108398 0.277344 0.108398 0.27474 0.109375 0.273438 0.109375 0.270833 0.110352 0.269531 0.110352 0.264323 0.111328 0.263021 0.111328 0.25651 0.112305 0.255208 0.112305 0.248698 0.113281 0.247396 0.113281 0.244792 0.114258 0.24349 0.114258 0.240885 0.115234 0.239583 0.115234 0.235677 0.116211 0.234375 0.116211 0.233073 0.118164 0.230469 0.118164 0.227865 0.119141 0.226562 0.119141 0.22526 0.121094 0.222656 0.121094 0.221354 0.123047 0.21875 0.123047 0.217448 0.125977 0.213542 0.125977 0.21224 0.126953 0.210938 0.126953 0.205729 0.110352 0.205729 0.110352 0.213542 0.108398 0.216146 0.108398 0.217448 0.107422 0.21875 0.107422 0.221354 0.106445 0.222656 0.106445 0.22526 0.104492 0.227865 0.104492 0.229167 0.102539 0.231771 0.102539 0.233073 0.0996094 0.236979 0.0996094 0.238281 0.0976562 0.240885 0.0976562 0.242188 0.0966797 0.24349 0.0966797 0.244792 0.0947266 0.247396 0.0947266 0.25 0.09375 0.251302 0.09375 0.252604 0.0927734 0.253906 0.0927734 0.255208 0.0908203 0.257812 0.0908203 0.260417 0.0898438 0.261719 0.0898438 0.264323 0.0878906 0.266927 0.0878906 0.269531 0.0869141 0.270833 0.0869141 0.272135 0.0859375 0.273438 0.0859375 0.276042 0.0849609 0.277344 0.0849609 0.279948 0.0839844 0.28125 0.0839844 0.285156 0.0830078 0.286458 0.0830078 0.291667 0.0820312 0.292969 0.0820312 0.295573 0.0810547 0.296875 0.0810547 0.298177 0.0800781 0.299479 0.0800781 0.300781 0.0791016 0.302083 0.0791016 0.304688 0.078125 0.30599 0.078125 0.308594 0.0771484 0.309896 0.0771484 0.311198 0.0761719 0.3125 0.0761719 0.315104 0.0751953 0.316406 0.0751953 0.31901 0.0712891 0.324219 0.0683594 0.324219 0.0683594 0.355469 0.0722656 0.355469 0.0732422 0.354167 0.0742188 0.354167 0.0742188 0.352865 0.0761719 0.35026 0.078125 0.35026 0.0791016 0.348958 0.0820312 0.352865 0.0820312 0.355469 0.0830078 0.356771 0.0839844 0.356771 0.0849609 0.355469 0.0849609 0.354167 0.0859375 0.352865 0.0859375 0.351562 0.0878906 0.348958 0.0878906 0.347656 0.0898438 0.345052 0.0908203 0.345052 0.0917969 0.34375 0.0917969 0.342448 0.09375 0.339844 0.138672 0.454427 0.137695 0.455729 0.137695 0.457031 0.136719 0.458333 0.136719 0.459635 0.135742 0.460938 0.135742 0.463542 0.134766 0.464844 0.134766 0.470052 0.133789 0.471354 0.133789 0.472656 0.132812 0.473958 0.132812 0.47526 0.131836 0.476562 0.131836 0.477865 0.130859 0.479167 0.130859 0.480469 0.129883 0.481771 0.129883 0.483073 0.12793 0.485677 0.12793 0.488281 0.126953 0.489583 0.126953 0.496094 0.125977 0.497396 0.125977 0.509115 0.125 0.510417 0.125 0.515625 0.124023 0.516927 0.124023 0.519531 0.123047 0.520833 0.123047 0.52474 0.12207 0.526042 0.12207 0.529948 0.121094 0.53125 0.121094 0.548177 0.120117 0.549479 0.120117 0.550781 0.119141 0.552083 0.119141 0.553385 0.118164 0.554688 0.118164 0.55599 0.117188 0.557292 0.117188 0.558594 0.116211 0.559896 0.116211 0.561198 0.115234 0.5625 0.115234 0.563802 0.107422 0.574219 0.104492 0.574219 0.103516 0.572917 0.102539 0.572917 0.101562 0.574219 0.0957031 0.574219 0.0947266 0.572917 0.0947266 0.5625 0.0957031 0.561198 0.0957031 0.559896 0.0966797 0.558594 0.0966797 0.557292 0.0976562 0.55599 0.0976562 0.553385 0.0986328 0.552083 0.0986328 0.549479 0.0996094 0.548177 0.0996094 0.544271 0.100586 0.542969 0.100586 0.541667 0.101562 0.540365 0.101562 0.53776 0.102539 0.536458 0.102539 0.532552 0.103516 0.53125 0.103516 0.528646 0.105469 0.526042 0.105469 0.52474 0.106445 0.523438 0.106445 0.522135 0.107422 0.520833 0.107422 0.519531 0.109375 0.516927 0.109375 0.514323 0.110352 0.513021 0.110352 0.511719 0.111328 0.510417 0.111328 0.507812 0.114258 0.503906 0.114258 0.502604 0.115234 0.501302 0.115234 0.498698 0.119141 0.49349 0.119141 0.492188 0.120117 0.490885 0.120117 0.485677 0.121094 0.484375 0.121094 0.459635 0.12207 0.458333 0.12207 0.447917 0.123047 0.446615 0.123047 0.442708 0.12207 0.441406 0.12207 0.43099 0.123047 0.429688 0.124023 0.429688 0.125977 0.432292 0.126953 0.432292 0.12793 0.43099 0.12793 0.429688 0.128906 0.429688 0.131836 0.425781 0.131836 0.423177 0.132812 0.421875 0.132812 0.419271 0.133789 0.417969 0.133789 0.415365 0.134766 0.414062 0.134766 0.411458 0.135742 0.410156 0.135742 0.407552 0.136719 0.40625 0.136719 0.404948 0.137695 0.403646 0.137695 0.402344 0.138672 0.401042 0.138672 0.398438 0.139648 0.397135 0.139648 0.395833 0.140625 0.394531 0.140625 0.393229 0.141602 0.391927 0.141602 0.390625 0.142578 0.389323 0.142578 0.388021 0.143555 0.386719 0.143555 0.385417 0.144531 0.384115 0.144531 0.382812 0.145508 0.38151 0.145508 0.377604 0.146484 0.376302 0.146484 0.372396 0.147461 0.371094 0.147461 0.367188 0.148438 0.365885 0.148438 0.364583 0.149414 0.363281 0.149414 0.360677 0.150391 0.359375 0.150391 0.358073 0.152344 0.355469 0.152344 0.354167 0.154297 0.351562 0.154297 0.35026 0.158203 0.345052 0.158203 0.34375 0.160156 0.341146 0.160156 0.339844 0.161133 0.338542 0.161133 0.335938 0.162109 0.334635 0.162109 0.333333 0.164062 0.330729 0.164062 0.329427 0.165039 0.328125 0.165039 0.326823 0.168945 0.321615 0.168945 0.320312 0.169922 0.31901 0.169922 0.317708 0.170898 0.316406 0.170898 0.315104 0.176758 0.307292 0.176758 0.30599 0.177734 0.304688 0.177734 0.303385 0.179688 0.300781 0.179688 0.299479 0.180664 0.298177 0.180664 0.294271 0.181641 0.292969 0.182617 0.292969 0.185547 0.289062 0.185547 0.28776 0.1875 0.285156 0.1875 0.283854 0.188477 0.282552 0.189453 0.282552 0.193359 0.277344 0.193359 0.27474 0.194336 0.273438 0.194336 0.272135 0.200195 0.264323 0.200195 0.263021 0.207031 0.253906 0.207031 0.252604 0.208008 0.251302 0.208008 0.25 0.210938 0.246094 0.211914 0.246094 0.21582 0.240885 0.216797 0.240885 0.219727 0.236979 0.220703 0.236979 0.226562 0.229167 0.227539 0.229167 0.230469 0.22526 0.231445 0.22526 0.235352 0.220052 0.236328 0.220052 0.244141 0.209635 0.244141 0.205729 0.275391 0.205729 0.275391 0.209635 0.273438 0.21224 0.273438 0.213542 0.271484 0.216146 0.271484 0.217448 0.270508 0.21875 0.270508 0.220052 0.269531 0.221354 0.269531 0.222656 0.261719 0.233073 0.260742 0.233073 0.257812 0.236979 0.256836 0.236979 0.254883 0.239583 0.253906 0.239583 0.250977 0.24349 0.25 0.24349 0.24707 0.247396 0.246094 0.247396 0.244141 0.25 0.243164 0.25 0.240234 0.253906 0.239258 0.253906 0.238281 0.255208 0.237305 0.255208 0.235352 0.257812 0.234375 0.257812 0.232422 0.260417 0.231445 0.260417 0.228516 0.264323 0.227539 0.264323 0.212891 0.283854 0.212891 0.285156 0.211914 0.286458 0.211914 0.28776 0.209961 0.290365 0.209961 0.291667 0.208984 0.292969 0.208984 0.296875 0.208008 0.298177 0.208008 0.303385 0.205078 0.307292 0.205078 0.308594 0.204102 0.307292 0.204102 0.30599 0.203125 0.304688 0.203125 0.303385 0.201172 0.300781 0.199219 0.303385 0.199219 0.30599 0.197266 0.308594 0.197266 0.309896 0.196289 0.311198 0.196289 0.3125 0.195312 0.313802 0.195312 0.316406 0.194336 0.317708 0.193359 0.317708 0.191406 0.320312 0.191406 0.322917 0.189453 0.325521 0.189453 0.326823 0.183594 0.334635 0.183594 0.33724 0.182617 0.338542 0.182617 0.339844 0.181641 0.341146 0.181641 0.342448
1 0.111328 0.554688 0.107422 0.549479 0.105469 0.549479 0.104492 0.550781 0.0996094 0.550781 0.0996094 0.566406 0.103516 0.566406 0.104492 0.567708 0.108398 0.567708 0.111328 0.563802 0.111328 0.554688 0.126953 0.546875 0.128906 0.544271 0.129883 0.544271 0.130859 0.542969 0.130859 0.540365 0.134766 0.535156 0.134766 0.533854 0.135742 0.532552 0.135742 0.53125 0.137695 0.528646 0.137695 0.527344 0.138672 0.526042 0.138672 0.523438 0.139648 0.522135 0.139648 0.520833 0.140625 0.519531 0.140625 0.518229 0.141602 0.516927 0.141602 0.515625 0.142578 0.514323 0.142578 0.513021 0.143555 0.511719 0.143555 0.510417 0.146484 0.50651 0.146484 0.503906 0.148438 0.501302 0.148438 0.5 0.150391 0.497396 0.150391 0.496094 0.151367 0.494792 0.151367 0.49349 0.15332 0.490885 0.15332 0.489583 0.154297 0.488281 0.154297 0.486979 0.155273 0.485677 0.155273 0.484375 0.157227 0.481771 0.157227 0.480469 0.161133 0.47526 0.161133 0.472656 0.162109 0.471354 0.162109 0.46875 0.163086 0.467448 0.163086 0.466146 0.164062 0.464844 0.164062 0.46224 0.165039 0.460938 0.165039 0.459635 0.167969 0.455729 0.168945 0.455729 0.168945 0.454427 0.176758 0.44401 0.176758 0.442708 0.178711 0.440104 0.178711 0.4375 0.179688 0.436198 0.179688 0.433594 0.177734 0.43099 0.189453 0.35026 0.19043 0.351562 0.19043 0.363281 0.188477 0.365885 0.188477 0.367188 0.1875 0.36849 0.1875 0.369792 0.18457 0.373698 0.18457 0.375 0.182617 0.377604 0.182617 0.378906 0.181641 0.380208 0.181641 0.38151 0.180664 0.382812 0.178711 0.382812 0.177734 0.384115 0.173828 0.384115 0.172852 0.382812 0.172852 0.38151 0.173828 0.380208 0.173828 0.378906 0.174805 0.377604 0.174805 0.376302 0.175781 0.375 0.175781 0.373698 0.243164 0.246094 0.244141 0.246094 0.244141 0.242188 0.243164 0.242188 0.243164 0.246094 0.175781 0.373698 0.177734 0.371094 0.177734 0.369792 0.178711 0.36849 0.178711 0.367188 0.179688 0.365885 0.179688 0.361979 0.180664 0.360677 0.180664 0.359375 0.181641 0.358073 0.182617 0.358073 0.183594 0.356771 0.18457 0.356771 0.188477 0.351562 0.188477 0.35026 0.189453 0.348958 0.189453 0.35026 0.177734 0.43099 0.176758 0.43099 0.168945 0.441406 0.166016 0.441406 0.165039 0.442708 0.164062 0.442708 0.161133 0.446615 0.161133 0.447917 0.160156 0.449219 0.160156 0.453125 0.15918 0.454427 0.15918 0.458333 0.160156 0.459635 0.15918 0.460938 0.15918 0.464844 0.158203 0.466146 0.158203 0.467448 0.157227 0.46875 0.157227 0.470052 0.155273 0.472656 0.154297 0.472656 0.15332 0.473958 0.150391 0.473958 0.149414 0.47526 0.146484 0.47526 0.144531 0.477865 0.144531 0.479167 0.140625 0.484375 0.140625 0.485677 0.139648 0.486979 0.139648 0.492188 0.138672 0.49349 0.138672 0.503906 0.137695 0.505208 0.137695 0.507812 0.136719 0.509115 0.136719 0.510417 0.133789 0.514323 0.133789 0.516927 0.132812 0.518229 0.132812 0.520833 0.131836 0.522135 0.131836 0.526042 0.130859 0.527344 0.130859 0.529948 0.129883 0.53125 0.129883 0.535156 0.128906 0.536458 0.128906 0.540365 0.126953 0.542969 0.126953 0.546875
1 0.833984 0.424479 0.833984 0.471354 0.836914 0.471354 0.838867 0.473958 0.838867 0.47526 0.839844 0.476562 0.839844 0.477865 0.841797 0.480469 0.841797 0.481771 0.84375 0.484375 0.84375 0.485677 0.844727 0.486979 0.844727 0.488281 0.845703 0.489583 0.845703 0.490885 0.84668 0.492188 0.84668 0.49349 0.847656 0.494792 0.847656 0.496094 0.848633 0.497396 0.848633 0.498698 0.851562 0.502604 0.851562 0.503906 0.854492 0.507812 0.854492 0.511719 0.865234 0.511719 0.865234 0.50651 0.866211 0.505208 0.866211 0.503906 0.867188 0.502604 0.867188 0.501302 0.868164 0.5 0.868164 0.498698 0.869141 0.497396 0.87207 0.497396 0.87207 0.460938 0.869141 0.460938 0.868164 0.459635 0.868164 0.458333 0.867188 0.457031 0.867188 0.454427 0.866211 0.453125 0.866211 0.450521 0.864258 0.447917 0.864258 0.446615 0.863281 0.445312 0.863281 0.44401 0.862305 0.442708 0.862305 0.441406 0.860352 0.438802 0.860352 0.4375 0.859375 0.436198 0.859375 0.434896 0.858398 0.433594 0.858398 0.432292 0.857422 0.43099 0.857422 0.429688 0.856445 0.428385 0.856445 0.424479
1 0.779297 0.408854 0.779297 0.441406 0.782227 0.441406 0.786133 0.446615 0.786133 0.447917 0.787109 0.449219 0.787109 0.450521 0.789062 0.453125 0.789062 0.454427 0.790039 0.455729 0.790039 0.457031 0.791016 0.458333 0.791016 0.459635 0.791992 0.460938 0.791992 0.46224 0.792969 0.463542 0.792969 0.464844 0.794922 0.467448 0.794922 0.46875 0.800781 0.476562 0.800781 0.481771 0.801758 0.483073 0.801758 0.486979 0.802734 0.488281 0.802734 0.489583 0.803711 0.490885 0.803711 0.49349 0.805664 0.496094 0.805664 0.497396 0.813477 0.507812 0.813477 0.511719 0.829102 0.511719 0.829102 0.485677 0.826172 0.485677 0.824219 0.483073 0.824219 0.481771 0.823242 0.480469 0.823242 0.479167 0.822266 0.477865 0.822266 0.476562 0.821289 0.47526 0.821289 0.473958 0.820312 0.472656 0.820312 0.471354 0.819336 0.470052 0.819336 0.46875 0.818359 0.467448 0.818359 0.466146 0.817383 0.464844 0.817383 0.46224 0.816406 0.460938 0.816406 0.458333 0.81543 0.457031 0.81543 0.454427 0.814453 0.453125 0.814453 0.451823 0.813477 0.450521 0.813477 0.447917 0.8125 0.446615 0.8125 0.445312 0.811523 0.44401 0.811523 0.441406 0.810547 0.440104 0.810547 0.438802 0.80957 0.4375 0.80957 0.436198 0.808594 0.434896 0.808594 0.433594 0.807617 0.432292 0.807617 0.43099 0.805664 0.428385 0.805664 0.427083 0.804688 0.425781 0.804688 0.423177 0.803711 0.421875 0.803711 0.419271 0.802734 0.417969 0.802734 0.416667 0.801758 0.415365 0.801758 0.414062 0.800781 0.41276 0.800781 0.408854
1 0.506836 0.888021 0.506836 0.893229 0.505859 0.894531 0.505859 0.895833 0.504883 0.897135 0.501953 0.897135 0.501953 0.977865 0.505859 0.977865 0.508789 0.981771 0.513672 0.981771 0.513672 0.980469 0.516602 0.976562 0.516602 0.97526 0.520508 0.970052 0.520508 0.96875 0.522461 0.966146 0.522461 0.963542 0.523438 0.96224 0.523438 0.959635 0.524414 0.958333 0.524414 0.954427 0.525391 0.953125 0.525391 0.949219 0.526367 0.947917 0.526367 0.94401 0.527344 0.942708 0.527344 0.933594 0.52832 0.932292 0.52832 0.925781 0.529297 0.924479 0.532227 0.924479 0.532227 0.888021
1 0.419922 0.356771 0.419922 0.389323 0.422852 0.389323 0.425781 0.393229 0.425781 0.394531 0.428711 0.398438 0.428711 0.39974 0.430664 0.402344 0.430664 0.403646 0.43457 0.408854 0.43457 0.41276 0.456055 0.41276 0.456055 0.408854 0.458008 0.40625 0.458984 0.40625 0.460938 0.403646 0.461914 0.403646 0.462891 0.402344 0.46582 0.402344 0.46582 0.391927 0.462891 0.391927 0.458984 0.386719 0.458008 0.386719 0.455078 0.382812 0.454102 0.382812 0.449219 0.376302 0.449219 0.375 0.446289 0.371094 0.446289 0.369792 0.445312 0.36849 0.445312 0.367188 0.444336 0.365885 0.444336 0.364583 0.443359 0.363281 0.443359 0.356771
1 0.99707 0.661458 0.995117 0.664062 0.994141 0.664062 0.984375 0.677083 0.983398 0.677083 0.982422 0.678385 0.982422 0.679688 0.978516 0.684896 0.978516 0.686198 0.976562 0.688802 0.976562 0.690104 0.973633 0.69401 0.973633 0.695312 0.97168 0.697917 0.97168 0.699219 0.969727 0.701823 0.969727 0.703125 0.96875 0.704427 0.96875 0.705729 0.966797 0.708333 0.966797 0.709635 0.96582 0.710938 0.96582 0.71224 0.963867 0.714844 0.963867 0.716146 0.962891 0.717448 0.962891 0.71875 0.961914 0.720052 0.958984 0.720052 0.958984 0.760417 0.961914 0.760417 0.962891 0.761719 0.963867 0.761719 0.964844 0.763021 0.964844 0.766927 0.966797 0.766927 0.966797 0.763021 0.967773 0.761719 0.96875 0.761719 0.969727 0.760417 0.970703 0.760417 0.97168 0.759115 0.972656 0.759115 0.974609 0.75651 0.975586 0.75651 0.976562 0.755208 0.976562 0.753906 0.982422 0.746094 0.982422 0.744792 0.987305 0.738281 0.987305 0.736979 0.988281 0.735677 0.988281 0.734375 0.990234 0.731771 0.990234 0.730469 0.994141 0.72526 0.994141 0.723958 0.995117 0.722656 0.995117 0.721354 0.998047 0.717448 0.999023 0.717448 0.999023 0.661458
1 0.447266 0.200521 0.447266 0.221354 0.450195 0.221354 0.454102 0.226562 0.455078 0.226562 0.457031 0.229167 0.458008 0.229167 0.461914 0.234375 0.462891 0.234375 0.46582 0.238281 0.466797 0.238281 0.469727 0.242188 0.470703 0.242188 0.473633 0.246094 0.474609 0.246094 0.476562 0.248698 0.477539 0.248698 0.478516 0.25 0.479492 0.25 0.480469 0.251302 0.481445 0.251302 0.483398 0.253906 0.484375 0.253906 0.487305 0.257812 0.488281 0.257812 0.489258 0.259115 0.490234 0.259115 0.491211 0.260417 0.492188 0.260417 0.494141 0.263021 0.495117 0.263021 0.49707 0.265625 0.498047 0.265625 0.5 0.268229 0.5 0.272135 0.506836 0.272135 0.506836 0.266927 0.507812 0.265625 0.507812 0.261719 0.508789 0.260417 0.508789 0.257812 0.509766 0.25651 0.512695 0.25651 0.512695 0.227865 0.504883 0.227865 0.503906 0.229167 0.5 0.229167 0.499023 0.227865 0.498047 0.227865 0.49707 0.226562 0.496094 0.226562 0.495117 0.22526 0.494141 0.22526 0.492188 0.222656 0.491211 0.222656 0.489258 0.220052 0.488281 0.220052 0.486328 0.217448 0.485352 0.217448 0.484375 0.216146 0.483398 0.216146 0.482422 0.214844 0.480469 0.214844 0.479492 0.213542 0.477539 0.213542 0.476562 0.21224 0.475586 0.21224 0.474609 0.210938 0.473633 0.210938 0.472656 0.209635 0.47168 0.209635 0.469727 0.207031 0.46875 0.207031 0.466797 0.204427 0.466797 0.200521
1 0.308594 0.289062 0.308594 0.292969 0.306641 0.295573 0.302734 0.295573 0.302734 0.35026 0.310547 0.35026 0.310547 0.346354 0.311523 0.345052 0.3125 0.345052 0.313477 0.34375 0.314453 0.34375 0.31543 0.342448 0.316406 0.342448 0.317383 0.341146 0.318359 0.341146 0.319336 0.339844 0.320312 0.339844 0.321289 0.338542 0.323242 0.338542 0.324219 0.33724 0.326172 0.33724 0.327148 0.335938 0.329102 0.335938 0.330078 0.334635 0.332031 0.334635 0.333008 0.333333 0.335938 0.333333 0.336914 0.332031 0.34082 0.332031 0.341797 0.330729 0.342773 0.330729 0.34375 0.329427 0.344727 0.329427 0.345703 0.328125 0.34668 0.328125 0.348633 0.325521 0.352539 0.325521 0.352539 0.289062
1 0.520508 0.329427 0.520508 0.330729 0.519531 0.332031 0.519531 0.334635 0.517578 0.33724 0.516602 0.33724 0.515625 0.338542 0.513672 0.338542 0.509766 0.34375 0.509766 0.345052 0.507812 0.347656 0.507812 0.348958 0.505859 0.351562 0.505859 0.354167 0.504883 0.355469 0.504883 0.356771 0.503906 0.358073 0.503906 0.359375 0.50293 0.360677 0.50293 0.361979 0.501953 0.363281 0.501953 0.364583 0.500977 0.365885 0.500977 0.367188 0.5 0.36849 0.5 0.369792 0.49707 0.373698 0.49707 0.375 0.495117 0.377604 0.495117 0.378906 0.494141 0.380208 0.494141 0.38151 0.490234 0.386719 0.490234 0.388021 0.484375 0.395833 0.483398 0.395833 0.481445 0.398438 0.480469 0.398438 0.478516 0.401042 0.477539 0.401042 0.476562 0.402344 0.474609 0.402344 0.473633 0.403646 0.470703 0.403646 0.469727 0.404948 0.467773 0.404948 0.466797 0.40625 0.464844 0.40625 0.463867 0.407552 0.461914 0.407552 0.460938 0.408854 0.458984 0.408854 0.458008 0.410156 0.456055 0.410156 0.455078 0.411458 0.452148 0.411458 0.451172 0.41276 0.446289 0.41276 0.445312 0.414062 0.441406 0.414062 0.44043 0.415365 0.4375 0.415365 0.436523 0.416667 0.433594 0.416667 0.432617 0.417969 0.430664 0.417969 0.429688 0.419271 0.428711 0.419271 0.427734 0.420573 0.424805 0.420573 0.423828 0.421875 0.420898 0.421875 0.419922 0.423177 0.418945 0.423177 0.417969 0.424479 0.416992 0.424479 0.416016 0.425781 0.414062 0.425781 0.413086 0.427083 0.412109 0.427083 0.411133 0.428385 0.40918 0.428385 0.408203 0.429688 0.407227 0.429688 0.40625 0.43099 0.405273 0.43099 0.404297 0.432292 0.40332 0.432292 0.400391 0.436198 0.396484 0.436198 0.396484 0.464844 0.407227 0.464844 0.407227 0.460938 0.40918 0.458333 0.410156 0.458333 0.411133 0.457031 0.412109 0.457031 0.413086 0.455729 0.414062 0.455729 0.415039 0.454427 0.417969 0.454427 0.418945 0.453125 0.420898 0.453125 0.421875 0.451823 0.423828 0.451823 0.424805 0.450521 0.426758 0.450521 0.427734 0.449219 0.429688 0.449219 0.430664 0.447917 0.433594 0.447917 0.43457 0.446615 0.436523 0.446615 0.4375 0.445312 0.44043 0.445312 0.441406 0.44401 0.445312 0.44401 0.446289 0.442708 0.454102 0.442708 0.455078 0.441406 0.46582 0.441406 0.466797 0.440104 0.472656 0.440104 0.473633 0.438802 0.476562 0.438802 0.477539 0.4375 0.479492 0.4375 0.480469 0.436198 0.483398 0.436198 0.484375 0.434896 0.486328 0.434896 0.487305 0.433594 0.489258 0.433594 0.490234 0.432292 0.491211 0.432292 0.492188 0.43099 0.493164 0.43099 0.494141 0.429688 0.495117 0.429688 0.496094 0.428385 0.49707 0.428385 0.499023 0.425781 0.5 0.425781 0.501953 0.423177 0.50293 0.423177 0.508789 0.415365 0.508789 0.414062 0.510742 0.411458 0.510742 0.410156 0.512695 0.407552 0.512695 0.40625 0.513672 0.404948 0.513672 0.403646 0.515625 0.401042 0.515625 0.39974 0.516602 0.398438 0.516602 0.397135 0.517578 0.395833 0.517578 0.393229 0.518555 0.391927 0.518555 0.390625 0.520508 0.388021 0.520508 0.385417 0.521484 0.384115 0.521484 0.382812 0.522461 0.38151 0.522461 0.380208 0.523438 0.378906 0.523438 0.377604 0.524414 0.376302 0.524414 0.373698 0.525391 0.372396 0.525391 0.369792 0.526367 0.36849 0.526367 0.360677 0.527344 0.359375 0.527344 0.351562 0.526367 0.35026 0.526367 0.341146 0.525391 0.339844 0.525391 0.33724 0.524414 0.335938 0.524414 0.334635 0.521484 0.330729 0.521484 0.329427
1 0.976562 0.643229 0.976562 0.647135 0.975586 0.648438 0.975586 0.64974 0.97168 0.654948 0.970703 0.654948 0.969727 0.65625 0.96875 0.65625 0.961914 0.665365 0.960938 0.665365 0.959961 0.666667 0.958984 0.666667 0.958008 0.667969 0.956055 0.667969 0.955078 0.669271 0.954102 0.669271 0.952148 0.671875 0.951172 0.671875 0.947266 0.677083 0.947266 0.678385 0.945312 0.68099 0.945312 0.682292 0.943359 0.684896 0.943359 0.6875 0.941406 0.690104 0.941406 0.691406 0.94043 0.692708 0.94043 0.695312 0.939453 0.696615 0.939453 0.697917 0.938477 0.699219 0.938477 0.700521 0.9375 0.701823 0.9375 0.703125 0.936523 0.704427 0.936523 0.705729 0.935547 0.707031 0.935547 0.709635 0.93457 0.710938 0.93457 0.71224 0.933594 0.713542 0.933594 0.714844 0.932617 0.716146 0.932617 0.717448 0.931641 0.71875 0.931641 0.720052 0.929688 0.722656 0.929688 0.723958 0.926758 0.727865 0.926758 0.729167 0.924805 0.731771 0.924805 0.733073 0.916992 0.74349 0.916992 0.744792 0.916016 0.746094 0.912109 0.746094 0.912109 0.768229 0.915039 0.768229 0.916992 0.770833 0.917969 0.770833 0.918945 0.772135 0.919922 0.772135 0.921875 0.77474 0.922852 0.77474 0.923828 0.776042 0.925781 0.776042 0.926758 0.777344 0.930664 0.777344 0.932617 0.77474 0.933594 0.77474 0.935547 0.772135 0.936523 0.772135 0.947266 0.757812 0.947266 0.75651 0.954102 0.747396 0.954102 0.746094 0.955078 0.744792 0.955078 0.74349 0.956055 0.742188 0.956055 0.740885 0.957031 0.739583 0.957031 0.738281 0.958008 0.736979 0.958008 0.734375 0.958984 0.733073 0.958984 0.731771 0.959961 0.730469 0.959961 0.727865 0.960938 0.726562 0.960938 0.723958 0.961914 0.722656 0.961914 0.71875 0.962891 0.717448 0.962891 0.716146 0.963867 0.714844 0.963867 0.71224 0.964844 0.710938 0.964844 0.709635 0.96582 0.708333 0.96582 0.705729 0.966797 0.704427 0.966797 0.703125 0.967773 0.701823 0.967773 0.700521 0.96875 0.699219 0.96875 0.692708 0.969727 0.691406 0.969727 0.688802 0.974609 0.682292 0.975586 0.682292 0.977539 0.679688 0.981445 0.679688 0.981445 0.643229
1 0.114258 0.589844 0.114258 0.591146 0.113281 0.592448 0.113281 0.59375 0.112305 0.595052 0.112305 0.596354 0.110352 0.598958 0.110352 0.60026 0.108398 0.602865 0.108398 0.604167 0.105469 0.608073 0.105469 0.609375 0.102539 0.613281 0.102539 0.614583 0.0996094 0.61849 0.0996094 0.619792 0.0810547 0.644531 0.0810547 0.645833 0.078125 0.64974 0.078125 0.651042 0.0751953 0.654948 0.0751953 0.65625 0.0732422 0.658854 0.0732422 0.660156 0.0712891 0.66276 0.0712891 0.664062 0.0703125 0.665365 0.0703125 0.666667 0.0683594 0.669271 0.0683594 0.670573 0.0664062 0.673177 0.0664062 0.674479 0.0634766 0.678385 0.0634766 0.679688 0.0605469 0.683594 0.0605469 0.684896 0.0585938 0.6875 0.0585938 0.688802 0.0546875 0.69401 0.0546875 0.695312 0.0527344 0.697917 0.0527344 0.699219 0.0507812 0.701823 0.0507812 0.703125 0.0478516 0.707031 0.0478516 0.708333 0.0390625 0.720052 0.0390625 0.721354 0.0361328 0.72526 0.0361328 0.726562 0.0351562 0.727865 0.0351562 0.729167 0.0332031 0.731771 0.0332031 0.733073 0.03125 0.735677 0.03125 0.736979 0.0302734 0.738281 0.0302734 0.739583 0.0283203 0.742188 0.0283203 0.74349 0.0273438 0.744792 0.0273438 0.746094 0.0263672 0.747396 0.0263672 0.748698 0.0253906 0.75 0.0253906 0.751302 0.0234375 0.753906 0.0234375 0.755208 0.0224609 0.75651 0.0224609 0.757812 0.0214844 0.759115 0.0214844 0.760417 0.0205078 0.761719 0.0205078 0.764323 0.0195312 0.765625 0.0195312 0.766927 0.0185547 0.768229 0.0185547 0.770833 0.0175781 0.772135 0.0175781 0.773438 0.0166016 0.77474 0.0166016 0.776042 0.015625 0.777344 0.015625 0.778646 0.0146484 0.779948 0.0146484 0.782552 0.0136719 0.783854 0.0136719 0.785156 0.0126953 0.786458 0.0126953 0.789062 0.0117188 0.790365 0.0117188 0.791667 0.0107422 0.792969 0.0107422 0.794271 0.00976562 0.795573 0.00976562 0.796875 0.00878906 0.798177 0.00878906 0.800781 0.0078125 0.802083 0.0078125 0.803385 0.00683594 0.804688 0.00683594 0.80599 0.00585938 0.807292 0.00585938 0.809896 0.00488281 0.811198 0.00488281 0.815104 0.00390625 0.816406 0.00390625 0.820312 0.00292969 0.821615 0.00292969 0.825521 0.00195312 0.826823 0.00195312 0.829427 0.000976562 0.830729 0 0.830729 0 0.865885 0.000976562 0.865885 0.00195312 0.867188 0.00195312 0.871094 0.00292969 0.872396 0.00292969 0.88151 0.00390625 0.882812 0.00390625 0.890625 0.00488281 0.891927 0.00488281 0.897135 0.00585938 0.898438 0.00976562 0.898438 0.0107422 0.89974 0.0136719 0.89974 0.0146484 0.898438 0.0146484 0.897135 0.015625 0.895833 0.015625 0.893229 0.0166016 0.891927 0.0166016 0.884115 0.0175781 0.882812 0.0175781 0.871094 0.0185547 0.869792 0.0185547 0.861979 0.0195312 0.860677 0.0195312 0.856771 0.0205078 0.855469 0.0205078 0.852865 0.0214844 0.851562 0.0214844 0.848958 0.0224609 0.847656 0.0224609 0.846354 0.0234375 0.845052 0.0234375 0.842448 0.0244141 0.841146 0.0244141 0.838542 0.0253906 0.83724 0.0253906 0.833333 0.0263672 0.832031 0.0263672 0.828125 0.0273438 0.826823 0.0273438 0.822917 0.0283203 0.821615 0.0283203 0.820312 0.0292969 0.81901 0.0292969 0.816406 0.0302734 0.815104 0.0302734 0.813802 0.03125 0.8125 0.03125 0.811198 0.0322266 0.809896 0.0322266 0.808594 0.0332031 0.807292 0.0332031 0.804688 0.0341797 0.803385 0.0341797 0.800781 0.0351562 0.799479 0.0351562 0.798177 0.0361328 0.796875 0.0361328 0.795573 0.0371094 0.794271 0.0371094 0.792969 0.0380859 0.791667 0.0380859 0.790365 0.0390625 0.789062 0.0390625 0.78776 0.0400391 0.786458 0.0400391 0.783854 0.0410156 0.782552 0.0410156 0.779948 0.0419922 0.778646 0.0419922 0.776042 0.0429688 0.77474 0.0429688 0.772135 0.0439453 0.770833 0.0439453 0.769531 0.0449219 0.768229 0.0449219 0.766927 0.046875 0.764323 0.046875 0.763021 0.0488281 0.760417 0.0488281 0.759115 0.0498047 0.757812 0.0498047 0.755208 0.0507812 0.753906 0.0507812 0.752604 0.0527344 0.75 0.0527344 0.748698 0.0537109 0.747396 0.0537109 0.746094 0.0556641 0.74349 0.0556641 0.742188 0.0566406 0.740885 0.0566406 0.739583 0.0585938 0.736979 0.0585938 0.735677 0.0644531 0.727865 0.0644531 0.726562 0.0693359 0.720052 0.0693359 0.71875 0.0712891 0.716146 0.0712891 0.714844 0.0732422 0.71224 0.0732422 0.710938 0.0742188 0.709635 0.0742188 0.707031 0.0761719 0.704427 0.0761719 0.703125 0.078125 0.700521 0.078125 0.699219 0.0800781 0.696615 0.0800781 0.695312 0.0810547 0.69401 0.0810547 0.692708 0.0830078 0.690104 0.0830078 0.688802 0.0859375 0.684896 0.0859375 0.683594 0.0878906 0.68099 0.0878906 0.679688 0.0898438 0.677083 0.0898438 0.675781 0.0976562 0.665365 0.0976562 0.664062 0.0996094 0.661458 0.0996094 0.660156 0.101562 0.657552 0.101562 0.65625 0.102539 0.654948 0.102539 0.653646 0.103516 0.652344 0.103516 0.651042 0.104492 0.64974 0.104492 0.648438 0.105469 0.647135 0.105469 0.645833 0.106445 0.644531 0.106445 0.643229 0.107422 0.641927 0.107422 0.640625 0.110352 0.636719 0.110352 0.635417 0.112305 0.632812 0.112305 0.63151 0.114258 0.628906 0.114258 0.627604 0.115234 0.626302 0.115234 0.623698 0.116211 0.622396 0.116211 0.621094 0.117188 0.619792 0.117188 0.61849 0.118164 0.617188 0.118164 0.613281 0.119141 0.611979 0.119141 0.602865 0.120117 0.601562 0.119141 0.60026 0.119141 0.596354 0.118164 0.595052 0.118164 0.59375 0.115234 0.589844 0.114258 0.589844 0.00585938 0.481771 0.00585938 0.480469 0.00683594 0.479167 0.00683594 0.477865 0.0078125 0.476562 0.0078125 0.47526 0.00878906 0.473958 0.00878906 0.472656 0.00976562 0.471354 0.00976562 0.470052 0.0107422 0.46875 0.0107422 0.466146 0.0117188 0.464844 0.0117188 0.463542 0.0146484 0.459635 0.0146484 0.458333 0.0166016 0.455729 0.0166016 0.454427 0.0185547 0.451823 0.0185547 0.450521 0.0195312 0.449219 0.0195312 0.447917 0.0214844 0.445312 0.150391 0.421875 0.149414 0.423177 0.149414 0.424479 0.147461 0.427083 0.147461 0.428385 0.145508 0.43099 0.145508 0.432292 0.144531 0.433594 0.144531 0.434896 0.143555 0.436198 0.143555 0.438802 0.142578 0.440104 0.142578 0.44401 0.141602 0.445312 0.141602 0.446615 0.139648 0.449219 0.139648 0.450521 0.138672 0.451823 0.138672 0.453125 0.137695 0.454427 0.137695 0.457031 0.136719 0.458333 0.136719 0.460938 0.135742 0.46224 0.135742 0.46875 0.134766 0.470052 0.134766 0.47526 0.133789 0.476562 0.133789 0.479167 0.132812 0.480469 0.132812 0.484375 0.131836 0.485677 0.131836 0.488281 0.130859 0.489583 0.130859 0.49349 0.129883 0.494792 0.129883 0.498698 0.0927734 0.359375 0.0927734 0.361979 0.0917969 0.363281 0.0917969 0.364583 0.0908203 0.365885 0.0908203 0.367188 0.0888672 0.369792 0.0888672 0.372396 0.0878906 0.373698 0.0878906 0.375 0.0869141 0.376302 0.0869141 0.377604 0.0849609 0.380208 0.0849609 0.38151 0.0839844 0.382812 0.0839844 0.384115 0.0820312 0.386719 0.0820312 0.388021 0.0800781 0.390625 0.0800781 0.391927 0.078125 0.394531 0.078125 0.395833 0.0761719 0.398438 0.0761719 0.39974 0.0732422 0.403646 0.0732422 0.404948 0.0722656 0.40625 0.0722656 0.407552 0.0712891 0.408854 0.0712891 0.410156 0.0683594 0.414062 0.0683594 0.415365 0.0673828 0.416667 0.0673828 0.417969 0.0654297 0.420573 0.0654297 0.421875 0.0585938 0.43099 0.0576172 0.43099 0.0556641 0.433594 0.0556641 0.434896 0.0546875 0.436198 0.0546875 0.438802 0.0527344 0.441406 0.0507812 0.441406 0.0498047 0.440104 0.0488281 0.440104 0.0478516 0.438802 0.0478516 0.4375 0.046875 0.436198 0.046875 0.434896 0.0458984 0.433594 0.0458984 0.43099 0.0449219 0.429688 0.0449219 0.425781 0.0458984 0.424479 0.0458984 0.420573 0.046875 0.419271 0.046875 0.415365 0.0478516 0.414062 0.0478516 0.41276 0.0488281 0.411458 0.0488281 0.410156 0.0498047 0.408854 0.0498047 0.407552 0.0517578 0.404948 0.0517578 0.403646 0.0546875 0.39974 0.0546875 0.398438 0.0566406 0.395833 0.0566406 0.394531 0.0576172 0.393229 0.0576172 0.391927 0.0595703 0.389323 0.0595703 0.388021 0.0605469 0.386719 0.0605469 0.385417 0.0625 0.382812 0.0625 0.38151 0.0654297 0.377604 0.0654297 0.376302 0.0664062 0.375 0.0664062 0.373698 0.0693359 0.369792 0.0214844 0.316406 0.0214844 0.300781 0.0224609 0.299479 0.0224609 0.296875 0.0244141 0.294271 0.0244141 0.289062 0.0253906 0.28776 0.0253906 0.283854 0.0263672 0.282552 0.0263672 0.276042 0.0273438 0.27474 0.0273438 0.272135 0.0283203 0.270833 0.0283203 0.266927 0.0292969 0.265625 0.0292969 0.259115 0.0302734 0.257812 0.0302734 0.234375 0.0292969 0.233073 0.0292969 0.226562 0.0273438 0.226562 0.0273438 0.231771 0.0253906 0.234375 0.0253906 0.235677 0.0244141 0.236979 0.0244141 0.242188 0.0214844 0.246094 0.0214844 0.247396 0.0205078 0.248698 0.0205078 0.251302 0.0195312 0.252604 0.0195312 0.253906 0.0175781 0.25651 0.0175781 0.257812 0.0166016 0.259115 0.0166016 0.260417 0.015625 0.261719 0.015625 0.263021 0.0146484 0.264323 0.0146484 0.265625 0.0136719 0.266927 0.0136719 0.272135 0.0126953 0.273438 0.0126953 0.296875 0.0136719 0.298177 0.0136719 0.304688 0.0126953 0.30599 0.0126953 0.311198 0.0117188 0.3125 0.0117188 0.317708 0.0107422 0.31901 0.0107422 0.325521 0.0117188 0.326823 0.0117188 0.328125 0.0126953 0.329427 0.0126953 0.330729 0.0136719 0.330729 0.0185547 0.324219 0.0185547 0.322917 0.0195312 0.321615 0.0195312 0.320312 0.0205078 0.31901 0.0205078 0.317708 0.0214844 0.316406 0.0693359 0.369792 0.0693359 0.36849 0.0712891 0.365885 0.0712891 0.364583 0.0722656 0.363281 0.0722656 0.361979 0.0732422 0.360677 0.0732422 0.359375 0.0742188 0.358073 0.0742188 0.355469 0.0751953 0.354167 0.0751953 0.351562 0.0761719 0.35026 0.0761719 0.34375 0.0771484 0.342448 0.0771484 0.339844 0.0761719 0.338542 0.0761719 0.335938 0.0751953 0.334635 0.0751953 0.322917 0.0761719 0.321615 0.0761719 0.317708 0.0771484 0.316406 0.0771484 0.313802 0.078125 0.3125 0.078125 0.309896 0.0791016 0.308594 0.0791016 0.30599 0.0800781 0.304688 0.0800781 0.303385 0.0810547 0.302083 0.0810547 0.300781 0.0820312 0.299479 0.0820312 0.295573 0.0830078 0.294271 0.0830078 0.28776 0.0839844 0.286458 0.0839844 0.28125 0.0849609 0.279948 0.0849609 0.278646 0.0859375 0.277344 0.0859375 0.276042 0.0869141 0.27474 0.0869141 0.273438 0.0878906 0.272135 0.0878906 0.269531 0.0888672 0.268229 0.0888672 0.266927 0.0898438 0.265625 0.0898438 0.264323 0.0908203 0.263021 0.0908203 0.260417 0.0917969 0.259115 0.0917969 0.257812 0.0927734 0.25651 0.0927734 0.255208 0.09375 0.253906 0.09375 0.252604 0.0947266 0.251302 0.0947266 0.248698 0.0957031 0.247396 0.0957031 0.246094 0.0976562 0.24349 0.0976562 0.242188 0.101562 0.236979 0.101562 0.235677 0.103516 0.233073 0.103516 0.231771 0.104492 0.230469 0.104492 0.226562 0.118164 0.226562 0.118164 0.231771 0.116211 0.234375 0.116211 0.236979 0.115234 0.238281 0.115234 0.242188 0.114258 0.24349 0.114258 0.244792 0.113281 0.246094 0.113281 0.25 0.112305 0.251302 0.112305 0.25651 0.111328 0.257812 0.111328 0.265625 0.110352 0.266927 0.110352 0.272135 0.109375 0.273438 0.109375 0.276042 0.108398 0.277344 0.108398 0.28125 0.107422 0.282552 0.107422 0.285156 0.106445 0.286458 0.106445 0.289062 0.105469 0.290365 0.105469 0.291667 0.104492 0.292969 0.104492 0.298177 0.103516 0.299479 0.103516 0.307292 0.102539 0.308594 0.102539 0.313802 0.101562 0.315104 0.101562 0.31901 0.100586 0.320312 0.100586 0.325521 0.0996094 0.326823 0.0996094 0.332031 0.0986328 0.333333 0.0986328 0.33724 0.0976562 0.338542 0.0976562 0.341146 0.0966797 0.342448 0.0966797 0.346354 0.0957031 0.347656 0.0957031 0.351562 0.0947266 0.352865 0.0947266 0.355469 0.09375 0.356771 0.09375 0.358073 0.0927734 0.359375 0.129883 0.498698 0.128906 0.5 0.128906 0.507812 0.12793 0.509115 0.12793 0.516927 0.126953 0.518229 0.126953 0.523438 0.125977 0.52474 0.125977 0.527344 0.125 0.528646 0.125 0.532552 0.124023 0.533854 0.124023 0.53776 0.123047 0.539062 0.123047 0.544271 0.12207 0.545573 0.12207 0.549479 0.121094 0.550781 0.121094 0.554688 0.120117 0.55599 0.120117 0.557292 0.119141 0.558594 0.119141 0.561198 0.118164 0.5625 0.118164 0.563802 0.117188 0.565104 0.117188 0.567708 0.116211 0.56901 0.116211 0.570312 0.115234 0.571615 0.115234 0.574219 0.114258 0.575521 0.114258 0.576823 0.113281 0.578125 0.112305 0.578125 0.111328 0.579427 0.107422 0.579427 0.106445 0.580729 0.105469 0.580729 0.103516 0.583333 0.0986328 0.583333 0.0957031 0.58724 0.0947266 0.58724 0.0917969 0.591146 0.0888672 0.591146 0.0878906 0.589844 0.0878906 0.585938 0.0888672 0.584635 0.0888672 0.583333 0.0908203 0.580729 0.0908203 0.578125 0.0917969 0.576823 0.0917969 0.574219 0.0927734 0.572917 0.0927734 0.571615 0.09375 0.570312 0.09375 0.567708 0.0947266 0.566406 0.0947266 0.5625 0.0957031 0.561198 0.0957031 0.559896 0.0966797 0.558594 0.0966797 0.554688 0.0976562 0.553385 0.0976562 0.550781 0.0986328 0.549479 0.0986328 0.545573 0.0996094 0.544271 0.0996094 0.540365 0.100586 0.539062 0.100586 0.533854 0.101562 0.532552 0.101562 0.528646 0.102539 0.527344 0.102539 0.523438 0.103516 0.522135 0.103516 0.518229 0.104492 0.516927 0.104492 0.513021 0.105469 0.511719 0.105469 0.507812 0.106445 0.50651 0.106445 0.502604 0.107422 0.501302 0.107422 0.496094 0.108398 0.494792 0.108398 0.490885 0.109375 0.489583 0.109375 0.488281 0.110352 0.486979 0.110352 0.484375 0.111328 0.483073 0.111328 0.481771 0.112305 0.480469 0.112305 0.477865 0.113281 0.476562 0.113281 0.47526 0.114258 0.473958 0.114258 0.472656 0.115234 0.471354 0.115234 0.46875 0.117188 0.466146 0.117188 0.464844 0.118164 0.463542 0.118164 0.46224 0.119141 0.460938 0.119141 0.459635 0.120117 0.458333 0.120117 0.457031 0.121094 0.455729 0.121094 0.451823 0.12207 0.450521 0.12207 0.446615 0.123047 0.445312 0.123047 0.442708 0.12207 0.441406 0.12207 0.440104 0.121094 0.438802 0.121094 0.434896 0.120117 0.433594 0.120117 0.432292 0.119141 0.43099 0.119141 0.425781 0.12207 0.425781 0.123047 0.427083 0.123047 0.428385 0.124023 0.429688 0.124023 0.43099 0.125977 0.433594 0.126953 0.433594 0.128906 0.43099 0.129883 0.43099 0.131836 0.428385 0.131836 0.425781 0.132812 0.424479 0.132812 0.421875 0.133789 0.420573 0.133789 0.417969 0.134766 0.416667 0.134766 0.41276 0.135742 0.411458 0.135742 0.408854 0.136719 0.407552 0.136719 0.404948 0.137695 0.403646 0.137695 0.402344 0.138672 0.401042 0.138672 0.398438 0.139648 0.397135 0.139648 0.395833 0.140625 0.394531 0.140625 0.393229 0.141602 0.391927 0.141602 0.390625 0.145508 0.385417 0.145508 0.384115 0.146484 0.382812 0.146484 0.38151 0.147461 0.380208 0.147461 0.378906 0.148438 0.377604 0.148438 0.375 0.149414 0.373698 0.149414 0.36849 0.150391 0.367188 0.150391 0.365885 0.152344 0.363281 0.152344 0.361979 0.154297 0.359375 0.154297 0.358073 0.15625 0.355469 0.15625 0.354167 0.157227 0.352865 0.157227 0.351562 0.15918 0.348958 0.15918 0.347656 0.162109 0.34375 0.162109 0.342448 0.171875 0.329427 0.172852 0.329427 0.173828 0.328125 0.174805 0.328125 0.176758 0.325521 0.180664 0.325521 0.180664 0.326823 0.181641 0.328125 0.181641 0.330729 0.180664 0.332031 0.180664 0.333333 0.179688 0.334635 0.179688 0.335938 0.178711 0.33724 0.178711 0.339844 0.177734 0.341146 0.177734 0.342448 0.176758 0.34375 0.176758 0.345052 0.175781 0.346354 0.175781 0.347656 0.174805 0.348958 0.174805 0.351562 0.173828 0.352865 0.173828 0.355469 0.172852 0.356771 0.172852 0.359375 0.171875 0.360677 0.171875 0.361979 0.170898 0.363281 0.170898 0.364583 0.169922 0.365885 0.169922 0.36849 0.168945 0.369792 0.168945 0.372396 0.167969 0.373698 0.167969 0.380208 0.166992 0.38151 0.166992 0.384115 0.166016 0.385417 0.166016 0.386719 0.165039 0.388021 0.165039 0.389323 0.164062 0.390625 0.164062 0.391927 0.162109 0.394531 0.162109 0.395833 0.161133 0.397135 0.161133 0.398438 0.160156 0.39974 0.160156 0.401042 0.15918 0.402344 0.15918 0.403646 0.158203 0.404948 0.158203 0.40625 0.157227 0.407552 0.157227 0.408854 0.15625 0.408854 0.154297 0.411458 0.154297 0.41276 0.152344 0.415365 0.152344 0.416667 0.151367 0.417969 0.151367 0.419271 0.150391 0.420573 0.150391 0.421875 0.0214844 0.445312 0.0214844 0.442708 0.0224609 0.441406 0.0224609 0.440104 0.0234375 0.438802 0.0234375 0.436198 0.0244141 0.434896 0.0244141 0.43099 0.0253906 0.429688 0.0253906 0.425781 0.0244141 0.424479 0.0244141 0.420573 0.0224609 0.417969 0.0224609 0.416667 0.0205078 0.416667 0.0205078 0.419271 0.0195312 0.420573 0.0185547 0.420573 0.0126953 0.428385 0.0126953 0.429688 0.0107422 0.432292 0.0107422 0.433594 0.00976562 0.434896 0.00976562 0.436198 0.00878906 0.4375 0.00878906 0.438802 0.00585938 0.442708 0.00585938 0.44401 0.00488281 0.445312 0.00488281 0.446615 0.00390625 0.447917 0.00390625 0.450521 0.00292969 0.451823 0.00292969 0.453125 0.000976562 0.455729 0 0.455729 0 0.484375 0.00292969 0.484375 0.00390625 0.483073 0.00488281 0.483073 0.00585938 0.481771
1 0.27832 0.673177 0.27832 0.669271 0.274414 0.669271 0.274414 0.673177 0.27832 0.673177 0.27832 0.699219 0.269531 0.699219 0.268555 0.700521 0.266602 0.700521 0.265625 0.701823 0.262695 0.701823 0.261719 0.703125 0.254883 0.703125 0.253906 0.704427 0.246094 0.704427 0.245117 0.703125 0.240234 0.703125 0.239258 0.701823 0.236328 0.701823 0.235352 0.700521 0.233398 0.700521 0.232422 0.699219 0.228516 0.699219 0.227539 0.697917 0.219727 0.697917 0.21875 0.696615 0.208984 0.696615 0.208008 0.695312 0.206055 0.695312 0.205078 0.69401 0.203125 0.69401 0.202148 0.692708 0.200195 0.692708 0.199219 0.691406 0.197266 0.691406 0.196289 0.690104 0.193359 0.690104 0.192383 0.688802 0.191406 0.688802 0.19043 0.6875 0.188477 0.6875 0.1875 0.686198 0.185547 0.686198 0.18457 0.684896 0.183594 0.684896 0.182617 0.683594 0.181641 0.683594 0.180664 0.682292 0.179688 0.682292 0.178711 0.68099 0.177734 0.68099 0.174805 0.677083 0.173828 0.677083 0.171875 0.674479 0.170898 0.674479 0.169922 0.673177 0.169922 0.669271 0.138672 0.669271 0.138672 0.700521 0.142578 0.700521 0.149414 0.709635 0.150391 0.709635 0.154297 0.714844 0.155273 0.714844 0.157227 0.717448 0.158203 0.717448 0.160156 0.720052 0.161133 0.720052 0.162109 0.721354 0.163086 0.721354 0.164062 0.722656 0.165039 0.722656 0.166016 0.723958 0.166992 0.723958 0.167969 0.72526 0.168945 0.72526 0.169922 0.726562 0.171875 0.726562 0.172852 0.727865 0.174805 0.727865 0.175781 0.729167 0.176758 0.729167 0.177734 0.730469 0.179688 0.730469 0.180664 0.731771 0.183594 0.731771 0.18457 0.733073 0.188477 0.733073 0.189453 0.734375 0.191406 0.734375 0.192383 0.735677 0.194336 0.735677 0.195312 0.736979 0.196289 0.736979 0.197266 0.738281 0.198242 0.738281 0.199219 0.739583 0.201172 0.739583 0.203125 0.742188 0.203125 0.746094 0.263672 0.746094 0.263672 0.740885 0.261719 0.738281 0.260742 0.738281 0.258789 0.735677 0.259766 0.734375 0.262695 0.734375 0.263672 0.733073 0.264648 0.733073 0.266602 0.730469 0.267578 0.730469 0.271484 0.72526 0.271484 0.723958 0.273438 0.721354 0.273438 0.720052 0.275391 0.717448 0.27832 0.717448 0.27832 0.699219
1 0.226562 0.273438 0.226562 0.278646 0.225586 0.279948 0.225586 0.28125 0.224609 0.282552 0.224609 0.283854 0.223633 0.285156 0.223633 0.286458 0.222656 0.28776 0.222656 0.290365 0.22168 0.291667 0.22168 0.292969 0.220703 0.294271 0.220703 0.296875 0.219727 0.298177 0.219727 0.302083 0.21875 0.303385 0.21875 0.308594 0.217773 0.309896 0.217773 0.313802 0.216797 0.315104 0.216797 0.316406 0.21582 0.317708 0.21582 0.31901 0.214844 0.320312 0.214844 0.321615 0.213867 0.322917 0.213867 0.324219 0.212891 0.325521 0.212891 0.326823 0.211914 0.328125 0.211914 0.330729 0.210938 0.332031 0.210938 0.334635 0.209961 0.335938 0.209961 0.338542 0.208984 0.339844 0.208984 0.34375 0.208008 0.345052 0.208008 0.347656 0.207031 0.348958 0.207031 0.35026 0.206055 0.351562 0.206055 0.352865 0.205078 0.354167 0.205078 0.356771 0.204102 0.358073 0.204102 0.359375 0.203125 0.360677 0.203125 0.361979 0.202148 0.363281 0.202148 0.364583 0.200195 0.367188 0.200195 0.36849 0.198242 0.371094 0.198242 0.372396 0.197266 0.373698 0.197266 0.375 0.195312 0.377604 0.195312 0.378906 0.193359 0.38151 0.193359 0.382812 0.179688 0.401042 0.178711 0.401042 0.169922 0.41276 0.169922 0.414062 0.167969 0.416667 0.167969 0.417969 0.165039 0.421875 0.165039 0.423177 0.163086 0.425781 0.163086 0.427083 0.162109 0.428385 0.162109 0.429688 0.161133 0.43099 0.161133 0.432292 0.15918 0.434896 0.15918 0.436198 0.155273 0.441406 0.155273 0.442708 0.152344 0.446615 0.152344 0.447917 0.150391 0.450521 0.150391 0.451823 0.148438 0.454427 0.148438 0.455729 0.145508 0.459635 0.145508 0.460938 0.143555 0.463542 0.143555 0.464844 0.142578 0.466146 0.142578 0.467448 0.141602 0.46875 0.141602 0.471354 0.140625 0.472656 0.140625 0.47526 0.139648 0.476562 0.139648 0.480469 0.138672 0.481771 0.138672 0.486979 0.137695 0.488281 0.137695 0.492188 0.136719 0.49349 0.136719 0.497396 0.135742 0.498698 0.135742 0.501302 0.133789 0.503906 0.130859 0.503906 0.130859 0.53776 0.138672 0.53776 0.138672 0.532552 0.139648 0.53125 0.139648 0.529948 0.141602 0.527344 0.141602 0.526042 0.142578 0.52474 0.142578 0.522135 0.143555 0.520833 0.143555 0.518229 0.145508 0.515625 0.145508 0.514323 0.146484 0.513021 0.146484 0.510417 0.147461 0.509115 0.147461 0.507812 0.148438 0.50651 0.148438 0.505208 0.149414 0.503906 0.149414 0.502604 0.150391 0.501302 0.150391 0.498698 0.151367 0.497396 0.151367 0.496094 0.154297 0.492188 0.154297 0.490885 0.158203 0.485677 0.158203 0.484375 0.160156 0.481771 0.160156 0.480469 0.166016 0.472656 0.166016 0.471354 0.167969 0.46875 0.167969 0.467448 0.169922 0.464844 0.169922 0.463542 0.171875 0.460938 0.171875 0.459635 0.172852 0.458333 0.172852 0.457031 0.174805 0.454427 0.174805 0.453125 0.177734 0.449219 0.177734 0.447917 0.185547 0.4375 0.185547 0.436198 0.197266 0.420573 0.197266 0.419271 0.199219 0.416667 0.199219 0.415365 0.201172 0.41276 0.201172 0.411458 0.202148 0.410156 0.202148 0.408854 0.203125 0.407552 0.203125 0.40625 0.205078 0.403646 0.205078 0.402344 0.206055 0.401042 0.206055 0.39974 0.208008 0.397135 0.208008 0.395833 0.208984 0.394531 0.208984 0.393229 0.209961 0.391927 0.209961 0.390625 0.211914 0.388021 0.211914 0.386719 0.212891 0.385417 0.212891 0.384115 0.213867 0.382812 0.213867 0.38151 0.217773 0.376302 0.217773 0.375 0.21875 0.373698 0.21875 0.372396 0.220703 0.369792 0.220703 0.36849 0.222656 0.365885 0.222656 0.364583 0.223633 0.363281 0.223633 0.361979 0.225586 0.359375 0.225586 0.358073 0.226562 0.356771 0.226562 0.355469 0.227539 0.354167 0.227539 0.351562 0.228516 0.35026 0.228516 0.347656 0.229492 0.346354 0.229492 0.34375 0.230469 0.342448 0.230469 0.341146 0.231445 0.339844 0.231445 0.338542 0.232422 0.33724 0.232422 0.335938 0.233398 0.334635 0.233398 0.333333 0.234375 0.332031 0.234375 0.329427 0.235352 0.328125 0.235352 0.326823 0.236328 0.325521 0.236328 0.322917 0.237305 0.321615 0.237305 0.320312 0.238281 0.31901 0.238281 0.316406 0.239258 0.315104 0.239258 0.3125 0.240234 0.311198 0.240234 0.309896 0.241211 0.308594 0.241211 0.304688 0.242188 0.303385 0.242188 0.300781 0.243164 0.299479 0.243164 0.298177 0.244141 0.296875 0.244141 0.294271 0.245117 0.292969 0.245117 0.289062 0.246094 0.28776 0.246094 0.278646 0.245117 0.277344 0.245117 0.273438
1 0.599609 0.356771 0.599609 0.360677 0.595703 0.365885 0.594727 0.365885 0.59375 0.367188 0.592773 0.367188 0.59082 0.369792 0.589844 0.369792 0.588867 0.371094 0.587891 0.371094 0.586914 0.372396 0.585938 0.372396 0.584961 0.373698 0.583984 0.373698 0.583008 0.375 0.581055 0.375 0.580078 0.376302 0.579102 0.376302 0.578125 0.377604 0.577148 0.377604 0.576172 0.378906 0.574219 0.378906 0.573242 0.380208 0.572266 0.380208 0.571289 0.38151 0.568359 0.38151 0.567383 0.382812 0.555664 0.382812 0.554688 0.38151 0.550781 0.38151 0.549805 0.380208 0.546875 0.380208 0.545898 0.38151 0.544922 0.38151 0.543945 0.382812 0.543945 0.386719 0.544922 0.388021 0.544922 0.389323 0.545898 0.390625 0.545898 0.391927 0.554688 0.403646 0.555664 0.403646 0.55957 0.408854 0.55957 0.41276 0.579102 0.41276 0.579102 0.408854 0.581055 0.40625 0.583008 0.40625 0.583984 0.404948 0.584961 0.404948 0.585938 0.403646 0.587891 0.403646 0.588867 0.402344 0.589844 0.402344 0.59082 0.401042 0.591797 0.401042 0.592773 0.39974 0.59375 0.39974 0.594727 0.398438 0.595703 0.398438 0.597656 0.395833 0.598633 0.395833 0.599609 0.394531 0.600586 0.394531 0.601562 0.393229 0.602539 0.393229 0.604492 0.390625 0.605469 0.390625 0.608398 0.386719 0.609375 0.386719 0.618164 0.375 0.618164 0.373698 0.620117 0.371094 0.620117 0.356771
1 0.919922 0.408854 0.919922 0.41276 0.918945 0.414062 0.917969 0.414062 0.916992 0.415365 0.915039 0.415365 0.914062 0.416667 0.912109 0.416667 0.911133 0.417969 0.907227 0.417969 0.90625 0.419271 0.899414 0.419271 0.898438 0.420573 0.896484 0.420573 0.895508 0.421875 0.890625 0.421875 0.889648 0.423177 0.869141 0.423177 0.869141 0.424479 0.873047 0.424479 0.874023 0.425781 0.876953 0.425781 0.878906 0.428385 0.882812 0.428385 0.883789 0.429688 0.885742 0.429688 0.889648 0.434896 0.890625 0.434896 0.892578 0.4375 0.893555 0.4375 0.894531 0.438802 0.896484 0.438802 0.897461 0.440104 0.898438 0.440104 0.899414 0.441406 0.901367 0.441406 0.902344 0.442708 0.924805 0.442708 0.925781 0.44401 0.931641 0.44401 0.932617 0.445312 0.93457 0.445312 0.935547 0.446615 0.938477 0.446615 0.939453 0.447917 0.942383 0.447917 0.943359 0.449219 0.945312 0.449219 0.946289 0.450521 0.949219 0.450521 0.950195 0.451823 0.955078 0.451823 0.956055 0.453125 0.959961 0.453125 0.960938 0.454427 0.962891 0.454427 0.963867 0.455729 0.963867 0.459635 0.987305 0.459635 0.987305 0.455729 0.988281 0.454427 0.989258 0.454427 0.990234 0.453125 0.994141 0.453125 0.995117 0.451823 0.996094 0.451823 0.99707 0.450521 0.999023 0.450521 0.999023 0.427083 0.99707 0.427083 0.990234 0.417969 0.990234 0.416667 0.988281 0.414062 0.988281 0.408854
1 0.99707 0.825521 0.996094 0.826823 0.995117 0.826823 0.994141 0.828125 0.993164 0.828125 0.991211 0.830729 0.990234 0.830729 0.989258 0.832031 0.987305 0.832031 0.986328 0.833333 0.982422 0.833333 0.981445 0.834635 0.977539 0.834635 0.976562 0.835938 0.974609 0.835938 0.973633 0.83724 0.972656 0.83724 0.97168 0.838542 0.970703 0.838542 0.969727 0.839844 0.966797 0.839844 0.96582 0.841146 0.962891 0.841146 0.962891 0.861979 0.967773 0.861979 0.96875 0.863281 0.969727 0.863281 0.970703 0.864583 0.979492 0.864583 0.980469 0.863281 0.984375 0.863281 0.985352 0.861979 0.990234 0.861979 0.991211 0.860677 0.993164 0.860677 0.994141 0.859375 0.995117 0.859375 0.996094 0.858073 0.999023 0.858073 0.999023 0.825521
1 0.939453 0.101562 0.939453 0.122396 0.942383 0.122396 0.944336 0.125 0.944336 0.126302 0.945312 0.127604 0.945312 0.128906 0.946289 0.130208 0.946289 0.132812 0.948242 0.135417 0.948242 0.138021 0.949219 0.139323 0.949219 0.140625 0.950195 0.141927 0.950195 0.143229 0.952148 0.145833 0.952148 0.147135 0.953125 0.148438 0.953125 0.151042 0.954102 0.152344 0.954102 0.153646 0.955078 0.154948 0.955078 0.15625 0.957031 0.158854 0.957031 0.160156 0.958008 0.161458 0.958008 0.16276 0.959961 0.165365 0.959961 0.166667 0.960938 0.167969 0.960938 0.169271 0.961914 0.170573 0.961914 0.171875 0.962891 0.173177 0.962891 0.174479 0.963867 0.175781 0.963867 0.177083 0.964844 0.178385 0.964844 0.179688 0.967773 0.183594 0.967773 0.184896 0.969727 0.1875 0.969727 0.188802 0.97168 0.191406 0.97168 0.192708 0.972656 0.19401 0.972656 0.195312 0.975586 0.199219 0.975586 0.200521 0.978516 0.204427 0.978516 0.205729 0.980469 0.208333 0.980469 0.209635 0.981445 0.210938 0.981445 0.21224 0.984375 0.216146 0.984375 0.217448 0.985352 0.21875 0.986328 0.21875 0.990234 0.223958 0.991211 0.223958 0.99707 0.231771 0.999023 0.231771 0.999023 0.192708 0.995117 0.192708 0.992188 0.188802 0.992188 0.1875 0.991211 0.186198 0.991211 0.184896 0.990234 0.183594 0.990234 0.182292 0.989258 0.18099 0.989258 0.179688 0.988281 0.178385 0.988281 0.177083 0.987305 0.175781 0.987305 0.173177 0.986328 0.171875 0.986328 0.170573 0.985352 0.169271 0.985352 0.166667 0.984375 0.165365 0.984375 0.160156 0.983398 0.158854 0.983398 0.154948 0.982422 0.153646 0.982422 0.151042 0.980469 0.148438 0.980469 0.147135 0.977539 0.143229 0.977539 0.141927 0.975586 0.139323 0.975586 0.138021 0.973633 0.135417 0.973633 0.134115 0.96875 0.127604 0.967773 0.127604 0.966797 0.126302 0.966797 0.125 0.96582 0.123698 0.96582 0.119792 0.966797 0.11849 0.966797 0.117188 0.96875 0.114583 0.972656 0.114583 0.973633 0.115885 0.974609 0.114583 0.974609 0.113281 0.975586 0.111979 0.975586 0.101562
1 0.734375 0.00260417 0.734375 0.0078125 0.737305 0.0117188 0.737305 0.0130208 0.739258 0.015625 0.739258 0.0169271 0.741211 0.0195312 0.741211 0.0208333 0.743164 0.0234375 0.743164 0.0247396 0.744141 0.0260417 0.744141 0.0273438 0.74707 0.03125 0.74707 0.0325521 0.753906 0.0416667 0.754883 0.0416667 0.755859 0.0429688 0.755859 0.0481771 0.762695 0.0481771 0.762695 0.0442708 0.765625 0.0403646 0.765625 0.0390625 0.766602 0.0377604 0.770508 0.0377604 0.770508 0.0195312 0.767578 0.0195312 0.764648 0.015625 0.764648 0.0143229 0.762695 0.0117188 0.762695 0.0104167 0.760742 0.0078125 0.760742 0.00260417
1 0.751953 0.226562 0.754883 0.226562 0.754883 0.22526 0.751953 0.22526 0.751953 0.226562 0.742188 0.24349 0.741211 0.24349 0.738281 0.239583 0.737305 0.239583 0.736328 0.238281 0.733398 0.238281 0.732422 0.236979 0.730469 0.236979 0.729492 0.235677 0.729492 0.234375 0.728516 0.233073 0.728516 0.230469 0.729492 0.229167 0.729492 0.227865 0.730469 0.226562 0.730469 0.22526 0.729492 0.223958 0.729492 0.221354 0.728516 0.220052 0.727539 0.220052 0.726562 0.21875 0.725586 0.21875 0.724609 0.217448 0.722656 0.217448 0.72168 0.216146 0.71582 0.216146 0.714844 0.214844 0.711914 0.214844 0.710938 0.213542 0.709961 0.213542 0.708984 0.21224 0.708008 0.21224 0.706055 0.209635 0.705078 0.209635 0.704102 0.208333 0.703125 0.208333 0.702148 0.207031 0.701172 0.207031 0.699219 0.204427 0.699219 0.200521 0.668945 0.200521 0.668945 0.205729 0.672852 0.210938 0.672852 0.21224 0.678711 0.220052 0.678711 0.221354 0.679688 0.222656 0.679688 0.223958 0.680664 0.22526 0.680664 0.227865 0.681641 0.229167 0.681641 0.231771 0.682617 0.233073 0.682617 0.235677 0.683594 0.236979 0.683594 0.242188 0.68457 0.24349 0.68457 0.244792 0.685547 0.246094 0.685547 0.247396 0.6875 0.25 0.6875 0.251302 0.688477 0.252604 0.689453 0.252604 0.691406 0.255208 0.692383 0.255208 0.693359 0.25651 0.694336 0.25651 0.695312 0.257812 0.696289 0.257812 0.697266 0.259115 0.698242 0.259115 0.699219 0.260417 0.700195 0.260417 0.701172 0.261719 0.702148 0.261719 0.703125 0.263021 0.704102 0.263021 0.705078 0.264323 0.707031 0.264323 0.708008 0.265625 0.709961 0.265625 0.710938 0.266927 0.713867 0.266927 0.714844 0.268229 0.719727 0.268229 0.720703 0.269531 0.727539 0.269531 0.728516 0.270833 0.745117 0.270833 0.746094 0.269531 0.749023 0.269531 0.75 0.268229 0.754883 0.268229 0.754883 0.252604 0.750977 0.252604 0.75 0.251302 0.75 0.25 0.749023 0.25 0.748047 0.248698 0.74707 0.248698 0.746094 0.247396 0.745117 0.247396 0.742188 0.24349
1 0.844727 0.795573 0.844727 0.792969 0.84375 0.791667 0.841797 0.791667 0.84082 0.790365 0.834961 0.790365 0.833984 0.791667 0.825195 0.791667 0.824219 0.792969 0.821289 0.792969 0.820312 0.794271 0.81543 0.794271 0.814453 0.795573 0.811523 0.795573 0.810547 0.796875 0.80957 0.796875 0.808594 0.798177 0.807617 0.798177 0.806641 0.799479 0.805664 0.799479 0.802734 0.803385 0.801758 0.803385 0.796875 0.809896 0.795898 0.809896 0.791992 0.815104 0.791016 0.815104 0.787109 0.820312 0.787109 0.821615 0.772461 0.841146 0.772461 0.842448 0.770508 0.845052 0.770508 0.846354 0.769531 0.847656 0.769531 0.848958 0.768555 0.85026 0.768555 0.851562 0.767578 0.852865 0.767578 0.854167 0.766602 0.855469 0.766602 0.856771 0.765625 0.858073 0.765625 0.859375 0.763672 0.861979 0.763672 0.863281 0.762695 0.864583 0.762695 0.865885 0.761719 0.867188 0.761719 0.86849 0.759766 0.871094 0.759766 0.872396 0.757812 0.875 0.757812 0.876302 0.755859 0.878906 0.755859 0.880208 0.754883 0.88151 0.754883 0.882812 0.753906 0.884115 0.753906 0.885417 0.751953 0.888021 0.751953 0.889323 0.75 0.891927 0.75 0.893229 0.748047 0.895833 0.748047 0.897135 0.743164 0.903646 0.743164 0.904948 0.724609 0.929688 0.723633 0.929688 0.713867 0.942708 0.713867 0.94401 0.712891 0.945312 0.708984 0.945312 0.708984 0.985677 0.727539 0.985677 0.727539 0.981771 0.728516 0.980469 0.728516 0.979167 0.729492 0.977865 0.729492 0.976562 0.732422 0.972656 0.732422 0.971354 0.734375 0.96875 0.735352 0.96875 0.742188 0.959635 0.743164 0.959635 0.745117 0.957031 0.746094 0.957031 0.74707 0.955729 0.748047 0.955729 0.749023 0.954427 0.75 0.954427 0.750977 0.953125 0.751953 0.953125 0.754883 0.949219 0.755859 0.949219 0.762695 0.940104 0.762695 0.938802 0.764648 0.936198 0.764648 0.934896 0.766602 0.932292 0.766602 0.93099 0.767578 0.929688 0.767578 0.928385 0.768555 0.927083 0.768555 0.924479 0.769531 0.923177 0.769531 0.921875 0.771484 0.919271 0.771484 0.917969 0.773438 0.915365 0.773438 0.914062 0.783203 0.901042 0.783203 0.89974 0.785156 0.897135 0.785156 0.895833 0.789062 0.890625 0.790039 0.890625 0.791016 0.889323 0.791992 0.889323 0.792969 0.888021 0.794922 0.888021 0.796875 0.885417 0.797852 0.885417 0.803711 0.877604 0.803711 0.876302 0.806641 0.872396 0.806641 0.871094 0.814453 0.860677 0.814453 0.859375 0.817383 0.855469 0.817383 0.852865 0.818359 0.851562 0.818359 0.842448 0.817383 0.841146 0.818359 0.839844 0.818359 0.835938 0.819336 0.834635 0.819336 0.833333 0.821289 0.830729 0.821289 0.829427 0.825195 0.824219 0.825195 0.822917 0.830078 0.816406 0.830078 0.815104 0.837891 0.804688 0.838867 0.804688 0.838867 0.803385 0.841797 0.799479 0.842773 0.799479 0.84375 0.798177 0.84375 0.796875 0.844727 0.795573 0.87793 0.798177 0.87793 0.799479 0.878906 0.800781 0.879883 0.800781 0.880859 0.802083 0.881836 0.800781 0.886719 0.800781 0.887695 0.799479 0.888672 0.799479 0.888672 0.798177 0.881836 0.789062 0.879883 0.789062 0.879883 0.794271 0.878906 0.795573 0.878906 0.796875 0.87793 0.798177
1 0.263672 0.143229 0.263672 0.161458 0.267578 0.161458 0.276367 0.173177 0.276367 0.174479 0.27832 0.177083 0.279297 0.177083 0.287109 0.1875 0.288086 0.1875 0.290039 0.190104 0.291016 0.190104 0.291992 0.191406 0.292969 0.191406 0.294922 0.19401 0.295898 0.19401 0.297852 0.196615 0.298828 0.196615 0.299805 0.197917 0.300781 0.197917 0.301758 0.199219 0.302734 0.199219 0.303711 0.200521 0.304688 0.200521 0.305664 0.201823 0.306641 0.201823 0.307617 0.203125 0.308594 0.203125 0.30957 0.204427 0.310547 0.204427 0.3125 0.207031 0.313477 0.207031 0.314453 0.208333 0.31543 0.208333 0.316406 0.209635 0.317383 0.209635 0.318359 0.210938 0.320312 0.210938 0.321289 0.21224 0.322266 0.21224 0.323242 0.213542 0.324219 0.213542 0.325195 0.214844 0.327148 0.214844 0.328125 0.216146 0.330078 0.216146 0.331055 0.217448 0.332031 0.217448 0.333008 0.21875 0.333984 0.21875 0.334961 0.220052 0.335938 0.220052 0.336914 0.221354 0.339844 0.221354 0.34082 0.222656 0.345703 0.222656 0.34668 0.223958 0.350586 0.223958 0.352539 0.226562 0.352539 0.230469 0.360352 0.230469 0.360352 0.223958 0.357422 0.223958 0.355469 0.221354 0.355469 0.214844 0.354492 0.213542 0.354492 0.21224 0.353516 0.210938 0.353516 0.209635 0.352539 0.208333 0.352539 0.207031 0.351562 0.205729 0.351562 0.204427 0.350586 0.203125 0.350586 0.201823 0.349609 0.200521 0.349609 0.199219 0.34668 0.195312 0.34668 0.19401 0.345703 0.19401 0.34375 0.191406 0.34375 0.190104 0.341797 0.1875 0.34082 0.1875 0.335938 0.18099 0.334961 0.18099 0.331055 0.175781 0.330078 0.175781 0.329102 0.174479 0.328125 0.174479 0.326172 0.171875 0.325195 0.171875 0.324219 0.170573 0.323242 0.170573 0.322266 0.169271 0.321289 0.169271 0.319336 0.166667 0.318359 0.166667 0.316406 0.164062 0.31543 0.164062 0.311523 0.158854 0.310547 0.158854 0.30957 0.157552 0.308594 0.157552 0.307617 0.15625 0.305664 0.15625 0.304688 0.154948 0.303711 0.154948 0.302734 0.153646 0.301758 0.153646 0.300781 0.152344 0.299805 0.152344 0.298828 0.151042 0.297852 0.151042 0.296875 0.14974 0.295898 0.14974 0.293945 0.147135 0.293945 0.143229
1 0.552734 0.492188 0.552734 0.497396 0.551758 0.498698 0.551758 0.502604 0.552734 0.503906 0.552734 0.50651 0.555664 0.510417 0.555664 0.511719 0.5625 0.520833 0.5625 0.522135 0.564453 0.52474 0.56543 0.52474 0.576172 0.539062 0.576172 0.540365 0.578125 0.542969 0.578125 0.544271 0.579102 0.545573 0.579102 0.546875 0.583984 0.553385 0.584961 0.553385 0.586914 0.55599 0.587891 0.55599 0.589844 0.558594 0.59082 0.558594 0.591797 0.559896 0.592773 0.559896 0.59375 0.561198 0.594727 0.561198 0.597656 0.565104 0.598633 0.565104 0.599609 0.566406 0.600586 0.566406 0.601562 0.567708 0.602539 0.567708 0.604492 0.570312 0.604492 0.574219 0.708008 0.574219 0.708008 0.56901 0.710938 0.565104 0.711914 0.565104 0.712891 0.563802 0.713867 0.563802 0.714844 0.5625 0.71582 0.5625 0.716797 0.561198 0.717773 0.561198 0.71875 0.559896 0.719727 0.559896 0.720703 0.558594 0.723633 0.558594 0.723633 0.522135 0.719727 0.522135 0.717773 0.52474 0.716797 0.52474 0.713867 0.528646 0.712891 0.528646 0.710938 0.53125 0.709961 0.53125 0.708984 0.532552 0.708008 0.532552 0.707031 0.533854 0.706055 0.533854 0.705078 0.535156 0.704102 0.535156 0.703125 0.536458 0.700195 0.536458 0.699219 0.53776 0.696289 0.53776 0.695312 0.539062 0.694336 0.539062 0.692383 0.541667 0.691406 0.541667 0.69043 0.542969 0.688477 0.542969 0.6875 0.544271 0.685547 0.544271 0.68457 0.545573 0.683594 0.545573 0.682617 0.546875 0.668945 0.546875 0.667969 0.548177 0.657227 0.548177 0.65625 0.546875 0.651367 0.546875 0.650391 0.545573 0.640625 0.545573 0.639648 0.544271 0.631836 0.544271 0.630859 0.542969 0.629883 0.542969 0.628906 0.541667 0.626953 0.541667 0.625977 0.540365 0.624023 0.540365 0.623047 0.539062 0.62207 0.539062 0.620117 0.536458 0.619141 0.536458 0.618164 0.535156 0.616211 0.535156 0.615234 0.533854 0.614258 0.533854 0.613281 0.532552 0.612305 0.532552 0.611328 0.53125 0.610352 0.53125 0.609375 0.529948 0.608398 0.529948 0.607422 0.528646 0.606445 0.528646 0.605469 0.527344 0.605469 0.526042 0.604492 0.52474 0.603516 0.52474 0.595703 0.514323 0.594727 0.514323 0.59375 0.513021 0.591797 0.513021 0.589844 0.510417 0.588867 0.510417 0.587891 0.509115 0.585938 0.509115 0.582031 0.503906 0.581055 0.503906 0.580078 0.502604 0.579102 0.502604 0.577148 0.5 0.576172 0.5 0.575195 0.498698 0.574219 0.498698 0.573242 0.497396 0.572266 0.497396 0.570312 0.494792 0.569336 0.494792 0.568359 0.49349 0.567383 0.49349 0.566406 0.492188 0.56543 0.492188 0.564453 0.490885 0.553711 0.490885 0.552734 0.492188 0.539062 0.483073 0.539062 0.479167 0.535156 0.473958 0.535156 0.472656 0.533203 0.470052 0.532227 0.470052 0.53125 0.46875 0.530273 0.46875 0.529297 0.467448 0.52832 0.467448 0.525391 0.463542 0.523438 0.463542 0.522461 0.46224 0.521484 0.46224 0.519531 0.459635 0.519531 0.455729 0.439453 0.455729 0.439453 0.476562 0.47168 0.476562 0.472656 0.477865 0.478516 0.477865 0.479492 0.479167 0.484375 0.479167 0.485352 0.480469 0.488281 0.480469 0.489258 0.481771 0.492188 0.481771 0.493164 0.483073 0.496094 0.483073 0.49707 0.484375 0.499023 0.484375 0.5 0.485677 0.501953 0.485677 0.50293 0.486979 0.503906 0.486979 0.504883 0.488281 0.505859 0.488281 0.506836 0.489583 0.507812 0.489583 0.508789 0.490885 0.509766 0.490885 0.510742 0.492188 0.511719 0.492188 0.512695 0.49349 0.513672 0.49349 0.514648 0.494792 0.516602 0.494792 0.517578 0.496094 0.518555 0.496094 0.519531 0.497396 0.521484 0.497396 0.522461 0.498698 0.527344 0.498698 0.52832 0.497396 0.529297 0.497396 0.530273 0.496094 0.53125 0.496094 0.536133 0.489583 0.536133 0.488281 0.538086 0.485677 0.538086 0.484375 0.539062 0.483073
1 0.144531 0.247396 0.144531 0.263021 0.145508 0.264323 0.145508 0.266927 0.146484 0.268229 0.149414 0.268229 0.149414 0.247396 0.144531 0.247396 0.135742 0.247396 0.121094 0.247396 0.121094 0.252604 0.120117 0.253906 0.120117 0.265625 0.121094 0.266927 0.121094 0.270833 0.12207 0.272135 0.118164 0.277344 0.117188 0.277344 0.117188 0.278646 0.114258 0.282552 0.111328 0.282552 0.111328 0.332031 0.114258 0.332031 0.115234 0.333333 0.115234 0.33724 0.116211 0.338542 0.116211 0.34375 0.115234 0.345052 0.115234 0.346354 0.116211 0.347656 0.116211 0.361979 0.115234 0.363281 0.115234 0.365885 0.114258 0.367188 0.111328 0.367188 0.111328 0.421875 0.114258 0.421875 0.115234 0.420573 0.115234 0.419271 0.116211 0.417969 0.116211 0.416667 0.118164 0.414062 0.120117 0.414062 0.123047 0.417969 0.124023 0.417969 0.125977 0.420573 0.126953 0.419271 0.126953 0.415365 0.12793 0.414062 0.12793 0.41276 0.128906 0.411458 0.128906 0.410156 0.129883 0.408854 0.129883 0.40625 0.130859 0.404948 0.130859 0.401042 0.131836 0.39974 0.131836 0.398438 0.132812 0.397135 0.132812 0.395833 0.133789 0.394531 0.133789 0.393229 0.134766 0.391927 0.134766 0.390625 0.136719 0.388021 0.136719 0.386719 0.137695 0.385417 0.137695 0.384115 0.138672 0.382812 0.138672 0.378906 0.139648 0.377604 0.139648 0.375 0.140625 0.373698 0.140625 0.371094 0.141602 0.369792 0.141602 0.36849 0.142578 0.367188 0.142578 0.364583 0.143555 0.363281 0.143555 0.360677 0.144531 0.359375 0.144531 0.356771 0.145508 0.355469 0.145508 0.352865 0.146484 0.351562 0.149414 0.351562 0.149414 0.334635 0.146484 0.334635 0.145508 0.333333 0.145508 0.329427 0.144531 0.328125 0.144531 0.321615 0.143555 0.320312 0.143555 0.317708 0.142578 0.316406 0.142578 0.315104 0.141602 0.313802 0.141602 0.3125 0.140625 0.311198 0.140625 0.307292 0.139648 0.30599 0.139648 0.300781 0.138672 0.299479 0.138672 0.292969 0.137695 0.291667 0.137695 0.285156 0.136719 0.283854 0.136719 0.278646 0.135742 0.277344 0.135742 0.247396
