1 0.228516 0.626405 0.228516 0.660112 0.231445 0.660112 0.234375 0.664326 0.234375 0.66573 0.240234 0.674157 0.241211 0.674157 0.242188 0.675562 0.242188 0.676966 0.244141 0.679775 0.244141 0.68118 0.245117 0.682584 0.245117 0.686798 0.246094 0.688202 0.246094 0.691011 0.24707 0.692416 0.24707 0.695225 0.246094 0.696629 0.246094 0.699438 0.24707 0.700843 0.24707 0.702247 0.248047 0.703652 0.248047 0.705056 0.25293 0.712079 0.25293 0.713483 0.256836 0.719101 0.257812 0.719101 0.264648 0.728933 0.265625 0.728933 0.267578 0.731742 0.268555 0.731742 0.270508 0.734551 0.271484 0.734551 0.274414 0.738764 0.275391 0.738764 0.277344 0.741573 0.27832 0.741573 0.280273 0.744382 0.28125 0.744382 0.28418 0.748595 0.285156 0.748595 0.293945 0.761236 0.293945 0.76264 0.296875 0.766854 0.296875 0.768258 0.298828 0.771067 0.298828 0.772472 0.300781 0.775281 0.300781 0.776685 0.301758 0.77809 0.301758 0.779494 0.304688 0.783708 0.304688 0.785112 0.306641 0.787921 0.306641 0.789326 0.307617 0.789326 0.308594 0.79073 0.308594 0.792135 0.31543 0.801966 0.316406 0.801966 0.319336 0.80618 0.320312 0.80618 0.322266 0.808989 0.323242 0.808989 0.325195 0.811798 0.326172 0.811798 0.327148 0.813202 0.328125 0.813202 0.329102 0.814607 0.330078 0.814607 0.332031 0.817416 0.332031 0.821629 0.352539 0.821629 0.352539 0.816011 0.354492 0.813202 0.354492 0.811798 0.355469 0.810393 0.355469 0.808989 0.356445 0.807584 0.356445 0.80618 0.357422 0.804775 0.360352 0.804775 0.360352 0.792135 0.357422 0.792135 0.353516 0.786517 0.352539 0.786517 0.347656 0.779494 0.34668 0.779494 0.342773 0.773876 0.341797 0.773876 0.338867 0.769663 0.337891 0.769663 0.333984 0.764045 0.333984 0.76264 0.332031 0.759831 0.332031 0.758427 0.330078 0.755618 0.330078 0.754214 0.329102 0.752809 0.329102 0.751405 0.328125 0.75 0.328125 0.747191 0.327148 0.745786 0.327148 0.742977 0.326172 0.741573 0.326172 0.740169 0.324219 0.73736 0.324219 0.735955 0.322266 0.733146 0.322266 0.731742 0.320312 0.728933 0.319336 0.728933 0.31543 0.723315 0.314453 0.723315 0.308594 0.714888 0.307617 0.714888 0.303711 0.70927 0.302734 0.70927 0.291016 0.692416 0.290039 0.692416 0.289062 0.691011 0.288086 0.691011 0.287109 0.689607 0.286133 0.689607 0.285156 0.688202 0.28418 0.688202 0.282227 0.685393 0.28125 0.685393 0.280273 0.683989 0.279297 0.683989 0.270508 0.671348 0.269531 0.671348 0.265625 0.66573 0.264648 0.66573 0.251953 0.647472 0.251953 0.646067 0.249023 0.641854 0.249023 0.640449 0.246094 0.636236 0.246094 0.634831 0.244141 0.632023 0.244141 0.626405
1 0.353516 0.328652 0.353516 0.332865 0.351562 0.335674 0.350586 0.335674 0.349609 0.337079 0.347656 0.337079 0.34668 0.338483 0.345703 0.338483 0.344727 0.339888 0.34375 0.339888 0.342773 0.341292 0.34082 0.341292 0.339844 0.342697 0.337891 0.342697 0.336914 0.344101 0.335938 0.344101 0.334961 0.345506 0.333984 0.345506 0.333008 0.34691 0.331055 0.34691 0.330078 0.348315 0.328125 0.348315 0.327148 0.349719 0.326172 0.349719 0.325195 0.351124 0.323242 0.351124 0.322266 0.352528 0.320312 0.352528 0.319336 0.353933 0.318359 0.353933 0.317383 0.355337 0.31543 0.355337 0.314453 0.356742 0.313477 0.356742 0.3125 0.358146 0.311523 0.358146 0.310547 0.359551 0.30957 0.359551 0.308594 0.360955 0.306641 0.360955 0.305664 0.36236 0.304688 0.36236 0.303711 0.363764 0.301758 0.363764 0.300781 0.365169 0.298828 0.365169 0.297852 0.366573 0.295898 0.366573 0.294922 0.367978 0.293945 0.367978 0.292969 0.369382 0.290039 0.369382 0.289062 0.370787 0.286133 0.370787 0.285156 0.372191 0.282227 0.372191 0.28125 0.373596 0.277344 0.373596 0.276367 0.375 0.272461 0.375 0.271484 0.376404 0.264648 0.376404 0.263672 0.377809 0.256836 0.377809 0.255859 0.379213 0.249023 0.379213 0.248047 0.380618 0.245117 0.380618 0.244141 0.382022 0.242188 0.382022 0.241211 0.383427 0.240234 0.383427 0.239258 0.384831 0.237305 0.384831 0.236328 0.386236 0.234375 0.386236 0.233398 0.38764 0.231445 0.38764 0.230469 0.389045 0.228516 0.389045 0.227539 0.390449 0.225586 0.390449 0.224609 0.391854 0.223633 0.391854 0.222656 0.393258 0.22168 0.393258 0.220703 0.394663 0.219727 0.394663 0.21875 0.396067 0.217773 0.396067 0.216797 0.397472 0.214844 0.397472 0.213867 0.398876 0.211914 0.398876 0.210938 0.400281 0.209961 0.400281 0.208984 0.401685 0.208008 0.401685 0.207031 0.40309 0.206055 0.40309 0.205078 0.404494 0.204102 0.404494 0.202148 0.407303 0.201172 0.407303 0.200195 0.408708 0.197266 0.408708 0.197266 0.441011 0.200195 0.441011 0.201172 0.442416 0.202148 0.442416 0.203125 0.44382 0.204102 0.44382 0.206055 0.446629 0.207031 0.446629 0.208984 0.449438 0.209961 0.449438 0.210938 0.450843 0.212891 0.450843 0.213867 0.452247 0.214844 0.452247 0.21582 0.453652 0.21875 0.453652 0.219727 0.455056 0.22168 0.455056 0.222656 0.456461 0.223633 0.456461 0.224609 0.457865 0.224609 0.462079 0.236328 0.462079 0.236328 0.456461 0.241211 0.449438 0.242188 0.449438 0.248047 0.441011 0.249023 0.441011 0.250977 0.438202 0.251953 0.438202 0.25293 0.436798 0.253906 0.436798 0.254883 0.435393 0.255859 0.435393 0.256836 0.433989 0.257812 0.433989 0.258789 0.432584 0.259766 0.432584 0.260742 0.43118 0.262695 0.43118 0.263672 0.429775 0.265625 0.429775 0.266602 0.428371 0.267578 0.428371 0.268555 0.426966 0.269531 0.426966 0.270508 0.425562 0.272461 0.425562 0.273438 0.424157 0.28125 0.424157 0.282227 0.425562 0.289062 0.425562 0.290039 0.424157 0.293945 0.424157 0.294922 0.422753 0.295898 0.422753 0.296875 0.421348 0.298828 0.421348 0.299805 0.419944 0.300781 0.419944 0.301758 0.418539 0.303711 0.418539 0.304688 0.417135 0.306641 0.417135 0.308594 0.414326 0.30957 0.414326 0.310547 0.412921 0.311523 0.412921 0.3125 0.411517 0.313477 0.411517 0.322266 0.398876 0.323242 0.398876 0.327148 0.393258 0.329102 0.393258 0.330078 0.391854 0.332031 0.391854 0.333008 0.390449 0.333984 0.390449 0.334961 0.389045 0.338867 0.389045 0.339844 0.38764 0.347656 0.38764 0.348633 0.389045 0.349609 0.389045 0.350586 0.38764 0.363281 0.38764 0.364258 0.386236 0.367188 0.386236 0.368164 0.384831 0.369141 0.384831 0.370117 0.383427 0.37207 0.383427 0.373047 0.382022 0.374023 0.382022 0.375 0.380618 0.376953 0.380618 0.37793 0.379213 0.378906 0.379213 0.379883 0.377809 0.380859 0.377809 0.382812 0.375 0.383789 0.375 0.386719 0.370787 0.387695 0.370787 0.390625 0.366573 0.390625 0.365169 0.393555 0.360955 0.393555 0.359551 0.394531 0.358146 0.394531 0.356742 0.396484 0.353933 0.399414 0.353933 0.399414 0.344101 0.396484 0.344101 0.390625 0.335674 0.389648 0.335674 0.388672 0.33427 0.388672 0.328652
1 0.856445 0.109551 0.856445 0.113764 0.854492 0.116573 0.852539 0.116573 0.851562 0.117978 0.848633 0.117978 0.847656 0.119382 0.84668 0.119382 0.845703 0.120787 0.84375 0.120787 0.842773 0.122191 0.841797 0.122191 0.84082 0.123596 0.839844 0.123596 0.838867 0.125 0.837891 0.125 0.836914 0.126404 0.835938 0.126404 0.834961 0.127809 0.833984 0.127809 0.833008 0.129213 0.832031 0.129213 0.831055 0.130618 0.830078 0.130618 0.829102 0.132022 0.828125 0.132022 0.827148 0.133427 0.825195 0.133427 0.824219 0.134831 0.822266 0.134831 0.821289 0.136236 0.819336 0.136236 0.818359 0.13764 0.811523 0.13764 0.810547 0.139045 0.807617 0.139045 0.806641 0.13764 0.805664 0.139045 0.804688 0.139045 0.803711 0.140449 0.802734 0.140449 0.801758 0.141854 0.800781 0.141854 0.798828 0.144663 0.797852 0.144663 0.795898 0.147472 0.794922 0.147472 0.793945 0.148876 0.792969 0.148876 0.791992 0.150281 0.791016 0.150281 0.790039 0.151685 0.789062 0.151685 0.788086 0.15309 0.787109 0.15309 0.786133 0.154494 0.785156 0.154494 0.78418 0.155899 0.783203 0.155899 0.782227 0.157303 0.780273 0.157303 0.779297 0.158708 0.77832 0.158708 0.777344 0.160112 0.776367 0.160112 0.775391 0.161517 0.773438 0.161517 0.772461 0.162921 0.770508 0.162921 0.769531 0.164326 0.767578 0.164326 0.766602 0.16573 0.765625 0.16573 0.764648 0.167135 0.763672 0.167135 0.761719 0.169944 0.760742 0.169944 0.758789 0.172753 0.758789 0.174157 0.754883 0.179775 0.754883 0.18118 0.744141 0.196629 0.740234 0.196629 0.740234 0.22191 0.744141 0.22191 0.746094 0.224719 0.74707 0.224719 0.748047 0.226124 0.749023 0.226124 0.75 0.227528 0.75 0.231742 0.769531 0.231742 0.769531 0.227528 0.771484 0.224719 0.774414 0.224719 0.775391 0.223315 0.77832 0.223315 0.779297 0.22191 0.783203 0.22191 0.78418 0.220506 0.785156 0.220506 0.786133 0.219101 0.787109 0.219101 0.790039 0.214888 0.791016 0.214888 0.795898 0.207865 0.796875 0.207865 0.797852 0.206461 0.798828 0.206461 0.800781 0.203652 0.801758 0.203652 0.802734 0.202247 0.804688 0.202247 0.805664 0.200843 0.806641 0.200843 0.807617 0.199438 0.80957 0.199438 0.810547 0.198034 0.811523 0.198034 0.8125 0.196629 0.813477 0.196629 0.814453 0.195225 0.816406 0.195225 0.817383 0.19382 0.818359 0.19382 0.819336 0.192416 0.820312 0.192416 0.821289 0.191011 0.823242 0.191011 0.824219 0.189607 0.826172 0.189607 0.827148 0.188202 0.830078 0.188202 0.831055 0.186798 0.834961 0.186798 0.835938 0.185393 0.84082 0.185393 0.841797 0.183989 0.842773 0.183989 0.84375 0.182584 0.844727 0.182584 0.845703 0.18118 0.847656 0.18118 0.848633 0.179775 0.851562 0.179775 0.852539 0.178371 0.855469 0.178371 0.856445 0.176966 0.859375 0.176966 0.860352 0.175562 0.861328 0.175562 0.862305 0.174157 0.864258 0.174157 0.865234 0.172753 0.866211 0.172753 0.867188 0.171348 0.868164 0.171348 0.869141 0.169944 0.871094 0.169944 0.87207 0.168539 0.873047 0.168539 0.874023 0.167135 0.875977 0.167135 0.876953 0.16573 0.878906 0.16573 0.879883 0.164326 0.882812 0.164326 0.883789 0.162921 0.885742 0.162921 0.886719 0.161517 0.889648 0.161517 0.890625 0.160112 0.893555 0.160112 0.894531 0.158708 0.896484 0.158708 0.897461 0.157303 0.899414 0.157303 0.900391 0.155899 0.901367 0.155899 0.902344 0.154494 0.90332 0.154494 0.904297 0.15309 0.905273 0.15309 0.90625 0.151685 0.907227 0.151685 0.914062 0.141854 0.914062 0.139045 0.915039 0.13764 0.915039 0.129213 0.914062 0.127809 0.914062 0.125 0.913086 0.123596 0.913086 0.122191 0.912109 0.120787 0.912109 0.119382 0.910156 0.116573 0.910156 0.115169 0.90918 0.113764 0.90918 0.109551
1 0.508789 0.699438 0.508789 0.703652 0.507812 0.705056 0.506836 0.705056 0.505859 0.706461 0.5 0.706461 0.499023 0.707865 0.496094 0.707865 0.495117 0.70927 0.494141 0.70927 0.493164 0.710674 0.492188 0.710674 0.491211 0.712079 0.489258 0.712079 0.488281 0.713483 0.486328 0.713483 0.485352 0.714888 0.484375 0.714888 0.483398 0.716292 0.482422 0.716292 0.481445 0.717697 0.479492 0.717697 0.478516 0.719101 0.477539 0.719101 0.476562 0.720506 0.475586 0.720506 0.474609 0.72191 0.473633 0.72191 0.472656 0.723315 0.470703 0.723315 0.469727 0.724719 0.46875 0.724719 0.467773 0.726124 0.466797 0.726124 0.46582 0.727528 0.463867 0.727528 0.462891 0.728933 0.461914 0.728933 0.459961 0.731742 0.458984 0.731742 0.458008 0.733146 0.457031 0.733146 0.456055 0.734551 0.455078 0.734551 0.453125 0.73736 0.452148 0.73736 0.450195 0.740169 0.448242 0.740169 0.447266 0.741573 0.446289 0.741573 0.445312 0.742977 0.444336 0.742977 0.443359 0.744382 0.442383 0.744382 0.441406 0.745786 0.438477 0.745786 0.4375 0.747191 0.436523 0.747191 0.435547 0.748595 0.43457 0.748595 0.433594 0.75 0.432617 0.75 0.431641 0.751405 0.430664 0.751405 0.428711 0.754214 0.427734 0.754214 0.425781 0.757023 0.424805 0.757023 0.421875 0.761236 0.420898 0.761236 0.415039 0.769663 0.412109 0.769663 0.412109 0.800562 0.416016 0.800562 0.416992 0.801966 0.417969 0.801966 0.418945 0.803371 0.419922 0.803371 0.420898 0.804775 0.421875 0.804775 0.422852 0.80618 0.422852 0.810393 0.446289 0.810393 0.446289 0.80618 0.447266 0.804775 0.448242 0.804775 0.449219 0.803371 0.452148 0.803371 0.453125 0.801966 0.454102 0.801966 0.455078 0.800562 0.457031 0.800562 0.458008 0.799157 0.458984 0.799157 0.459961 0.797753 0.460938 0.797753 0.461914 0.796348 0.463867 0.796348 0.464844 0.794944 0.466797 0.794944 0.46875 0.792135 0.469727 0.792135 0.470703 0.79073 0.47168 0.79073 0.472656 0.789326 0.473633 0.789326 0.474609 0.787921 0.475586 0.787921 0.476562 0.786517 0.477539 0.786517 0.478516 0.785112 0.479492 0.785112 0.480469 0.783708 0.481445 0.783708 0.482422 0.782303 0.484375 0.782303 0.485352 0.780899 0.486328 0.780899 0.487305 0.779494 0.488281 0.779494 0.489258 0.77809 0.491211 0.77809 0.492188 0.776685 0.493164 0.776685 0.494141 0.775281 0.495117 0.775281 0.496094 0.773876 0.49707 0.773876 0.498047 0.772472 0.5 0.772472 0.500977 0.771067 0.501953 0.771067 0.50293 0.769663 0.503906 0.769663 0.504883 0.768258 0.506836 0.768258 0.507812 0.766854 0.508789 0.766854 0.509766 0.765449 0.511719 0.765449 0.512695 0.764045 0.513672 0.764045 0.514648 0.76264 0.516602 0.76264 0.517578 0.761236 0.520508 0.761236 0.521484 0.759831 0.522461 0.759831 0.523438 0.758427 0.525391 0.758427 0.526367 0.757023 0.529297 0.757023 0.530273 0.755618 0.532227 0.755618 0.533203 0.754214 0.535156 0.754214 0.536133 0.752809 0.537109 0.752809 0.538086 0.751405 0.539062 0.751405 0.540039 0.75 0.541992 0.75 0.542969 0.748595 0.543945 0.748595 0.544922 0.747191 0.545898 0.747191 0.546875 0.745786 0.547852 0.745786 0.548828 0.744382 0.549805 0.744382 0.550781 0.742977 0.551758 0.742977 0.552734 0.741573 0.553711 0.741573 0.555664 0.738764 0.556641 0.738764 0.556641 0.73736 0.55957 0.733146 0.563477 0.733146 0.563477 0.706461 0.55957 0.706461 0.558594 0.705056 0.558594 0.699438
1 0.740234 0.474719 0.740234 0.508427 0.744141 0.508427 0.746094 0.511236 0.74707 0.511236 0.75293 0.519663 0.753906 0.519663 0.757812 0.525281 0.758789 0.525281 0.762695 0.530899 0.763672 0.530899 0.770508 0.54073 0.771484 0.54073 0.773438 0.543539 0.773438 0.544944 0.776367 0.549157 0.776367 0.550562 0.777344 0.551966 0.777344 0.553371 0.779297 0.55618 0.779297 0.557584 0.78125 0.560393 0.78125 0.561798 0.782227 0.563202 0.782227 0.564607 0.788086 0.573034 0.789062 0.573034 0.791016 0.575843 0.791992 0.575843 0.793945 0.578652 0.794922 0.578652 0.795898 0.580056 0.796875 0.580056 0.797852 0.581461 0.798828 0.581461 0.799805 0.582865 0.800781 0.582865 0.801758 0.58427 0.802734 0.58427 0.803711 0.585674 0.804688 0.585674 0.806641 0.588483 0.807617 0.588483 0.808594 0.589888 0.80957 0.589888 0.810547 0.591292 0.811523 0.591292 0.813477 0.594101 0.814453 0.594101 0.816406 0.59691 0.817383 0.59691 0.819336 0.599719 0.820312 0.599719 0.821289 0.601124 0.822266 0.601124 0.823242 0.602528 0.824219 0.602528 0.825195 0.603933 0.826172 0.603933 0.827148 0.605337 0.828125 0.605337 0.829102 0.606742 0.830078 0.606742 0.832031 0.609551 0.833984 0.609551 0.834961 0.610955 0.835938 0.610955 0.836914 0.61236 0.837891 0.61236 0.838867 0.613764 0.839844 0.613764 0.84082 0.615169 0.84082 0.619382 0.854492 0.619382 0.854492 0.615169 0.858398 0.609551 0.859375 0.609551 0.861328 0.606742 0.861328 0.601124 0.857422 0.595506 0.857422 0.594101 0.853516 0.588483 0.852539 0.588483 0.849609 0.58427 0.848633 0.58427 0.84375 0.577247 0.84375 0.575843 0.841797 0.573034 0.841797 0.571629 0.832031 0.557584 0.831055 0.557584 0.829102 0.554775 0.828125 0.554775 0.822266 0.546348 0.821289 0.546348 0.819336 0.543539 0.818359 0.543539 0.814453 0.537921 0.813477 0.537921 0.811523 0.535112 0.810547 0.535112 0.802734 0.523876 0.802734 0.522472 0.801758 0.521067 0.801758 0.519663 0.800781 0.518258 0.800781 0.515449 0.799805 0.514045 0.799805 0.51264 0.798828 0.511236 0.798828 0.508427 0.797852 0.507023 0.797852 0.505618 0.796875 0.504214 0.796875 0.502809 0.791992 0.495787 0.791016 0.495787 0.790039 0.494382 0.789062 0.494382 0.788086 0.492978 0.787109 0.492978 0.786133 0.491573 0.785156 0.491573 0.78418 0.490169 0.783203 0.490169 0.782227 0.488764 0.78125 0.488764 0.780273 0.48736 0.779297 0.48736 0.77832 0.485955 0.777344 0.485955 0.776367 0.484551 0.774414 0.484551 0.773438 0.483146 0.772461 0.483146 0.771484 0.481742 0.770508 0.481742 0.769531 0.480337 0.768555 0.480337 0.767578 0.478933 0.767578 0.474719
1 0.558594 0.0477528 0.558594 0.0519663 0.555664 0.0561798 0.553711 0.0561798 0.552734 0.0575843 0.548828 0.0575843 0.548828 0.0814607 0.551758 0.0814607 0.554688 0.0856742 0.554688 0.0884831 0.555664 0.0898876 0.555664 0.0926966 0.556641 0.0941011 0.556641 0.0955056 0.557617 0.0969101 0.557617 0.0983146 0.558594 0.0997191 0.558594 0.101124 0.55957 0.102528 0.55957 0.103933 0.561523 0.106742 0.561523 0.108146 0.5625 0.109551 0.5625 0.110955 0.563477 0.11236 0.563477 0.113764 0.56543 0.116573 0.56543 0.117978 0.567383 0.120787 0.567383 0.122191 0.570312 0.126404 0.570312 0.127809 0.572266 0.130618 0.572266 0.132022 0.574219 0.134831 0.574219 0.136236 0.576172 0.139045 0.576172 0.140449 0.59082 0.161517 0.591797 0.161517 0.595703 0.167135 0.59668 0.167135 0.598633 0.169944 0.599609 0.169944 0.606445 0.179775 0.606445 0.18118 0.609375 0.185393 0.609375 0.186798 0.617188 0.198034 0.618164 0.198034 0.620117 0.200843 0.621094 0.200843 0.623047 0.203652 0.624023 0.203652 0.625977 0.206461 0.626953 0.206461 0.628906 0.20927 0.629883 0.20927 0.631836 0.212079 0.632812 0.212079 0.633789 0.213483 0.634766 0.213483 0.635742 0.214888 0.636719 0.214888 0.638672 0.217697 0.639648 0.217697 0.640625 0.219101 0.641602 0.219101 0.642578 0.220506 0.643555 0.220506 0.644531 0.22191 0.646484 0.22191 0.647461 0.223315 0.649414 0.223315 0.650391 0.224719 0.652344 0.224719 0.65332 0.226124 0.655273 0.226124 0.65625 0.227528 0.657227 0.227528 0.658203 0.228933 0.660156 0.228933 0.661133 0.230337 0.664062 0.230337 0.665039 0.231742 0.672852 0.231742 0.672852 0.206461 0.669922 0.206461 0.666016 0.200843 0.666016 0.199438 0.665039 0.198034 0.664062 0.198034 0.661133 0.19382 0.660156 0.19382 0.658203 0.191011 0.657227 0.191011 0.65625 0.189607 0.655273 0.189607 0.652344 0.185393 0.651367 0.185393 0.647461 0.179775 0.646484 0.179775 0.643555 0.175562 0.643555 0.174157 0.636719 0.164326 0.636719 0.162921 0.634766 0.160112 0.634766 0.158708 0.632812 0.155899 0.632812 0.154494 0.629883 0.150281 0.629883 0.148876 0.628906 0.147472 0.628906 0.146067 0.626953 0.143258 0.626953 0.141854 0.625977 0.140449 0.625977 0.139045 0.625 0.13764 0.625 0.136236 0.624023 0.134831 0.624023 0.133427 0.62207 0.130618 0.62207 0.129213 0.620117 0.126404 0.620117 0.125 0.615234 0.117978 0.615234 0.116573 0.611328 0.110955 0.610352 0.110955 0.607422 0.106742 0.606445 0.106742 0.604492 0.103933 0.603516 0.103933 0.602539 0.102528 0.601562 0.102528 0.599609 0.0997191 0.598633 0.0997191 0.589844 0.0870787 0.589844 0.0856742 0.586914 0.0814607 0.586914 0.0800562 0.584961 0.0772472 0.584961 0.0758427 0.583984 0.0744382 0.583984 0.0730337 0.583008 0.0716292 0.583008 0.0702247 0.582031 0.0688202 0.582031 0.0660112 0.581055 0.0646067 0.581055 0.0617978 0.580078 0.0603933 0.580078 0.0575843 0.579102 0.0561798 0.579102 0.0547753 0.577148 0.0519663 0.577148 0.0477528
1 0.775391 0.384831 0.775391 0.410112 0.77832 0.410112 0.789062 0.425562 0.789062 0.426966 0.790039 0.428371 0.790039 0.429775 0.791016 0.43118 0.791016 0.435393 0.791992 0.436798 0.791992 0.446629 0.792969 0.448034 0.792969 0.452247 0.793945 0.453652 0.793945 0.456461 0.794922 0.457865 0.794922 0.460674 0.795898 0.462079 0.795898 0.464888 0.796875 0.466292 0.796875 0.469101 0.797852 0.470506 0.797852 0.474719 0.798828 0.476124 0.798828 0.478933 0.799805 0.480337 0.799805 0.490169 0.800781 0.491573 0.800781 0.497191 0.801758 0.498596 0.801758 0.502809 0.802734 0.504214 0.802734 0.507023 0.803711 0.508427 0.803711 0.51264 0.804688 0.514045 0.804688 0.515449 0.805664 0.516854 0.805664 0.519663 0.811523 0.52809 0.8125 0.52809 0.814453 0.530899 0.81543 0.530899 0.818359 0.535112 0.819336 0.535112 0.820312 0.536517 0.821289 0.536517 0.824219 0.54073 0.824219 0.542135 0.831055 0.551966 0.832031 0.551966 0.836914 0.558989 0.837891 0.558989 0.851562 0.578652 0.852539 0.578652 0.854492 0.581461 0.855469 0.581461 0.857422 0.58427 0.858398 0.58427 0.863281 0.591292 0.863281 0.592697 0.865234 0.595506 0.865234 0.59691 0.867188 0.599719 0.867188 0.601124 0.876953 0.615169 0.87793 0.615169 0.879883 0.617977 0.879883 0.619382 0.880859 0.620786 0.881836 0.620786 0.883789 0.623595 0.884766 0.623595 0.885742 0.622191 0.886719 0.622191 0.888672 0.619382 0.891602 0.619382 0.892578 0.620786 0.893555 0.620786 0.895508 0.623595 0.896484 0.623595 0.904297 0.634831 0.905273 0.634831 0.922852 0.660112 0.923828 0.660112 0.929688 0.668539 0.930664 0.668539 0.932617 0.671348 0.933594 0.671348 0.93457 0.672753 0.935547 0.672753 0.936523 0.674157 0.9375 0.674157 0.938477 0.675562 0.94043 0.675562 0.941406 0.676966 0.942383 0.676966 0.943359 0.678371 0.945312 0.678371 0.946289 0.679775 0.947266 0.678371 0.947266 0.676966 0.948242 0.675562 0.952148 0.675562 0.954102 0.678371 0.956055 0.678371 0.957031 0.679775 0.958008 0.679775 0.958984 0.68118 0.959961 0.68118 0.960938 0.682584 0.961914 0.682584 0.962891 0.683989 0.963867 0.683989 0.964844 0.685393 0.96582 0.685393 0.96875 0.689607 0.969727 0.689607 0.970703 0.691011 0.972656 0.691011 0.973633 0.692416 0.974609 0.692416 0.975586 0.69382 0.976562 0.69382 0.978516 0.696629 0.986328 0.696629 0.987305 0.698034 0.988281 0.698034 0.989258 0.699438 0.989258 0.700843 0.990234 0.700843 0.993164 0.705056 0.993164 0.706461 0.994141 0.707865 0.994141 0.706461 0.995117 0.705056 0.995117 0.699438 0.99707 0.696629 0.999023 0.696629 0.999023 0.654494 0.996094 0.654494 0.995117 0.65309 0.990234 0.65309 0.989258 0.651685 0.981445 0.651685 0.980469 0.650281 0.978516 0.650281 0.977539 0.648876 0.976562 0.648876 0.975586 0.647472 0.974609 0.647472 0.97168 0.643258 0.970703 0.643258 0.969727 0.641854 0.96875 0.641854 0.96582 0.63764 0.964844 0.63764 0.959961 0.630618 0.959961 0.629214 0.958984 0.627809 0.958984 0.626405 0.955078 0.620786 0.955078 0.619382 0.954102 0.619382 0.943359 0.603933 0.942383 0.603933 0.94043 0.601124 0.939453 0.601124 0.938477 0.599719 0.9375 0.599719 0.935547 0.59691 0.93457 0.59691 0.933594 0.595506 0.932617 0.595506 0.931641 0.594101 0.930664 0.594101 0.928711 0.591292 0.927734 0.591292 0.924805 0.587079 0.923828 0.587079 0.921875 0.58427 0.920898 0.58427 0.917969 0.580056 0.916992 0.580056 0.915039 0.577247 0.914062 0.577247 0.913086 0.575843 0.912109 0.575843 0.911133 0.574438 0.910156 0.574438 0.90918 0.573034 0.907227 0.573034 0.90625 0.571629 0.905273 0.571629 0.904297 0.570225 0.902344 0.570225 0.901367 0.56882 0.900391 0.56882 0.898438 0.566011 0.897461 0.566011 0.896484 0.564607 0.895508 0.564607 0.893555 0.561798 0.892578 0.561798 0.874023 0.535112 0.873047 0.535112 0.869141 0.529494 0.868164 0.529494 0.864258 0.523876 0.863281 0.523876 0.861328 0.521067 0.860352 0.521067 0.859375 0.519663 0.858398 0.519663 0.856445 0.516854 0.855469 0.516854 0.854492 0.515449 0.853516 0.515449 0.847656 0.507023 0.847656 0.505618 0.844727 0.501405 0.844727 0.5 0.84375 0.498596 0.84375 0.497191 0.842773 0.495787 0.842773 0.492978 0.841797 0.491573 0.841797 0.490169 0.84082 0.488764 0.84082 0.484551 0.839844 0.483146 0.839844 0.480337 0.838867 0.478933 0.838867 0.477528 0.837891 0.476124 0.837891 0.473315 0.836914 0.47191 0.836914 0.470506 0.835938 0.469101 0.835938 0.467697 0.834961 0.466292 0.834961 0.464888 0.833008 0.462079 0.833008 0.460674 0.832031 0.45927 0.832031 0.457865 0.831055 0.456461 0.831055 0.455056 0.830078 0.453652 0.830078 0.452247 0.828125 0.449438 0.828125 0.448034 0.827148 0.446629 0.827148 0.445225 0.826172 0.44382 0.826172 0.442416 0.824219 0.439607 0.824219 0.438202 0.823242 0.436798 0.823242 0.435393 0.822266 0.433989 0.822266 0.432584 0.821289 0.43118 0.821289 0.429775 0.819336 0.426966 0.819336 0.425562 0.818359 0.424157 0.818359 0.422753 0.816406 0.419944 0.816406 0.418539 0.81543 0.417135 0.81543 0.41573 0.814453 0.414326 0.814453 0.412921 0.8125 0.410112 0.8125 0.408708 0.811523 0.407303 0.811523 0.405899 0.810547 0.404494 0.810547 0.40309 0.80957 0.401685 0.80957 0.400281 0.807617 0.397472 0.807617 0.396067 0.806641 0.394663 0.806641 0.393258 0.804688 0.390449 0.804688 0.384831
0 0.0478516 0 0.0478516 0.00140449 0.0449219 0.00561798 0.0439453 0.00561798 0.0419922 0.00842697 0.0410156 0.00842697 0.0400391 0.00983146 0.0390625 0.00983146 0.0380859 0.011236 0.0371094 0.011236 0.0351562 0.0140449 0.0341797 0.0140449 0.0322266 0.0168539 0.03125 0.0168539 0.0283203 0.0210674 0.0273438 0.0210674 0.0117188 0.0435393 0.0117188 0.0449438 0.00683594 0.0519663 0.00683594 0.0533708 0.00585938 0.0547753 0.00488281 0.0547753 0.00195312 0.0589888 0 0.0589888 0 0.182584 0.000976562 0.182584 0.00195312 0.18118 0.00390625 0.18118 0.00488281 0.179775 0.00683594 0.179775 0.0078125 0.178371 0.00878906 0.178371 0.00976562 0.176966 0.0117188 0.176966 0.0126953 0.175562 0.0146484 0.175562 0.015625 0.174157 0.0175781 0.174157 0.0185547 0.172753 0.0195312 0.172753 0.0205078 0.171348 0.0214844 0.171348 0.0224609 0.169944 0.0244141 0.169944 0.0253906 0.168539 0.0273438 0.168539 0.0283203 0.167135 0.0302734 0.167135 0.03125 0.16573 0.0332031 0.16573 0.0341797 0.164326 0.0361328 0.164326 0.0371094 0.162921 0.0390625 0.162921 0.0400391 0.161517 0.0410156 0.161517 0.0419922 0.160112 0.0429688 0.160112 0.0439453 0.158708 0.0458984 0.158708 0.046875 0.157303 0.0488281 0.157303 0.0498047 0.155899 0.0517578 0.155899 0.0527344 0.154494 0.0546875 0.154494 0.0556641 0.15309 0.0566406 0.15309 0.0576172 0.151685 0.0595703 0.151685 0.0605469 0.150281 0.0615234 0.150281 0.0625 0.148876 0.0634766 0.148876 0.0644531 0.147472 0.0654297 0.147472 0.0673828 0.144663 0.0683594 0.144663 0.0693359 0.143258 0.0703125 0.143258 0.0722656 0.140449 0.0732422 0.140449 0.0751953 0.13764 0.0761719 0.13764 0.0771484 0.136236 0.078125 0.136236 0.0791016 0.134831 0.0800781 0.134831 0.0810547 0.133427 0.0820312 0.133427 0.0830078 0.132022 0.0839844 0.132022 0.0849609 0.130618 0.0859375 0.130618 0.0869141 0.129213 0.0878906 0.129213 0.0888672 0.127809 0.0898438 0.127809 0.0908203 0.126404 0.0917969 0.126404 0.0927734 0.125 0.0947266 0.125 0.0957031 0.123596 0.0966797 0.123596 0.0976562 0.122191 0.0986328 0.122191 0.0996094 0.120787 0.100586 0.120787 0.102539 0.117978 0.103516 0.117978 0.106445 0.113764 0.107422 0.113764 0.108398 0.11236 0.110352 0.11236 0.111328 0.110955 0.112305 0.110955 0.113281 0.109551 0.114258 0.109551 0.115234 0.108146 0.116211 0.108146 0.117188 0.106742 0.118164 0.106742 0.119141 0.105337 0.120117 0.105337 0.121094 0.103933 0.12207 0.103933 0.124023 0.101124 0.125 0.101124 0.125977 0.0997191 0.126953 0.0997191 0.134766 0.0884831 0.134766 0.0870787 0.138672 0.0814607 0.138672 0.0800562 0.142578 0.0744382 0.142578 0.0730337 0.143555 0.0716292 0.143555 0.0702247 0.145508 0.0674157 0.145508 0.0660112 0.146484 0.0646067 0.146484 0.0617978 0.147461 0.0603933 0.147461 0.0589888 0.148438 0.0575843 0.148438 0.0561798 0.149414 0.0547753 0.149414 0.0533708 0.150391 0.0519663 0.150391 0.0505618 0.151367 0.0491573 0.151367 0.0477528 0.15332 0.0449438 0.15332 0.0435393 0.155273 0.0407303 0.155273 0.0393258 0.15625 0.0379213 0.15625 0.0365169 0.157227 0.0351124 0.157227 0.0323034 0.158203 0.0308989 0.158203 0.0266854 0.15918 0.0252809 0.15918 0.0210674 0.160156 0.0196629 0.160156 0.0140449 0.161133 0.0126404 0.161133 0.00561798 0.160156 0.00421348 0.160156 0
1 0.390625 0.367978 0.390625 0.372191 0.388672 0.375 0.387695 0.375 0.384766 0.379213 0.383789 0.379213 0.382812 0.380618 0.380859 0.380618 0.379883 0.382022 0.378906 0.382022 0.376953 0.384831 0.375977 0.384831 0.375 0.386236 0.373047 0.386236 0.37207 0.38764 0.371094 0.38764 0.370117 0.389045 0.368164 0.389045 0.367188 0.390449 0.365234 0.390449 0.364258 0.391854 0.361328 0.391854 0.360352 0.393258 0.357422 0.393258 0.356445 0.394663 0.354492 0.394663 0.353516 0.396067 0.350586 0.396067 0.349609 0.397472 0.345703 0.397472 0.344727 0.398876 0.342773 0.398876 0.341797 0.400281 0.339844 0.400281 0.338867 0.401685 0.336914 0.401685 0.335938 0.40309 0.333984 0.40309 0.333008 0.404494 0.331055 0.404494 0.329102 0.407303 0.327148 0.407303 0.326172 0.408708 0.324219 0.408708 0.323242 0.410112 0.322266 0.410112 0.321289 0.411517 0.320312 0.411517 0.319336 0.412921 0.318359 0.412921 0.317383 0.414326 0.31543 0.414326 0.313477 0.417135 0.3125 0.417135 0.311523 0.418539 0.310547 0.418539 0.30957 0.419944 0.307617 0.419944 0.306641 0.421348 0.302734 0.421348 0.302734 0.44382 0.306641 0.44382 0.308594 0.446629 0.30957 0.446629 0.310547 0.448034 0.311523 0.448034 0.3125 0.449438 0.313477 0.449438 0.314453 0.450843 0.31543 0.450843 0.316406 0.452247 0.317383 0.452247 0.318359 0.453652 0.320312 0.453652 0.321289 0.455056 0.324219 0.455056 0.325195 0.456461 0.327148 0.456461 0.328125 0.457865 0.328125 0.462079 0.336914 0.462079 0.336914 0.457865 0.337891 0.456461 0.338867 0.456461 0.339844 0.455056 0.34375 0.455056 0.344727 0.453652 0.34668 0.453652 0.347656 0.452247 0.348633 0.452247 0.349609 0.450843 0.350586 0.450843 0.351562 0.449438 0.352539 0.449438 0.353516 0.448034 0.354492 0.448034 0.355469 0.446629 0.356445 0.446629 0.357422 0.445225 0.358398 0.445225 0.360352 0.442416 0.361328 0.442416 0.362305 0.441011 0.363281 0.441011 0.366211 0.436798 0.367188 0.436798 0.368164 0.435393 0.370117 0.435393 0.37207 0.432584 0.374023 0.432584 0.375 0.43118 0.379883 0.43118 0.380859 0.429775 0.387695 0.429775 0.388672 0.428371 0.393555 0.428371 0.394531 0.426966 0.402344 0.426966 0.40332 0.425562 0.416992 0.425562 0.417969 0.424157 0.427734 0.424157 0.428711 0.425562 0.446289 0.425562 0.447266 0.424157 0.449219 0.424157 0.450195 0.422753 0.454102 0.422753 0.455078 0.421348 0.46875 0.421348 0.469727 0.419944 0.482422 0.419944 0.483398 0.418539 0.487305 0.418539 0.488281 0.417135 0.489258 0.417135 0.490234 0.41573 0.491211 0.41573 0.492188 0.414326 0.493164 0.414326 0.494141 0.412921 0.495117 0.412921 0.49707 0.410112 0.498047 0.410112 0.499023 0.408708 0.5 0.408708 0.500977 0.407303 0.501953 0.407303 0.504883 0.40309 0.508789 0.40309 0.508789 0.38764 0.505859 0.38764 0.503906 0.384831 0.50293 0.384831 0.499023 0.379213 0.498047 0.379213 0.49707 0.377809 0.496094 0.377809 0.495117 0.376404 0.494141 0.376404 0.493164 0.375 0.492188 0.375 0.490234 0.372191 0.490234 0.367978
1 0.240234 0.530899 0.240234 0.550562 0.243164 0.550562 0.24707 0.55618 0.248047 0.55618 0.254883 0.566011 0.255859 0.566011 0.259766 0.571629 0.259766 0.573034 0.265625 0.581461 0.265625 0.582865 0.268555 0.587079 0.268555 0.588483 0.270508 0.591292 0.270508 0.592697 0.273438 0.59691 0.273438 0.598315 0.275391 0.601124 0.275391 0.602528 0.280273 0.609551 0.280273 0.610955 0.286133 0.619382 0.286133 0.620786 0.290039 0.626405 0.290039 0.627809 0.293945 0.633427 0.293945 0.634831 0.301758 0.646067 0.301758 0.647472 0.302734 0.648876 0.303711 0.648876 0.305664 0.651685 0.305664 0.65309 0.30957 0.658708 0.30957 0.660112 0.314453 0.667135 0.31543 0.667135 0.321289 0.675562 0.321289 0.676966 0.325195 0.682584 0.325195 0.683989 0.326172 0.685393 0.326172 0.686798 0.327148 0.688202 0.327148 0.689607 0.328125 0.691011 0.328125 0.692416 0.330078 0.695225 0.330078 0.696629 0.333008 0.700843 0.333008 0.702247 0.333984 0.703652 0.334961 0.703652 0.338867 0.70927 0.339844 0.70927 0.351562 0.726124 0.351562 0.727528 0.371094 0.755618 0.37207 0.755618 0.374023 0.758427 0.375 0.758427 0.375977 0.759831 0.375977 0.765449 0.388672 0.765449 0.388672 0.761236 0.390625 0.758427 0.391602 0.758427 0.395508 0.752809 0.399414 0.752809 0.399414 0.731742 0.396484 0.731742 0.394531 0.728933 0.394531 0.726124 0.392578 0.723315 0.392578 0.720506 0.381836 0.705056 0.381836 0.703652 0.379883 0.700843 0.379883 0.699438 0.378906 0.698034 0.378906 0.696629 0.37793 0.695225 0.37793 0.69382 0.376953 0.692416 0.376953 0.691011 0.375 0.688202 0.375 0.686798 0.373047 0.683989 0.373047 0.682584 0.37207 0.68118 0.37207 0.679775 0.371094 0.678371 0.371094 0.676966 0.370117 0.675562 0.370117 0.674157 0.369141 0.672753 0.369141 0.671348 0.368164 0.669944 0.368164 0.668539 0.367188 0.667135 0.367188 0.66573 0.366211 0.664326 0.366211 0.662921 0.365234 0.661517 0.365234 0.660112 0.364258 0.658708 0.364258 0.657303 0.362305 0.654494 0.362305 0.65309 0.361328 0.651685 0.361328 0.650281 0.359375 0.647472 0.359375 0.646067 0.355469 0.640449 0.355469 0.639045 0.353516 0.636236 0.353516 0.634831 0.347656 0.626405 0.34668 0.626405 0.344727 0.623595 0.34375 0.623595 0.34082 0.619382 0.339844 0.619382 0.328125 0.602528 0.328125 0.601124 0.325195 0.59691 0.325195 0.595506 0.321289 0.589888 0.321289 0.588483 0.317383 0.582865 0.317383 0.581461 0.31543 0.578652 0.31543 0.577247 0.308594 0.567416 0.308594 0.566011 0.303711 0.558989 0.302734 0.558989 0.300781 0.55618 0.298828 0.55618 0.297852 0.554775 0.295898 0.554775 0.294922 0.553371 0.291016 0.553371 0.290039 0.551966 0.287109 0.551966 0.286133 0.550562 0.285156 0.551966 0.282227 0.551966 0.28125 0.550562 0.279297 0.550562 0.27832 0.549157 0.277344 0.549157 0.276367 0.547753 0.275391 0.547753 0.272461 0.543539 0.271484 0.543539 0.268555 0.539326 0.267578 0.539326 0.264648 0.535112 0.264648 0.530899
1 0.355469 0.733146 0.355469 0.738764 0.359375 0.744382 0.359375 0.747191 0.360352 0.748595 0.360352 0.75 0.361328 0.751405 0.361328 0.755618 0.360352 0.757023 0.359375 0.757023 0.357422 0.759831 0.356445 0.759831 0.356445 0.773876 0.357422 0.775281 0.357422 0.77809 0.361328 0.783708 0.362305 0.783708 0.363281 0.785112 0.364258 0.785112 0.365234 0.786517 0.366211 0.786517 0.370117 0.792135 0.371094 0.792135 0.375 0.797753 0.375977 0.797753 0.37793 0.800562 0.37793 0.801966 0.378906 0.803371 0.378906 0.804775 0.380859 0.807584 0.381836 0.807584 0.382812 0.808989 0.383789 0.808989 0.385742 0.811798 0.385742 0.816011 0.387695 0.81882 0.387695 0.820225 0.398438 0.835674 0.399414 0.835674 0.400391 0.837079 0.400391 0.838483 0.401367 0.838483 0.417969 0.86236 0.417969 0.863764 0.418945 0.865169 0.418945 0.866573 0.420898 0.869382 0.420898 0.870786 0.421875 0.872191 0.421875 0.873595 0.422852 0.875 0.422852 0.876405 0.423828 0.877809 0.423828 0.879214 0.425781 0.882023 0.425781 0.883427 0.426758 0.884831 0.426758 0.886236 0.427734 0.88764 0.427734 0.889045 0.430664 0.893258 0.430664 0.894663 0.433594 0.898876 0.433594 0.900281 0.443359 0.914326 0.443359 0.91573 0.444336 0.91573 0.452148 0.926966 0.452148 0.928371 0.457031 0.935393 0.457031 0.938202 0.458008 0.939607 0.458008 0.941011 0.458984 0.942416 0.458984 0.94382 0.467773 0.956461 0.46875 0.956461 0.469727 0.957865 0.470703 0.957865 0.47168 0.95927 0.472656 0.95927 0.473633 0.960674 0.474609 0.960674 0.475586 0.962079 0.475586 0.967697 0.505859 0.967697 0.505859 0.962079 0.507812 0.95927 0.508789 0.95927 0.512695 0.953652 0.516602 0.953652 0.516602 0.928371 0.512695 0.928371 0.507812 0.921348 0.506836 0.921348 0.5 0.911517 0.499023 0.911517 0.494141 0.904494 0.494141 0.90309 0.466797 0.863764 0.466797 0.86236 0.459961 0.852528 0.459961 0.851124 0.458008 0.848315 0.457031 0.848315 0.454102 0.844101 0.453125 0.844101 0.450195 0.839888 0.449219 0.839888 0.447266 0.837079 0.446289 0.837079 0.445312 0.835674 0.444336 0.835674 0.443359 0.83427 0.442383 0.83427 0.441406 0.832865 0.438477 0.832865 0.4375 0.831461 0.43457 0.831461 0.433594 0.830056 0.431641 0.830056 0.430664 0.828652 0.429688 0.828652 0.426758 0.824438 0.425781 0.824438 0.422852 0.820225 0.421875 0.820225 0.417969 0.814607 0.417969 0.813202 0.415039 0.808989 0.415039 0.807584 0.414062 0.80618 0.414062 0.804775 0.413086 0.803371 0.413086 0.801966 0.412109 0.800562 0.412109 0.799157 0.408203 0.793539 0.408203 0.792135 0.407227 0.79073 0.407227 0.789326 0.40625 0.787921 0.40625 0.786517 0.405273 0.785112 0.405273 0.782303 0.40332 0.779494 0.40332 0.77809 0.395508 0.766854 0.394531 0.766854 0.390625 0.761236 0.390625 0.759831 0.391602 0.758427 0.392578 0.758427 0.392578 0.757023 0.396484 0.751405 0.396484 0.748595 0.397461 0.747191 0.397461 0.742977 0.396484 0.741573 0.396484 0.738764 0.395508 0.73736 0.395508 0.733146
1 0.274414 0.771067 0.271484 0.771067 0.270508 0.769663 0.266602 0.769663 0.265625 0.771067 0.267578 0.773876 0.274414 0.773876 0.274414 0.771067 0.288086 0.698034 0.287109 0.698034 0.286133 0.696629 0.285156 0.696629 0.283203 0.69382 0.260742 0.724719 0.259766 0.724719 0.257812 0.72191 0.256836 0.72191 0.254883 0.719101 0.253906 0.719101 0.25293 0.717697 0.251953 0.717697 0.25 0.714888 0.249023 0.714888 0.24707 0.712079 0.246094 0.712079 0.243164 0.707865 0.242188 0.707865 0.240234 0.705056 0.239258 0.705056 0.232422 0.695225 0.232422 0.69382 0.230469 0.691011 0.230469 0.689607 0.228516 0.686798 0.228516 0.685393 0.226562 0.682584 0.226562 0.68118 0.225586 0.679775 0.225586 0.678371 0.223633 0.675562 0.223633 0.674157 0.22168 0.671348 0.22168 0.669944 0.219727 0.667135 0.219727 0.66573 0.21875 0.664326 0.21875 0.662921 0.217773 0.661517 0.217773 0.660112 0.216797 0.658708 0.216797 0.655899 0.21582 0.654494 0.21582 0.65309 0.214844 0.651685 0.214844 0.650281 0.213867 0.648876 0.213867 0.647472 0.212891 0.646067 0.212891 0.644663 0.210938 0.641854 0.210938 0.639045 0.209961 0.63764 0.209961 0.636236 0.208984 0.634831 0.208984 0.632023 0.208008 0.630618 0.208008 0.629214 0.207031 0.627809 0.207031 0.626405 0.206055 0.625 0.206055 0.623595 0.205078 0.622191 0.205078 0.619382 0.202148 0.615169 0.202148 0.613764 0.201172 0.61236 0.201172 0.609551 0.200195 0.608146 0.200195 0.605337 0.199219 0.603933 0.199219 0.602528 0.198242 0.601124 0.198242 0.598315 0.197266 0.59691 0.197266 0.595506 0.195312 0.592697 0.195312 0.591292 0.193359 0.588483 0.193359 0.585674 0.191406 0.582865 0.191406 0.581461 0.183594 0.570225 0.183594 0.564607 0.164062 0.564607 0.164062 0.56882 0.163086 0.570225 0.163086 0.571629 0.161133 0.574438 0.158203 0.574438 0.158203 0.613764 0.161133 0.613764 0.163086 0.616573 0.164062 0.616573 0.166016 0.619382 0.166016 0.620786 0.166992 0.622191 0.166992 0.623595 0.167969 0.625 0.167969 0.630618 0.168945 0.632023 0.168945 0.639045 0.169922 0.640449 0.169922 0.644663 0.170898 0.646067 0.170898 0.650281 0.171875 0.651685 0.171875 0.655899 0.172852 0.657303 0.172852 0.660112 0.174805 0.662921 0.174805 0.664326 0.176758 0.667135 0.176758 0.668539 0.181641 0.675562 0.181641 0.676966 0.182617 0.676966 0.18457 0.679775 0.18457 0.68118 0.19043 0.689607 0.19043 0.691011 0.191406 0.692416 0.191406 0.69382 0.193359 0.696629 0.193359 0.698034 0.197266 0.703652 0.197266 0.705056 0.203125 0.713483 0.203125 0.714888 0.208008 0.72191 0.208984 0.72191 0.212891 0.727528 0.213867 0.727528 0.216797 0.731742 0.217773 0.731742 0.219727 0.734551 0.220703 0.734551 0.22168 0.735955 0.222656 0.735955 0.224609 0.738764 0.225586 0.738764 0.227539 0.741573 0.228516 0.741573 0.229492 0.742977 0.231445 0.742977 0.232422 0.744382 0.233398 0.744382 0.235352 0.747191 0.236328 0.747191 0.237305 0.748595 0.239258 0.748595 0.240234 0.75 0.241211 0.75 0.242188 0.751405 0.243164 0.751405 0.245117 0.754214 0.246094 0.754214 0.250977 0.761236 0.255859 0.761236 0.257812 0.758427 0.258789 0.758427 0.258789 0.757023 0.259766 0.755618 0.259766 0.754214 0.262695 0.75 0.267578 0.75 0.270508 0.754214 0.270508 0.755618 0.271484 0.757023 0.271484 0.758427 0.272461 0.759831 0.273438 0.759831 0.274414 0.761236 0.275391 0.761236 0.276367 0.76264 0.282227 0.76264 0.283203 0.761236 0.283203 0.754214 0.277344 0.745786 0.276367 0.745786 0.275391 0.744382 0.274414 0.744382 0.260742 0.724719 0.283203 0.69382 0.282227 0.69382 0.28125 0.692416 0.282227 0.692416 0.283203 0.691011 0.28418 0.692416 0.287109 0.692416 0.288086 0.69382 0.288086 0.698034
1 0.279297 0.0589888 0.279297 0.0941011 0.283203 0.0941011 0.28418 0.0955056 0.28418 0.0969101 0.290039 0.105337 0.290039 0.106742 0.295898 0.115169 0.296875 0.115169 0.298828 0.117978 0.299805 0.117978 0.300781 0.119382 0.301758 0.119382 0.303711 0.122191 0.304688 0.122191 0.305664 0.123596 0.306641 0.123596 0.30957 0.127809 0.310547 0.127809 0.313477 0.132022 0.314453 0.132022 0.317383 0.136236 0.318359 0.136236 0.321289 0.140449 0.322266 0.140449 0.325195 0.144663 0.326172 0.144663 0.329102 0.148876 0.330078 0.148876 0.331055 0.150281 0.332031 0.150281 0.333984 0.15309 0.334961 0.15309 0.336914 0.155899 0.337891 0.155899 0.339844 0.158708 0.34082 0.158708 0.342773 0.161517 0.34375 0.161517 0.344727 0.162921 0.345703 0.162921 0.347656 0.16573 0.348633 0.16573 0.349609 0.167135 0.350586 0.167135 0.351562 0.168539 0.355469 0.168539 0.356445 0.169944 0.358398 0.169944 0.359375 0.171348 0.359375 0.175562 0.382812 0.175562 0.382812 0.169944 0.383789 0.168539 0.387695 0.168539 0.387695 0.139045 0.383789 0.139045 0.382812 0.13764 0.382812 0.134831 0.381836 0.133427 0.381836 0.132022 0.380859 0.130618 0.380859 0.129213 0.379883 0.127809 0.379883 0.126404 0.376953 0.122191 0.376953 0.120787 0.375977 0.119382 0.375 0.119382 0.371094 0.113764 0.370117 0.113764 0.369141 0.11236 0.368164 0.11236 0.367188 0.110955 0.366211 0.110955 0.365234 0.109551 0.364258 0.109551 0.363281 0.108146 0.361328 0.108146 0.360352 0.106742 0.358398 0.106742 0.357422 0.105337 0.356445 0.105337 0.355469 0.103933 0.354492 0.103933 0.353516 0.102528 0.352539 0.102528 0.351562 0.101124 0.350586 0.101124 0.349609 0.0997191 0.348633 0.0997191 0.347656 0.0983146 0.34668 0.0983146 0.344727 0.0955056 0.34375 0.0955056 0.34082 0.0912921 0.339844 0.0912921 0.335938 0.0856742 0.334961 0.0856742 0.331055 0.0800562 0.330078 0.0800562 0.329102 0.0786517 0.328125 0.0786517 0.327148 0.0772472 0.326172 0.0772472 0.325195 0.0758427 0.324219 0.0758427 0.322266 0.0730337 0.321289 0.0730337 0.318359 0.0688202 0.317383 0.0688202 0.313477 0.0632022 0.313477 0.0589888
1 0.744141 0.626405 0.744141 0.630618 0.742188 0.633427 0.741211 0.633427 0.739258 0.636236 0.738281 0.636236 0.737305 0.63764 0.737305 0.639045 0.736328 0.640449 0.735352 0.640449 0.732422 0.644663 0.728516 0.644663 0.728516 0.671348 0.732422 0.671348 0.733398 0.672753 0.734375 0.672753 0.735352 0.674157 0.736328 0.674157 0.741211 0.68118 0.742188 0.68118 0.744141 0.683989 0.745117 0.683989 0.746094 0.685393 0.74707 0.685393 0.748047 0.686798 0.749023 0.686798 0.75 0.688202 0.750977 0.688202 0.751953 0.689607 0.75293 0.689607 0.753906 0.691011 0.754883 0.691011 0.755859 0.692416 0.757812 0.692416 0.758789 0.69382 0.759766 0.69382 0.760742 0.695225 0.762695 0.695225 0.763672 0.696629 0.766602 0.696629 0.767578 0.698034 0.776367 0.698034 0.777344 0.699438 0.786133 0.699438 0.787109 0.698034 0.793945 0.698034 0.794922 0.696629 0.833984 0.696629 0.834961 0.698034 0.84082 0.698034 0.841797 0.699438 0.847656 0.699438 0.848633 0.700843 0.864258 0.700843 0.865234 0.702247 0.874023 0.702247 0.875 0.703652 0.875977 0.703652 0.876953 0.705056 0.876953 0.70927 0.889648 0.70927 0.889648 0.705056 0.890625 0.703652 0.891602 0.703652 0.892578 0.702247 0.893555 0.702247 0.894531 0.700843 0.897461 0.700843 0.898438 0.699438 0.900391 0.699438 0.901367 0.698034 0.902344 0.698034 0.90332 0.696629 0.905273 0.696629 0.90625 0.695225 0.911133 0.695225 0.911133 0.68118 0.908203 0.68118 0.901367 0.671348 0.901367 0.669944 0.897461 0.664326 0.897461 0.662921 0.894531 0.658708 0.893555 0.658708 0.890625 0.654494 0.889648 0.654494 0.888672 0.65309 0.887695 0.65309 0.886719 0.651685 0.884766 0.651685 0.883789 0.650281 0.880859 0.650281 0.879883 0.648876 0.861328 0.648876 0.860352 0.647472 0.853516 0.647472 0.852539 0.646067 0.844727 0.646067 0.84375 0.644663 0.837891 0.644663 0.836914 0.643258 0.833984 0.643258 0.833008 0.641854 0.830078 0.641854 0.829102 0.640449 0.826172 0.640449 0.825195 0.639045 0.816406 0.639045 0.81543 0.63764 0.80957 0.63764 0.808594 0.636236 0.804688 0.636236 0.803711 0.634831 0.798828 0.634831 0.797852 0.633427 0.791992 0.633427 0.791016 0.632023 0.789062 0.632023 0.788086 0.630618 0.788086 0.626405
1 0.443359 0.542135 0.443359 0.578652 0.446289 0.578652 0.447266 0.580056 0.449219 0.580056 0.450195 0.581461 0.451172 0.581461 0.452148 0.582865 0.454102 0.582865 0.456055 0.585674 0.457031 0.585674 0.458984 0.588483 0.459961 0.588483 0.461914 0.591292 0.462891 0.591292 0.463867 0.592697 0.46582 0.592697 0.466797 0.594101 0.46875 0.594101 0.469727 0.595506 0.47168 0.595506 0.472656 0.59691 0.474609 0.59691 0.475586 0.598315 0.476562 0.598315 0.477539 0.599719 0.480469 0.599719 0.481445 0.601124 0.484375 0.601124 0.485352 0.602528 0.486328 0.602528 0.487305 0.603933 0.489258 0.603933 0.490234 0.605337 0.492188 0.605337 0.493164 0.606742 0.495117 0.606742 0.496094 0.608146 0.498047 0.608146 0.499023 0.609551 0.5 0.609551 0.500977 0.610955 0.50293 0.610955 0.503906 0.61236 0.504883 0.61236 0.505859 0.613764 0.506836 0.613764 0.507812 0.615169 0.508789 0.615169 0.509766 0.616573 0.511719 0.616573 0.512695 0.617977 0.515625 0.617977 0.516602 0.619382 0.519531 0.619382 0.520508 0.620786 0.525391 0.620786 0.526367 0.622191 0.530273 0.622191 0.53125 0.623595 0.533203 0.623595 0.53418 0.625 0.536133 0.625 0.537109 0.626405 0.539062 0.626405 0.540039 0.627809 0.541992 0.627809 0.542969 0.629214 0.546875 0.629214 0.547852 0.630618 0.551758 0.630618 0.552734 0.632023 0.554688 0.632023 0.555664 0.633427 0.558594 0.633427 0.55957 0.634831 0.563477 0.634831 0.564453 0.636236 0.56543 0.636236 0.566406 0.63764 0.567383 0.63764 0.568359 0.639045 0.570312 0.639045 0.571289 0.640449 0.572266 0.640449 0.573242 0.641854 0.574219 0.641854 0.575195 0.643258 0.576172 0.643258 0.577148 0.644663 0.578125 0.644663 0.579102 0.646067 0.580078 0.646067 0.582031 0.648876 0.583008 0.648876 0.583984 0.650281 0.584961 0.650281 0.586914 0.65309 0.587891 0.65309 0.588867 0.654494 0.59082 0.654494 0.591797 0.655899 0.59375 0.655899 0.594727 0.657303 0.59668 0.657303 0.597656 0.658708 0.600586 0.658708 0.601562 0.660112 0.625 0.660112 0.625977 0.661517 0.628906 0.661517 0.629883 0.662921 0.631836 0.662921 0.632812 0.664326 0.634766 0.664326 0.635742 0.66573 0.636719 0.66573 0.637695 0.667135 0.638672 0.667135 0.639648 0.668539 0.641602 0.668539 0.642578 0.669944 0.644531 0.669944 0.645508 0.671348 0.648438 0.671348 0.649414 0.672753 0.652344 0.672753 0.65332 0.674157 0.655273 0.674157 0.65625 0.675562 0.65918 0.675562 0.660156 0.676966 0.663086 0.676966 0.664062 0.678371 0.667969 0.678371 0.668945 0.679775 0.670898 0.679775 0.671875 0.68118 0.674805 0.68118 0.675781 0.682584 0.678711 0.682584 0.679688 0.683989 0.682617 0.683989 0.683594 0.685393 0.697266 0.685393 0.698242 0.683989 0.701172 0.683989 0.702148 0.682584 0.705078 0.682584 0.706055 0.68118 0.707031 0.68118 0.708984 0.678371 0.709961 0.678371 0.713867 0.672753 0.714844 0.672753 0.716797 0.669944 0.716797 0.668539 0.71875 0.66573 0.71875 0.664326 0.720703 0.661517 0.723633 0.661517 0.723633 0.650281 0.719727 0.650281 0.717773 0.647472 0.708984 0.647472 0.708008 0.646067 0.696289 0.646067 0.695312 0.644663 0.691406 0.644663 0.69043 0.643258 0.68457 0.643258 0.683594 0.641854 0.678711 0.641854 0.677734 0.640449 0.675781 0.640449 0.674805 0.639045 0.672852 0.639045 0.671875 0.63764 0.668945 0.63764 0.667969 0.636236 0.666992 0.636236 0.666016 0.634831 0.665039 0.634831 0.663086 0.632023 0.661133 0.632023 0.660156 0.630618 0.658203 0.630618 0.657227 0.629214 0.655273 0.629214 0.654297 0.627809 0.652344 0.627809 0.651367 0.626405 0.648438 0.626405 0.647461 0.625 0.630859 0.625 0.629883 0.623595 0.625977 0.623595 0.625 0.622191 0.624023 0.622191 0.623047 0.620786 0.62207 0.620786 0.621094 0.619382 0.619141 0.619382 0.617188 0.616573 0.616211 0.616573 0.615234 0.615169 0.614258 0.615169 0.612305 0.61236 0.611328 0.61236 0.609375 0.609551 0.608398 0.609551 0.606445 0.606742 0.605469 0.606742 0.604492 0.605337 0.603516 0.605337 0.602539 0.603933 0.600586 0.603933 0.599609 0.602528 0.598633 0.602528 0.597656 0.601124 0.595703 0.601124 0.594727 0.599719 0.592773 0.599719 0.591797 0.598315 0.589844 0.598315 0.588867 0.59691 0.586914 0.59691 0.585938 0.595506 0.584961 0.595506 0.583984 0.594101 0.582031 0.594101 0.581055 0.592697 0.580078 0.592697 0.579102 0.591292 0.578125 0.591292 0.577148 0.589888 0.576172 0.589888 0.575195 0.588483 0.574219 0.588483 0.573242 0.587079 0.572266 0.587079 0.571289 0.585674 0.570312 0.585674 0.569336 0.58427 0.568359 0.58427 0.567383 0.582865 0.56543 0.582865 0.564453 0.581461 0.563477 0.581461 0.5625 0.580056 0.561523 0.580056 0.560547 0.578652 0.55957 0.578652 0.558594 0.577247 0.555664 0.577247 0.554688 0.575843 0.552734 0.575843 0.551758 0.574438 0.547852 0.574438 0.546875 0.573034 0.541016 0.573034 0.540039 0.571629 0.537109 0.571629 0.536133 0.570225 0.53418 0.570225 0.533203 0.56882 0.532227 0.56882 0.53125 0.567416 0.529297 0.567416 0.52832 0.566011 0.526367 0.566011 0.525391 0.564607 0.524414 0.564607 0.523438 0.563202 0.521484 0.563202 0.520508 0.561798 0.516602 0.561798 0.515625 0.560393 0.510742 0.560393 0.509766 0.558989 0.506836 0.558989 0.505859 0.557584 0.50293 0.557584 0.501953 0.55618 0.49707 0.55618 0.496094 0.554775 0.492188 0.554775 0.491211 0.553371 0.490234 0.553371 0.489258 0.551966 0.487305 0.551966 0.486328 0.550562 0.485352 0.550562 0.484375 0.549157 0.483398 0.549157 0.481445 0.546348 0.481445 0.542135
1 0.706055 0.210674 0.706055 0.216292 0.703125 0.220506 0.703125 0.22191 0.701172 0.224719 0.701172 0.226124 0.700195 0.227528 0.700195 0.228933 0.699219 0.230337 0.699219 0.231742 0.697266 0.234551 0.697266 0.235955 0.696289 0.23736 0.696289 0.238764 0.695312 0.240169 0.695312 0.241573 0.694336 0.242978 0.694336 0.244382 0.693359 0.245787 0.693359 0.247191 0.692383 0.248596 0.692383 0.25 0.691406 0.251404 0.691406 0.252809 0.689453 0.255618 0.689453 0.257022 0.686523 0.261236 0.686523 0.26264 0.682617 0.268258 0.682617 0.269663 0.674805 0.280899 0.674805 0.282303 0.672852 0.285112 0.671875 0.285112 0.661133 0.300562 0.661133 0.301966 0.658203 0.30618 0.658203 0.307584 0.65625 0.310393 0.65625 0.311798 0.655273 0.313202 0.655273 0.314607 0.65332 0.317416 0.65332 0.31882 0.652344 0.320225 0.652344 0.321629 0.651367 0.323034 0.651367 0.324438 0.649414 0.327247 0.646484 0.327247 0.646484 0.377809 0.649414 0.377809 0.650391 0.379213 0.650391 0.383427 0.665039 0.383427 0.665039 0.379213 0.666992 0.376404 0.667969 0.376404 0.668945 0.375 0.669922 0.375 0.670898 0.373596 0.671875 0.373596 0.673828 0.370787 0.674805 0.370787 0.678711 0.365169 0.679688 0.365169 0.689453 0.351124 0.69043 0.351124 0.696289 0.342697 0.696289 0.341292 0.702148 0.332865 0.702148 0.331461 0.706055 0.325843 0.706055 0.324438 0.708984 0.320225 0.708984 0.31882 0.712891 0.313202 0.712891 0.311798 0.717773 0.304775 0.717773 0.303371 0.722656 0.296348 0.722656 0.294944 0.726562 0.289326 0.726562 0.287921 0.728516 0.285112 0.728516 0.283708 0.729492 0.282303 0.729492 0.280899 0.730469 0.279494 0.730469 0.27809 0.731445 0.276685 0.731445 0.275281 0.732422 0.273876 0.732422 0.272472 0.733398 0.271067 0.733398 0.268258 0.734375 0.266854 0.734375 0.265449 0.735352 0.264045 0.735352 0.26264 0.736328 0.261236 0.736328 0.258427 0.737305 0.257022 0.737305 0.254213 0.738281 0.252809 0.738281 0.25 0.739258 0.248596 0.739258 0.244382 0.740234 0.242978 0.743164 0.242978 0.740234 0.242978 0.739258 0.241573 0.739258 0.235955 0.738281 0.234551 0.738281 0.228933 0.737305 0.227528 0.737305 0.224719 0.736328 0.223315 0.736328 0.22191 0.735352 0.220506 0.735352 0.216292 0.734375 0.214888 0.734375 0.210674
1 0.530273 0.384831 0.530273 0.390449 0.529297 0.391854 0.52832 0.391854 0.526367 0.394663 0.526367 0.396067 0.521484 0.40309 0.521484 0.404494 0.517578 0.410112 0.517578 0.411517 0.513672 0.417135 0.513672 0.418539 0.510742 0.422753 0.510742 0.424157 0.508789 0.426966 0.508789 0.428371 0.507812 0.429775 0.507812 0.43118 0.506836 0.432584 0.506836 0.433989 0.505859 0.435393 0.505859 0.436798 0.504883 0.438202 0.504883 0.439607 0.503906 0.441011 0.503906 0.442416 0.50293 0.44382 0.50293 0.445225 0.501953 0.446629 0.501953 0.449438 0.500977 0.450843 0.500977 0.452247 0.5 0.453652 0.5 0.455056 0.499023 0.456461 0.499023 0.457865 0.49707 0.460674 0.49707 0.462079 0.494141 0.466292 0.494141 0.467697 0.490234 0.473315 0.489258 0.473315 0.485352 0.478933 0.484375 0.478933 0.480469 0.484551 0.480469 0.485955 0.479492 0.48736 0.479492 0.490169 0.478516 0.491573 0.478516 0.495787 0.477539 0.497191 0.477539 0.498596 0.476562 0.5 0.476562 0.502809 0.475586 0.504214 0.475586 0.505618 0.473633 0.508427 0.470703 0.508427 0.470703 0.535112 0.474609 0.535112 0.475586 0.536517 0.476562 0.536517 0.477539 0.537921 0.479492 0.537921 0.480469 0.539326 0.487305 0.539326 0.488281 0.537921 0.491211 0.537921 0.492188 0.536517 0.493164 0.536517 0.494141 0.535112 0.495117 0.535112 0.5 0.52809 0.500977 0.52809 0.501953 0.526685 0.50293 0.526685 0.504883 0.523876 0.505859 0.523876 0.508789 0.519663 0.508789 0.518258 0.510742 0.515449 0.511719 0.515449 0.514648 0.511236 0.514648 0.509831 0.518555 0.504214 0.519531 0.504214 0.524414 0.497191 0.525391 0.497191 0.527344 0.494382 0.52832 0.494382 0.529297 0.492978 0.530273 0.492978 0.53125 0.491573 0.532227 0.491573 0.533203 0.490169 0.535156 0.490169 0.537109 0.48736 0.538086 0.48736 0.542969 0.480337 0.542969 0.478933 0.544922 0.476124 0.544922 0.474719 0.545898 0.473315 0.545898 0.47191 0.547852 0.469101 0.547852 0.467697 0.549805 0.464888 0.549805 0.463483 0.551758 0.460674 0.551758 0.45927 0.553711 0.456461 0.553711 0.455056 0.554688 0.453652 0.554688 0.452247 0.556641 0.449438 0.556641 0.448034 0.557617 0.446629 0.557617 0.445225 0.55957 0.442416 0.55957 0.441011 0.560547 0.439607 0.560547 0.438202 0.561523 0.436798 0.561523 0.435393 0.5625 0.433989 0.5625 0.432584 0.563477 0.43118 0.563477 0.429775 0.564453 0.428371 0.567383 0.428371 0.567383 0.401685 0.564453 0.401685 0.5625 0.398876 0.5625 0.396067 0.561523 0.394663 0.561523 0.393258 0.55957 0.390449 0.55957 0.384831
1 0.412109 0 0.412109 0.00421348 0.416016 0.00421348 0.416992 0.00561798 0.416992 0.00702247 0.420898 0.0126404 0.421875 0.0126404 0.426758 0.0196629 0.427734 0.0196629 0.430664 0.0238764 0.431641 0.0238764 0.433594 0.0266854 0.43457 0.0266854 0.435547 0.0280899 0.436523 0.0280899 0.4375 0.0294944 0.438477 0.0294944 0.439453 0.0308989 0.44043 0.0308989 0.441406 0.0323034 0.442383 0.0323034 0.443359 0.0337079 0.444336 0.0337079 0.445312 0.0351124 0.446289 0.0351124 0.447266 0.0365169 0.448242 0.0365169 0.450195 0.0393258 0.451172 0.0393258 0.452148 0.0407303 0.453125 0.0407303 0.454102 0.0421348 0.455078 0.0421348 0.456055 0.0435393 0.457031 0.0435393 0.458008 0.0449438 0.458984 0.0449438 0.459961 0.0463483 0.461914 0.0463483 0.462891 0.0477528 0.464844 0.0477528 0.46582 0.0491573 0.467773 0.0491573 0.46875 0.0505618 0.470703 0.0505618 0.47168 0.0519663 0.473633 0.0519663 0.474609 0.0533708 0.476562 0.0533708 0.477539 0.0547753 0.479492 0.0547753 0.480469 0.0561798 0.483398 0.0561798 0.484375 0.0575843 0.486328 0.0575843 0.487305 0.0589888 0.487305 0.0632022 0.499023 0.0632022 0.499023 0.0589888 0.50293 0.0533708 0.50293 0.0519663 0.504883 0.0491573 0.504883 0.0477528 0.505859 0.0463483 0.508789 0.0463483 0.508789 0.0294944 0.504883 0.0294944 0.500977 0.0238764 0.5 0.0238764 0.499023 0.0224719 0.498047 0.0224719 0.49707 0.0210674 0.495117 0.0210674 0.494141 0.0196629 0.493164 0.0196629 0.492188 0.0182584 0.490234 0.0182584 0.489258 0.0168539 0.487305 0.0168539 0.486328 0.0154494 0.484375 0.0154494 0.483398 0.0140449 0.481445 0.0140449 0.479492 0.011236 0.478516 0.011236 0.477539 0.00983146 0.476562 0.00983146 0.470703 0.00140449 0.470703 0
1 0.594727 0.66573 0.594727 0.671348 0.592773 0.674157 0.592773 0.675562 0.59082 0.678371 0.59082 0.679775 0.588867 0.682584 0.588867 0.683989 0.586914 0.686798 0.586914 0.688202 0.585938 0.689607 0.585938 0.692416 0.584961 0.69382 0.584961 0.702247 0.583984 0.703652 0.583984 0.706461 0.583008 0.707865 0.583008 0.710674 0.582031 0.712079 0.582031 0.713483 0.581055 0.714888 0.581055 0.716292 0.579102 0.719101 0.576172 0.719101 0.576172 0.779494 0.580078 0.779494 0.581055 0.780899 0.582031 0.780899 0.583984 0.783708 0.585938 0.783708 0.586914 0.785112 0.589844 0.785112 0.59082 0.786517 0.597656 0.786517 0.598633 0.785112 0.599609 0.785112 0.600586 0.783708 0.601562 0.783708 0.603516 0.780899 0.603516 0.779494 0.604492 0.77809 0.604492 0.776685 0.605469 0.775281 0.605469 0.771067 0.606445 0.769663 0.606445 0.765449 0.607422 0.764045 0.607422 0.76264 0.608398 0.761236 0.608398 0.759831 0.609375 0.758427 0.609375 0.757023 0.610352 0.755618 0.610352 0.754214 0.611328 0.752809 0.611328 0.75 0.612305 0.748595 0.612305 0.745786 0.613281 0.744382 0.613281 0.742977 0.614258 0.741573 0.614258 0.738764 0.615234 0.73736 0.615234 0.734551 0.616211 0.733146 0.616211 0.728933 0.617188 0.727528 0.617188 0.724719 0.618164 0.723315 0.618164 0.719101 0.619141 0.717697 0.619141 0.714888 0.620117 0.713483 0.620117 0.70927 0.621094 0.707865 0.621094 0.703652 0.62207 0.702247 0.62207 0.700843 0.623047 0.699438 0.625977 0.699438 0.625977 0.679775 0.623047 0.679775 0.621094 0.676966 0.621094 0.675562 0.620117 0.674157 0.620117 0.672753 0.619141 0.671348 0.619141 0.66573
1 0.735352 0.0477528 0.735352 0.0519663 0.733398 0.0547753 0.732422 0.0547753 0.727539 0.0617978 0.724609 0.0617978 0.724609 0.18118 0.727539 0.18118 0.728516 0.182584 0.728516 0.183989 0.729492 0.185393 0.729492 0.191011 0.728516 0.192416 0.724609 0.192416 0.724609 0.198034 0.728516 0.198034 0.728516 0.19382 0.730469 0.191011 0.731445 0.191011 0.733398 0.19382 0.733398 0.198034 0.742188 0.198034 0.742188 0.19382 0.74707 0.186798 0.748047 0.186798 0.748047 0.185393 0.755859 0.174157 0.755859 0.172753 0.757812 0.169944 0.757812 0.168539 0.761719 0.162921 0.761719 0.161517 0.762695 0.160112 0.766602 0.160112 0.766602 0.136236 0.763672 0.136236 0.762695 0.134831 0.762695 0.133427 0.761719 0.132022 0.761719 0.122191 0.760742 0.120787 0.760742 0.119382 0.761719 0.117978 0.761719 0.101124 0.762695 0.0997191 0.762695 0.0898876 0.763672 0.0884831 0.766602 0.0884831 0.766602 0.0786517 0.763672 0.0786517 0.762695 0.0772472 0.762695 0.0744382 0.761719 0.0730337 0.761719 0.0702247 0.760742 0.0688202 0.760742 0.0660112 0.759766 0.0646067 0.759766 0.0617978 0.758789 0.0603933 0.758789 0.0533708 0.757812 0.0519663 0.757812 0.0477528
1 0.837891 0 0.837891 0.0407303 0.84082 0.0407303 0.841797 0.0421348 0.841797 0.0463483 0.842773 0.0477528 0.842773 0.0561798 0.84375 0.0575843 0.84375 0.0617978 0.844727 0.0632022 0.844727 0.0660112 0.845703 0.0674157 0.845703 0.0856742 0.844727 0.0870787 0.844727 0.0969101 0.845703 0.0983146 0.845703 0.0997191 0.847656 0.102528 0.849609 0.102528 0.850586 0.103933 0.857422 0.103933 0.858398 0.105337 0.87207 0.105337 0.873047 0.103933 0.875 0.103933 0.875977 0.102528 0.876953 0.102528 0.878906 0.0997191 0.878906 0.0983146 0.879883 0.0969101 0.879883 0.0941011 0.880859 0.0926966 0.880859 0.0856742 0.881836 0.0842697 0.881836 0.0800562 0.882812 0.0786517 0.882812 0.0744382 0.884766 0.0716292 0.887695 0.0716292 0.887695 0.0575843 0.884766 0.0575843 0.882812 0.0547753 0.882812 0.0519663 0.881836 0.0505618 0.881836 0.0477528 0.880859 0.0463483 0.880859 0.0421348 0.879883 0.0407303 0.879883 0.0365169 0.878906 0.0351124 0.878906 0.0308989 0.87793 0.0294944 0.87793 0.0238764 0.876953 0.0224719 0.876953 0.0168539 0.875977 0.0154494 0.875977 0.011236 0.875 0.00983146 0.875 0.00561798 0.874023 0.00421348 0.874023 0
1 0.407227 0.620786 0.407227 0.625 0.40625 0.626405 0.405273 0.626405 0.404297 0.627809 0.401367 0.627809 0.400391 0.629214 0.397461 0.629214 0.396484 0.630618 0.395508 0.630618 0.394531 0.632023 0.392578 0.632023 0.391602 0.633427 0.385742 0.633427 0.384766 0.634831 0.380859 0.634831 0.380859 0.662921 0.384766 0.662921 0.386719 0.66573 0.387695 0.66573 0.388672 0.667135 0.389648 0.667135 0.391602 0.669944 0.392578 0.669944 0.393555 0.671348 0.394531 0.671348 0.395508 0.672753 0.397461 0.672753 0.398438 0.674157 0.399414 0.674157 0.400391 0.675562 0.401367 0.675562 0.402344 0.676966 0.40332 0.676966 0.404297 0.678371 0.40625 0.678371 0.407227 0.679775 0.40918 0.679775 0.410156 0.68118 0.411133 0.68118 0.412109 0.682584 0.415039 0.682584 0.416016 0.683989 0.421875 0.683989 0.422852 0.685393 0.461914 0.685393 0.462891 0.686798 0.476562 0.686798 0.477539 0.685393 0.493164 0.685393 0.494141 0.686798 0.498047 0.686798 0.499023 0.688202 0.500977 0.688202 0.501953 0.689607 0.503906 0.689607 0.504883 0.691011 0.506836 0.691011 0.507812 0.692416 0.508789 0.692416 0.509766 0.69382 0.509766 0.698034 0.572266 0.698034 0.572266 0.69382 0.574219 0.691011 0.576172 0.691011 0.577148 0.689607 0.580078 0.689607 0.581055 0.688202 0.582031 0.688202 0.585938 0.682584 0.586914 0.682584 0.587891 0.68118 0.59082 0.68118 0.59082 0.660112 0.587891 0.660112 0.585938 0.657303 0.584961 0.657303 0.583008 0.654494 0.582031 0.654494 0.581055 0.65309 0.580078 0.65309 0.579102 0.651685 0.578125 0.651685 0.577148 0.650281 0.575195 0.650281 0.574219 0.648876 0.571289 0.648876 0.570312 0.647472 0.568359 0.647472 0.567383 0.646067 0.566406 0.646067 0.56543 0.644663 0.563477 0.644663 0.5625 0.643258 0.560547 0.643258 0.55957 0.641854 0.557617 0.641854 0.556641 0.640449 0.555664 0.640449 0.553711 0.63764 0.552734 0.63764 0.551758 0.636236 0.549805 0.636236 0.548828 0.634831 0.546875 0.634831 0.545898 0.633427 0.543945 0.633427 0.542969 0.632023 0.540039 0.632023 0.539062 0.630618 0.538086 0.630618 0.537109 0.629214 0.53418 0.629214 0.533203 0.627809 0.530273 0.627809 0.529297 0.626405 0.525391 0.626405 0.524414 0.625 0.524414 0.620786 0.524414 0.625 0.523438 0.626405 0.518555 0.626405 0.517578 0.627809 0.511719 0.627809 0.510742 0.629214 0.507812 0.629214 0.506836 0.630618 0.504883 0.630618 0.503906 0.632023 0.495117 0.632023 0.494141 0.630618 0.491211 0.630618 0.490234 0.629214 0.488281 0.629214 0.487305 0.627809 0.482422 0.627809 0.481445 0.626405 0.480469 0.626405 0.479492 0.625 0.479492 0.620786
1 0.699219 0.0646067 0.699219 0.0702247 0.694336 0.0772472 0.694336 0.0786517 0.691406 0.0828652 0.691406 0.0842697 0.689453 0.0870787 0.689453 0.0898876 0.688477 0.0912921 0.688477 0.0926966 0.6875 0.0941011 0.6875 0.0969101 0.686523 0.0983146 0.686523 0.102528 0.685547 0.103933 0.685547 0.108146 0.68457 0.109551 0.68457 0.113764 0.683594 0.115169 0.683594 0.119382 0.682617 0.120787 0.682617 0.123596 0.681641 0.125 0.681641 0.127809 0.680664 0.129213 0.680664 0.130618 0.679688 0.132022 0.679688 0.133427 0.676758 0.13764 0.673828 0.13764 0.673828 0.213483 0.676758 0.213483 0.682617 0.22191 0.683594 0.22191 0.68457 0.223315 0.686523 0.223315 0.6875 0.224719 0.689453 0.224719 0.69043 0.223315 0.694336 0.223315 0.695312 0.22191 0.696289 0.22191 0.698242 0.219101 0.699219 0.219101 0.704102 0.212079 0.704102 0.210674 0.707031 0.206461 0.707031 0.205056 0.712891 0.196629 0.712891 0.195225 0.714844 0.192416 0.714844 0.191011 0.71582 0.189607 0.71582 0.188202 0.716797 0.186798 0.716797 0.185393 0.717773 0.183989 0.717773 0.182584 0.71875 0.18118 0.71875 0.179775 0.719727 0.178371 0.719727 0.176966 0.720703 0.175562 0.720703 0.174157 0.72168 0.172753 0.72168 0.168539 0.722656 0.167135 0.722656 0.101124 0.723633 0.0997191 0.723633 0.0955056 0.724609 0.0941011 0.727539 0.0941011 0.727539 0.0646067
0 0.174805 0.0758427 0.174805 0.0800562 0.172852 0.0828652 0.171875 0.0828652 0.170898 0.0842697 0.169922 0.0842697 0.168945 0.0856742 0.167969 0.0856742 0.166992 0.0870787 0.165039 0.0870787 0.164062 0.0884831 0.162109 0.0884831 0.161133 0.0898876 0.15918 0.0898876 0.158203 0.0912921 0.157227 0.0912921 0.15625 0.0926966 0.155273 0.0926966 0.154297 0.0941011 0.151367 0.0941011 0.150391 0.0955056 0.148438 0.0955056 0.147461 0.0969101 0.146484 0.0969101 0.145508 0.0983146 0.144531 0.0983146 0.143555 0.0997191 0.141602 0.0997191 0.140625 0.101124 0.138672 0.101124 0.137695 0.102528 0.136719 0.102528 0.135742 0.103933 0.134766 0.103933 0.133789 0.105337 0.132812 0.105337 0.131836 0.106742 0.130859 0.106742 0.129883 0.108146 0.128906 0.108146 0.126953 0.110955 0.125977 0.110955 0.125 0.11236 0.124023 0.11236 0.121094 0.116573 0.120117 0.116573 0.116211 0.122191 0.115234 0.122191 0.113281 0.125 0.112305 0.125 0.110352 0.127809 0.108398 0.127809 0.107422 0.129213 0.105469 0.129213 0.103516 0.132022 0.101562 0.132022 0.100586 0.133427 0.0996094 0.133427 0.0986328 0.134831 0.0966797 0.134831 0.0957031 0.136236 0.09375 0.136236 0.0927734 0.13764 0.0917969 0.13764 0.0908203 0.139045 0.0898438 0.139045 0.0888672 0.140449 0.0878906 0.140449 0.0849609 0.144663 0.0839844 0.144663 0.0830078 0.146067 0.0820312 0.146067 0.0800781 0.148876 0.078125 0.148876 0.0771484 0.150281 0.0751953 0.150281 0.0742188 0.151685 0.0732422 0.151685 0.0722656 0.15309 0.0703125 0.15309 0.0693359 0.154494 0.0664062 0.154494 0.0654297 0.155899 0.0625 0.155899 0.0615234 0.157303 0.0595703 0.157303 0.0585938 0.158708 0.0566406 0.158708 0.0556641 0.160112 0.0537109 0.160112 0.0527344 0.161517 0.0507812 0.161517 0.0498047 0.162921 0.0488281 0.162921 0.0478516 0.164326 0.0449219 0.164326 0.0439453 0.16573 0.0419922 0.16573 0.0410156 0.167135 0.0390625 0.167135 0.0380859 0.168539 0.0361328 0.168539 0.0351562 0.169944 0.0341797 0.169944 0.0332031 0.171348 0.03125 0.171348 0.0302734 0.172753 0.0273438 0.172753 0.0263672 0.174157 0.0253906 0.174157 0.0244141 0.175562 0.0224609 0.175562 0.0214844 0.176966 0.0205078 0.176966 0.0195312 0.178371 0.0175781 0.178371 0.0166016 0.179775 0.0146484 0.179775 0.0136719 0.18118 0.0117188 0.18118 0.0107422 0.182584 0.0078125 0.182584 0.00683594 0.183989 0.00292969 0.183989 0.00195312 0.185393 0 0.185393 0 0.310393 0.00292969 0.310393 0.00390625 0.308989 0.00488281 0.308989 0.00585938 0.307584 0.00683594 0.307584 0.0078125 0.30618 0.00878906 0.30618 0.00976562 0.304775 0.0117188 0.304775 0.0126953 0.303371 0.0136719 0.303371 0.0146484 0.301966 0.0166016 0.301966 0.0175781 0.300562 0.0195312 0.300562 0.0205078 0.299157 0.0214844 0.299157 0.0224609 0.297753 0.0234375 0.297753 0.0244141 0.296348 0.0263672 0.296348 0.0273438 0.294944 0.0292969 0.294944 0.0302734 0.293539 0.03125 0.293539 0.0322266 0.292135 0.0341797 0.292135 0.0351562 0.29073 0.0371094 0.29073 0.0380859 0.289326 0.0400391 0.289326 0.0410156 0.287921 0.0429688 0.287921 0.0439453 0.286517 0.0458984 0.286517 0.046875 0.285112 0.0488281 0.285112 0.0498047 0.283708 0.0527344 0.283708 0.0537109 0.282303 0.0546875 0.282303 0.0556641 0.280899 0.0566406 0.280899 0.0576172 0.279494 0.0585938 0.279494 0.0595703 0.27809 0.0605469 0.27809 0.0615234 0.276685 0.0625 0.276685 0.0634766 0.275281 0.0644531 0.275281 0.0654297 0.273876 0.0673828 0.273876 0.0683594 0.272472 0.0693359 0.272472 0.0751953 0.264045 0.0761719 0.264045 0.0771484 0.26264 0.078125 0.26264 0.0800781 0.259831 0.0810547 0.259831 0.0820312 0.258427 0.0830078 0.258427 0.0839844 0.257022 0.0849609 0.257022 0.0859375 0.255618 0.0869141 0.255618 0.0878906 0.254213 0.0888672 0.254213 0.0898438 0.252809 0.0917969 0.252809 0.0927734 0.251404 0.0947266 0.251404 0.0957031 0.25 0.0976562 0.25 0.0986328 0.248596 0.0996094 0.248596 0.100586 0.247191 0.102539 0.247191 0.103516 0.245787 0.105469 0.245787 0.106445 0.244382 0.108398 0.244382 0.109375 0.242978 0.111328 0.242978 0.112305 0.241573 0.115234 0.241573 0.116211 0.240169 0.118164 0.240169 0.119141 0.238764 0.121094 0.238764 0.12207 0.23736 0.123047 0.23736 0.124023 0.235955 0.125 0.235955 0.125977 0.234551 0.126953 0.234551 0.12793 0.233146 0.128906 0.233146 0.129883 0.231742 0.130859 0.231742 0.132812 0.228933 0.134766 0.228933 0.135742 0.227528 0.136719 0.227528 0.138672 0.224719 0.139648 0.224719 0.140625 0.223315 0.141602 0.223315 0.142578 0.22191 0.143555 0.22191 0.144531 0.220506 0.145508 0.220506 0.146484 0.219101 0.148438 0.219101 0.149414 0.217697 0.150391 0.217697 0.151367 0.216292 0.152344 0.216292 0.15332 0.214888 0.154297 0.214888 0.155273 0.213483 0.15625 0.213483 0.157227 0.212079 0.15918 0.212079 0.160156 0.210674 0.161133 0.210674 0.162109 0.20927 0.163086 0.20927 0.164062 0.207865 0.166016 0.207865 0.166992 0.206461 0.169922 0.206461 0.170898 0.205056 0.173828 0.205056 0.174805 0.203652 0.176758 0.203652 0.178711 0.200843 0.179688 0.200843 0.180664 0.199438 0.181641 0.199438 0.183594 0.196629 0.18457 0.196629 0.186523 0.19382 0.1875 0.19382 0.191406 0.188202 0.192383 0.188202 0.196289 0.182584 0.197266 0.182584 0.201172 0.176966 0.202148 0.176966 0.204102 0.174157 0.205078 0.174157 0.208984 0.168539 0.209961 0.168539 0.213867 0.162921 0.214844 0.162921 0.229492 0.141854 0.229492 0.140449 0.234375 0.133427 0.234375 0.132022 0.238281 0.126404 0.238281 0.125 0.240234 0.122191 0.243164 0.122191 0.243164 0.105337 0.240234 0.105337 0.237305 0.101124 0.236328 0.101124 0.231445 0.0941011 0.230469 0.0941011 0.226562 0.0884831 0.225586 0.0884831 0.222656 0.0842697 0.22168 0.0842697 0.21875 0.0800562 0.21875 0.0758427
1 0.634766 0.581461 0.634766 0.619382 0.639648 0.619382 0.640625 0.620786 0.643555 0.620786 0.644531 0.622191 0.646484 0.622191 0.647461 0.623595 0.649414 0.623595 0.650391 0.625 0.65332 0.625 0.654297 0.626405 0.657227 0.626405 0.658203 0.627809 0.660156 0.627809 0.661133 0.629214 0.662109 0.629214 0.663086 0.630618 0.665039 0.630618 0.666016 0.632023 0.668945 0.632023 0.669922 0.633427 0.671875 0.633427 0.672852 0.634831 0.674805 0.634831 0.675781 0.636236 0.677734 0.636236 0.678711 0.63764 0.682617 0.63764 0.683594 0.639045 0.686523 0.639045 0.6875 0.640449 0.69043 0.640449 0.691406 0.641854 0.695312 0.641854 0.696289 0.643258 0.700195 0.643258 0.701172 0.644663 0.705078 0.644663 0.706055 0.646067 0.708008 0.646067 0.708984 0.647472 0.710938 0.647472 0.711914 0.648876 0.711914 0.65309 0.724609 0.65309 0.724609 0.647472 0.725586 0.646067 0.726562 0.646067 0.730469 0.640449 0.731445 0.640449 0.731445 0.639045 0.733398 0.636236 0.733398 0.634831 0.734375 0.633427 0.734375 0.622191 0.733398 0.620786 0.733398 0.619382 0.727539 0.610955 0.726562 0.610955 0.724609 0.608146 0.723633 0.608146 0.722656 0.606742 0.72168 0.606742 0.720703 0.605337 0.719727 0.605337 0.717773 0.602528 0.716797 0.602528 0.71582 0.601124 0.713867 0.601124 0.712891 0.599719 0.710938 0.599719 0.709961 0.598315 0.708984 0.598315 0.708008 0.59691 0.705078 0.59691 0.704102 0.595506 0.701172 0.595506 0.700195 0.594101 0.694336 0.594101 0.693359 0.592697 0.6875 0.592697 0.686523 0.591292 0.683594 0.591292 0.682617 0.589888 0.680664 0.589888 0.679688 0.588483 0.677734 0.588483 0.676758 0.587079 0.675781 0.587079 0.674805 0.585674 0.674805 0.581461
1 0.462891 0 0.462891 0.00421348 0.466797 0.00421348 0.467773 0.00561798 0.47168 0.00561798 0.472656 0.00702247 0.475586 0.00702247 0.476562 0.00842697 0.479492 0.00842697 0.480469 0.00983146 0.482422 0.00983146 0.483398 0.011236 0.484375 0.011236 0.485352 0.0126404 0.486328 0.0126404 0.487305 0.0140449 0.489258 0.0140449 0.490234 0.0154494 0.492188 0.0154494 0.493164 0.0168539 0.494141 0.0168539 0.495117 0.0182584 0.49707 0.0182584 0.498047 0.0196629 0.5 0.0196629 0.500977 0.0210674 0.501953 0.0210674 0.50293 0.0224719 0.503906 0.0224719 0.504883 0.0238764 0.506836 0.0238764 0.507812 0.0252809 0.512695 0.0252809 0.513672 0.0266854 0.523438 0.0266854 0.524414 0.0280899 0.529297 0.0280899 0.530273 0.0294944 0.53418 0.0294944 0.535156 0.0308989 0.545898 0.0308989 0.546875 0.0323034 0.551758 0.0323034 0.552734 0.0337079 0.555664 0.0337079 0.556641 0.0351124 0.558594 0.0351124 0.55957 0.0365169 0.560547 0.0365169 0.561523 0.0379213 0.563477 0.0379213 0.564453 0.0393258 0.567383 0.0393258 0.568359 0.0407303 0.572266 0.0407303 0.573242 0.0421348 0.589844 0.0421348 0.59082 0.0435393 0.594727 0.0435393 0.595703 0.0449438 0.598633 0.0449438 0.599609 0.0463483 0.601562 0.0463483 0.602539 0.0477528 0.606445 0.0477528 0.607422 0.0491573 0.616211 0.0491573 0.617188 0.0505618 0.625 0.0505618 0.625977 0.0519663 0.62793 0.0519663 0.628906 0.0533708 0.628906 0.0575843 0.736328 0.0575843 0.736328 0.0533708 0.737305 0.0519663 0.738281 0.0519663 0.739258 0.0505618 0.742188 0.0505618 0.743164 0.0491573 0.746094 0.0491573 0.74707 0.0477528 0.751953 0.0477528 0.75293 0.0463483 0.754883 0.0463483 0.755859 0.0449438 0.756836 0.0449438 0.757812 0.0435393 0.758789 0.0435393 0.759766 0.0421348 0.760742 0.0421348 0.761719 0.0407303 0.762695 0.0407303 0.763672 0.0393258 0.764648 0.0393258 0.765625 0.0379213 0.766602 0.0379213 0.767578 0.0365169 0.768555 0.0365169 0.769531 0.0351124 0.770508 0.0351124 0.772461 0.0323034 0.773438 0.0323034 0.774414 0.0308989 0.775391 0.0308989 0.777344 0.0280899 0.77832 0.0280899 0.780273 0.0252809 0.78125 0.0252809 0.78418 0.0210674 0.78418 0.00983146 0.783203 0.00842697 0.783203 0.00702247 0.780273 0.00280899 0.780273 0.00140449 0.779297 0 0.779297 0 0.77832 0 0.77832 0
1 0.861328 0.233146 0.861328 0.254213 0.865234 0.254213 0.869141 0.259831 0.870117 0.259831 0.875977 0.268258 0.876953 0.268258 0.882812 0.276685 0.883789 0.276685 0.886719 0.280899 0.887695 0.280899 0.889648 0.283708 0.890625 0.283708 0.893555 0.287921 0.894531 0.287921 0.895508 0.289326 0.896484 0.289326 0.898438 0.292135 0.899414 0.292135 0.901367 0.294944 0.902344 0.294944 0.90332 0.296348 0.904297 0.296348 0.905273 0.297753 0.90625 0.297753 0.907227 0.299157 0.908203 0.299157 0.90918 0.300562 0.910156 0.300562 0.911133 0.301966 0.912109 0.301966 0.914062 0.304775 0.915039 0.304775 0.916016 0.30618 0.916992 0.30618 0.917969 0.307584 0.918945 0.307584 0.919922 0.308989 0.920898 0.308989 0.921875 0.310393 0.922852 0.310393 0.923828 0.311798 0.925781 0.311798 0.926758 0.313202 0.927734 0.313202 0.928711 0.314607 0.929688 0.314607 0.930664 0.316011 0.931641 0.316011 0.932617 0.317416 0.933594 0.317416 0.93457 0.31882 0.935547 0.31882 0.936523 0.320225 0.9375 0.320225 0.938477 0.321629 0.939453 0.321629 0.94043 0.323034 0.942383 0.323034 0.943359 0.324438 0.944336 0.324438 0.945312 0.325843 0.946289 0.325843 0.948242 0.328652 0.948242 0.332865 0.966797 0.332865 0.966797 0.328652 0.96875 0.325843 0.969727 0.325843 0.973633 0.320225 0.977539 0.320225 0.977539 0.294944 0.974609 0.294944 0.96582 0.282303 0.964844 0.282303 0.961914 0.27809 0.960938 0.27809 0.952148 0.265449 0.951172 0.265449 0.947266 0.259831 0.946289 0.259831 0.93457 0.242978 0.933594 0.242978 0.931641 0.240169 0.930664 0.240169 0.928711 0.23736 0.928711 0.233146
1 0.607422 0.0589888 0.607422 0.105337 0.610352 0.105337 0.614258 0.110955 0.614258 0.11236 0.617188 0.116573 0.617188 0.117978 0.620117 0.122191 0.620117 0.123596 0.62207 0.126404 0.62207 0.127809 0.624023 0.130618 0.624023 0.132022 0.625 0.133427 0.625 0.134831 0.626953 0.13764 0.626953 0.139045 0.62793 0.140449 0.62793 0.141854 0.629883 0.144663 0.629883 0.146067 0.630859 0.147472 0.630859 0.148876 0.632812 0.151685 0.632812 0.15309 0.635742 0.157303 0.635742 0.158708 0.637695 0.161517 0.637695 0.162921 0.644531 0.172753 0.644531 0.174157 0.646484 0.176966 0.647461 0.176966 0.649414 0.179775 0.650391 0.179775 0.652344 0.182584 0.65332 0.182584 0.655273 0.185393 0.65625 0.185393 0.657227 0.186798 0.658203 0.186798 0.662109 0.192416 0.663086 0.192416 0.665039 0.195225 0.666992 0.195225 0.667969 0.196629 0.672852 0.196629 0.672852 0.158708 0.668945 0.158708 0.666992 0.155899 0.666992 0.154494 0.661133 0.146067 0.661133 0.144663 0.658203 0.140449 0.658203 0.139045 0.65625 0.136236 0.65625 0.133427 0.654297 0.130618 0.654297 0.129213 0.65332 0.127809 0.65332 0.125 0.652344 0.123596 0.652344 0.122191 0.651367 0.120787 0.651367 0.115169 0.650391 0.113764 0.650391 0.105337 0.649414 0.103933 0.649414 0.0912921 0.648438 0.0898876 0.648438 0.0884831 0.646484 0.0856742 0.645508 0.0856742 0.643555 0.0828652 0.642578 0.0828652 0.641602 0.0814607 0.641602 0.0800562 0.639648 0.0772472 0.639648 0.0758427 0.638672 0.0744382 0.637695 0.0744382 0.636719 0.0730337 0.635742 0.0730337 0.628906 0.0632022 0.628906 0.0589888 0.621094 0.0589888 0.621094 0.0632022 0.620117 0.0646067 0.613281 0.0646067 0.612305 0.0632022 0.612305 0.0589888
1 0.711914 0.766854 0.711914 0.771067 0.703125 0.783708 0.703125 0.785112 0.702148 0.786517 0.702148 0.789326 0.700195 0.792135 0.697266 0.792135 0.697266 0.894663 0.700195 0.894663 0.701172 0.896067 0.701172 0.897472 0.702148 0.898876 0.702148 0.901685 0.703125 0.90309 0.703125 0.905899 0.704102 0.907303 0.704102 0.908708 0.705078 0.910112 0.705078 0.911517 0.706055 0.912921 0.706055 0.914326 0.707031 0.91573 0.707031 0.917135 0.719727 0.935393 0.719727 0.939607 0.737305 0.939607 0.737305 0.933989 0.738281 0.932584 0.738281 0.93118 0.740234 0.928371 0.740234 0.924157 0.744141 0.918539 0.744141 0.917135 0.746094 0.914326 0.746094 0.912921 0.748047 0.910112 0.750977 0.910112 0.750977 0.90309 0.748047 0.90309 0.74707 0.901685 0.74707 0.900281 0.746094 0.898876 0.746094 0.88764 0.74707 0.886236 0.74707 0.884831 0.748047 0.883427 0.750977 0.883427 0.750977 0.841292 0.748047 0.841292 0.74707 0.839888 0.74707 0.816011 0.746094 0.814607 0.746094 0.797753 0.745117 0.796348 0.745117 0.793539 0.744141 0.792135 0.744141 0.79073 0.743164 0.789326 0.743164 0.787921 0.741211 0.785112 0.741211 0.783708 0.739258 0.780899 0.739258 0.779494 0.734375 0.772472 0.734375 0.766854
1 0.250977 0.0983146 0.250977 0.103933 0.249023 0.106742 0.249023 0.108146 0.246094 0.11236 0.246094 0.113764 0.245117 0.115169 0.245117 0.116573 0.244141 0.117978 0.244141 0.119382 0.243164 0.120787 0.243164 0.122191 0.242188 0.123596 0.242188 0.125 0.240234 0.127809 0.240234 0.129213 0.236328 0.134831 0.236328 0.136236 0.233398 0.140449 0.233398 0.141854 0.231445 0.144663 0.230469 0.144663 0.228516 0.147472 0.228516 0.148876 0.222656 0.157303 0.22168 0.157303 0.214844 0.167135 0.213867 0.167135 0.212891 0.168539 0.208984 0.168539 0.208984 0.207865 0.212891 0.207865 0.214844 0.210674 0.21582 0.210674 0.216797 0.212079 0.217773 0.212079 0.21875 0.213483 0.219727 0.213483 0.220703 0.214888 0.22168 0.214888 0.222656 0.216292 0.222656 0.220506 0.230469 0.220506 0.230469 0.216292 0.232422 0.213483 0.233398 0.213483 0.235352 0.210674 0.236328 0.210674 0.238281 0.207865 0.239258 0.207865 0.241211 0.205056 0.242188 0.205056 0.243164 0.203652 0.244141 0.203652 0.246094 0.200843 0.24707 0.200843 0.249023 0.198034 0.25 0.198034 0.255859 0.189607 0.256836 0.189607 0.267578 0.174157 0.268555 0.174157 0.272461 0.168539 0.273438 0.168539 0.279297 0.160112 0.279297 0.158708 0.280273 0.157303 0.280273 0.155899 0.28125 0.154494 0.28125 0.15309 0.282227 0.151685 0.282227 0.150281 0.283203 0.148876 0.283203 0.147472 0.28418 0.146067 0.28418 0.143258 0.285156 0.141854 0.285156 0.140449 0.286133 0.139045 0.286133 0.13764 0.288086 0.134831 0.288086 0.133427 0.290039 0.130618 0.293945 0.130618 0.293945 0.108146 0.290039 0.108146 0.289062 0.106742 0.289062 0.103933 0.288086 0.102528 0.288086 0.0983146
1 0.708984 0.676966 0.708984 0.68118 0.707031 0.683989 0.706055 0.683989 0.705078 0.685393 0.704102 0.685393 0.703125 0.686798 0.702148 0.686798 0.701172 0.688202 0.700195 0.688202 0.695312 0.695225 0.695312 0.696629 0.694336 0.698034 0.694336 0.699438 0.693359 0.700843 0.693359 0.702247 0.692383 0.703652 0.692383 0.705056 0.691406 0.706461 0.691406 0.70927 0.688477 0.713483 0.688477 0.714888 0.675781 0.733146 0.675781 0.734551 0.672852 0.738764 0.672852 0.740169 0.670898 0.742977 0.670898 0.744382 0.668945 0.747191 0.666016 0.747191 0.666016 0.77809 0.668945 0.77809 0.669922 0.779494 0.671875 0.779494 0.672852 0.780899 0.674805 0.780899 0.676758 0.783708 0.676758 0.787921 0.691406 0.787921 0.691406 0.783708 0.692383 0.782303 0.693359 0.782303 0.694336 0.780899 0.697266 0.780899 0.698242 0.779494 0.700195 0.779494 0.701172 0.77809 0.703125 0.77809 0.704102 0.776685 0.705078 0.776685 0.707031 0.773876 0.708008 0.773876 0.709961 0.771067 0.710938 0.771067 0.71582 0.764045 0.716797 0.764045 0.719727 0.759831 0.720703 0.759831 0.72168 0.758427 0.72168 0.757023 0.727539 0.748595 0.727539 0.747191 0.729492 0.744382 0.729492 0.742977 0.731445 0.740169 0.731445 0.738764 0.732422 0.73736 0.732422 0.735955 0.733398 0.734551 0.733398 0.733146 0.734375 0.731742 0.734375 0.730337 0.735352 0.728933 0.735352 0.727528 0.736328 0.726124 0.736328 0.723315 0.737305 0.72191 0.737305 0.719101 0.738281 0.717697 0.738281 0.714888 0.739258 0.713483 0.739258 0.710674 0.740234 0.70927 0.740234 0.705056 0.741211 0.703652 0.741211 0.700843 0.742188 0.699438 0.742188 0.696629 0.743164 0.695225 0.743164 0.69382 0.744141 0.692416 0.74707 0.692416 0.744141 0.692416 0.743164 0.691011 0.743164 0.688202 0.738281 0.68118 0.738281 0.676966
1 0.556641 0.536517 0.556641 0.54073 0.554688 0.543539 0.553711 0.543539 0.547852 0.551966 0.544922 0.551966 0.544922 0.56882 0.550781 0.56882 0.551758 0.570225 0.554688 0.570225 0.555664 0.571629 0.557617 0.571629 0.558594 0.573034 0.55957 0.573034 0.560547 0.574438 0.5625 0.574438 0.563477 0.575843 0.564453 0.575843 0.56543 0.577247 0.566406 0.577247 0.568359 0.580056 0.570312 0.580056 0.571289 0.581461 0.572266 0.581461 0.573242 0.582865 0.575195 0.582865 0.576172 0.58427 0.578125 0.58427 0.579102 0.585674 0.580078 0.585674 0.582031 0.588483 0.583008 0.588483 0.584961 0.591292 0.586914 0.591292 0.587891 0.592697 0.588867 0.592697 0.589844 0.594101 0.59082 0.594101 0.591797 0.595506 0.592773 0.595506 0.59375 0.59691 0.59668 0.59691 0.597656 0.598315 0.599609 0.598315 0.600586 0.599719 0.602539 0.599719 0.603516 0.601124 0.606445 0.601124 0.607422 0.602528 0.610352 0.602528 0.611328 0.603933 0.613281 0.603933 0.614258 0.605337 0.617188 0.605337 0.618164 0.606742 0.619141 0.606742 0.620117 0.608146 0.621094 0.608146 0.623047 0.610955 0.624023 0.610955 0.625 0.61236 0.625977 0.61236 0.626953 0.613764 0.62793 0.613764 0.628906 0.615169 0.629883 0.615169 0.630859 0.616573 0.632812 0.616573 0.633789 0.617977 0.635742 0.617977 0.636719 0.619382 0.638672 0.619382 0.639648 0.620786 0.641602 0.620786 0.642578 0.622191 0.644531 0.622191 0.645508 0.623595 0.648438 0.623595 0.649414 0.625 0.652344 0.625 0.65332 0.626405 0.65625 0.626405 0.657227 0.627809 0.65918 0.627809 0.660156 0.629214 0.661133 0.629214 0.662109 0.630618 0.664062 0.630618 0.665039 0.632023 0.667969 0.632023 0.668945 0.633427 0.670898 0.633427 0.671875 0.634831 0.673828 0.634831 0.674805 0.636236 0.676758 0.636236 0.677734 0.63764 0.681641 0.63764 0.682617 0.639045 0.685547 0.639045 0.686523 0.640449 0.688477 0.640449 0.689453 0.641854 0.693359 0.641854 0.694336 0.643258 0.698242 0.643258 0.699219 0.644663 0.702148 0.644663 0.703125 0.646067 0.706055 0.646067 0.707031 0.647472 0.708984 0.647472 0.709961 0.648876 0.711914 0.648876 0.71582 0.654494 0.71582 0.658708 0.722656 0.658708 0.722656 0.654494 0.723633 0.65309 0.723633 0.651685 0.724609 0.650281 0.724609 0.648876 0.726562 0.646067 0.727539 0.646067 0.732422 0.639045 0.732422 0.63764 0.734375 0.634831 0.734375 0.630618 0.735352 0.629214 0.735352 0.625 0.734375 0.623595 0.734375 0.622191 0.733398 0.620786 0.733398 0.619382 0.728516 0.61236 0.727539 0.61236 0.724609 0.608146 0.723633 0.608146 0.722656 0.606742 0.72168 0.606742 0.720703 0.605337 0.719727 0.605337 0.71875 0.603933 0.717773 0.603933 0.716797 0.602528 0.71582 0.602528 0.714844 0.601124 0.712891 0.601124 0.711914 0.599719 0.709961 0.599719 0.708984 0.598315 0.707031 0.598315 0.706055 0.59691 0.704102 0.59691 0.703125 0.595506 0.698242 0.595506 0.697266 0.594101 0.692383 0.594101 0.691406 0.592697 0.686523 0.592697 0.685547 0.591292 0.683594 0.591292 0.682617 0.589888 0.680664 0.589888 0.679688 0.588483 0.676758 0.588483 0.675781 0.587079 0.674805 0.587079 0.673828 0.585674 0.671875 0.585674 0.670898 0.58427 0.668945 0.58427 0.667969 0.582865 0.663086 0.582865 0.662109 0.581461 0.658203 0.581461 0.657227 0.580056 0.654297 0.580056 0.65332 0.578652 0.637695 0.578652 0.636719 0.577247 0.635742 0.577247 0.633789 0.574438 0.632812 0.574438 0.628906 0.56882 0.62793 0.56882 0.626953 0.567416 0.625977 0.567416 0.624023 0.564607 0.623047 0.564607 0.618164 0.557584 0.617188 0.557584 0.615234 0.554775 0.614258 0.554775 0.611328 0.550562 0.610352 0.550562 0.609375 0.549157 0.608398 0.549157 0.606445 0.546348 0.602539 0.546348 0.601562 0.544944 0.599609 0.544944 0.598633 0.543539 0.595703 0.543539 0.594727 0.542135 0.59375 0.542135 0.592773 0.54073 0.592773 0.536517
1 0.376953 0 0.376953 0.0168539 0.379883 0.0168539 0.381836 0.0196629 0.381836 0.0238764 0.382812 0.0252809 0.382812 0.0280899 0.383789 0.0294944 0.383789 0.0323034 0.384766 0.0337079 0.384766 0.0365169 0.385742 0.0379213 0.385742 0.0393258 0.386719 0.0407303 0.386719 0.0435393 0.387695 0.0449438 0.387695 0.0463483 0.388672 0.0477528 0.388672 0.0505618 0.389648 0.0519663 0.389648 0.0561798 0.390625 0.0575843 0.390625 0.0589888 0.391602 0.0603933 0.391602 0.0617978 0.392578 0.0632022 0.392578 0.0646067 0.393555 0.0660112 0.393555 0.0674157 0.395508 0.0702247 0.395508 0.0716292 0.396484 0.0730337 0.397461 0.0730337 0.404297 0.0828652 0.404297 0.0842697 0.405273 0.0856742 0.405273 0.0884831 0.40625 0.0898876 0.40625 0.0926966 0.407227 0.0941011 0.407227 0.0955056 0.408203 0.0969101 0.408203 0.0983146 0.40918 0.0997191 0.40918 0.101124 0.412109 0.105337 0.412109 0.106742 0.419922 0.117978 0.420898 0.117978 0.425781 0.125 0.425781 0.130618 0.4375 0.130618 0.4375 0.116573 0.436523 0.115169 0.436523 0.11236 0.435547 0.110955 0.435547 0.108146 0.43457 0.106742 0.43457 0.103933 0.433594 0.102528 0.433594 0.0997191 0.432617 0.0983146 0.432617 0.0926966 0.433594 0.0912921 0.433594 0.0898876 0.43457 0.0884831 0.43457 0.0856742 0.435547 0.0842697 0.435547 0.0786517 0.43457 0.0772472 0.43457 0.0744382 0.433594 0.0730337 0.433594 0.0716292 0.432617 0.0702247 0.432617 0.0688202 0.431641 0.0674157 0.431641 0.0632022 0.430664 0.0617978 0.430664 0.0505618 0.429688 0.0491573 0.429688 0.0449438 0.428711 0.0435393 0.428711 0.0393258 0.427734 0.0379213 0.427734 0.0351124 0.426758 0.0337079 0.426758 0.0323034 0.424805 0.0294944 0.424805 0.0280899 0.423828 0.0266854 0.423828 0.0252809 0.420898 0.0210674 0.420898 0.0196629 0.418945 0.0168539 0.418945 0.0154494 0.416992 0.0126404 0.416992 0.011236 0.416016 0.00983146 0.416016 0.00842697 0.415039 0.00702247 0.415039 0.00561798 0.414062 0.00421348 0.414062 0
1 0.138672 0.890449 0.138672 0.917135 0.141602 0.917135 0.142578 0.918539 0.143555 0.918539 0.144531 0.919944 0.145508 0.919944 0.146484 0.921348 0.147461 0.921348 0.148438 0.922753 0.149414 0.922753 0.150391 0.924157 0.151367 0.924157 0.152344 0.925562 0.15332 0.925562 0.154297 0.926966 0.155273 0.926966 0.15625 0.928371 0.157227 0.928371 0.158203 0.929775 0.15918 0.929775 0.160156 0.93118 0.161133 0.93118 0.162109 0.932584 0.163086 0.932584 0.164062 0.933989 0.165039 0.933989 0.166992 0.936798 0.167969 0.936798 0.168945 0.938202 0.169922 0.938202 0.170898 0.939607 0.171875 0.939607 0.172852 0.941011 0.173828 0.941011 0.175781 0.94382 0.176758 0.94382 0.182617 0.952247 0.183594 0.952247 0.18457 0.953652 0.186523 0.953652 0.1875 0.955056 0.189453 0.955056 0.19043 0.956461 0.191406 0.956461 0.192383 0.957865 0.192383 0.962079 0.257812 0.962079 0.257812 0.957865 0.258789 0.956461 0.261719 0.956461 0.262695 0.955056 0.266602 0.955056 0.267578 0.953652 0.272461 0.953652 0.273438 0.952247 0.280273 0.952247 0.28125 0.950843 0.285156 0.950843 0.286133 0.949438 0.288086 0.949438 0.289062 0.948034 0.291992 0.948034 0.292969 0.946629 0.296875 0.946629 0.297852 0.945225 0.302734 0.945225 0.303711 0.94382 0.308594 0.94382 0.30957 0.945225 0.313477 0.945225 0.313477 0.890449 0.266602 0.890449 0.266602 0.896067 0.275391 0.908708 0.276367 0.908708 0.280273 0.914326 0.28125 0.914326 0.28418 0.918539 0.282227 0.921348 0.28125 0.921348 0.280273 0.922753 0.27832 0.922753 0.277344 0.921348 0.272461 0.921348 0.271484 0.919944 0.269531 0.919944 0.268555 0.918539 0.267578 0.918539 0.266602 0.917135 0.261719 0.917135 0.260742 0.91573 0.250977 0.91573 0.25 0.917135 0.246094 0.917135 0.245117 0.918539 0.242188 0.918539 0.241211 0.919944 0.239258 0.919944 0.238281 0.921348 0.233398 0.921348 0.232422 0.922753 0.227539 0.922753 0.226562 0.924157 0.212891 0.924157 0.211914 0.922753 0.208008 0.922753 0.207031 0.921348 0.202148 0.921348 0.201172 0.919944 0.199219 0.919944 0.198242 0.918539 0.197266 0.918539 0.196289 0.917135 0.195312 0.917135 0.193359 0.914326 0.192383 0.914326 0.188477 0.908708 0.1875 0.908708 0.185547 0.905899 0.18457 0.905899 0.183594 0.904494 0.182617 0.904494 0.180664 0.901685 0.179688 0.901685 0.178711 0.900281 0.177734 0.900281 0.176758 0.898876 0.175781 0.898876 0.174805 0.897472 0.172852 0.897472 0.170898 0.894663 0.170898 0.890449 0.15625 0.890449 0.15625 0.894663 0.155273 0.896067 0.146484 0.896067 0.145508 0.894663 0.145508 0.890449
1 0.958008 0.480337 0.958008 0.484551 0.957031 0.485955 0.957031 0.488764 0.955078 0.491573 0.955078 0.492978 0.954102 0.494382 0.954102 0.497191 0.953125 0.498596 0.953125 0.5 0.952148 0.501405 0.952148 0.504214 0.953125 0.505618 0.953125 0.511236 0.954102 0.511236 0.955078 0.51264 0.955078 0.518258 0.954102 0.519663 0.954102 0.521067 0.952148 0.523876 0.952148 0.525281 0.951172 0.526685 0.947266 0.526685 0.947266 0.595506 0.951172 0.595506 0.952148 0.59691 0.952148 0.599719 0.953125 0.601124 0.953125 0.602528 0.954102 0.603933 0.954102 0.608146 0.966797 0.608146 0.966797 0.602528 0.967773 0.601124 0.96875 0.601124 0.972656 0.595506 0.973633 0.595506 0.974609 0.594101 0.974609 0.592697 0.977539 0.588483 0.977539 0.587079 0.978516 0.585674 0.978516 0.58427 0.979492 0.582865 0.979492 0.581461 0.980469 0.580056 0.980469 0.575843 0.981445 0.574438 0.981445 0.573034 0.982422 0.571629 0.982422 0.56882 0.983398 0.567416 0.983398 0.563202 0.984375 0.561798 0.984375 0.557584 0.985352 0.55618 0.985352 0.554775 0.986328 0.553371 0.989258 0.553371 0.989258 0.501405 0.986328 0.501405 0.985352 0.5 0.985352 0.498596 0.984375 0.497191 0.984375 0.492978 0.983398 0.491573 0.983398 0.488764 0.981445 0.485955 0.981445 0.480337
1 0.138672 0.957865 0.138672 0.964888 0.141602 0.964888 0.142578 0.966292 0.143555 0.966292 0.145508 0.969101 0.146484 0.969101 0.148438 0.97191 0.149414 0.97191 0.150391 0.973315 0.151367 0.973315 0.152344 0.974719 0.154297 0.974719 0.155273 0.976124 0.157227 0.976124 0.158203 0.977528 0.15918 0.977528 0.160156 0.978933 0.162109 0.978933 0.163086 0.980337 0.165039 0.980337 0.166016 0.981742 0.171875 0.981742 0.172852 0.983146 0.174805 0.983146 0.175781 0.981742 0.1875 0.981742 0.188477 0.983146 0.19043 0.983146 0.192383 0.985955 0.192383 0.992977 0.193359 0.994382 0.193359 1 0.220703 1 0.220703 0.997191 0.219727 0.995786 0.217773 0.995786 0.216797 0.994382 0.214844 0.994382 0.213867 0.992977 0.211914 0.992977 0.210938 0.991573 0.211914 0.990169 0.212891 0.990169 0.213867 0.988764 0.220703 0.988764 0.22168 0.98736 0.260742 0.98736 0.261719 0.985955 0.268555 0.985955 0.269531 0.98736 0.275391 0.98736 0.276367 0.988764 0.27832 0.988764 0.279297 0.990169 0.280273 0.990169 0.28125 0.991573 0.283203 0.991573 0.28418 0.992977 0.286133 0.992977 0.287109 0.994382 0.288086 0.994382 0.289062 0.995786 0.290039 0.995786 0.291016 0.997191 0.291016 1 0.324219 1 0.324219 0.997191 0.327148 0.992977 0.328125 0.992977 0.329102 0.991573 0.330078 0.991573 0.328125 0.991573 0.327148 0.990169 0.325195 0.990169 0.321289 0.984551 0.320312 0.984551 0.319336 0.983146 0.318359 0.983146 0.316406 0.980337 0.31543 0.980337 0.314453 0.978933 0.3125 0.978933 0.311523 0.977528 0.310547 0.977528 0.300781 0.963483 0.300781 0.957865 0.243164 0.957865 0.243164 0.962079 0.242188 0.963483 0.236328 0.963483 0.235352 0.964888 0.219727 0.964888 0.21875 0.963483 0.214844 0.963483 0.213867 0.962079 0.213867 0.957865
1 0.273438 0.879214 0.273438 0.883427 0.271484 0.886236 0.267578 0.886236 0.267578 0.90309 0.271484 0.90309 0.274414 0.907303 0.275391 0.907303 0.276367 0.908708 0.277344 0.908708 0.28125 0.914326 0.282227 0.914326 0.283203 0.91573 0.28418 0.91573 0.285156 0.917135 0.285156 0.919944 0.28418 0.921348 0.283203 0.921348 0.282227 0.922753 0.28125 0.922753 0.280273 0.921348 0.273438 0.921348 0.272461 0.919944 0.267578 0.919944 0.267578 0.953652 0.274414 0.953652 0.275391 0.952247 0.283203 0.952247 0.28418 0.950843 0.288086 0.950843 0.289062 0.949438 0.291992 0.949438 0.292969 0.948034 0.296875 0.948034 0.297852 0.946629 0.300781 0.946629 0.301758 0.945225 0.303711 0.945225 0.304688 0.94382 0.30957 0.94382 0.310547 0.945225 0.3125 0.945225 0.313477 0.946629 0.316406 0.946629 0.317383 0.948034 0.319336 0.948034 0.320312 0.949438 0.322266 0.949438 0.323242 0.950843 0.325195 0.950843 0.326172 0.952247 0.329102 0.952247 0.330078 0.953652 0.332031 0.953652 0.333008 0.955056 0.333984 0.955056 0.334961 0.956461 0.336914 0.956461 0.337891 0.957865 0.339844 0.957865 0.34082 0.95927 0.344727 0.95927 0.345703 0.960674 0.353516 0.960674 0.354492 0.962079 0.363281 0.962079 0.364258 0.963483 0.367188 0.963483 0.368164 0.964888 0.370117 0.964888 0.371094 0.966292 0.373047 0.966292 0.374023 0.967697 0.376953 0.967697 0.37793 0.969101 0.380859 0.969101 0.381836 0.970506 0.387695 0.970506 0.388672 0.97191 0.389648 0.970506 0.394531 0.970506 0.395508 0.969101 0.396484 0.969101 0.398438 0.966292 0.399414 0.966292 0.400391 0.964888 0.402344 0.964888 0.40332 0.963483 0.404297 0.963483 0.405273 0.964888 0.40625 0.964888 0.407227 0.966292 0.40918 0.966292 0.411133 0.969101 0.40918 0.97191 0.407227 0.97191 0.40625 0.973315 0.405273 0.973315 0.404297 0.974719 0.404297 0.978933 0.411133 0.978933 0.411133 0.974719 0.412109 0.973315 0.412109 0.970506 0.413086 0.969101 0.414062 0.969101 0.415039 0.967697 0.416992 0.967697 0.417969 0.966292 0.418945 0.966292 0.420898 0.963483 0.420898 0.962079 0.421875 0.960674 0.421875 0.95927 0.422852 0.957865 0.422852 0.955056 0.421875 0.953652 0.421875 0.950843 0.420898 0.949438 0.419922 0.949438 0.418945 0.948034 0.418945 0.946629 0.415039 0.941011 0.414062 0.941011 0.411133 0.936798 0.40918 0.936798 0.408203 0.935393 0.407227 0.935393 0.40625 0.933989 0.405273 0.933989 0.404297 0.932584 0.401367 0.932584 0.400391 0.93118 0.396484 0.93118 0.395508 0.929775 0.392578 0.929775 0.391602 0.928371 0.388672 0.928371 0.387695 0.926966 0.384766 0.926966 0.383789 0.925562 0.381836 0.925562 0.380859 0.924157 0.378906 0.924157 0.37793 0.922753 0.375 0.922753 0.374023 0.921348 0.369141 0.921348 0.368164 0.919944 0.365234 0.919944 0.364258 0.918539 0.361328 0.918539 0.360352 0.917135 0.359375 0.917135 0.358398 0.91573 0.356445 0.91573 0.355469 0.914326 0.353516 0.914326 0.352539 0.912921 0.351562 0.912921 0.350586 0.911517 0.349609 0.911517 0.348633 0.910112 0.347656 0.910112 0.34668 0.908708 0.344727 0.908708 0.34375 0.907303 0.34082 0.907303 0.338867 0.904494 0.337891 0.904494 0.336914 0.90309 0.335938 0.90309 0.333008 0.898876 0.332031 0.898876 0.327148 0.891854 0.326172 0.891854 0.324219 0.889045 0.316406 0.889045 0.31543 0.890449 0.3125 0.890449 0.311523 0.891854 0.30957 0.891854 0.308594 0.890449 0.305664 0.890449 0.304688 0.889045 0.302734 0.889045 0.299805 0.884831 0.299805 0.879214
1 0.920898 0.412921 0.920898 0.418539 0.916016 0.425562 0.912109 0.425562 0.912109 0.484551 0.915039 0.484551 0.916992 0.48736 0.916992 0.490169 0.917969 0.491573 0.917969 0.494382 0.918945 0.495787 0.918945 0.497191 0.919922 0.498596 0.919922 0.5 0.920898 0.501405 0.920898 0.502809 0.921875 0.504214 0.921875 0.507023 0.922852 0.508427 0.922852 0.51264 0.923828 0.514045 0.923828 0.521067 0.924805 0.522472 0.924805 0.532303 0.925781 0.533708 0.925781 0.54073 0.926758 0.542135 0.926758 0.546348 0.927734 0.547753 0.927734 0.550562 0.929688 0.553371 0.929688 0.554775 0.930664 0.55618 0.930664 0.558989 0.931641 0.560393 0.931641 0.561798 0.932617 0.563202 0.932617 0.566011 0.933594 0.567416 0.933594 0.570225 0.93457 0.571629 0.93457 0.573034 0.935547 0.574438 0.935547 0.580056 0.943359 0.580056 0.943359 0.574438 0.948242 0.567416 0.949219 0.567416 0.952148 0.563202 0.952148 0.561798 0.953125 0.560393 0.953125 0.558989 0.955078 0.55618 0.955078 0.554775 0.956055 0.553371 0.956055 0.551966 0.957031 0.550562 0.957031 0.535112 0.956055 0.533708 0.956055 0.529494 0.957031 0.52809 0.957031 0.521067 0.958008 0.519663 0.958008 0.515449 0.958984 0.514045 0.958984 0.51264 0.959961 0.511236 0.959961 0.508427 0.960938 0.507023 0.960938 0.501405 0.961914 0.5 0.961914 0.498596 0.962891 0.497191 0.96582 0.497191 0.96582 0.460674 0.962891 0.460674 0.960938 0.457865 0.960938 0.453652 0.959961 0.452247 0.959961 0.432584 0.960938 0.43118 0.960938 0.426966 0.961914 0.425562 0.96582 0.425562 0.96582 0.412921 0.960938 0.412921 0.960938 0.421348 0.958984 0.424157 0.958008 0.424157 0.956055 0.421348 0.954102 0.421348 0.951172 0.417135 0.951172 0.412921
1 0.154297 0.907303 0.154297 0.917135 0.161133 0.917135 0.161133 0.907303 0.154297 0.907303 0.136719 0.869382 0.138672 0.866573 0.139648 0.866573 0.140625 0.865169 0.140625 0.863764 0.143555 0.859551 0.143555 0.858146 0.147461 0.852528 0.148438 0.852528 0.149414 0.851124 0.150391 0.851124 0.152344 0.848315 0.15332 0.848315 0.154297 0.84691 0.15625 0.84691 0.157227 0.845506 0.161133 0.845506 0.161133 0.837079 0.148438 0.837079 0.147461 0.835674 0.141602 0.835674 0.140625 0.83427 0.139648 0.83427 0.138672 0.832865 0.137695 0.832865 0.136719 0.831461 0.134766 0.831461 0.133789 0.830056 0.132812 0.830056 0.130859 0.827247 0.130859 0.823034 0.112305 0.823034 0.112305 0.827247 0.108398 0.832865 0.107422 0.832865 0.104492 0.837079 0.103516 0.837079 0.100586 0.841292 0.0996094 0.841292 0.0986328 0.842697 0.0976562 0.842697 0.0966797 0.844101 0.0947266 0.844101 0.09375 0.845506 0.0917969 0.845506 0.0908203 0.84691 0.0869141 0.84691 0.0859375 0.848315 0.0820312 0.848315 0.0810547 0.849719 0.078125 0.849719 0.0771484 0.851124 0.0722656 0.851124 0.0712891 0.852528 0.0673828 0.852528 0.0664062 0.853933 0.0644531 0.853933 0.0634766 0.855337 0.0605469 0.855337 0.0595703 0.856742 0.0576172 0.856742 0.0566406 0.858146 0.0546875 0.858146 0.0537109 0.859551 0.0527344 0.859551 0.0517578 0.860955 0.0498047 0.860955 0.0488281 0.86236 0.046875 0.86236 0.0458984 0.863764 0.0126953 0.863764 0.0117188 0.865169 0.0107422 0.865169 0.00976562 0.866573 0.00878906 0.866573 0.0078125 0.867977 0.00195312 0.867977 0.00195312 0.917135 0.0166016 0.917135 0.0166016 0.912921 0.0224609 0.904494 0.0234375 0.904494 0.0253906 0.901685 0.0263672 0.901685 0.0273438 0.900281 0.0283203 0.900281 0.0302734 0.897472 0.0322266 0.897472 0.0332031 0.896067 0.0341797 0.896067 0.0351562 0.894663 0.0361328 0.894663 0.0371094 0.893258 0.0380859 0.893258 0.0390625 0.891854 0.0419922 0.891854 0.0429688 0.890449 0.0488281 0.890449 0.0498047 0.889045 0.0546875 0.889045 0.0556641 0.88764 0.0625 0.88764 0.0634766 0.886236 0.0800781 0.886236 0.0810547 0.884831 0.0849609 0.884831 0.0859375 0.883427 0.0888672 0.883427 0.0898438 0.882023 0.09375 0.882023 0.0947266 0.880618 0.0966797 0.880618 0.0976562 0.882023 0.100586 0.882023 0.101562 0.880618 0.105469 0.880618 0.106445 0.879214 0.110352 0.879214 0.111328 0.877809 0.119141 0.877809 0.120117 0.876405 0.123047 0.876405 0.124023 0.875 0.126953 0.875 0.12793 0.873595 0.130859 0.873595 0.131836 0.872191 0.133789 0.872191 0.135742 0.869382 0.136719 0.869382
1 0.404297 0.199438 0.404297 0.235955 0.40918 0.235955 0.410156 0.23736 0.412109 0.23736 0.413086 0.238764 0.415039 0.238764 0.416016 0.240169 0.417969 0.240169 0.418945 0.241573 0.420898 0.241573 0.421875 0.242978 0.422852 0.242978 0.423828 0.244382 0.424805 0.244382 0.425781 0.245787 0.427734 0.245787 0.429688 0.248596 0.430664 0.248596 0.431641 0.25 0.432617 0.25 0.433594 0.251404 0.435547 0.251404 0.4375 0.254213 0.438477 0.254213 0.439453 0.255618 0.441406 0.255618 0.442383 0.257022 0.443359 0.257022 0.444336 0.258427 0.446289 0.258427 0.448242 0.261236 0.448242 0.265449 0.470703 0.265449 0.470703 0.261236 0.472656 0.258427 0.474609 0.258427 0.475586 0.257022 0.479492 0.257022 0.480469 0.255618 0.485352 0.255618 0.486328 0.254213 0.488281 0.254213 0.489258 0.252809 0.493164 0.252809 0.493164 0.235955 0.478516 0.235955 0.477539 0.234551 0.474609 0.234551 0.472656 0.231742 0.47168 0.231742 0.46875 0.227528 0.467773 0.227528 0.464844 0.223315 0.463867 0.223315 0.460938 0.219101 0.459961 0.219101 0.458984 0.217697 0.458008 0.217697 0.457031 0.216292 0.456055 0.216292 0.455078 0.214888 0.454102 0.214888 0.453125 0.213483 0.451172 0.213483 0.450195 0.212079 0.443359 0.212079 0.442383 0.210674 0.438477 0.210674 0.4375 0.20927 0.435547 0.20927 0.43457 0.207865 0.431641 0.207865 0.430664 0.206461 0.429688 0.206461 0.428711 0.205056 0.427734 0.205056 0.426758 0.203652 0.426758 0.199438
0 0.00976562 0.401685 0.00976562 0.407303 0.0117188 0.410112 0.0126953 0.410112 0.0136719 0.411517 0.0136719 0.412921 0.0117188 0.41573 0.00878906 0.41573 0.0078125 0.417135 0.00195312 0.417135 0.00195312 0.606742 0.0224609 0.606742 0.0234375 0.608146 0.0263672 0.608146 0.0273438 0.609551 0.0273438 0.613764 0.0507812 0.613764 0.0507812 0.609551 0.0585938 0.598315 0.0595703 0.598315 0.0605469 0.59691 0.0605469 0.595506 0.0664062 0.587079 0.0673828 0.587079 0.0732422 0.578652 0.0742188 0.578652 0.0761719 0.575843 0.0771484 0.575843 0.0800781 0.571629 0.0820312 0.571629 0.0830078 0.570225 0.0839844 0.570225 0.0849609 0.56882 0.0859375 0.56882 0.0869141 0.567416 0.0878906 0.567416 0.0898438 0.570225 0.0898438 0.577247 0.0888672 0.578652 0.0888672 0.581461 0.0878906 0.582865 0.0839844 0.582865 0.0800781 0.588483 0.0800781 0.589888 0.0761719 0.595506 0.0761719 0.59691 0.0751953 0.598315 0.0751953 0.602528 0.0742188 0.603933 0.0742188 0.605337 0.0732422 0.606742 0.0732422 0.608146 0.0722656 0.609551 0.0722656 0.613764 0.105469 0.613764 0.105469 0.602528 0.106445 0.601124 0.106445 0.589888 0.105469 0.588483 0.105469 0.582865 0.104492 0.581461 0.104492 0.580056 0.105469 0.578652 0.105469 0.574438 0.106445 0.573034 0.106445 0.570225 0.107422 0.56882 0.107422 0.567416 0.108398 0.566011 0.108398 0.564607 0.110352 0.561798 0.110352 0.560393 0.111328 0.558989 0.111328 0.55618 0.112305 0.554775 0.112305 0.551966 0.113281 0.550562 0.113281 0.537921 0.112305 0.536517 0.112305 0.535112 0.109375 0.530899 0.109375 0.529494 0.108398 0.52809 0.108398 0.518258 0.109375 0.516854 0.109375 0.514045 0.110352 0.51264 0.110352 0.509831 0.111328 0.508427 0.111328 0.507023 0.113281 0.504214 0.113281 0.502809 0.115234 0.5 0.118164 0.5 0.118164 0.473315 0.115234 0.473315 0.113281 0.470506 0.113281 0.469101 0.112305 0.467697 0.112305 0.466292 0.110352 0.463483 0.110352 0.462079 0.108398 0.45927 0.108398 0.457865 0.107422 0.456461 0.107422 0.455056 0.106445 0.453652 0.106445 0.452247 0.105469 0.450843 0.105469 0.449438 0.104492 0.448034 0.104492 0.44382 0.103516 0.442416 0.103516 0.429775 0.102539 0.428371 0.102539 0.425562 0.101562 0.424157 0.101562 0.422753 0.0966797 0.41573 0.0957031 0.41573 0.0947266 0.414326 0.0917969 0.414326 0.0888672 0.410112 0.0878906 0.410112 0.0869141 0.408708 0.0859375 0.408708 0.0849609 0.407303 0.0839844 0.407303 0.0830078 0.405899 0.0830078 0.401685 0.0400391 0.401685 0.0400391 0.405899 0.0380859 0.408708 0.0361328 0.408708 0.0322266 0.414326 0.0302734 0.414326 0.0283203 0.417135 0.0273438 0.417135 0.0253906 0.419944 0.0205078 0.419944 0.0185547 0.417135 0.0185547 0.411517 0.0195312 0.410112 0.0195312 0.401685
1 0.236328 0.592697 0.236328 0.620786 0.239258 0.620786 0.245117 0.629214 0.245117 0.630618 0.246094 0.632023 0.246094 0.633427 0.24707 0.634831 0.24707 0.636236 0.249023 0.639045 0.249023 0.640449 0.25293 0.646067 0.25293 0.647472 0.265625 0.66573 0.266602 0.66573 0.274414 0.676966 0.275391 0.676966 0.27832 0.68118 0.279297 0.68118 0.280273 0.682584 0.28125 0.682584 0.282227 0.683989 0.283203 0.683989 0.28418 0.685393 0.285156 0.685393 0.286133 0.686798 0.286133 0.692416 0.306641 0.692416 0.306641 0.686798 0.30957 0.682584 0.313477 0.682584 0.313477 0.662921 0.310547 0.662921 0.308594 0.660112 0.308594 0.658708 0.298828 0.644663 0.298828 0.643258 0.291016 0.632023 0.291016 0.630618 0.286133 0.623595 0.286133 0.622191 0.283203 0.617977 0.283203 0.616573 0.279297 0.610955 0.279297 0.609551 0.274414 0.602528 0.274414 0.601124 0.272461 0.598315 0.272461 0.592697
1 0.592773 0.671348 0.592773 0.676966 0.59082 0.679775 0.587891 0.679775 0.587891 0.782303 0.605469 0.782303 0.605469 0.776685 0.606445 0.775281 0.606445 0.768258 0.607422 0.766854 0.607422 0.764045 0.608398 0.76264 0.608398 0.761236 0.609375 0.759831 0.609375 0.758427 0.610352 0.757023 0.610352 0.754214 0.611328 0.752809 0.611328 0.751405 0.612305 0.75 0.612305 0.747191 0.613281 0.745786 0.613281 0.742977 0.614258 0.741573 0.614258 0.738764 0.615234 0.73736 0.615234 0.734551 0.616211 0.733146 0.616211 0.728933 0.617188 0.727528 0.617188 0.723315 0.618164 0.72191 0.618164 0.719101 0.619141 0.717697 0.619141 0.713483 0.620117 0.712079 0.620117 0.707865 0.621094 0.706461 0.621094 0.702247 0.62207 0.700843 0.62207 0.699438 0.623047 0.698034 0.625977 0.698034 0.625977 0.679775 0.623047 0.679775 0.621094 0.676966 0.621094 0.671348
1 0.732422 0.272472 0.732422 0.27809 0.730469 0.280899 0.730469 0.282303 0.727539 0.286517 0.724609 0.286517 0.724609 0.310393 0.730469 0.310393 0.731445 0.311798 0.738281 0.311798 0.739258 0.313202 0.741211 0.313202 0.742188 0.314607 0.744141 0.314607 0.745117 0.316011 0.74707 0.316011 0.748047 0.317416 0.749023 0.317416 0.75 0.31882 0.750977 0.31882 0.753906 0.323034 0.754883 0.323034 0.758789 0.328652 0.759766 0.328652 0.761719 0.331461 0.762695 0.331461 0.763672 0.332865 0.764648 0.332865 0.765625 0.33427 0.766602 0.33427 0.767578 0.335674 0.768555 0.335674 0.769531 0.337079 0.770508 0.337079 0.771484 0.338483 0.773438 0.338483 0.774414 0.339888 0.777344 0.339888 0.77832 0.341292 0.78418 0.341292 0.785156 0.339888 0.791992 0.339888 0.792969 0.341292 0.802734 0.341292 0.803711 0.339888 0.806641 0.339888 0.808594 0.337079 0.80957 0.337079 0.810547 0.335674 0.811523 0.335674 0.8125 0.33427 0.814453 0.33427 0.816406 0.331461 0.817383 0.331461 0.821289 0.325843 0.825195 0.325843 0.825195 0.300562 0.822266 0.300562 0.818359 0.294944 0.817383 0.294944 0.81543 0.292135 0.814453 0.292135 0.8125 0.289326 0.811523 0.289326 0.810547 0.287921 0.808594 0.287921 0.807617 0.286517 0.806641 0.286517 0.805664 0.285112 0.803711 0.285112 0.802734 0.283708 0.799805 0.283708 0.798828 0.282303 0.797852 0.282303 0.796875 0.280899 0.794922 0.280899 0.793945 0.279494 0.766602 0.279494 0.765625 0.27809 0.764648 0.27809 0.763672 0.276685 0.763672 0.272472
1 0.827148 0.205056 0.827148 0.210674 0.825195 0.213483 0.825195 0.214888 0.823242 0.217697 0.823242 0.219101 0.821289 0.22191 0.818359 0.22191 0.818359 0.282303 0.821289 0.282303 0.822266 0.283708 0.823242 0.283708 0.826172 0.287921 0.827148 0.287921 0.828125 0.289326 0.829102 0.289326 0.830078 0.29073 0.831055 0.29073 0.833984 0.294944 0.833984 0.296348 0.834961 0.297753 0.834961 0.299157 0.836914 0.301966 0.836914 0.303371 0.837891 0.304775 0.837891 0.30618 0.838867 0.307584 0.838867 0.310393 0.839844 0.311798 0.839844 0.317416 0.838867 0.31882 0.838867 0.321629 0.836914 0.324438 0.836914 0.325843 0.833008 0.331461 0.833008 0.332865 0.830078 0.337079 0.830078 0.338483 0.828125 0.341292 0.828125 0.342697 0.827148 0.344101 0.827148 0.345506 0.826172 0.34691 0.826172 0.349719 0.825195 0.351124 0.825195 0.353933 0.824219 0.355337 0.824219 0.359551 0.823242 0.360955 0.823242 0.367978 0.822266 0.369382 0.822266 0.370787 0.821289 0.372191 0.818359 0.372191 0.818359 0.410112 0.822266 0.410112 0.824219 0.412921 0.826172 0.412921 0.827148 0.414326 0.828125 0.414326 0.830078 0.417135 0.831055 0.417135 0.832031 0.418539 0.833008 0.418539 0.833984 0.419944 0.834961 0.419944 0.837891 0.424157 0.838867 0.424157 0.839844 0.425562 0.84082 0.425562 0.841797 0.426966 0.84375 0.426966 0.844727 0.428371 0.845703 0.428371 0.84668 0.426966 0.848633 0.426966 0.850586 0.424157 0.850586 0.422753 0.852539 0.419944 0.852539 0.418539 0.853516 0.417135 0.853516 0.412921 0.854492 0.411517 0.854492 0.408708 0.855469 0.407303 0.855469 0.404494 0.856445 0.40309 0.856445 0.398876 0.857422 0.397472 0.857422 0.393258 0.858398 0.391854 0.858398 0.372191 0.859375 0.370787 0.859375 0.365169 0.860352 0.363764 0.860352 0.360955 0.861328 0.359551 0.861328 0.358146 0.862305 0.356742 0.862305 0.353933 0.863281 0.352528 0.863281 0.349719 0.864258 0.348315 0.864258 0.34691 0.865234 0.345506 0.868164 0.345506 0.868164 0.320225 0.865234 0.320225 0.863281 0.317416 0.863281 0.314607 0.862305 0.313202 0.862305 0.307584 0.861328 0.30618 0.861328 0.296348 0.860352 0.294944 0.860352 0.287921 0.859375 0.286517 0.859375 0.271067 0.860352 0.269663 0.860352 0.266854 0.861328 0.265449 0.861328 0.252809 0.860352 0.251404 0.860352 0.245787 0.859375 0.244382 0.859375 0.241573 0.858398 0.240169 0.858398 0.23736 0.857422 0.235955 0.857422 0.234551 0.853516 0.228933 0.852539 0.228933 0.851562 0.227528 0.850586 0.227528 0.848633 0.224719 0.847656 0.224719 0.839844 0.213483 0.839844 0.212079 0.838867 0.210674 0.838867 0.205056
1 0.923828 0.705056 0.923828 0.724719 0.926758 0.724719 0.931641 0.731742 0.931641 0.733146 0.936523 0.740169 0.9375 0.740169 0.939453 0.742977 0.94043 0.742977 0.941406 0.744382 0.942383 0.744382 0.943359 0.745786 0.946289 0.745786 0.947266 0.747191 0.950195 0.747191 0.951172 0.748595 0.956055 0.748595 0.957031 0.75 0.96582 0.75 0.966797 0.751405 0.972656 0.751405 0.973633 0.752809 0.975586 0.752809 0.976562 0.754214 0.977539 0.754214 0.978516 0.755618 0.981445 0.755618 0.982422 0.757023 0.984375 0.757023 0.985352 0.758427 0.988281 0.758427 0.989258 0.759831 0.990234 0.759831 0.991211 0.761236 0.992188 0.761236 0.994141 0.764045 0.995117 0.764045 0.996094 0.765449 0.999023 0.765449 0.999023 0.745786 0.995117 0.745786 0.993164 0.742977 0.992188 0.742977 0.986328 0.734551 0.985352 0.734551 0.984375 0.733146 0.983398 0.733146 0.982422 0.731742 0.980469 0.731742 0.979492 0.730337 0.977539 0.730337 0.975586 0.727528 0.974609 0.727528 0.961914 0.70927 0.961914 0.705056
1 0.611328 0.0758427 0.611328 0.11236 0.615234 0.11236 0.616211 0.113764 0.616211 0.115169 0.618164 0.117978 0.618164 0.119382 0.621094 0.123596 0.621094 0.125 0.623047 0.127809 0.623047 0.129213 0.625 0.132022 0.625 0.133427 0.625977 0.134831 0.625977 0.136236 0.626953 0.13764 0.626953 0.139045 0.628906 0.141854 0.628906 0.143258 0.629883 0.144663 0.629883 0.146067 0.631836 0.148876 0.631836 0.150281 0.633789 0.15309 0.633789 0.154494 0.636719 0.158708 0.636719 0.160112 0.638672 0.162921 0.638672 0.164326 0.649414 0.179775 0.650391 0.179775 0.652344 0.182584 0.65332 0.182584 0.654297 0.183989 0.655273 0.183989 0.658203 0.188202 0.658203 0.192416 0.672852 0.192416 0.672852 0.158708 0.668945 0.158708 0.664062 0.151685 0.664062 0.150281 0.658203 0.141854 0.658203 0.140449 0.65625 0.13764 0.65625 0.136236 0.655273 0.134831 0.655273 0.133427 0.654297 0.132022 0.654297 0.130618 0.65332 0.129213 0.65332 0.127809 0.652344 0.126404 0.652344 0.123596 0.651367 0.122191 0.651367 0.117978 0.650391 0.116573 0.650391 0.108146 0.649414 0.106742 0.649414 0.0941011 0.648438 0.0926966 0.648438 0.0912921 0.647461 0.0898876 0.646484 0.0898876 0.645508 0.0884831 0.644531 0.0884831 0.643555 0.0870787 0.642578 0.0870787 0.639648 0.0828652 0.639648 0.0814607 0.638672 0.0800562 0.638672 0.0758427
0 0.975586 0.483146 0.969727 0.483146 0.967773 0.485955 0.967773 0.48736 0.966797 0.488764 0.966797 0.490169 0.96582 0.491573 0.962891 0.491573 0.962891 0.495787 0.979492 0.495787 0.979492 0.490169 0.978516 0.488764 0.978516 0.48736 0.975586 0.483146 0.976562 0.476124 0.978516 0.476124 0.979492 0.477528 0.981445 0.477528 0.982422 0.478933 0.983398 0.478933 0.985352 0.481742 0.988281 0.481742 0.989258 0.483146 0.991211 0.483146 0.992188 0.484551 0.995117 0.484551 0.996094 0.485955 0.999023 0.485955 0.999023 0.365169 0.998047 0.365169 0.990234 0.376404 0.989258 0.376404 0.987305 0.379213 0.986328 0.379213 0.983398 0.383427 0.982422 0.383427 0.976562 0.391854 0.975586 0.391854 0.972656 0.396067 0.97168 0.396067 0.969727 0.398876 0.96875 0.398876 0.966797 0.401685 0.962891 0.401685 0.962891 0.456461 0.96582 0.456461 0.967773 0.45927 0.967773 0.460674 0.97168 0.466292 0.97168 0.467697 0.973633 0.470506 0.973633 0.47191 0.974609 0.47191 0.976562 0.474719 0.976562 0.476124
1 0.763672 0.147472 0.762695 0.146067 0.759766 0.146067 0.759766 0.15309 0.763672 0.15309 0.763672 0.147472 0.772461 0.13764 0.774414 0.140449 0.775391 0.140449 0.78125 0.148876 0.78125 0.15309 0.785156 0.15309 0.785156 0.148876 0.788086 0.144663 0.790039 0.144663 0.791016 0.143258 0.792969 0.143258 0.793945 0.141854 0.794922 0.141854 0.796875 0.139045 0.797852 0.139045 0.799805 0.136236 0.799805 0.134831 0.801758 0.132022 0.805664 0.132022 0.805664 0.110955 0.802734 0.110955 0.800781 0.108146 0.800781 0.106742 0.798828 0.103933 0.798828 0.102528 0.794922 0.0969101 0.794922 0.0955056 0.790039 0.0884831 0.790039 0.0870787 0.789062 0.0856742 0.789062 0.0842697 0.788086 0.0828652 0.788086 0.0800562 0.787109 0.0786517 0.787109 0.0772472 0.786133 0.0758427 0.786133 0.0730337 0.785156 0.0716292 0.785156 0.0688202 0.78418 0.0674157 0.78418 0.0646067 0.783203 0.0632022 0.783203 0.0617978 0.782227 0.0603933 0.782227 0.0575843 0.78125 0.0561798 0.78125 0.0547753 0.780273 0.0533708 0.780273 0.0505618 0.779297 0.0491573 0.779297 0.0463483 0.77832 0.0449438 0.77832 0.0421348 0.777344 0.0407303 0.777344 0.0365169 0.765625 0.0365169 0.765625 0.0421348 0.764648 0.0435393 0.763672 0.0435393 0.762695 0.0449438 0.759766 0.0449438 0.759766 0.0969101 0.762695 0.0969101 0.763672 0.0983146 0.763672 0.101124 0.764648 0.102528 0.764648 0.106742 0.765625 0.108146 0.765625 0.110955 0.766602 0.11236 0.766602 0.115169 0.767578 0.116573 0.767578 0.120787 0.768555 0.122191 0.768555 0.126404 0.769531 0.127809 0.769531 0.129213 0.770508 0.130618 0.770508 0.133427 0.772461 0.136236 0.772461 0.13764
1 0.919922 0.952247 0.919922 0.956461 0.916992 0.960674 0.916016 0.960674 0.914062 0.963483 0.913086 0.963483 0.911133 0.966292 0.910156 0.966292 0.90918 0.967697 0.908203 0.967697 0.907227 0.969101 0.90625 0.969101 0.905273 0.970506 0.904297 0.970506 0.901367 0.974719 0.900391 0.974719 0.899414 0.976124 0.896484 0.976124 0.896484 1 0.942383 1 0.942383 0.952247
1 0.134766 0.952247 0.134766 0.95927 0.137695 0.95927 0.140625 0.963483 0.141602 0.963483 0.145508 0.969101 0.146484 0.969101 0.148438 0.97191 0.149414 0.97191 0.150391 0.973315 0.151367 0.973315 0.152344 0.974719 0.15332 0.974719 0.154297 0.976124 0.15625 0.976124 0.157227 0.977528 0.158203 0.977528 0.15918 0.978933 0.161133 0.978933 0.162109 0.980337 0.164062 0.980337 0.165039 0.981742 0.166992 0.981742 0.167969 0.983146 0.170898 0.983146 0.171875 0.984551 0.179688 0.984551 0.180664 0.983146 0.186523 0.983146 0.1875 0.984551 0.189453 0.984551 0.19043 0.985955 0.19043 0.98736 0.189453 0.988764 0.189453 0.991573 0.191406 0.994382 0.191406 1 0.220703 1 0.220703 0.997191 0.219727 0.995786 0.217773 0.995786 0.216797 0.994382 0.214844 0.994382 0.213867 0.992977 0.210938 0.992977 0.209961 0.991573 0.210938 0.990169 0.211914 0.990169 0.212891 0.988764 0.21875 0.988764 0.219727 0.98736 0.259766 0.98736 0.260742 0.985955 0.268555 0.985955 0.269531 0.98736 0.275391 0.98736 0.276367 0.988764 0.27832 0.988764 0.279297 0.990169 0.280273 0.990169 0.28125 0.991573 0.283203 0.991573 0.28418 0.992977 0.286133 0.992977 0.287109 0.994382 0.288086 0.994382 0.290039 0.997191 0.290039 1 0.317383 1 0.317383 0.978933 0.311523 0.978933 0.310547 0.977528 0.30957 0.977528 0.303711 0.969101 0.302734 0.969101 0.301758 0.967697 0.301758 0.966292 0.299805 0.963483 0.299805 0.962079 0.298828 0.962079 0.296875 0.95927 0.295898 0.95927 0.293945 0.956461 0.293945 0.952247 0.270508 0.952247 0.270508 0.956461 0.269531 0.957865 0.267578 0.957865 0.266602 0.95927 0.262695 0.95927 0.261719 0.960674 0.256836 0.960674 0.255859 0.962079 0.25293 0.962079 0.251953 0.963483 0.248047 0.963483 0.24707 0.964888 0.238281 0.964888 0.237305 0.966292 0.21875 0.966292 0.217773 0.964888 0.210938 0.964888 0.209961 0.963483 0.1875 0.963483 0.186523 0.962079 0.183594 0.962079 0.182617 0.960674 0.180664 0.960674 0.179688 0.95927 0.178711 0.95927 0.176758 0.956461 0.176758 0.952247
1 0.837891 0.176966 0.837891 0.216292 0.841797 0.216292 0.842773 0.217697 0.844727 0.217697 0.845703 0.219101 0.84668 0.219101 0.848633 0.22191 0.849609 0.22191 0.850586 0.223315 0.851562 0.223315 0.852539 0.224719 0.853516 0.224719 0.855469 0.227528 0.855469 0.231742 0.880859 0.231742 0.880859 0.227528 0.884766 0.22191 0.887695 0.22191 0.887695 0.212079 0.884766 0.212079 0.883789 0.210674 0.883789 0.20927 0.882812 0.207865 0.882812 0.205056 0.881836 0.203652 0.881836 0.202247 0.880859 0.200843 0.880859 0.199438 0.879883 0.198034 0.879883 0.196629 0.878906 0.195225 0.878906 0.19382 0.87793 0.192416 0.87793 0.191011 0.876953 0.189607 0.876953 0.188202 0.875977 0.186798 0.875977 0.176966
