0 0.576172 0.242188 0.576172 0.247396 0.575195 0.248698 0.574219 0.248698 0.573242 0.25 0.572266 0.25 0.570312 0.252604 0.569336 0.252604 0.566406 0.25651 0.56543 0.25651 0.5625 0.260417 0.561523 0.260417 0.557617 0.265625 0.556641 0.265625 0.553711 0.269531 0.552734 0.269531 0.545898 0.278646 0.544922 0.278646 0.544922 0.279948 0.540039 0.286458 0.540039 0.28776 0.537109 0.291667 0.537109 0.292969 0.535156 0.295573 0.535156 0.296875 0.532227 0.300781 0.532227 0.302083 0.530273 0.304688 0.530273 0.30599 0.52832 0.308594 0.52832 0.309896 0.526367 0.3125 0.526367 0.313802 0.524414 0.316406 0.524414 0.317708 0.522461 0.320312 0.522461 0.321615 0.520508 0.324219 0.520508 0.325521 0.516602 0.330729 0.516602 0.332031 0.513672 0.335938 0.513672 0.338542 0.512695 0.339844 0.512695 0.34375 0.511719 0.345052 0.511719 0.348958 0.510742 0.35026 0.510742 0.352865 0.509766 0.354167 0.509766 0.356771 0.508789 0.358073 0.508789 0.359375 0.507812 0.360677 0.507812 0.361979 0.506836 0.363281 0.506836 0.365885 0.505859 0.367188 0.505859 0.36849 0.504883 0.369792 0.504883 0.371094 0.503906 0.372396 0.503906 0.375 0.50293 0.376302 0.50293 0.378906 0.501953 0.380208 0.501953 0.382812 0.500977 0.384115 0.500977 0.386719 0.5 0.388021 0.5 0.390625 0.499023 0.391927 0.499023 0.393229 0.49707 0.395833 0.494141 0.395833 0.494141 0.434896 0.49707 0.434896 0.5 0.438802 0.500977 0.438802 0.50293 0.441406 0.503906 0.441406 0.505859 0.44401 0.506836 0.44401 0.508789 0.446615 0.509766 0.446615 0.510742 0.447917 0.511719 0.447917 0.512695 0.449219 0.513672 0.449219 0.514648 0.450521 0.515625 0.450521 0.516602 0.451823 0.518555 0.451823 0.519531 0.453125 0.520508 0.453125 0.521484 0.454427 0.522461 0.454427 0.523438 0.455729 0.523438 0.459635 0.529297 0.459635 0.529297 0.455729 0.53125 0.453125 0.532227 0.453125 0.53418 0.450521 0.535156 0.450521 0.538086 0.446615 0.538086 0.445312 0.560547 0.415365 0.560547 0.414062 0.561523 0.41276 0.5625 0.41276 0.569336 0.403646 0.570312 0.403646 0.574219 0.398438 0.575195 0.398438 0.575195 0.397135 0.584961 0.384115 0.584961 0.382812 0.586914 0.380208 0.586914 0.378906 0.587891 0.377604 0.587891 0.376302 0.588867 0.375 0.588867 0.372396 0.589844 0.371094 0.589844 0.369792 0.59082 0.36849 0.59082 0.367188 0.591797 0.365885 0.591797 0.360677 0.592773 0.359375 0.592773 0.356771 0.59375 0.355469 0.59375 0.354167 0.594727 0.352865 0.594727 0.351562 0.595703 0.35026 0.595703 0.348958 0.59668 0.347656 0.59668 0.346354 0.598633 0.34375 0.598633 0.342448 0.599609 0.341146 0.599609 0.339844 0.600586 0.338542 0.600586 0.33724 0.601562 0.335938 0.601562 0.334635 0.602539 0.333333 0.602539 0.332031 0.603516 0.330729 0.603516 0.328125 0.604492 0.326823 0.604492 0.324219 0.605469 0.322917 0.605469 0.320312 0.606445 0.31901 0.606445 0.316406 0.607422 0.315104 0.607422 0.3125 0.608398 0.311198 0.608398 0.307292 0.609375 0.30599 0.609375 0.303385 0.610352 0.302083 0.610352 0.300781 0.611328 0.299479 0.614258 0.299479 0.614258 0.283854 0.611328 0.283854 0.609375 0.28125 0.609375 0.279948 0.608398 0.278646 0.608398 0.277344 0.607422 0.276042 0.607422 0.273438 0.606445 0.272135 0.606445 0.270833 0.605469 0.269531 0.605469 0.268229 0.604492 0.266927 0.604492 0.265625 0.603516 0.264323 0.603516 0.263021 0.602539 0.261719 0.602539 0.260417 0.600586 0.257812 0.600586 0.242188
1 0.015625 0.575521 0.015625 0.579427 0.0136719 0.582031 0.00976562 0.582031 0.00976562 0.614583 0.0126953 0.614583 0.0166016 0.619792 0.0166016 0.621094 0.0185547 0.623698 0.0185547 0.625 0.0205078 0.627604 0.0205078 0.628906 0.0283203 0.639323 0.0283203 0.640625 0.0292969 0.640625 0.0556641 0.675781 0.0566406 0.675781 0.0605469 0.68099 0.0615234 0.68099 0.0664062 0.6875 0.0664062 0.688802 0.0722656 0.696615 0.0722656 0.697917 0.0751953 0.701823 0.0751953 0.703125 0.0771484 0.705729 0.0771484 0.707031 0.0849609 0.717448 0.0859375 0.717448 0.0888672 0.721354 0.0898438 0.721354 0.0917969 0.723958 0.0927734 0.723958 0.0966797 0.729167 0.0976562 0.729167 0.0996094 0.731771 0.100586 0.731771 0.102539 0.734375 0.103516 0.734375 0.106445 0.738281 0.107422 0.738281 0.108398 0.739583 0.109375 0.739583 0.114258 0.746094 0.115234 0.746094 0.116211 0.747396 0.116211 0.748698 0.117188 0.75 0.118164 0.75 0.120117 0.752604 0.120117 0.753906 0.126953 0.763021 0.126953 0.764323 0.129883 0.768229 0.129883 0.769531 0.131836 0.772135 0.131836 0.773438 0.133789 0.776042 0.133789 0.777344 0.135742 0.779948 0.135742 0.78125 0.136719 0.782552 0.136719 0.783854 0.137695 0.785156 0.137695 0.786458 0.138672 0.78776 0.138672 0.789062 0.140625 0.791667 0.140625 0.792969 0.143555 0.796875 0.143555 0.798177 0.146484 0.802083 0.147461 0.802083 0.150391 0.80599 0.151367 0.80599 0.152344 0.807292 0.15332 0.807292 0.155273 0.809896 0.15625 0.809896 0.157227 0.811198 0.158203 0.811198 0.15918 0.8125 0.160156 0.8125 0.163086 0.816406 0.164062 0.816406 0.166992 0.820312 0.166992 0.824219 0.185547 0.824219 0.185547 0.820312 0.186523 0.81901 0.186523 0.817708 0.189453 0.813802 0.192383 0.813802 0.192383 0.777344 0.189453 0.777344 0.1875 0.77474 0.1875 0.773438 0.186523 0.772135 0.186523 0.770833 0.185547 0.769531 0.185547 0.768229 0.18457 0.766927 0.18457 0.765625 0.181641 0.761719 0.181641 0.760417 0.179688 0.757812 0.179688 0.75651 0.176758 0.752604 0.176758 0.751302 0.173828 0.747396 0.173828 0.746094 0.157227 0.723958 0.15625 0.723958 0.147461 0.71224 0.146484 0.71224 0.131836 0.692708 0.131836 0.691406 0.123047 0.679688 0.123047 0.678385 0.114258 0.666667 0.114258 0.665365 0.103516 0.651042 0.102539 0.651042 0.100586 0.648438 0.0996094 0.648438 0.0957031 0.643229 0.0947266 0.643229 0.0878906 0.634115 0.0869141 0.634115 0.0839844 0.630208 0.0830078 0.630208 0.078125 0.623698 0.0771484 0.623698 0.0712891 0.615885 0.0712891 0.614583 0.0615234 0.601562 0.0615234 0.60026 0.0566406 0.59375 0.0556641 0.59375 0.0527344 0.589844 0.0517578 0.589844 0.0478516 0.584635 0.046875 0.584635 0.0429688 0.579427 0.0429688 0.575521
0 0.354492 0.559896 0.354492 0.563802 0.351562 0.567708 0.350586 0.567708 0.347656 0.571615 0.34668 0.571615 0.344727 0.574219 0.341797 0.574219 0.341797 0.619792 0.344727 0.619792 0.345703 0.621094 0.345703 0.622396 0.34668 0.623698 0.34668 0.626302 0.347656 0.627604 0.347656 0.630208 0.348633 0.63151 0.348633 0.634115 0.349609 0.635417 0.349609 0.638021 0.350586 0.639323 0.350586 0.640625 0.351562 0.641927 0.351562 0.643229 0.352539 0.644531 0.352539 0.645833 0.354492 0.648438 0.355469 0.648438 0.356445 0.64974 0.357422 0.64974 0.358398 0.651042 0.359375 0.651042 0.360352 0.652344 0.362305 0.652344 0.363281 0.653646 0.366211 0.653646 0.367188 0.654948 0.369141 0.654948 0.370117 0.65625 0.37207 0.65625 0.373047 0.657552 0.375 0.657552 0.375977 0.658854 0.379883 0.658854 0.380859 0.660156 0.385742 0.660156 0.386719 0.661458 0.391602 0.661458 0.392578 0.66276 0.402344 0.66276 0.40332 0.661458 0.412109 0.661458 0.413086 0.660156 0.416992 0.660156 0.417969 0.658854 0.420898 0.658854 0.421875 0.657552 0.422852 0.657552 0.423828 0.65625 0.425781 0.65625 0.426758 0.654948 0.428711 0.654948 0.429688 0.653646 0.430664 0.653646 0.431641 0.652344 0.433594 0.652344 0.43457 0.651042 0.436523 0.651042 0.4375 0.64974 0.438477 0.64974 0.439453 0.648438 0.441406 0.648438 0.442383 0.647135 0.443359 0.647135 0.444336 0.645833 0.445312 0.645833 0.447266 0.643229 0.448242 0.643229 0.450195 0.640625 0.451172 0.640625 0.454102 0.636719 0.455078 0.636719 0.455078 0.635417 0.456055 0.634115 0.457031 0.634115 0.458008 0.632812 0.461914 0.632812 0.461914 0.610677 0.458984 0.610677 0.457031 0.608073 0.457031 0.606771 0.452148 0.60026 0.451172 0.60026 0.447266 0.595052 0.446289 0.595052 0.443359 0.591146 0.442383 0.591146 0.44043 0.588542 0.439453 0.588542 0.4375 0.585938 0.436523 0.585938 0.43457 0.583333 0.433594 0.583333 0.432617 0.582031 0.431641 0.582031 0.430664 0.580729 0.429688 0.580729 0.427734 0.578125 0.426758 0.578125 0.425781 0.576823 0.424805 0.576823 0.423828 0.575521 0.422852 0.575521 0.420898 0.572917 0.419922 0.572917 0.418945 0.571615 0.417969 0.571615 0.416992 0.570312 0.416016 0.570312 0.415039 0.56901 0.414062 0.56901 0.413086 0.567708 0.40918 0.567708 0.408203 0.566406 0.404297 0.566406 0.40332 0.565104 0.401367 0.565104 0.400391 0.563802 0.400391 0.559896
1 0.806641 0.695312 0.806641 0.700521 0.805664 0.701823 0.804688 0.701823 0.802734 0.704427 0.798828 0.704427 0.798828 0.735677 0.801758 0.735677 0.805664 0.740885 0.805664 0.742188 0.808594 0.746094 0.808594 0.747396 0.80957 0.748698 0.80957 0.75 0.810547 0.751302 0.810547 0.752604 0.811523 0.753906 0.811523 0.755208 0.8125 0.75651 0.8125 0.757812 0.818359 0.765625 0.818359 0.766927 0.821289 0.770833 0.821289 0.772135 0.824219 0.776042 0.824219 0.777344 0.834961 0.791667 0.835938 0.791667 0.836914 0.792969 0.836914 0.794271 0.838867 0.796875 0.838867 0.798177 0.84082 0.800781 0.84082 0.802083 0.841797 0.803385 0.841797 0.804688 0.84375 0.807292 0.84375 0.808594 0.857422 0.826823 0.858398 0.826823 0.862305 0.832031 0.862305 0.833333 0.873047 0.847656 0.874023 0.847656 0.878906 0.854167 0.878906 0.855469 0.893555 0.875 0.893555 0.876302 0.894531 0.877604 0.894531 0.88151 0.911133 0.88151 0.911133 0.825521 0.908203 0.825521 0.90625 0.822917 0.90625 0.821615 0.905273 0.820312 0.905273 0.81901 0.902344 0.815104 0.902344 0.813802 0.899414 0.809896 0.899414 0.808594 0.897461 0.80599 0.897461 0.804688 0.894531 0.800781 0.894531 0.799479 0.882812 0.783854 0.881836 0.783854 0.876953 0.777344 0.875977 0.777344 0.874023 0.77474 0.873047 0.77474 0.871094 0.772135 0.871094 0.770833 0.867188 0.765625 0.867188 0.764323 0.864258 0.760417 0.864258 0.759115 0.863281 0.757812 0.863281 0.75651 0.861328 0.753906 0.861328 0.752604 0.859375 0.75 0.859375 0.748698 0.858398 0.747396 0.858398 0.746094 0.855469 0.742188 0.855469 0.740885 0.853516 0.738281 0.853516 0.736979 0.848633 0.730469 0.848633 0.729167 0.844727 0.723958 0.844727 0.722656 0.842773 0.720052 0.842773 0.71875 0.84082 0.716146 0.84082 0.714844 0.833984 0.705729 0.833008 0.705729 0.832031 0.704427 0.832031 0.703125 0.831055 0.703125 0.828125 0.699219 0.828125 0.695312
0 0.395508 0.330729 0.395508 0.334635 0.392578 0.338542 0.391602 0.338542 0.390625 0.339844 0.389648 0.339844 0.387695 0.342448 0.386719 0.342448 0.384766 0.345052 0.383789 0.345052 0.381836 0.347656 0.380859 0.347656 0.379883 0.348958 0.378906 0.348958 0.375977 0.352865 0.375 0.352865 0.373047 0.355469 0.37207 0.355469 0.369141 0.359375 0.365234 0.359375 0.365234 0.398438 0.369141 0.398438 0.373047 0.403646 0.373047 0.404948 0.376953 0.410156 0.376953 0.411458 0.378906 0.414062 0.378906 0.415365 0.379883 0.416667 0.379883 0.417969 0.383789 0.423177 0.383789 0.424479 0.384766 0.425781 0.384766 0.427083 0.385742 0.428385 0.385742 0.429688 0.387695 0.432292 0.387695 0.433594 0.388672 0.434896 0.388672 0.436198 0.393555 0.442708 0.393555 0.44401 0.400391 0.453125 0.400391 0.454427 0.402344 0.457031 0.402344 0.458333 0.404297 0.460938 0.404297 0.46224 0.411133 0.471354 0.412109 0.471354 0.413086 0.472656 0.414062 0.472656 0.415039 0.473958 0.416016 0.473958 0.416992 0.47526 0.418945 0.47526 0.419922 0.476562 0.420898 0.476562 0.424805 0.481771 0.425781 0.481771 0.426758 0.483073 0.427734 0.483073 0.429688 0.485677 0.430664 0.485677 0.431641 0.486979 0.432617 0.486979 0.433594 0.488281 0.435547 0.488281 0.436523 0.489583 0.4375 0.489583 0.439453 0.492188 0.439453 0.496094 0.452148 0.496094 0.452148 0.490885 0.453125 0.489583 0.454102 0.489583 0.458984 0.483073 0.458984 0.481771 0.459961 0.480469 0.459961 0.479167 0.460938 0.477865 0.460938 0.476562 0.461914 0.47526 0.461914 0.473958 0.462891 0.472656 0.46582 0.472656 0.46582 0.433594 0.462891 0.433594 0.461914 0.432292 0.461914 0.43099 0.460938 0.429688 0.460938 0.428385 0.459961 0.427083 0.459961 0.424479 0.458984 0.423177 0.458984 0.420573 0.458008 0.419271 0.458008 0.414062 0.457031 0.41276 0.457031 0.408854 0.456055 0.407552 0.456055 0.403646 0.455078 0.402344 0.455078 0.398438 0.454102 0.397135 0.454102 0.395833 0.453125 0.394531 0.453125 0.391927 0.452148 0.390625 0.452148 0.389323 0.451172 0.388021 0.451172 0.385417 0.450195 0.384115 0.450195 0.382812 0.449219 0.38151 0.449219 0.380208 0.448242 0.378906 0.448242 0.376302 0.447266 0.375 0.447266 0.373698 0.446289 0.372396 0.446289 0.371094 0.444336 0.36849 0.444336 0.367188 0.441406 0.363281 0.441406 0.361979 0.43457 0.352865 0.43457 0.351562 0.424805 0.338542 0.423828 0.338542 0.422852 0.33724 0.421875 0.33724 0.419922 0.334635 0.419922 0.330729
1 0.950195 0.669271 0.950195 0.674479 0.949219 0.675781 0.949219 0.677083 0.945312 0.682292 0.945312 0.683594 0.943359 0.686198 0.943359 0.6875 0.942383 0.688802 0.942383 0.690104 0.9375 0.696615 0.9375 0.697917 0.936523 0.699219 0.936523 0.700521 0.933594 0.704427 0.933594 0.705729 0.932617 0.707031 0.932617 0.708333 0.931641 0.709635 0.931641 0.710938 0.930664 0.71224 0.930664 0.713542 0.929688 0.714844 0.929688 0.71875 0.928711 0.720052 0.928711 0.723958 0.927734 0.72526 0.927734 0.729167 0.926758 0.730469 0.926758 0.733073 0.925781 0.734375 0.925781 0.736979 0.924805 0.738281 0.924805 0.740885 0.923828 0.742188 0.923828 0.744792 0.922852 0.746094 0.922852 0.75 0.921875 0.751302 0.921875 0.753906 0.920898 0.755208 0.920898 0.760417 0.919922 0.761719 0.919922 0.768229 0.918945 0.769531 0.918945 0.777344 0.917969 0.778646 0.917969 0.790365 0.916992 0.791667 0.916992 0.80599 0.916016 0.807292 0.916016 0.808594 0.915039 0.809896 0.912109 0.809896 0.912109 0.932292 0.916992 0.932292 0.918945 0.934896 0.919922 0.934896 0.921875 0.932292 0.922852 0.932292 0.923828 0.93099 0.924805 0.93099 0.930664 0.923177 0.930664 0.921875 0.931641 0.920573 0.931641 0.919271 0.932617 0.917969 0.932617 0.916667 0.933594 0.915365 0.933594 0.914062 0.93457 0.91276 0.93457 0.910156 0.935547 0.908854 0.935547 0.904948 0.936523 0.903646 0.936523 0.894531 0.9375 0.893229 0.9375 0.876302 0.938477 0.875 0.938477 0.858073 0.939453 0.856771 0.939453 0.825521 0.94043 0.824219 0.94043 0.807292 0.941406 0.80599 0.941406 0.799479 0.942383 0.798177 0.942383 0.794271 0.943359 0.792969 0.943359 0.789062 0.944336 0.78776 0.944336 0.785156 0.945312 0.783854 0.945312 0.78125 0.946289 0.779948 0.946289 0.776042 0.947266 0.77474 0.947266 0.770833 0.948242 0.769531 0.948242 0.765625 0.949219 0.764323 0.949219 0.757812 0.950195 0.75651 0.950195 0.752604 0.951172 0.751302 0.951172 0.747396 0.952148 0.746094 0.952148 0.742188 0.953125 0.740885 0.953125 0.738281 0.954102 0.736979 0.954102 0.734375 0.955078 0.733073 0.955078 0.731771 0.956055 0.730469 0.956055 0.727865 0.957031 0.726562 0.957031 0.723958 0.958008 0.722656 0.958008 0.721354 0.958984 0.720052 0.958984 0.716146 0.959961 0.714844 0.959961 0.71224 0.960938 0.710938 0.960938 0.708333 0.961914 0.707031 0.961914 0.705729 0.962891 0.704427 0.962891 0.703125 0.963867 0.701823 0.963867 0.699219 0.964844 0.697917 0.964844 0.691406 0.96582 0.690104 0.96582 0.6875 0.964844 0.686198 0.964844 0.678385 0.963867 0.677083 0.963867 0.674479 0.962891 0.673177 0.962891 0.669271
1 0.708008 0.00260417 0.708008 0.0078125 0.707031 0.00911458 0.707031 0.0104167 0.706055 0.0117188 0.706055 0.0130208 0.705078 0.0143229 0.705078 0.015625 0.704102 0.0169271 0.704102 0.0195312 0.703125 0.0208333 0.703125 0.0221354 0.702148 0.0234375 0.702148 0.0247396 0.701172 0.0260417 0.701172 0.0286458 0.700195 0.0299479 0.700195 0.03125 0.699219 0.0325521 0.699219 0.0338542 0.698242 0.0351562 0.698242 0.0364583 0.697266 0.0377604 0.697266 0.0403646 0.696289 0.0416667 0.696289 0.0442708 0.695312 0.0455729 0.695312 0.0481771 0.694336 0.0494792 0.694336 0.0533854 0.693359 0.0546875 0.693359 0.0598958 0.692383 0.0611979 0.692383 0.0664062 0.691406 0.0677083 0.691406 0.0729167 0.69043 0.0742188 0.69043 0.078125 0.689453 0.0794271 0.689453 0.0820312 0.688477 0.0833333 0.688477 0.0859375 0.6875 0.0872396 0.6875 0.0898438 0.686523 0.0911458 0.686523 0.09375 0.685547 0.0950521 0.685547 0.0989583 0.68457 0.10026 0.68457 0.104167 0.683594 0.105469 0.683594 0.108073 0.682617 0.109375 0.682617 0.113281 0.681641 0.114583 0.681641 0.11849 0.680664 0.119792 0.680664 0.125 0.679688 0.126302 0.679688 0.130208 0.678711 0.13151 0.678711 0.134115 0.677734 0.135417 0.677734 0.138021 0.676758 0.139323 0.676758 0.141927 0.675781 0.143229 0.675781 0.145833 0.674805 0.147135 0.674805 0.148438 0.673828 0.14974 0.673828 0.151042 0.672852 0.152344 0.672852 0.154948 0.670898 0.157552 0.670898 0.160156 0.669922 0.161458 0.669922 0.16276 0.668945 0.164062 0.668945 0.166667 0.667969 0.167969 0.667969 0.171875 0.666992 0.173177 0.666992 0.178385 0.666016 0.179688 0.666016 0.184896 0.665039 0.186198 0.665039 0.190104 0.664062 0.191406 0.664062 0.19401 0.663086 0.195312 0.663086 0.197917 0.662109 0.199219 0.662109 0.200521 0.661133 0.201823 0.661133 0.204427 0.660156 0.205729 0.660156 0.208333 0.65918 0.209635 0.65918 0.21224 0.658203 0.213542 0.658203 0.216146 0.657227 0.217448 0.657227 0.220052 0.65625 0.221354 0.65625 0.22526 0.655273 0.226562 0.655273 0.229167 0.654297 0.230469 0.654297 0.233073 0.65332 0.234375 0.65332 0.238281 0.652344 0.239583 0.652344 0.24349 0.651367 0.244792 0.651367 0.248698 0.650391 0.25 0.650391 0.251302 0.649414 0.252604 0.646484 0.252604 0.646484 0.324219 0.649414 0.324219 0.654297 0.330729 0.65625 0.330729 0.657227 0.332031 0.660156 0.332031 0.661133 0.330729 0.662109 0.330729 0.663086 0.329427 0.664062 0.329427 0.666992 0.325521 0.667969 0.325521 0.668945 0.324219 0.668945 0.322917 0.672852 0.317708 0.672852 0.316406 0.674805 0.313802 0.674805 0.3125 0.675781 0.311198 0.675781 0.309896 0.678711 0.30599 0.678711 0.304688 0.680664 0.302083 0.680664 0.300781 0.681641 0.299479 0.681641 0.298177 0.683594 0.295573 0.683594 0.294271 0.686523 0.290365 0.686523 0.289062 0.689453 0.285156 0.689453 0.283854 0.691406 0.28125 0.691406 0.279948 0.695312 0.27474 0.695312 0.273438 0.696289 0.272135 0.696289 0.270833 0.697266 0.269531 0.697266 0.268229 0.698242 0.266927 0.698242 0.265625 0.699219 0.264323 0.699219 0.263021 0.700195 0.261719 0.700195 0.260417 0.701172 0.259115 0.701172 0.257812 0.702148 0.25651 0.702148 0.255208 0.703125 0.253906 0.703125 0.251302 0.704102 0.25 0.704102 0.247396 0.705078 0.246094 0.705078 0.242188 0.706055 0.240885 0.706055 0.238281 0.707031 0.236979 0.707031 0.233073 0.708008 0.231771 0.708008 0.227865 0.708984 0.226562 0.708984 0.222656 0.709961 0.221354 0.709961 0.217448 0.710938 0.216146 0.710938 0.21224 0.711914 0.210938 0.711914 0.204427 0.712891 0.203125 0.712891 0.195312 0.713867 0.19401 0.713867 0.190104 0.714844 0.188802 0.714844 0.184896 0.71582 0.183594 0.71582 0.182292 0.716797 0.18099 0.716797 0.178385 0.717773 0.177083 0.717773 0.175781 0.71875 0.174479 0.71875 0.173177 0.719727 0.171875 0.719727 0.169271 0.720703 0.167969 0.720703 0.164062 0.72168 0.16276 0.72168 0.158854 0.722656 0.157552 0.722656 0.152344 0.723633 0.151042 0.723633 0.147135 0.724609 0.145833 0.724609 0.141927 0.725586 0.140625 0.725586 0.138021 0.726562 0.136719 0.726562 0.134115 0.727539 0.132812 0.727539 0.130208 0.728516 0.128906 0.728516 0.125 0.729492 0.123698 0.729492 0.119792 0.730469 0.11849 0.730469 0.114583 0.731445 0.113281 0.731445 0.109375 0.732422 0.108073 0.732422 0.102865 0.733398 0.101562 0.733398 0.0976562 0.734375 0.0963542 0.734375 0.0924479 0.735352 0.0911458 0.735352 0.0872396 0.736328 0.0859375 0.736328 0.0820312 0.737305 0.0807292 0.737305 0.078125 0.738281 0.0768229 0.738281 0.0742188 0.739258 0.0729167 0.739258 0.0703125 0.740234 0.0690104 0.740234 0.0625 0.741211 0.0611979 0.741211 0.0546875 0.742188 0.0533854 0.742188 0.0507812 0.743164 0.0494792 0.743164 0.0481771 0.744141 0.046875 0.744141 0.0455729 0.745117 0.0442708 0.745117 0.0299479 0.746094 0.0286458 0.746094 0.0247396 0.74707 0.0234375 0.746094 0.0221354 0.746094 0.0208333 0.745117 0.0195312 0.745117 0.0182292 0.744141 0.0169271 0.744141 0.015625 0.743164 0.0143229 0.743164 0.0130208 0.742188 0.0117188 0.742188 0.0104167 0.741211 0.00911458 0.741211 0.00260417
1 0.0722656 0.320312 0.0722656 0.364583 0.0751953 0.364583 0.0761719 0.365885 0.078125 0.365885 0.0791016 0.367188 0.0800781 0.367188 0.0810547 0.36849 0.0820312 0.36849 0.0830078 0.369792 0.0839844 0.369792 0.0849609 0.371094 0.0859375 0.371094 0.0869141 0.372396 0.0888672 0.372396 0.0898438 0.373698 0.0908203 0.373698 0.0917969 0.375 0.0927734 0.375 0.09375 0.376302 0.0947266 0.376302 0.0957031 0.377604 0.0986328 0.377604 0.0996094 0.378906 0.101562 0.378906 0.102539 0.380208 0.104492 0.380208 0.105469 0.38151 0.108398 0.38151 0.109375 0.382812 0.113281 0.382812 0.114258 0.384115 0.116211 0.384115 0.117188 0.385417 0.119141 0.385417 0.120117 0.386719 0.12207 0.386719 0.123047 0.388021 0.125977 0.388021 0.126953 0.389323 0.129883 0.389323 0.130859 0.390625 0.132812 0.390625 0.133789 0.391927 0.136719 0.391927 0.137695 0.393229 0.140625 0.393229 0.141602 0.394531 0.144531 0.394531 0.145508 0.395833 0.152344 0.395833 0.15332 0.397135 0.157227 0.397135 0.158203 0.398438 0.160156 0.398438 0.161133 0.39974 0.181641 0.39974 0.182617 0.401042 0.196289 0.401042 0.197266 0.402344 0.200195 0.402344 0.201172 0.403646 0.205078 0.403646 0.206055 0.404948 0.208008 0.404948 0.208984 0.40625 0.210938 0.40625 0.211914 0.407552 0.214844 0.407552 0.21582 0.408854 0.216797 0.408854 0.217773 0.407552 0.239258 0.407552 0.240234 0.40625 0.242188 0.40625 0.243164 0.404948 0.246094 0.404948 0.24707 0.403646 0.25 0.403646 0.250977 0.402344 0.25293 0.402344 0.253906 0.401042 0.254883 0.401042 0.255859 0.39974 0.256836 0.39974 0.257812 0.398438 0.258789 0.398438 0.261719 0.394531 0.262695 0.394531 0.263672 0.393229 0.263672 0.391927 0.265625 0.389323 0.265625 0.388021 0.267578 0.385417 0.270508 0.385417 0.270508 0.365885 0.266602 0.365885 0.265625 0.364583 0.265625 0.363281 0.262695 0.359375 0.262695 0.358073 0.254883 0.347656 0.253906 0.347656 0.251953 0.345052 0.250977 0.345052 0.25 0.34375 0.248047 0.34375 0.24707 0.342448 0.239258 0.342448 0.238281 0.34375 0.229492 0.34375 0.228516 0.345052 0.18457 0.345052 0.183594 0.346354 0.176758 0.346354 0.175781 0.345052 0.171875 0.345052 0.170898 0.34375 0.168945 0.34375 0.167969 0.342448 0.166016 0.342448 0.165039 0.341146 0.164062 0.341146 0.163086 0.339844 0.162109 0.339844 0.161133 0.338542 0.158203 0.338542 0.157227 0.33724 0.154297 0.33724 0.15332 0.335938 0.149414 0.335938 0.148438 0.334635 0.146484 0.334635 0.145508 0.333333 0.142578 0.333333 0.141602 0.332031 0.138672 0.332031 0.137695 0.330729 0.135742 0.330729 0.134766 0.329427 0.132812 0.329427 0.131836 0.328125 0.129883 0.328125 0.128906 0.326823 0.126953 0.326823 0.125 0.324219 0.125 0.320312
1 0.166016 0.820312 0.166016 0.867188 0.168945 0.867188 0.169922 0.86849 0.170898 0.86849 0.171875 0.869792 0.172852 0.869792 0.173828 0.871094 0.174805 0.871094 0.175781 0.872396 0.176758 0.872396 0.177734 0.873698 0.178711 0.873698 0.179688 0.875 0.180664 0.875 0.181641 0.876302 0.182617 0.876302 0.183594 0.877604 0.185547 0.877604 0.186523 0.878906 0.1875 0.878906 0.188477 0.880208 0.19043 0.880208 0.191406 0.88151 0.193359 0.88151 0.194336 0.882812 0.195312 0.882812 0.196289 0.884115 0.198242 0.884115 0.199219 0.885417 0.200195 0.885417 0.201172 0.886719 0.204102 0.886719 0.205078 0.888021 0.208984 0.888021 0.209961 0.889323 0.212891 0.889323 0.213867 0.890625 0.216797 0.890625 0.217773 0.891927 0.220703 0.891927 0.22168 0.893229 0.223633 0.893229 0.224609 0.894531 0.225586 0.894531 0.226562 0.895833 0.227539 0.895833 0.228516 0.897135 0.229492 0.897135 0.230469 0.898438 0.231445 0.898438 0.232422 0.89974 0.233398 0.89974 0.234375 0.901042 0.235352 0.901042 0.236328 0.902344 0.238281 0.902344 0.239258 0.903646 0.240234 0.903646 0.241211 0.904948 0.242188 0.904948 0.243164 0.90625 0.25293 0.90625 0.253906 0.904948 0.255859 0.904948 0.256836 0.90625 0.259766 0.90625 0.261719 0.908854 0.262695 0.908854 0.264648 0.911458 0.265625 0.911458 0.267578 0.914062 0.267578 0.917969 0.307617 0.917969 0.307617 0.914062 0.310547 0.910156 0.313477 0.910156 0.313477 0.886719 0.30957 0.886719 0.303711 0.878906 0.302734 0.878906 0.299805 0.875 0.298828 0.875 0.297852 0.873698 0.296875 0.873698 0.294922 0.871094 0.293945 0.871094 0.292969 0.869792 0.291992 0.869792 0.291016 0.86849 0.289062 0.86849 0.288086 0.867188 0.286133 0.867188 0.285156 0.865885 0.28418 0.865885 0.283203 0.864583 0.28125 0.864583 0.280273 0.863281 0.279297 0.863281 0.27832 0.861979 0.276367 0.861979 0.275391 0.860677 0.274414 0.860677 0.273438 0.859375 0.272461 0.859375 0.271484 0.858073 0.268555 0.858073 0.267578 0.856771 0.265625 0.856771 0.264648 0.855469 0.261719 0.855469 0.260742 0.854167 0.258789 0.854167 0.257812 0.852865 0.255859 0.852865 0.254883 0.851562 0.253906 0.851562 0.25293 0.85026 0.250977 0.85026 0.25 0.848958 0.248047 0.848958 0.24707 0.847656 0.245117 0.847656 0.244141 0.846354 0.242188 0.846354 0.241211 0.845052 0.240234 0.845052 0.239258 0.84375 0.237305 0.84375 0.236328 0.842448 0.234375 0.842448 0.233398 0.841146 0.230469 0.841146 0.229492 0.839844 0.227539 0.839844 0.226562 0.838542 0.224609 0.838542 0.223633 0.83724 0.22168 0.83724 0.220703 0.835938 0.21875 0.835938 0.217773 0.834635 0.216797 0.834635 0.21582 0.833333 0.213867 0.833333 0.212891 0.832031 0.211914 0.832031 0.210938 0.830729 0.209961 0.830729 0.208008 0.828125 0.207031 0.828125 0.206055 0.826823 0.205078 0.826823 0.203125 0.824219 0.203125 0.820312
1 0.664062 0 0.664062 0.00260417 0.663086 0.00390625 0.663086 0.00520833 0.662109 0.00651042 0.662109 0.0078125 0.661133 0.00911458 0.661133 0.0117188 0.660156 0.0130208 0.660156 0.015625 0.65918 0.0169271 0.65918 0.0195312 0.658203 0.0208333 0.658203 0.0221354 0.657227 0.0234375 0.657227 0.0273438 0.65625 0.0286458 0.65625 0.0325521 0.655273 0.0338542 0.655273 0.0442708 0.654297 0.0455729 0.654297 0.0533854 0.65332 0.0546875 0.65332 0.0625 0.652344 0.0638021 0.652344 0.0677083 0.651367 0.0690104 0.651367 0.0716146 0.650391 0.0729167 0.650391 0.0755208 0.649414 0.0768229 0.649414 0.0807292 0.648438 0.0820312 0.648438 0.0859375 0.647461 0.0872396 0.647461 0.0924479 0.646484 0.09375 0.646484 0.0989583 0.645508 0.10026 0.645508 0.106771 0.644531 0.108073 0.644531 0.111979 0.643555 0.113281 0.643555 0.115885 0.642578 0.117188 0.642578 0.121094 0.641602 0.122396 0.641602 0.126302 0.640625 0.127604 0.640625 0.130208 0.639648 0.13151 0.639648 0.132812 0.638672 0.134115 0.638672 0.135417 0.637695 0.136719 0.637695 0.138021 0.636719 0.139323 0.636719 0.140625 0.635742 0.141927 0.635742 0.143229 0.634766 0.144531 0.634766 0.145833 0.633789 0.147135 0.633789 0.148438 0.631836 0.151042 0.631836 0.152344 0.630859 0.153646 0.630859 0.154948 0.629883 0.15625 0.626953 0.15625 0.626953 0.207031 0.630859 0.207031 0.631836 0.208333 0.632812 0.208333 0.634766 0.210938 0.637695 0.210938 0.638672 0.21224 0.639648 0.210938 0.645508 0.210938 0.646484 0.209635 0.647461 0.209635 0.648438 0.208333 0.649414 0.208333 0.650391 0.207031 0.651367 0.207031 0.658203 0.197917 0.658203 0.196615 0.65918 0.195312 0.65918 0.19401 0.660156 0.192708 0.660156 0.191406 0.661133 0.190104 0.661133 0.184896 0.662109 0.183594 0.662109 0.179688 0.663086 0.178385 0.663086 0.175781 0.664062 0.174479 0.664062 0.171875 0.665039 0.170573 0.665039 0.167969 0.666016 0.166667 0.666016 0.164062 0.666992 0.16276 0.666992 0.161458 0.667969 0.160156 0.667969 0.157552 0.668945 0.15625 0.668945 0.154948 0.669922 0.153646 0.669922 0.152344 0.670898 0.151042 0.670898 0.14974 0.671875 0.148438 0.671875 0.147135 0.672852 0.145833 0.672852 0.143229 0.673828 0.141927 0.673828 0.140625 0.674805 0.139323 0.674805 0.136719 0.675781 0.135417 0.675781 0.13151 0.676758 0.130208 0.676758 0.123698 0.677734 0.122396 0.677734 0.114583 0.678711 0.113281 0.678711 0.109375 0.679688 0.108073 0.679688 0.105469 0.680664 0.104167 0.680664 0.101562 0.681641 0.10026 0.681641 0.0976562 0.682617 0.0963542 0.682617 0.09375 0.683594 0.0924479 0.683594 0.0898438 0.68457 0.0885417 0.68457 0.0859375 0.685547 0.0846354 0.685547 0.0820312 0.686523 0.0807292 0.686523 0.078125 0.6875 0.0768229 0.6875 0.0742188 0.688477 0.0729167 0.688477 0.0690104 0.689453 0.0677083 0.689453 0.0638021 0.69043 0.0625 0.69043 0.0585938 0.691406 0.0572917 0.691406 0.0546875 0.692383 0.0533854 0.692383 0.0494792 0.693359 0.0481771 0.693359 0.0442708 0.694336 0.0429688 0.694336 0.0403646 0.695312 0.0390625 0.695312 0.0377604 0.696289 0.0364583 0.696289 0.0338542 0.697266 0.0325521 0.697266 0.03125 0.698242 0.0299479 0.698242 0.0273438 0.699219 0.0260417 0.699219 0.0221354 0.700195 0.0208333 0.700195 0.0195312 0.701172 0.0182292 0.701172 0.0169271 0.702148 0.015625 0.702148 0.0143229 0.703125 0.0130208 0.703125 0.0104167 0.705078 0.0078125 0.708008 0.0078125 0.708008 0
0 0.744141 0.261719 0.750977 0.261719 0.750977 0.257812 0.744141 0.257812 0.744141 0.261719 0.741211 0.364583 0.740234 0.365885 0.740234 0.36849 0.738281 0.371094 0.738281 0.372396 0.737305 0.373698 0.737305 0.375 0.736328 0.376302 0.736328 0.377604 0.734375 0.380208 0.734375 0.38151 0.733398 0.382812 0.733398 0.384115 0.732422 0.385417 0.732422 0.386719 0.730469 0.389323 0.730469 0.390625 0.728516 0.393229 0.728516 0.394531 0.724609 0.39974 0.724609 0.401042 0.72168 0.404948 0.72168 0.40625 0.719727 0.408854 0.719727 0.410156 0.716797 0.414062 0.716797 0.415365 0.71582 0.416667 0.71582 0.417969 0.713867 0.420573 0.713867 0.421875 0.710938 0.425781 0.710938 0.427083 0.698242 0.44401 0.697266 0.44401 0.695312 0.446615 0.694336 0.446615 0.691406 0.450521 0.691406 0.454427 0.679688 0.454427 0.679688 0.450521 0.678711 0.449219 0.678711 0.447917 0.676758 0.445312 0.676758 0.44401 0.674805 0.441406 0.674805 0.440104 0.673828 0.438802 0.673828 0.4375 0.670898 0.433594 0.670898 0.432292 0.667969 0.428385 0.667969 0.427083 0.666992 0.425781 0.666992 0.423177 0.666016 0.421875 0.666016 0.420573 0.665039 0.419271 0.665039 0.417969 0.664062 0.416667 0.664062 0.41276 0.663086 0.411458 0.663086 0.408854 0.662109 0.407552 0.662109 0.40625 0.661133 0.404948 0.658203 0.404948 0.658203 0.376302 0.661133 0.376302 0.662109 0.375 0.662109 0.373698 0.663086 0.372396 0.663086 0.36849 0.664062 0.367188 0.664062 0.361979 0.665039 0.360677 0.665039 0.356771 0.666016 0.355469 0.666016 0.354167 0.666992 0.352865 0.666992 0.35026 0.667969 0.348958 0.667969 0.347656 0.669922 0.345052 0.669922 0.34375 0.671875 0.341146 0.672852 0.341146 0.674805 0.338542 0.675781 0.338542 0.676758 0.33724 0.677734 0.33724 0.678711 0.335938 0.679688 0.335938 0.680664 0.334635 0.682617 0.334635 0.683594 0.333333 0.685547 0.333333 0.686523 0.332031 0.688477 0.332031 0.691406 0.328125 0.691406 0.326823 0.693359 0.324219 0.694336 0.324219 0.700195 0.316406 0.700195 0.315104 0.702148 0.3125 0.703125 0.3125 0.706055 0.308594 0.706055 0.302083 0.707031 0.300781 0.707031 0.294271 0.708008 0.292969 0.708008 0.286458 0.708984 0.285156 0.708984 0.282552 0.710938 0.279948 0.710938 0.278646 0.713867 0.27474 0.714844 0.27474 0.716797 0.272135 0.717773 0.272135 0.719727 0.269531 0.720703 0.269531 0.72168 0.268229 0.72168 0.266927 0.663086 0.332031 0.670898 0.321615 0.670898 0.320312 0.675781 0.313802 0.675781 0.3125 0.677734 0.309896 0.677734 0.308594 0.681641 0.303385 0.681641 0.299479 0.683594 0.296875 0.683594 0.295573 0.68457 0.294271 0.68457 0.292969 0.685547 0.291667 0.685547 0.290365 0.691406 0.282552 0.691406 0.28125 0.692383 0.279948 0.692383 0.278646 0.695312 0.27474 0.695312 0.273438 0.696289 0.272135 0.696289 0.269531 0.697266 0.268229 0.697266 0.264323 0.698242 0.263021 0.698242 0.257812 0.658203 0.257812 0.658203 0.333333 0.661133 0.333333 0.662109 0.332031 0.663086 0.332031 0.72168 0.266927 0.722656 0.265625 0.722656 0.257812 0.733398 0.257812 0.733398 0.261719 0.737305 0.266927 0.737305 0.268229 0.738281 0.269531 0.738281 0.270833 0.739258 0.272135 0.739258 0.273438 0.740234 0.27474 0.740234 0.276042 0.741211 0.277344 0.741211 0.278646 0.742188 0.279948 0.742188 0.282552 0.743164 0.283854 0.743164 0.286458 0.744141 0.28776 0.744141 0.292969 0.745117 0.294271 0.745117 0.296875 0.746094 0.298177 0.746094 0.302083 0.74707 0.303385 0.74707 0.304688 0.748047 0.30599 0.750977 0.30599 0.750977 0.329427 0.748047 0.329427 0.74707 0.330729 0.74707 0.332031 0.746094 0.333333 0.746094 0.339844 0.745117 0.341146 0.745117 0.346354 0.744141 0.347656 0.744141 0.355469 0.743164 0.356771 0.743164 0.359375 0.742188 0.360677 0.742188 0.361979 0.741211 0.363281 0.741211 0.364583
1 0.586914 0.174479 0.586914 0.178385 0.584961 0.18099 0.583984 0.18099 0.583008 0.182292 0.582031 0.182292 0.580078 0.184896 0.579102 0.184896 0.578125 0.186198 0.577148 0.186198 0.575195 0.188802 0.574219 0.188802 0.568359 0.196615 0.567383 0.196615 0.5625 0.203125 0.561523 0.203125 0.55957 0.205729 0.558594 0.205729 0.554688 0.210938 0.553711 0.210938 0.547852 0.21875 0.546875 0.21875 0.544922 0.221354 0.543945 0.221354 0.541992 0.223958 0.541016 0.223958 0.539062 0.226562 0.538086 0.226562 0.536133 0.229167 0.535156 0.229167 0.533203 0.231771 0.532227 0.231771 0.530273 0.234375 0.529297 0.234375 0.525391 0.239583 0.524414 0.239583 0.522461 0.242188 0.521484 0.242188 0.520508 0.24349 0.519531 0.24349 0.516602 0.247396 0.515625 0.247396 0.514648 0.248698 0.513672 0.248698 0.512695 0.25 0.511719 0.25 0.508789 0.253906 0.507812 0.253906 0.505859 0.25651 0.501953 0.25651 0.501953 0.283854 0.505859 0.283854 0.506836 0.285156 0.507812 0.285156 0.508789 0.286458 0.509766 0.286458 0.511719 0.289062 0.511719 0.292969 0.529297 0.292969 0.529297 0.289062 0.53125 0.286458 0.532227 0.286458 0.533203 0.285156 0.53418 0.285156 0.540039 0.277344 0.541016 0.277344 0.548828 0.266927 0.549805 0.266927 0.552734 0.263021 0.553711 0.263021 0.556641 0.259115 0.557617 0.259115 0.560547 0.255208 0.561523 0.255208 0.564453 0.251302 0.56543 0.251302 0.568359 0.247396 0.569336 0.247396 0.571289 0.244792 0.572266 0.244792 0.573242 0.24349 0.574219 0.24349 0.575195 0.242188 0.576172 0.242188 0.578125 0.239583 0.579102 0.239583 0.580078 0.238281 0.581055 0.238281 0.583008 0.235677 0.583984 0.235677 0.585938 0.233073 0.586914 0.233073 0.587891 0.231771 0.588867 0.231771 0.592773 0.226562 0.59375 0.226562 0.59668 0.222656 0.597656 0.222656 0.598633 0.221354 0.599609 0.221354 0.603516 0.216146 0.604492 0.216146 0.608398 0.210938 0.609375 0.210938 0.613281 0.205729 0.614258 0.205729 0.616211 0.203125 0.616211 0.201823 0.618164 0.199219 0.618164 0.197917 0.619141 0.196615 0.62207 0.196615 0.62207 0.1875 0.619141 0.1875 0.617188 0.184896 0.617188 0.183594 0.615234 0.18099 0.615234 0.179688 0.614258 0.178385 0.614258 0.174479
1 0.134766 0.0703125 0.134766 0.109375 0.138672 0.109375 0.140625 0.111979 0.141602 0.111979 0.146484 0.11849 0.147461 0.11849 0.172852 0.152344 0.172852 0.153646 0.179688 0.16276 0.180664 0.16276 0.194336 0.18099 0.194336 0.182292 0.199219 0.188802 0.199219 0.190104 0.207031 0.200521 0.207031 0.201823 0.210938 0.207031 0.210938 0.208333 0.212891 0.210938 0.212891 0.21224 0.21582 0.216146 0.21582 0.217448 0.21875 0.221354 0.21875 0.222656 0.222656 0.227865 0.223633 0.227865 0.228516 0.234375 0.229492 0.234375 0.231445 0.236979 0.232422 0.236979 0.233398 0.238281 0.234375 0.238281 0.235352 0.239583 0.236328 0.239583 0.237305 0.240885 0.238281 0.240885 0.240234 0.24349 0.241211 0.24349 0.243164 0.246094 0.243164 0.251302 0.257812 0.251302 0.257812 0.247396 0.256836 0.246094 0.256836 0.242188 0.255859 0.240885 0.255859 0.239583 0.253906 0.236979 0.253906 0.235677 0.25293 0.234375 0.25293 0.233073 0.251953 0.231771 0.251953 0.230469 0.250977 0.229167 0.250977 0.227865 0.25 0.226562 0.25 0.22526 0.250977 0.223958 0.250977 0.222656 0.259766 0.210938 0.259766 0.209635 0.260742 0.208333 0.260742 0.205729 0.261719 0.204427 0.261719 0.197917 0.260742 0.196615 0.260742 0.19401 0.259766 0.192708 0.259766 0.191406 0.258789 0.190104 0.258789 0.188802 0.257812 0.1875 0.257812 0.186198 0.254883 0.182292 0.254883 0.18099 0.242188 0.164062 0.242188 0.16276 0.230469 0.147135 0.230469 0.145833 0.223633 0.136719 0.223633 0.135417 0.201172 0.105469 0.200195 0.105469 0.192383 0.0950521 0.191406 0.0950521 0.188477 0.0911458 0.1875 0.0911458 0.185547 0.0885417 0.18457 0.0885417 0.182617 0.0859375 0.181641 0.0859375 0.178711 0.0820312 0.177734 0.0820312 0.171875 0.0742188 0.171875 0.0703125
0 0.735352 0.776042 0.732422 0.776042 0.732422 0.799479 0.735352 0.799479 0.735352 0.796875 0.736328 0.795573 0.736328 0.790365 0.737305 0.789062 0.737305 0.78125 0.736328 0.779948 0.736328 0.778646 0.735352 0.777344 0.735352 0.776042 0.738281 0.769531 0.739258 0.769531 0.742188 0.773438 0.742188 0.77474 0.743164 0.776042 0.743164 0.777344 0.744141 0.778646 0.744141 0.779948 0.745117 0.779948 0.746094 0.78125 0.74707 0.78125 0.751953 0.78776 0.751953 0.789062 0.753906 0.791667 0.753906 0.792969 0.755859 0.795573 0.755859 0.796875 0.759766 0.802083 0.759766 0.803385 0.762695 0.807292 0.762695 0.808594 0.767578 0.815104 0.768555 0.815104 0.772461 0.820312 0.773438 0.820312 0.776367 0.824219 0.777344 0.824219 0.779297 0.826823 0.78125 0.826823 0.782227 0.828125 0.788086 0.828125 0.789062 0.826823 0.790039 0.826823 0.791992 0.824219 0.792969 0.824219 0.799805 0.815104 0.800781 0.815104 0.803711 0.811198 0.804688 0.811198 0.80957 0.804688 0.813477 0.804688 0.813477 0.783854 0.810547 0.783854 0.80957 0.782552 0.80957 0.78125 0.808594 0.779948 0.808594 0.776042 0.807617 0.77474 0.807617 0.770833 0.806641 0.769531 0.806641 0.766927 0.805664 0.765625 0.805664 0.763021 0.804688 0.761719 0.804688 0.759115 0.803711 0.757812 0.803711 0.753906 0.802734 0.752604 0.802734 0.75 0.801758 0.748698 0.801758 0.746094 0.800781 0.744792 0.800781 0.742188 0.799805 0.740885 0.799805 0.739583 0.798828 0.738281 0.798828 0.735677 0.797852 0.734375 0.797852 0.731771 0.796875 0.730469 0.796875 0.729167 0.795898 0.727865 0.795898 0.723958 0.794922 0.722656 0.794922 0.717448 0.793945 0.716146 0.793945 0.713542 0.792969 0.71224 0.792969 0.710938 0.791016 0.708333 0.791016 0.707031 0.789062 0.704427 0.788086 0.704427 0.78418 0.699219 0.78418 0.695312 0.738281 0.695312 0.738281 0.699219 0.736328 0.701823 0.732422 0.701823 0.732422 0.742188 0.736328 0.742188 0.737305 0.74349 0.737305 0.744792 0.738281 0.746094 0.738281 0.747396 0.739258 0.748698 0.739258 0.75 0.741211 0.752604 0.741211 0.757812 0.739258 0.760417 0.738281 0.760417 0.737305 0.761719 0.737305 0.764323 0.738281 0.765625 0.738281 0.769531
1 0.869141 0.216146 0.869141 0.242188 0.87207 0.242188 0.874023 0.244792 0.874023 0.246094 0.876953 0.25 0.876953 0.251302 0.878906 0.253906 0.878906 0.255208 0.880859 0.257812 0.880859 0.259115 0.884766 0.264323 0.884766 0.265625 0.889648 0.272135 0.890625 0.272135 0.893555 0.276042 0.894531 0.276042 0.898438 0.28125 0.899414 0.28125 0.904297 0.28776 0.905273 0.28776 0.918945 0.30599 0.919922 0.30599 0.926758 0.315104 0.927734 0.315104 0.930664 0.31901 0.931641 0.31901 0.932617 0.320312 0.933594 0.320312 0.935547 0.322917 0.936523 0.322917 0.9375 0.324219 0.938477 0.324219 0.939453 0.325521 0.94043 0.325521 0.942383 0.328125 0.943359 0.328125 0.945312 0.330729 0.946289 0.330729 0.948242 0.333333 0.949219 0.333333 0.950195 0.334635 0.951172 0.334635 0.952148 0.335938 0.953125 0.335938 0.954102 0.33724 0.955078 0.33724 0.956055 0.338542 0.957031 0.338542 0.958008 0.339844 0.958984 0.339844 0.959961 0.341146 0.960938 0.341146 0.961914 0.342448 0.962891 0.342448 0.963867 0.34375 0.964844 0.34375 0.96582 0.345052 0.966797 0.345052 0.967773 0.346354 0.96875 0.346354 0.969727 0.347656 0.97168 0.347656 0.972656 0.348958 0.973633 0.348958 0.974609 0.35026 0.975586 0.35026 0.976562 0.351562 0.978516 0.351562 0.979492 0.352865 0.981445 0.352865 0.982422 0.354167 0.983398 0.354167 0.984375 0.355469 0.987305 0.355469 0.988281 0.356771 0.990234 0.356771 0.991211 0.358073 0.993164 0.358073 0.994141 0.359375 0.999023 0.359375 0.999023 0.317708 0.994141 0.317708 0.993164 0.316406 0.990234 0.316406 0.989258 0.315104 0.988281 0.315104 0.987305 0.313802 0.986328 0.313802 0.985352 0.3125 0.983398 0.3125 0.982422 0.311198 0.980469 0.311198 0.979492 0.309896 0.978516 0.309896 0.977539 0.308594 0.976562 0.308594 0.975586 0.307292 0.974609 0.307292 0.973633 0.30599 0.972656 0.30599 0.97168 0.304688 0.970703 0.304688 0.96875 0.302083 0.967773 0.302083 0.966797 0.300781 0.96582 0.300781 0.964844 0.299479 0.963867 0.299479 0.962891 0.298177 0.961914 0.298177 0.960938 0.296875 0.959961 0.296875 0.958008 0.294271 0.957031 0.294271 0.955078 0.291667 0.954102 0.291667 0.952148 0.289062 0.951172 0.289062 0.945312 0.28125 0.944336 0.28125 0.94043 0.276042 0.939453 0.276042 0.9375 0.273438 0.936523 0.273438 0.928711 0.263021 0.927734 0.263021 0.922852 0.25651 0.921875 0.25651 0.919922 0.253906 0.918945 0.253906 0.910156 0.242188 0.910156 0.240885 0.908203 0.238281 0.908203 0.236979 0.898438 0.223958 0.898438 0.222656 0.896484 0.220052 0.896484 0.216146
1 0.0751953 0.934896 0.0751953 0.938802 0.0761719 0.938802 0.0761719 0.934896 0.0751953 0.934896 0.0185547 0.903646 0.0185547 0.901042 0.167969 0.841146 0.168945 0.842448 0.168945 0.84375 0.169922 0.845052 0.171875 0.845052 0.172852 0.846354 0.174805 0.846354 0.175781 0.847656 0.177734 0.847656 0.178711 0.848958 0.182617 0.848958 0.183594 0.85026 0.185547 0.85026 0.186523 0.851562 0.1875 0.851562 0.19043 0.855469 0.191406 0.855469 0.192383 0.856771 0.193359 0.856771 0.194336 0.858073 0.194336 0.884115 0.182617 0.884115 0.181641 0.882812 0.176758 0.882812 0.175781 0.88151 0.172852 0.88151 0.171875 0.880208 0.167969 0.880208 0.166992 0.878906 0.144531 0.878906 0.143555 0.877604 0.136719 0.877604 0.135742 0.876302 0.133789 0.876302 0.132812 0.875 0.130859 0.875 0.129883 0.873698 0.126953 0.873698 0.125977 0.872396 0.123047 0.872396 0.12207 0.871094 0.118164 0.871094 0.117188 0.869792 0.113281 0.869792 0.112305 0.86849 0.107422 0.86849 0.106445 0.867188 0.103516 0.867188 0.102539 0.865885 0.100586 0.865885 0.0996094 0.864583 0.0966797 0.864583 0.0957031 0.863281 0.09375 0.863281 0.0927734 0.861979 0.0888672 0.861979 0.0878906 0.860677 0.0849609 0.860677 0.0839844 0.859375 0.0791016 0.859375 0.078125 0.858073 0.0761719 0.858073 0.0751953 0.856771 0.0732422 0.856771 0.0722656 0.855469 0.0703125 0.855469 0.0693359 0.854167 0.0673828 0.854167 0.0664062 0.852865 0.0644531 0.852865 0.0634766 0.851562 0.0615234 0.851562 0.0605469 0.85026 0.0585938 0.85026 0.0576172 0.848958 0.0556641 0.848958 0.0546875 0.847656 0.0527344 0.847656 0.0517578 0.846354 0.0498047 0.846354 0.0488281 0.845052 0.046875 0.845052 0.0458984 0.84375 0.0439453 0.84375 0.0429688 0.842448 0.0410156 0.842448 0.0400391 0.841146 0.0380859 0.841146 0.0371094 0.839844 0.0361328 0.839844 0.0351562 0.838542 0.0332031 0.838542 0.0322266 0.83724 0.0302734 0.83724 0.0292969 0.835938 0.0263672 0.835938 0.0253906 0.834635 0.0205078 0.834635 0.0195312 0.833333 0.0175781 0.833333 0.0166016 0.832031 0.015625 0.832031 0.0136719 0.829427 0.0136719 0.825521 0.00195312 0.825521 0.00195312 0.889323 0.00878906 0.889323 0.0117188 0.885417 0.0117188 0.884115 0.0136719 0.88151 0.0146484 0.88151 0.015625 0.880208 0.0175781 0.880208 0.0185547 0.878906 0.0195312 0.878906 0.0205078 0.877604 0.0234375 0.877604 0.0244141 0.876302 0.0263672 0.876302 0.0273438 0.877604 0.0302734 0.877604 0.03125 0.878906 0.0341797 0.878906 0.0351562 0.880208 0.0390625 0.880208 0.0400391 0.88151 0.0419922 0.88151 0.0429688 0.882812 0.0458984 0.882812 0.046875 0.884115 0.0488281 0.884115 0.0498047 0.885417 0.0527344 0.885417 0.0537109 0.886719 0.0556641 0.886719 0.0566406 0.888021 0.0576172 0.888021 0.0585938 0.889323 0.0615234 0.889323 0.0625 0.890625 0.0644531 0.890625 0.0664062 0.893229 0.0673828 0.893229 0.0683594 0.894531 0.0703125 0.894531 0.0712891 0.895833 0.0732422 0.895833 0.0742188 0.897135 0.078125 0.897135 0.0791016 0.898438 0.0810547 0.898438 0.0820312 0.89974 0.0839844 0.89974 0.0849609 0.901042 0.0869141 0.901042 0.0878906 0.902344 0.0888672 0.902344 0.0898438 0.903646 0.0908203 0.903646 0.0917969 0.904948 0.09375 0.904948 0.0947266 0.90625 0.0957031 0.90625 0.0966797 0.907552 0.0986328 0.907552 0.0996094 0.908854 0.101562 0.908854 0.102539 0.910156 0.107422 0.910156 0.108398 0.911458 0.114258 0.911458 0.115234 0.91276 0.120117 0.91276 0.121094 0.914062 0.125 0.914062 0.125977 0.915365 0.129883 0.915365 0.130859 0.916667 0.134766 0.916667 0.135742 0.917969 0.142578 0.917969 0.143555 0.919271 0.148438 0.919271 0.149414 0.920573 0.154297 0.920573 0.155273 0.921875 0.177734 0.921875 0.178711 0.923177 0.182617 0.923177 0.183594 0.924479 0.188477 0.924479 0.189453 0.925781 0.192383 0.925781 0.193359 0.927083 0.196289 0.927083 0.197266 0.928385 0.198242 0.928385 0.199219 0.929688 0.201172 0.929688 0.202148 0.93099 0.205078 0.93099 0.206055 0.932292 0.208008 0.932292 0.208984 0.933594 0.209961 0.933594 0.210938 0.934896 0.210938 0.938802 0.225586 0.938802 0.225586 0.934896 0.226562 0.933594 0.227539 0.933594 0.230469 0.929688 0.231445 0.929688 0.235352 0.924479 0.235352 0.923177 0.237305 0.920573 0.237305 0.919271 0.238281 0.917969 0.238281 0.910156 0.234375 0.904948 0.233398 0.904948 0.229492 0.89974 0.228516 0.89974 0.227539 0.898438 0.225586 0.898438 0.224609 0.897135 0.223633 0.897135 0.222656 0.895833 0.220703 0.895833 0.219727 0.894531 0.216797 0.894531 0.21582 0.893229 0.214844 0.893229 0.213867 0.891927 0.212891 0.891927 0.211914 0.890625 0.209961 0.890625 0.208984 0.889323 0.208008 0.889323 0.207031 0.888021 0.205078 0.888021 0.204102 0.886719 0.200195 0.886719 0.199219 0.885417 0.195312 0.885417 0.194336 0.884115 0.194336 0.858073 0.197266 0.858073 0.198242 0.856771 0.200195 0.856771 0.201172 0.855469 0.206055 0.855469 0.208008 0.852865 0.208984 0.852865 0.210938 0.85026 0.210938 0.84375 0.209961 0.842448 0.209961 0.83724 0.204102 0.829427 0.204102 0.825521 0.172852 0.825521 0.172852 0.829427 0.169922 0.833333 0.168945 0.833333 0.167969 0.834635 0.167969 0.841146 0.0185547 0.901042 0.0166016 0.898438 0.0107422 0.898438 0.00976562 0.89974 0.00976562 0.902344 0.0107422 0.902344 0.0117188 0.903646 0.015625 0.903646 0.0166016 0.904948 0.0175781 0.903646 0.0185547 0.903646
1 0.732422 0.434896 0.732422 0.459635 0.739258 0.459635 0.740234 0.460938 0.743164 0.460938 0.744141 0.46224 0.746094 0.46224 0.74707 0.463542 0.748047 0.463542 0.749023 0.464844 0.75 0.464844 0.750977 0.466146 0.751953 0.466146 0.753906 0.46875 0.754883 0.46875 0.755859 0.470052 0.756836 0.470052 0.758789 0.472656 0.759766 0.472656 0.760742 0.473958 0.762695 0.473958 0.763672 0.47526 0.764648 0.47526 0.765625 0.476562 0.768555 0.476562 0.769531 0.477865 0.772461 0.477865 0.773438 0.479167 0.776367 0.479167 0.777344 0.480469 0.780273 0.480469 0.78125 0.481771 0.783203 0.481771 0.78418 0.483073 0.787109 0.483073 0.788086 0.484375 0.791016 0.484375 0.791992 0.485677 0.792969 0.485677 0.793945 0.486979 0.795898 0.486979 0.796875 0.488281 0.797852 0.488281 0.798828 0.489583 0.800781 0.489583 0.801758 0.490885 0.802734 0.490885 0.803711 0.492188 0.805664 0.492188 0.806641 0.49349 0.808594 0.49349 0.80957 0.494792 0.813477 0.494792 0.814453 0.496094 0.817383 0.496094 0.818359 0.497396 0.820312 0.497396 0.821289 0.498698 0.823242 0.498698 0.824219 0.5 0.826172 0.5 0.827148 0.501302 0.829102 0.501302 0.830078 0.502604 0.833008 0.502604 0.833984 0.503906 0.838867 0.503906 0.839844 0.505208 0.84375 0.505208 0.844727 0.50651 0.84668 0.50651 0.847656 0.507812 0.848633 0.507812 0.849609 0.509115 0.851562 0.509115 0.852539 0.510417 0.854492 0.510417 0.855469 0.511719 0.857422 0.511719 0.858398 0.513021 0.861328 0.513021 0.862305 0.514323 0.865234 0.514323 0.866211 0.515625 0.869141 0.515625 0.870117 0.516927 0.871094 0.516927 0.87207 0.518229 0.87207 0.522135 0.884766 0.522135 0.884766 0.518229 0.885742 0.516927 0.885742 0.515625 0.886719 0.514323 0.886719 0.50651 0.885742 0.505208 0.885742 0.502604 0.879883 0.494792 0.878906 0.494792 0.876953 0.492188 0.875977 0.492188 0.875 0.490885 0.874023 0.490885 0.873047 0.489583 0.87207 0.489583 0.871094 0.488281 0.870117 0.488281 0.868164 0.485677 0.866211 0.485677 0.865234 0.484375 0.864258 0.484375 0.863281 0.483073 0.862305 0.483073 0.861328 0.481771 0.860352 0.481771 0.859375 0.480469 0.858398 0.480469 0.857422 0.479167 0.856445 0.479167 0.855469 0.477865 0.854492 0.477865 0.853516 0.476562 0.852539 0.476562 0.851562 0.47526 0.850586 0.47526 0.849609 0.473958 0.848633 0.473958 0.847656 0.472656 0.84668 0.472656 0.845703 0.471354 0.844727 0.471354 0.84375 0.470052 0.842773 0.470052 0.841797 0.46875 0.84082 0.46875 0.839844 0.467448 0.837891 0.467448 0.836914 0.466146 0.835938 0.466146 0.834961 0.464844 0.833008 0.464844 0.832031 0.463542 0.830078 0.463542 0.829102 0.46224 0.827148 0.46224 0.826172 0.460938 0.824219 0.460938 0.823242 0.459635 0.822266 0.459635 0.821289 0.458333 0.820312 0.458333 0.819336 0.457031 0.817383 0.457031 0.816406 0.455729 0.814453 0.455729 0.813477 0.454427 0.8125 0.454427 0.811523 0.453125 0.80957 0.453125 0.808594 0.451823 0.806641 0.451823 0.805664 0.450521 0.803711 0.450521 0.802734 0.449219 0.800781 0.449219 0.799805 0.447917 0.797852 0.447917 0.796875 0.446615 0.794922 0.446615 0.793945 0.445312 0.791992 0.445312 0.791016 0.44401 0.790039 0.44401 0.789062 0.442708 0.787109 0.442708 0.786133 0.441406 0.78418 0.441406 0.782227 0.438802 0.782227 0.434896
1 0.0556641 0 0.0556641 0.00130208 0.0585938 0.00520833 0.0585938 0.00651042 0.0605469 0.00911458 0.0605469 0.0104167 0.0634766 0.0143229 0.0634766 0.015625 0.0654297 0.0182292 0.0654297 0.0195312 0.0664062 0.0208333 0.0664062 0.0221354 0.0673828 0.0234375 0.0673828 0.0247396 0.0693359 0.0273438 0.0693359 0.0286458 0.0703125 0.0299479 0.0703125 0.03125 0.0722656 0.0338542 0.0722656 0.0351562 0.0742188 0.0377604 0.0742188 0.0390625 0.0771484 0.0429688 0.0771484 0.0442708 0.078125 0.0455729 0.078125 0.046875 0.0800781 0.0494792 0.0800781 0.0507812 0.0810547 0.0520833 0.0810547 0.0533854 0.0820312 0.0546875 0.0820312 0.0559896 0.0830078 0.0572917 0.0830078 0.0585938 0.0839844 0.0598958 0.0839844 0.0611979 0.0849609 0.0625 0.0849609 0.0638021 0.0859375 0.0651042 0.0859375 0.0664062 0.0869141 0.0677083 0.0869141 0.0690104 0.0878906 0.0703125 0.0878906 0.0716146 0.0888672 0.0729167 0.0888672 0.0742188 0.0898438 0.0755208 0.0898438 0.0768229 0.0908203 0.078125 0.0908203 0.0794271 0.0917969 0.0807292 0.0917969 0.0820312 0.09375 0.0846354 0.09375 0.0859375 0.0947266 0.0872396 0.0947266 0.0885417 0.0957031 0.0898438 0.0957031 0.0911458 0.0976562 0.09375 0.0976562 0.0950521 0.0996094 0.0976562 0.0996094 0.0989583 0.103516 0.104167 0.103516 0.105469 0.104492 0.105469 0.107422 0.109375 0.109375 0.109375 0.110352 0.110677 0.112305 0.110677 0.113281 0.111979 0.113281 0.115885 0.116211 0.115885 0.116211 0.111979 0.117188 0.110677 0.119141 0.110677 0.120117 0.109375 0.123047 0.109375 0.124023 0.108073 0.125 0.108073 0.125977 0.106771 0.12793 0.106771 0.129883 0.104167 0.133789 0.104167 0.133789 0.0755208 0.130859 0.0755208 0.128906 0.0729167 0.128906 0.0716146 0.12793 0.0703125 0.12793 0.0677083 0.126953 0.0664062 0.126953 0.0651042 0.125977 0.0638021 0.125977 0.0611979 0.125 0.0598958 0.125 0.0572917 0.124023 0.0559896 0.124023 0.0546875 0.123047 0.0533854 0.123047 0.0520833 0.12207 0.0507812 0.12207 0.0494792 0.121094 0.0481771 0.121094 0.0455729 0.120117 0.0442708 0.120117 0.0429688 0.119141 0.0416667 0.119141 0.0403646 0.118164 0.0390625 0.118164 0.0377604 0.117188 0.0364583 0.117188 0.0351562 0.116211 0.0338542 0.116211 0.0325521 0.115234 0.03125 0.115234 0.0299479 0.114258 0.0286458 0.114258 0.0273438 0.113281 0.0260417 0.113281 0.0247396 0.112305 0.0234375 0.112305 0.0221354 0.110352 0.0195312 0.110352 0.0182292 0.109375 0.0169271 0.109375 0.015625 0.107422 0.0130208 0.107422 0.0117188 0.106445 0.0104167 0.106445 0.00911458 0.104492 0.00651042 0.104492 0.00520833 0.102539 0.00260417 0.102539 0
1 0.306641 0.341146 0.306641 0.38151 0.30957 0.38151 0.311523 0.384115 0.311523 0.385417 0.3125 0.386719 0.3125 0.388021 0.313477 0.389323 0.313477 0.390625 0.314453 0.391927 0.314453 0.393229 0.31543 0.394531 0.31543 0.395833 0.316406 0.397135 0.316406 0.398438 0.317383 0.39974 0.317383 0.401042 0.319336 0.403646 0.319336 0.404948 0.322266 0.408854 0.322266 0.410156 0.324219 0.41276 0.324219 0.414062 0.325195 0.415365 0.325195 0.416667 0.327148 0.419271 0.327148 0.420573 0.329102 0.423177 0.329102 0.424479 0.332031 0.428385 0.332031 0.429688 0.333984 0.432292 0.333984 0.433594 0.335938 0.436198 0.335938 0.4375 0.336914 0.438802 0.336914 0.440104 0.337891 0.441406 0.337891 0.442708 0.339844 0.445312 0.339844 0.446615 0.34082 0.447917 0.34082 0.449219 0.342773 0.451823 0.342773 0.453125 0.34375 0.454427 0.34375 0.455729 0.345703 0.458333 0.345703 0.459635 0.347656 0.46224 0.347656 0.463542 0.348633 0.464844 0.348633 0.466146 0.349609 0.467448 0.349609 0.46875 0.350586 0.470052 0.350586 0.471354 0.351562 0.472656 0.351562 0.473958 0.352539 0.47526 0.352539 0.476562 0.353516 0.477865 0.353516 0.479167 0.357422 0.484375 0.357422 0.485677 0.360352 0.489583 0.360352 0.490885 0.361328 0.490885 0.362305 0.492188 0.370117 0.492188 0.373047 0.488281 0.374023 0.489583 0.374023 0.49349 0.373047 0.494792 0.373047 0.501302 0.391602 0.501302 0.391602 0.467448 0.387695 0.467448 0.386719 0.46875 0.385742 0.46875 0.385742 0.470052 0.384766 0.471354 0.382812 0.471354 0.381836 0.472656 0.381836 0.473958 0.379883 0.476562 0.378906 0.47526 0.378906 0.471354 0.379883 0.470052 0.379883 0.467448 0.380859 0.466146 0.380859 0.464844 0.381836 0.463542 0.381836 0.46224 0.382812 0.460938 0.382812 0.459635 0.383789 0.458333 0.383789 0.457031 0.384766 0.455729 0.384766 0.453125 0.385742 0.451823 0.385742 0.436198 0.384766 0.434896 0.384766 0.432292 0.383789 0.43099 0.383789 0.429688 0.382812 0.428385 0.382812 0.427083 0.381836 0.425781 0.381836 0.424479 0.380859 0.423177 0.380859 0.421875 0.379883 0.420573 0.379883 0.417969 0.376953 0.414062 0.376953 0.41276 0.375 0.410156 0.375 0.408854 0.374023 0.407552 0.374023 0.40625 0.373047 0.404948 0.373047 0.403646 0.369141 0.398438 0.361328 0.398438 0.360352 0.397135 0.360352 0.395833 0.359375 0.394531 0.359375 0.391927 0.358398 0.390625 0.358398 0.388021 0.356445 0.385417 0.356445 0.384115 0.355469 0.382812 0.355469 0.38151 0.354492 0.380208 0.354492 0.378906 0.352539 0.376302 0.352539 0.375 0.351562 0.373698 0.351562 0.372396 0.349609 0.369792 0.349609 0.36849 0.34668 0.364583 0.34668 0.363281 0.342773 0.358073 0.342773 0.356771 0.34082 0.354167 0.34082 0.352865 0.335938 0.346354 0.335938 0.341146
1 0.291016 0.195312 0.291016 0.255208 0.293945 0.255208 0.295898 0.257812 0.295898 0.259115 0.296875 0.260417 0.296875 0.261719 0.297852 0.263021 0.297852 0.264323 0.298828 0.265625 0.298828 0.266927 0.299805 0.268229 0.299805 0.272135 0.300781 0.273438 0.300781 0.276042 0.301758 0.277344 0.301758 0.278646 0.303711 0.28125 0.303711 0.282552 0.304688 0.283854 0.304688 0.285156 0.305664 0.286458 0.305664 0.28776 0.307617 0.290365 0.307617 0.291667 0.30957 0.294271 0.30957 0.295573 0.313477 0.300781 0.317383 0.300781 0.322266 0.294271 0.322266 0.292969 0.323242 0.291667 0.323242 0.290365 0.324219 0.289062 0.324219 0.28776 0.325195 0.286458 0.325195 0.285156 0.326172 0.283854 0.326172 0.282552 0.327148 0.28125 0.327148 0.279948 0.328125 0.278646 0.328125 0.277344 0.329102 0.276042 0.329102 0.27474 0.330078 0.273438 0.333008 0.273438 0.333008 0.255208 0.330078 0.255208 0.329102 0.253906 0.329102 0.252604 0.328125 0.251302 0.328125 0.247396 0.327148 0.246094 0.327148 0.24349 0.326172 0.242188 0.326172 0.240885 0.325195 0.239583 0.325195 0.236979 0.324219 0.235677 0.324219 0.233073 0.323242 0.231771 0.323242 0.227865 0.322266 0.226562 0.322266 0.221354 0.321289 0.220052 0.321289 0.217448 0.320312 0.216146 0.320312 0.214844 0.319336 0.213542 0.319336 0.21224 0.318359 0.210938 0.318359 0.209635 0.317383 0.208333 0.317383 0.207031 0.3125 0.200521 0.3125 0.195312
1 0 0.858073 0 0.901042 0.00195312 0.901042 0.00292969 0.902344 0.00390625 0.902344 0.00585938 0.904948 0.00683594 0.904948 0.00878906 0.907552 0.00976562 0.907552 0.0107422 0.908854 0.0117188 0.908854 0.0126953 0.910156 0.0136719 0.910156 0.0146484 0.911458 0.0166016 0.911458 0.0175781 0.91276 0.0185547 0.91276 0.0195312 0.914062 0.0214844 0.914062 0.0224609 0.915365 0.0244141 0.915365 0.0253906 0.916667 0.0273438 0.916667 0.0283203 0.917969 0.0302734 0.917969 0.03125 0.919271 0.0332031 0.919271 0.0341797 0.920573 0.0361328 0.920573 0.0371094 0.921875 0.0380859 0.921875 0.0390625 0.923177 0.0400391 0.923177 0.0410156 0.924479 0.0419922 0.924479 0.0429688 0.925781 0.0449219 0.925781 0.0458984 0.927083 0.046875 0.927083 0.0488281 0.929688 0.0498047 0.929688 0.0664062 0.951823 0.0673828 0.951823 0.0742188 0.960938 0.0742188 0.964844 0.0888672 0.964844 0.0888672 0.959635 0.0898438 0.958333 0.0908203 0.958333 0.0947266 0.953125 0.0986328 0.953125 0.0986328 0.933594 0.0957031 0.933594 0.0927734 0.929688 0.0927734 0.928385 0.0869141 0.920573 0.0859375 0.920573 0.0839844 0.917969 0.0830078 0.917969 0.0810547 0.915365 0.0800781 0.915365 0.0791016 0.914062 0.078125 0.914062 0.0771484 0.91276 0.0761719 0.91276 0.0742188 0.910156 0.0732422 0.910156 0.0703125 0.90625 0.0693359 0.90625 0.0673828 0.903646 0.0664062 0.903646 0.0644531 0.901042 0.0634766 0.901042 0.0625 0.89974 0.0615234 0.89974 0.0605469 0.898438 0.0595703 0.898438 0.0576172 0.895833 0.0566406 0.895833 0.0546875 0.893229 0.0537109 0.893229 0.0517578 0.890625 0.0507812 0.890625 0.0488281 0.888021 0.0478516 0.888021 0.0458984 0.885417 0.0449219 0.885417 0.0439453 0.884115 0.0429688 0.884115 0.0419922 0.882812 0.0410156 0.882812 0.0400391 0.88151 0.0390625 0.88151 0.0380859 0.880208 0.0361328 0.880208 0.0351562 0.878906 0.0341797 0.878906 0.0332031 0.877604 0.0322266 0.877604 0.0302734 0.875 0.0292969 0.875 0.0273438 0.872396 0.0263672 0.872396 0.0253906 0.871094 0.0244141 0.871094 0.0234375 0.869792 0.0224609 0.869792 0.0214844 0.86849 0.0205078 0.86849 0.0195312 0.867188 0.0185547 0.867188 0.0175781 0.865885 0.0166016 0.865885 0.0146484 0.863281 0.0136719 0.863281 0.0126953 0.861979 0.0107422 0.861979 0.00976562 0.860677 0.0078125 0.860677 0.00683594 0.859375 0.00585938 0.859375 0.00488281 0.858073
1 0.120117 0.445312 0.120117 0.449219 0.119141 0.450521 0.118164 0.450521 0.117188 0.451823 0.115234 0.451823 0.114258 0.453125 0.113281 0.453125 0.112305 0.454427 0.103516 0.454427 0.103516 0.496094 0.15625 0.496094 0.15625 0.492188 0.157227 0.490885 0.15918 0.490885 0.160156 0.489583 0.166992 0.489583 0.167969 0.488281 0.178711 0.488281 0.179688 0.486979 0.19043 0.486979 0.191406 0.485677 0.193359 0.485677 0.194336 0.486979 0.211914 0.486979 0.212891 0.488281 0.21875 0.488281 0.219727 0.486979 0.222656 0.486979 0.223633 0.485677 0.226562 0.485677 0.227539 0.484375 0.231445 0.484375 0.232422 0.483073 0.234375 0.483073 0.235352 0.481771 0.237305 0.481771 0.238281 0.480469 0.240234 0.480469 0.241211 0.479167 0.244141 0.479167 0.245117 0.477865 0.249023 0.477865 0.25 0.476562 0.251953 0.476562 0.25293 0.47526 0.254883 0.47526 0.255859 0.473958 0.258789 0.473958 0.258789 0.458333 0.254883 0.458333 0.251953 0.454427 0.250977 0.454427 0.24707 0.449219 0.24707 0.445312
0 0.875 0.330729 0.875 0.335938 0.873047 0.338542 0.869141 0.338542 0.869141 0.372396 0.873047 0.372396 0.875 0.375 0.875977 0.375 0.87793 0.377604 0.878906 0.377604 0.879883 0.378906 0.880859 0.378906 0.882812 0.38151 0.883789 0.38151 0.885742 0.384115 0.886719 0.384115 0.888672 0.386719 0.889648 0.386719 0.891602 0.389323 0.892578 0.389323 0.894531 0.391927 0.895508 0.391927 0.896484 0.393229 0.897461 0.393229 0.898438 0.394531 0.899414 0.394531 0.900391 0.395833 0.901367 0.395833 0.902344 0.397135 0.90332 0.397135 0.904297 0.398438 0.905273 0.398438 0.90625 0.39974 0.907227 0.39974 0.908203 0.401042 0.90918 0.401042 0.911133 0.403646 0.913086 0.403646 0.914062 0.404948 0.915039 0.404948 0.916016 0.40625 0.916992 0.40625 0.918945 0.408854 0.918945 0.41276 0.948242 0.41276 0.948242 0.408854 0.950195 0.40625 0.951172 0.40625 0.952148 0.404948 0.953125 0.404948 0.954102 0.403646 0.955078 0.403646 0.962891 0.393229 0.96582 0.393229 0.96582 0.364583 0.962891 0.364583 0.959961 0.360677 0.959961 0.359375 0.957031 0.355469 0.957031 0.354167 0.955078 0.351562 0.955078 0.35026 0.947266 0.339844 0.946289 0.339844 0.942383 0.334635 0.942383 0.330729
1 0.603516 0.377604 0.603516 0.382812 0.601562 0.385417 0.601562 0.386719 0.600586 0.388021 0.600586 0.397135 0.602539 0.39974 0.602539 0.401042 0.612305 0.414062 0.612305 0.415365 0.613281 0.416667 0.613281 0.417969 0.614258 0.419271 0.614258 0.420573 0.615234 0.421875 0.615234 0.423177 0.618164 0.427083 0.618164 0.428385 0.62207 0.433594 0.623047 0.433594 0.635742 0.450521 0.635742 0.451823 0.638672 0.455729 0.638672 0.457031 0.639648 0.458333 0.639648 0.459635 0.640625 0.460938 0.640625 0.46224 0.641602 0.463542 0.641602 0.464844 0.642578 0.466146 0.642578 0.467448 0.643555 0.46875 0.643555 0.470052 0.644531 0.471354 0.644531 0.472656 0.645508 0.473958 0.645508 0.47526 0.646484 0.476562 0.646484 0.477865 0.647461 0.479167 0.647461 0.480469 0.648438 0.481771 0.648438 0.483073 0.650391 0.485677 0.650391 0.486979 0.652344 0.489583 0.652344 0.490885 0.65332 0.492188 0.65332 0.49349 0.655273 0.496094 0.655273 0.497396 0.65625 0.498698 0.65625 0.5 0.658203 0.502604 0.658203 0.503906 0.65918 0.505208 0.65918 0.50651 0.660156 0.507812 0.660156 0.509115 0.661133 0.510417 0.661133 0.511719 0.662109 0.513021 0.662109 0.514323 0.664062 0.516927 0.664062 0.518229 0.665039 0.519531 0.665039 0.520833 0.666016 0.522135 0.666016 0.523438 0.666992 0.52474 0.666992 0.526042 0.667969 0.527344 0.667969 0.528646 0.668945 0.529948 0.668945 0.53125 0.670898 0.533854 0.670898 0.535156 0.671875 0.536458 0.671875 0.53776 0.672852 0.539062 0.672852 0.540365 0.673828 0.541667 0.673828 0.542969 0.674805 0.544271 0.674805 0.545573 0.675781 0.546875 0.675781 0.548177 0.677734 0.550781 0.677734 0.552083 0.678711 0.553385 0.678711 0.55599 0.679688 0.557292 0.679688 0.558594 0.680664 0.559896 0.680664 0.561198 0.681641 0.5625 0.681641 0.565104 0.682617 0.566406 0.682617 0.567708 0.683594 0.56901 0.683594 0.570312 0.68457 0.571615 0.68457 0.574219 0.686523 0.576823 0.686523 0.578125 0.6875 0.579427 0.6875 0.580729 0.692383 0.58724 0.693359 0.58724 0.694336 0.588542 0.695312 0.588542 0.696289 0.589844 0.698242 0.589844 0.699219 0.588542 0.700195 0.588542 0.701172 0.58724 0.701172 0.585938 0.702148 0.584635 0.702148 0.583333 0.703125 0.582031 0.703125 0.579427 0.704102 0.578125 0.704102 0.575521 0.705078 0.574219 0.705078 0.572917 0.706055 0.571615 0.706055 0.56901 0.707031 0.567708 0.707031 0.558594 0.706055 0.557292 0.706055 0.552083 0.705078 0.550781 0.705078 0.548177 0.704102 0.546875 0.704102 0.545573 0.703125 0.544271 0.703125 0.540365 0.702148 0.539062 0.702148 0.536458 0.700195 0.533854 0.700195 0.53125 0.699219 0.529948 0.699219 0.526042 0.696289 0.522135 0.696289 0.519531 0.695312 0.518229 0.695312 0.514323 0.694336 0.513021 0.694336 0.510417 0.693359 0.509115 0.693359 0.507812 0.692383 0.50651 0.692383 0.502604 0.691406 0.501302 0.691406 0.497396 0.689453 0.494792 0.689453 0.49349 0.6875 0.490885 0.6875 0.488281 0.686523 0.486979 0.686523 0.484375 0.685547 0.483073 0.685547 0.481771 0.68457 0.480469 0.68457 0.479167 0.683594 0.477865 0.683594 0.476562 0.681641 0.473958 0.681641 0.472656 0.679688 0.470052 0.679688 0.46875 0.678711 0.467448 0.678711 0.466146 0.677734 0.464844 0.677734 0.463542 0.673828 0.458333 0.673828 0.457031 0.668945 0.450521 0.668945 0.449219 0.666992 0.446615 0.666992 0.445312 0.666016 0.44401 0.666016 0.442708 0.665039 0.441406 0.665039 0.440104 0.664062 0.438802 0.664062 0.4375 0.662109 0.434896 0.662109 0.433594 0.661133 0.432292 0.661133 0.43099 0.65918 0.428385 0.65918 0.427083 0.65625 0.423177 0.65625 0.421875 0.652344 0.416667 0.652344 0.415365 0.649414 0.411458 0.649414 0.410156 0.647461 0.407552 0.646484 0.407552 0.643555 0.403646 0.642578 0.403646 0.638672 0.398438 0.637695 0.398438 0.628906 0.386719 0.62793 0.386719 0.624023 0.38151 0.624023 0.377604
0 0.708984 0.742188 0.708984 0.746094 0.693359 0.766927 0.692383 0.766927 0.691406 0.768229 0.691406 0.769531 0.682617 0.78125 0.682617 0.782552 0.679688 0.786458 0.679688 0.78776 0.675781 0.792969 0.675781 0.794271 0.673828 0.796875 0.673828 0.798177 0.671875 0.800781 0.671875 0.802083 0.670898 0.803385 0.670898 0.804688 0.669922 0.80599 0.669922 0.807292 0.668945 0.808594 0.668945 0.809896 0.666992 0.8125 0.666992 0.813802 0.666016 0.815104 0.666016 0.816406 0.665039 0.817708 0.665039 0.81901 0.664062 0.820312 0.664062 0.822917 0.663086 0.824219 0.663086 0.825521 0.662109 0.826823 0.662109 0.828125 0.661133 0.829427 0.661133 0.832031 0.660156 0.833333 0.660156 0.834635 0.65918 0.835938 0.65918 0.838542 0.658203 0.839844 0.658203 0.842448 0.657227 0.84375 0.657227 0.845052 0.65625 0.846354 0.65625 0.847656 0.655273 0.848958 0.655273 0.85026 0.652344 0.854167 0.652344 0.855469 0.651367 0.856771 0.651367 0.858073 0.650391 0.859375 0.646484 0.859375 0.646484 0.904948 0.649414 0.904948 0.657227 0.915365 0.658203 0.915365 0.661133 0.919271 0.661133 0.923177 0.665039 0.923177 0.665039 0.919271 0.666016 0.917969 0.667969 0.917969 0.668945 0.916667 0.669922 0.916667 0.671875 0.914062 0.672852 0.914062 0.676758 0.908854 0.677734 0.908854 0.693359 0.888021 0.693359 0.886719 0.697266 0.88151 0.697266 0.880208 0.700195 0.876302 0.700195 0.875 0.703125 0.871094 0.703125 0.869792 0.706055 0.865885 0.706055 0.864583 0.708008 0.861979 0.708008 0.860677 0.709961 0.858073 0.709961 0.856771 0.711914 0.854167 0.711914 0.852865 0.712891 0.851562 0.712891 0.85026 0.714844 0.847656 0.714844 0.846354 0.71875 0.841146 0.71875 0.839844 0.724609 0.832031 0.724609 0.830729 0.727539 0.826823 0.727539 0.825521 0.729492 0.822917 0.729492 0.821615 0.731445 0.81901 0.731445 0.817708 0.732422 0.816406 0.732422 0.815104 0.733398 0.813802 0.733398 0.811198 0.735352 0.808594 0.735352 0.807292 0.736328 0.80599 0.736328 0.804688 0.737305 0.803385 0.737305 0.802083 0.739258 0.799479 0.739258 0.798177 0.740234 0.796875 0.740234 0.795573 0.741211 0.794271 0.741211 0.792969 0.742188 0.791667 0.742188 0.790365 0.744141 0.78776 0.74707 0.78776 0.74707 0.770833 0.743164 0.770833 0.742188 0.769531 0.742188 0.768229 0.741211 0.766927 0.741211 0.765625 0.739258 0.763021 0.739258 0.761719 0.736328 0.757812 0.736328 0.75651 0.734375 0.753906 0.734375 0.752604 0.732422 0.75 0.732422 0.748698 0.731445 0.747396 0.731445 0.742188
1 0.378906 0.710938 0.378906 0.716146 0.374023 0.722656 0.374023 0.723958 0.37207 0.726562 0.369141 0.726562 0.369141 0.772135 0.37207 0.772135 0.373047 0.773438 0.373047 0.776042 0.374023 0.777344 0.374023 0.794271 0.373047 0.795573 0.373047 0.796875 0.37207 0.798177 0.369141 0.798177 0.369141 0.825521 0.37207 0.825521 0.373047 0.826823 0.373047 0.828125 0.374023 0.829427 0.374023 0.832031 0.375 0.833333 0.375 0.835938 0.375977 0.83724 0.375977 0.841146 0.376953 0.842448 0.376953 0.846354 0.37793 0.847656 0.37793 0.852865 0.378906 0.854167 0.378906 0.859375 0.379883 0.860677 0.379883 0.86849 0.380859 0.869792 0.380859 0.877604 0.381836 0.878906 0.381836 0.884115 0.382812 0.885417 0.382812 0.889323 0.383789 0.890625 0.383789 0.895833 0.384766 0.897135 0.384766 0.901042 0.385742 0.902344 0.385742 0.90625 0.386719 0.907552 0.386719 0.914062 0.387695 0.915365 0.387695 0.920573 0.388672 0.921875 0.388672 0.925781 0.389648 0.927083 0.389648 0.929688 0.390625 0.93099 0.390625 0.934896 0.391602 0.936198 0.391602 0.940104 0.392578 0.941406 0.392578 0.946615 0.393555 0.947917 0.393555 0.954427 0.394531 0.955729 0.394531 0.960938 0.395508 0.96224 0.395508 0.966146 0.396484 0.967448 0.396484 0.971354 0.397461 0.972656 0.397461 0.976562 0.398438 0.977865 0.398438 0.980469 0.399414 0.981771 0.399414 0.985677 0.400391 0.986979 0.400391 0.989583 0.401367 0.990885 0.401367 0.992188 0.402344 0.99349 0.402344 0.996094 0.40332 0.997396 0.40332 0.998698 0.456055 0.998698 0.456055 0.997396 0.454102 0.994792 0.454102 0.99349 0.453125 0.992188 0.453125 0.990885 0.452148 0.989583 0.452148 0.988281 0.451172 0.986979 0.451172 0.984375 0.450195 0.983073 0.450195 0.980469 0.449219 0.979167 0.449219 0.976562 0.448242 0.97526 0.448242 0.973958 0.447266 0.972656 0.447266 0.970052 0.446289 0.96875 0.446289 0.966146 0.445312 0.964844 0.445312 0.963542 0.444336 0.96224 0.444336 0.960938 0.443359 0.959635 0.443359 0.957031 0.442383 0.955729 0.442383 0.953125 0.441406 0.951823 0.441406 0.947917 0.44043 0.946615 0.44043 0.942708 0.439453 0.941406 0.439453 0.934896 0.438477 0.933594 0.438477 0.929688 0.4375 0.928385 0.4375 0.923177 0.436523 0.921875 0.436523 0.916667 0.435547 0.915365 0.435547 0.91276 0.43457 0.911458 0.43457 0.908854 0.433594 0.907552 0.433594 0.89974 0.432617 0.898438 0.432617 0.890625 0.431641 0.889323 0.431641 0.878906 0.430664 0.877604 0.430664 0.854167 0.431641 0.852865 0.431641 0.847656 0.432617 0.846354 0.432617 0.841146 0.433594 0.839844 0.433594 0.832031 0.43457 0.830729 0.43457 0.811198 0.433594 0.809896 0.433594 0.803385 0.432617 0.802083 0.432617 0.794271 0.431641 0.792969 0.431641 0.78776 0.430664 0.786458 0.430664 0.782552 0.429688 0.78125 0.429688 0.776042 0.428711 0.77474 0.428711 0.772135 0.427734 0.770833 0.427734 0.768229 0.426758 0.766927 0.426758 0.764323 0.425781 0.763021 0.425781 0.761719 0.424805 0.760417 0.424805 0.757812 0.423828 0.75651 0.423828 0.755208 0.422852 0.753906 0.422852 0.751302 0.421875 0.75 0.421875 0.748698 0.420898 0.747396 0.420898 0.744792 0.419922 0.74349 0.419922 0.740885 0.418945 0.739583 0.418945 0.736979 0.417969 0.735677 0.417969 0.730469 0.416992 0.729167 0.416992 0.727865 0.416016 0.726562 0.416016 0.72526 0.413086 0.721354 0.413086 0.720052 0.40918 0.714844 0.40918 0.710938
0 0.696289 0.56901 0.695312 0.567708 0.695312 0.565104 0.694336 0.563802 0.694336 0.557292 0.693359 0.55599 0.693359 0.552083 0.692383 0.550781 0.692383 0.549479 0.689453 0.549479 0.689453 0.572917 0.692383 0.572917 0.693359 0.571615 0.694336 0.571615 0.695312 0.570312 0.696289 0.570312 0.696289 0.56901 0.869141 0.539062 0.870117 0.540365 0.870117 0.545573 0.871094 0.546875 0.871094 0.548177 0.827148 0.591146 0.823242 0.585938 0.823242 0.584635 0.820312 0.580729 0.820312 0.579427 0.811523 0.567708 0.810547 0.567708 0.807617 0.563802 0.807617 0.5625 0.798828 0.550781 0.798828 0.549479 0.794922 0.544271 0.794922 0.542969 0.792969 0.540365 0.792969 0.539062 0.791992 0.53776 0.791992 0.536458 0.791016 0.535156 0.791016 0.533854 0.789062 0.53125 0.789062 0.529948 0.787109 0.527344 0.787109 0.526042 0.777344 0.513021 0.777344 0.511719 0.773438 0.50651 0.773438 0.505208 0.771484 0.502604 0.771484 0.501302 0.768555 0.497396 0.768555 0.496094 0.761719 0.486979 0.761719 0.485677 0.759766 0.483073 0.758789 0.483073 0.755859 0.479167 0.754883 0.479167 0.753906 0.477865 0.75293 0.477865 0.750977 0.47526 0.749023 0.47526 0.748047 0.473958 0.746094 0.473958 0.745117 0.472656 0.742188 0.472656 0.741211 0.471354 0.738281 0.471354 0.737305 0.470052 0.735352 0.470052 0.734375 0.46875 0.732422 0.46875 0.731445 0.467448 0.729492 0.467448 0.728516 0.466146 0.727539 0.466146 0.726562 0.464844 0.726562 0.460938 0.706055 0.460938 0.706055 0.464844 0.704102 0.467448 0.702148 0.467448 0.701172 0.46875 0.698242 0.46875 0.697266 0.467448 0.696289 0.467448 0.695312 0.46875 0.689453 0.46875 0.689453 0.5 0.692383 0.5 0.693359 0.501302 0.693359 0.503906 0.694336 0.505208 0.694336 0.507812 0.695312 0.509115 0.695312 0.510417 0.696289 0.511719 0.696289 0.513021 0.697266 0.514323 0.697266 0.515625 0.698242 0.516927 0.698242 0.519531 0.699219 0.520833 0.699219 0.523438 0.701172 0.526042 0.701172 0.527344 0.702148 0.528646 0.702148 0.529948 0.704102 0.532552 0.704102 0.533854 0.706055 0.536458 0.706055 0.53776 0.707031 0.539062 0.707031 0.540365 0.708008 0.541667 0.708008 0.542969 0.709961 0.545573 0.709961 0.546875 0.713867 0.552083 0.713867 0.553385 0.717773 0.558594 0.717773 0.559896 0.71875 0.561198 0.719727 0.561198 0.72168 0.563802 0.72168 0.565104 0.730469 0.576823 0.730469 0.578125 0.734375 0.583333 0.734375 0.584635 0.737305 0.588542 0.737305 0.589844 0.740234 0.59375 0.740234 0.595052 0.746094 0.602865 0.746094 0.604167 0.75293 0.613281 0.753906 0.613281 0.756836 0.617188 0.757812 0.617188 0.758789 0.61849 0.759766 0.61849 0.762695 0.622396 0.763672 0.622396 0.764648 0.623698 0.765625 0.623698 0.767578 0.626302 0.768555 0.626302 0.769531 0.627604 0.770508 0.627604 0.773438 0.63151 0.774414 0.63151 0.776367 0.634115 0.777344 0.634115 0.77832 0.635417 0.779297 0.635417 0.78125 0.638021 0.782227 0.638021 0.783203 0.639323 0.78418 0.639323 0.793945 0.652344 0.793945 0.653646 0.801758 0.664062 0.801758 0.665365 0.805664 0.670573 0.805664 0.671875 0.807617 0.674479 0.807617 0.675781 0.808594 0.677083 0.808594 0.678385 0.810547 0.68099 0.810547 0.682292 0.8125 0.684896 0.8125 0.686198 0.814453 0.688802 0.81543 0.688802 0.817383 0.691406 0.818359 0.691406 0.819336 0.692708 0.820312 0.692708 0.821289 0.69401 0.822266 0.69401 0.823242 0.695312 0.826172 0.695312 0.827148 0.696615 0.830078 0.696615 0.831055 0.697917 0.833008 0.697917 0.835938 0.701823 0.836914 0.701823 0.837891 0.703125 0.838867 0.703125 0.839844 0.704427 0.84082 0.704427 0.845703 0.710938 0.845703 0.71224 0.84668 0.713542 0.84668 0.714844 0.847656 0.716146 0.847656 0.717448 0.848633 0.71875 0.848633 0.720052 0.852539 0.72526 0.852539 0.726562 0.856445 0.731771 0.857422 0.731771 0.860352 0.735677 0.861328 0.735677 0.862305 0.736979 0.862305 0.738281 0.865234 0.742188 0.866211 0.742188 0.867188 0.74349 0.87207 0.74349 0.874023 0.740885 0.874023 0.735677 0.875 0.734375 0.875 0.731771 0.875977 0.730469 0.875977 0.729167 0.876953 0.727865 0.876953 0.726562 0.87793 0.72526 0.87793 0.723958 0.878906 0.722656 0.878906 0.721354 0.880859 0.71875 0.880859 0.717448 0.881836 0.716146 0.881836 0.714844 0.882812 0.713542 0.882812 0.709635 0.881836 0.708333 0.881836 0.707031 0.880859 0.705729 0.880859 0.703125 0.879883 0.701823 0.879883 0.692708 0.878906 0.691406 0.878906 0.6875 0.87793 0.686198 0.87793 0.683594 0.876953 0.682292 0.876953 0.68099 0.875977 0.679688 0.875977 0.678385 0.871094 0.671875 0.871094 0.670573 0.857422 0.652344 0.856445 0.652344 0.851562 0.645833 0.851562 0.644531 0.849609 0.641927 0.849609 0.640625 0.848633 0.639323 0.848633 0.638021 0.84668 0.635417 0.84668 0.634115 0.845703 0.632812 0.845703 0.63151 0.844727 0.630208 0.844727 0.628906 0.842773 0.626302 0.842773 0.625 0.839844 0.621094 0.839844 0.619792 0.837891 0.617188 0.837891 0.615885 0.835938 0.613281 0.835938 0.611979 0.834961 0.610677 0.834961 0.609375 0.833984 0.608073 0.833984 0.606771 0.832031 0.604167 0.832031 0.602865 0.831055 0.601562 0.831055 0.60026 0.829102 0.597656 0.829102 0.596354 0.828125 0.595052 0.828125 0.59375 0.827148 0.592448 0.827148 0.591146 0.871094 0.548177 0.87207 0.549479 0.873047 0.548177 0.873047 0.546875 0.874023 0.545573 0.874023 0.540365 0.873047 0.539062 0.873047 0.536458 0.87207 0.535156 0.87207 0.533854 0.869141 0.533854 0.869141 0.539062
1 0.297852 0.455729 0.297852 0.459635 0.294922 0.463542 0.291016 0.463542 0.291016 0.602865 0.293945 0.602865 0.295898 0.605469 0.295898 0.606771 0.296875 0.608073 0.296875 0.609375 0.298828 0.611979 0.298828 0.614583 0.299805 0.615885 0.299805 0.63151 0.300781 0.632812 0.300781 0.639323 0.301758 0.640625 0.301758 0.644531 0.302734 0.645833 0.302734 0.648438 0.303711 0.64974 0.303711 0.651042 0.304688 0.652344 0.304688 0.654948 0.306641 0.657552 0.306641 0.660156 0.307617 0.661458 0.307617 0.66276 0.308594 0.664062 0.308594 0.666667 0.30957 0.667969 0.30957 0.670573 0.310547 0.671875 0.310547 0.673177 0.311523 0.674479 0.311523 0.675781 0.3125 0.677083 0.3125 0.678385 0.313477 0.679688 0.313477 0.68099 0.314453 0.682292 0.314453 0.684896 0.31543 0.686198 0.31543 0.6875 0.316406 0.688802 0.316406 0.691406 0.317383 0.692708 0.317383 0.69401 0.318359 0.695312 0.318359 0.696615 0.319336 0.697917 0.319336 0.699219 0.320312 0.700521 0.320312 0.701823 0.322266 0.704427 0.322266 0.705729 0.323242 0.707031 0.323242 0.708333 0.324219 0.709635 0.324219 0.710938 0.325195 0.71224 0.325195 0.713542 0.327148 0.716146 0.327148 0.717448 0.328125 0.71875 0.328125 0.720052 0.329102 0.721354 0.329102 0.722656 0.330078 0.723958 0.330078 0.72526 0.331055 0.726562 0.331055 0.729167 0.332031 0.730469 0.332031 0.731771 0.333008 0.733073 0.333008 0.735677 0.334961 0.738281 0.334961 0.739583 0.337891 0.74349 0.337891 0.744792 0.338867 0.746094 0.339844 0.746094 0.34375 0.751302 0.344727 0.751302 0.345703 0.752604 0.34668 0.752604 0.347656 0.753906 0.349609 0.753906 0.350586 0.755208 0.355469 0.755208 0.356445 0.753906 0.358398 0.753906 0.359375 0.752604 0.360352 0.752604 0.361328 0.751302 0.362305 0.751302 0.365234 0.747396 0.368164 0.747396 0.368164 0.708333 0.365234 0.708333 0.363281 0.705729 0.363281 0.704427 0.362305 0.703125 0.362305 0.701823 0.361328 0.700521 0.361328 0.699219 0.360352 0.697917 0.360352 0.696615 0.359375 0.695312 0.359375 0.692708 0.358398 0.691406 0.358398 0.690104 0.357422 0.688802 0.357422 0.6875 0.356445 0.686198 0.356445 0.683594 0.355469 0.682292 0.355469 0.679688 0.354492 0.678385 0.354492 0.675781 0.353516 0.674479 0.353516 0.673177 0.352539 0.671875 0.352539 0.669271 0.351562 0.667969 0.351562 0.666667 0.350586 0.665365 0.350586 0.664062 0.349609 0.66276 0.349609 0.660156 0.348633 0.658854 0.348633 0.657552 0.347656 0.65625 0.347656 0.652344 0.34668 0.651042 0.34668 0.636719 0.345703 0.635417 0.345703 0.63151 0.344727 0.630208 0.344727 0.627604 0.34375 0.626302 0.34375 0.623698 0.342773 0.622396 0.342773 0.619792 0.341797 0.61849 0.341797 0.617188 0.34082 0.615885 0.34082 0.613281 0.339844 0.611979 0.339844 0.610677 0.334961 0.604167 0.334961 0.602865 0.333984 0.601562 0.333984 0.598958 0.333008 0.597656 0.333008 0.596354 0.333984 0.595052 0.333984 0.592448 0.334961 0.591146 0.334961 0.585938 0.335938 0.584635 0.335938 0.580729 0.336914 0.579427 0.336914 0.563802 0.335938 0.5625 0.335938 0.561198 0.334961 0.559896 0.334961 0.557292 0.333984 0.55599 0.333984 0.552083 0.333008 0.550781 0.333008 0.548177 0.332031 0.546875 0.332031 0.544271 0.331055 0.542969 0.331055 0.53776 0.330078 0.536458 0.330078 0.533854 0.329102 0.532552 0.329102 0.529948 0.328125 0.528646 0.328125 0.527344 0.327148 0.526042 0.327148 0.523438 0.326172 0.522135 0.326172 0.514323 0.325195 0.513021 0.325195 0.50651 0.324219 0.505208 0.324219 0.498698 0.323242 0.497396 0.323242 0.486979 0.322266 0.485677 0.322266 0.476562 0.321289 0.47526 0.321289 0.46875 0.320312 0.467448 0.320312 0.464844 0.319336 0.463542 0.319336 0.46224 0.318359 0.460938 0.318359 0.455729
0 0.158203 0.486979 0.158203 0.490885 0.157227 0.492188 0.155273 0.492188 0.154297 0.49349 0.151367 0.49349 0.150391 0.494792 0.148438 0.494792 0.147461 0.496094 0.146484 0.496094 0.145508 0.497396 0.143555 0.497396 0.142578 0.498698 0.138672 0.498698 0.137695 0.5 0.134766 0.5 0.133789 0.501302 0.131836 0.501302 0.130859 0.502604 0.128906 0.502604 0.12793 0.503906 0.125977 0.503906 0.125 0.505208 0.124023 0.505208 0.12207 0.507812 0.121094 0.507812 0.120117 0.509115 0.115234 0.509115 0.115234 0.553385 0.119141 0.553385 0.120117 0.554688 0.125 0.554688 0.125977 0.553385 0.126953 0.553385 0.12793 0.554688 0.12793 0.55599 0.128906 0.557292 0.128906 0.558594 0.130859 0.561198 0.134766 0.561198 0.135742 0.559896 0.136719 0.559896 0.137695 0.558594 0.138672 0.558594 0.139648 0.557292 0.149414 0.557292 0.150391 0.558594 0.151367 0.558594 0.152344 0.559896 0.154297 0.559896 0.155273 0.561198 0.158203 0.561198 0.15918 0.5625 0.162109 0.5625 0.163086 0.563802 0.164062 0.563802 0.165039 0.565104 0.165039 0.56901 0.196289 0.56901 0.196289 0.565104 0.197266 0.563802 0.200195 0.563802 0.201172 0.5625 0.209961 0.5625 0.210938 0.561198 0.229492 0.561198 0.230469 0.559896 0.233398 0.559896 0.234375 0.558594 0.236328 0.558594 0.237305 0.557292 0.239258 0.557292 0.240234 0.55599 0.242188 0.55599 0.243164 0.554688 0.245117 0.554688 0.246094 0.553385 0.248047 0.553385 0.249023 0.552083 0.25293 0.552083 0.253906 0.550781 0.261719 0.550781 0.262695 0.552083 0.264648 0.552083 0.265625 0.553385 0.266602 0.553385 0.268555 0.55599 0.269531 0.55599 0.270508 0.557292 0.271484 0.557292 0.272461 0.55599 0.273438 0.55599 0.274414 0.554688 0.275391 0.554688 0.280273 0.548177 0.280273 0.546875 0.283203 0.542969 0.286133 0.542969 0.286133 0.511719 0.282227 0.511719 0.28125 0.510417 0.279297 0.510417 0.27832 0.509115 0.277344 0.509115 0.276367 0.507812 0.274414 0.507812 0.272461 0.505208 0.270508 0.505208 0.269531 0.503906 0.268555 0.503906 0.267578 0.502604 0.266602 0.502604 0.264648 0.5 0.263672 0.5 0.262695 0.498698 0.260742 0.498698 0.259766 0.497396 0.258789 0.497396 0.257812 0.496094 0.256836 0.496094 0.255859 0.494792 0.251953 0.494792 0.250977 0.49349 0.248047 0.49349 0.24707 0.492188 0.246094 0.492188 0.245117 0.490885 0.245117 0.486979
0 0.259766 0 0.259766 0.0117188 0.262695 0.0117188 0.264648 0.0143229 0.264648 0.015625 0.265625 0.0169271 0.265625 0.0182292 0.267578 0.0208333 0.267578 0.0221354 0.268555 0.0234375 0.268555 0.0247396 0.269531 0.0260417 0.269531 0.0273438 0.270508 0.0286458 0.270508 0.0299479 0.273438 0.0338542 0.273438 0.0351562 0.277344 0.0403646 0.277344 0.0416667 0.28125 0.046875 0.282227 0.046875 0.286133 0.0520833 0.287109 0.0520833 0.291016 0.0572917 0.291992 0.0572917 0.294922 0.0611979 0.295898 0.0611979 0.296875 0.0625 0.297852 0.0625 0.300781 0.0664062 0.301758 0.0664062 0.302734 0.0677083 0.303711 0.0677083 0.304688 0.0690104 0.304688 0.0742188 0.314453 0.0742188 0.314453 0.0703125 0.316406 0.0677083 0.317383 0.0677083 0.320312 0.0638021 0.320312 0.0625 0.324219 0.0572917 0.324219 0.0559896 0.327148 0.0520833 0.327148 0.0507812 0.330078 0.046875 0.330078 0.0455729 0.332031 0.0429688 0.332031 0.0416667 0.333008 0.0403646 0.333008 0.0390625 0.334961 0.0364583 0.334961 0.0351562 0.335938 0.0338542 0.335938 0.03125 0.337891 0.0286458 0.34082 0.0286458 0.34082 0.00651042 0.337891 0.00651042 0.336914 0.00520833 0.336914 0.00260417 0.335938 0.00130208 0.335938 0
1 0.567383 0.154948 0.566406 0.15625 0.564453 0.15625 0.563477 0.157552 0.5625 0.157552 0.561523 0.158854 0.560547 0.158854 0.55957 0.160156 0.558594 0.160156 0.557617 0.161458 0.556641 0.161458 0.554688 0.164062 0.553711 0.164062 0.552734 0.165365 0.551758 0.165365 0.550781 0.166667 0.549805 0.166667 0.548828 0.167969 0.542969 0.167969 0.541992 0.169271 0.540039 0.169271 0.539062 0.170573 0.538086 0.170573 0.537109 0.171875 0.53418 0.171875 0.533203 0.173177 0.532227 0.173177 0.530273 0.175781 0.529297 0.175781 0.525391 0.18099 0.520508 0.18099 0.519531 0.179688 0.518555 0.179688 0.517578 0.178385 0.512695 0.178385 0.511719 0.179688 0.510742 0.179688 0.509766 0.18099 0.507812 0.18099 0.506836 0.182292 0.505859 0.182292 0.504883 0.183594 0.503906 0.183594 0.50293 0.184896 0.501953 0.184896 0.499023 0.188802 0.498047 0.188802 0.494141 0.19401 0.493164 0.19401 0.491211 0.196615 0.490234 0.196615 0.489258 0.197917 0.488281 0.197917 0.487305 0.199219 0.485352 0.199219 0.484375 0.200521 0.482422 0.200521 0.481445 0.201823 0.478516 0.201823 0.477539 0.203125 0.472656 0.203125 0.47168 0.204427 0.46582 0.204427 0.464844 0.205729 0.459961 0.205729 0.458984 0.207031 0.452148 0.207031 0.451172 0.208333 0.447266 0.208333 0.446289 0.209635 0.444336 0.209635 0.443359 0.210938 0.442383 0.210938 0.441406 0.21224 0.439453 0.21224 0.438477 0.213542 0.4375 0.213542 0.436523 0.214844 0.43457 0.214844 0.433594 0.216146 0.432617 0.216146 0.431641 0.217448 0.430664 0.217448 0.429688 0.21875 0.427734 0.21875 0.426758 0.220052 0.424805 0.220052 0.423828 0.221354 0.422852 0.221354 0.421875 0.222656 0.420898 0.222656 0.419922 0.223958 0.418945 0.223958 0.416992 0.226562 0.416016 0.226562 0.415039 0.227865 0.414062 0.227865 0.413086 0.229167 0.412109 0.229167 0.411133 0.230469 0.40918 0.230469 0.408203 0.231771 0.407227 0.231771 0.40625 0.233073 0.405273 0.233073 0.404297 0.234375 0.40332 0.234375 0.402344 0.235677 0.401367 0.235677 0.400391 0.236979 0.398438 0.236979 0.397461 0.238281 0.394531 0.238281 0.393555 0.239583 0.390625 0.239583 0.389648 0.240885 0.387695 0.240885 0.386719 0.242188 0.384766 0.242188 0.383789 0.24349 0.381836 0.24349 0.380859 0.244792 0.379883 0.244792 0.378906 0.246094 0.376953 0.246094 0.375977 0.247396 0.374023 0.247396 0.373047 0.248698 0.369141 0.248698 0.368164 0.25 0.365234 0.25 0.364258 0.251302 0.361328 0.251302 0.360352 0.252604 0.358398 0.252604 0.357422 0.253906 0.356445 0.253906 0.355469 0.255208 0.353516 0.255208 0.352539 0.25651 0.351562 0.25651 0.350586 0.257812 0.349609 0.257812 0.332031 0.28125 0.332031 0.282552 0.330078 0.285156 0.330078 0.286458 0.327148 0.290365 0.327148 0.291667 0.326172 0.292969 0.326172 0.294271 0.325195 0.295573 0.325195 0.296875 0.323242 0.299479 0.323242 0.300781 0.321289 0.303385 0.318359 0.303385 0.318359 0.33724 0.325195 0.33724 0.326172 0.338542 0.329102 0.338542 0.330078 0.33724 0.332031 0.33724 0.333008 0.335938 0.334961 0.335938 0.335938 0.334635 0.336914 0.334635 0.337891 0.333333 0.338867 0.333333 0.339844 0.332031 0.341797 0.332031 0.342773 0.330729 0.344727 0.330729 0.345703 0.329427 0.34668 0.329427 0.347656 0.328125 0.348633 0.328125 0.349609 0.326823 0.351562 0.326823 0.352539 0.325521 0.354492 0.325521 0.355469 0.324219 0.357422 0.324219 0.358398 0.322917 0.360352 0.322917 0.361328 0.321615 0.362305 0.321615 0.363281 0.320312 0.365234 0.320312 0.366211 0.31901 0.367188 0.31901 0.368164 0.317708 0.369141 0.317708 0.370117 0.316406 0.37207 0.316406 0.373047 0.315104 0.374023 0.315104 0.375 0.313802 0.375977 0.313802 0.376953 0.3125 0.378906 0.3125 0.379883 0.311198 0.380859 0.311198 0.381836 0.309896 0.383789 0.309896 0.384766 0.308594 0.386719 0.308594 0.387695 0.307292 0.390625 0.307292 0.391602 0.30599 0.394531 0.30599 0.395508 0.304688 0.397461 0.304688 0.398438 0.303385 0.399414 0.303385 0.400391 0.302083 0.402344 0.302083 0.40332 0.300781 0.405273 0.300781 0.40625 0.299479 0.408203 0.299479 0.40918 0.298177 0.411133 0.298177 0.412109 0.296875 0.413086 0.296875 0.414062 0.295573 0.416992 0.295573 0.417969 0.294271 0.418945 0.294271 0.419922 0.292969 0.421875 0.292969 0.422852 0.291667 0.423828 0.291667 0.424805 0.290365 0.425781 0.290365 0.426758 0.289062 0.427734 0.289062 0.428711 0.28776 0.429688 0.28776 0.430664 0.286458 0.432617 0.286458 0.433594 0.285156 0.435547 0.285156 0.436523 0.283854 0.438477 0.283854 0.439453 0.282552 0.44043 0.282552 0.441406 0.28125 0.442383 0.28125 0.443359 0.279948 0.444336 0.279948 0.445312 0.278646 0.447266 0.278646 0.448242 0.277344 0.450195 0.277344 0.451172 0.276042 0.452148 0.276042 0.453125 0.27474 0.454102 0.27474 0.455078 0.273438 0.457031 0.273438 0.458008 0.272135 0.458984 0.272135 0.459961 0.270833 0.460938 0.270833 0.461914 0.269531 0.463867 0.269531 0.464844 0.268229 0.466797 0.268229 0.467773 0.266927 0.46875 0.266927 0.469727 0.265625 0.47168 0.265625 0.472656 0.264323 0.473633 0.264323 0.474609 0.263021 0.475586 0.263021 0.476562 0.261719 0.477539 0.261719 0.478516 0.260417 0.479492 0.260417 0.480469 0.259115 0.481445 0.259115 0.483398 0.25651 0.484375 0.25651 0.485352 0.255208 0.486328 0.255208 0.487305 0.253906 0.488281 0.253906 0.489258 0.252604 0.490234 0.252604 0.491211 0.251302 0.492188 0.251302 0.494141 0.248698 0.495117 0.248698 0.496094 0.247396 0.49707 0.247396 0.498047 0.246094 0.499023 0.246094 0.5 0.244792 0.500977 0.244792 0.501953 0.24349 0.50293 0.24349 0.503906 0.242188 0.504883 0.242188 0.505859 0.240885 0.507812 0.240885 0.508789 0.239583 0.510742 0.239583 0.511719 0.238281 0.512695 0.238281 0.513672 0.236979 0.515625 0.236979 0.516602 0.235677 0.517578 0.235677 0.518555 0.234375 0.519531 0.234375 0.520508 0.233073 0.521484 0.233073 0.522461 0.231771 0.524414 0.231771 0.525391 0.230469 0.526367 0.230469 0.527344 0.229167 0.52832 0.229167 0.530273 0.226562 0.53125 0.226562 0.532227 0.22526 0.533203 0.22526 0.53418 0.223958 0.535156 0.223958 0.537109 0.221354 0.538086 0.221354 0.539062 0.220052 0.540039 0.220052 0.541992 0.217448 0.542969 0.217448 0.546875 0.21224 0.547852 0.21224 0.549805 0.209635 0.550781 0.209635 0.552734 0.207031 0.553711 0.207031 0.556641 0.203125 0.557617 0.203125 0.564453 0.19401 0.56543 0.19401 0.569336 0.188802 0.570312 0.188802 0.572266 0.186198 0.573242 0.186198 0.574219 0.184896 0.575195 0.184896 0.576172 0.183594 0.577148 0.183594 0.578125 0.182292 0.579102 0.182292 0.580078 0.18099 0.581055 0.18099 0.583008 0.178385 0.583984 0.178385 0.585938 0.175781 0.586914 0.175781 0.591797 0.169271 0.594727 0.169271 0.594727 0.158854 0.591797 0.158854 0.59082 0.157552 0.589844 0.157552 0.588867 0.15625 0.585938 0.15625 0.584961 0.154948
1 0.0800781 0.382812 0.0800781 0.402344 0.0839844 0.402344 0.0859375 0.404948 0.0869141 0.404948 0.0878906 0.40625 0.0888672 0.40625 0.0908203 0.408854 0.0927734 0.408854 0.09375 0.410156 0.0957031 0.410156 0.0966797 0.411458 0.0976562 0.411458 0.0986328 0.41276 0.0996094 0.41276 0.100586 0.414062 0.102539 0.414062 0.103516 0.415365 0.104492 0.415365 0.105469 0.416667 0.107422 0.416667 0.108398 0.417969 0.110352 0.417969 0.111328 0.419271 0.112305 0.419271 0.113281 0.420573 0.114258 0.420573 0.115234 0.421875 0.116211 0.421875 0.117188 0.423177 0.118164 0.423177 0.119141 0.424479 0.120117 0.424479 0.121094 0.425781 0.123047 0.425781 0.124023 0.427083 0.125977 0.427083 0.126953 0.428385 0.130859 0.428385 0.131836 0.429688 0.137695 0.429688 0.138672 0.43099 0.143555 0.43099 0.144531 0.432292 0.148438 0.432292 0.149414 0.433594 0.151367 0.433594 0.152344 0.434896 0.15332 0.434896 0.154297 0.436198 0.15625 0.436198 0.157227 0.4375 0.15918 0.4375 0.160156 0.438802 0.161133 0.438802 0.162109 0.440104 0.162109 0.44401 0.204102 0.44401 0.204102 0.440104 0.205078 0.438802 0.206055 0.440104 0.206055 0.44401 0.21582 0.44401 0.21582 0.438802 0.208984 0.438802 0.208008 0.440104 0.207031 0.440104 0.206055 0.438802 0.206055 0.433594 0.207031 0.432292 0.208008 0.432292 0.208984 0.43099 0.208984 0.429688 0.209961 0.428385 0.209961 0.427083 0.210938 0.425781 0.210938 0.423177 0.211914 0.421875 0.211914 0.414062 0.210938 0.41276 0.210938 0.411458 0.208984 0.408854 0.208008 0.408854 0.207031 0.407552 0.205078 0.407552 0.204102 0.40625 0.199219 0.40625 0.198242 0.404948 0.192383 0.404948 0.191406 0.403646 0.1875 0.403646 0.186523 0.402344 0.174805 0.402344 0.173828 0.403646 0.167969 0.403646 0.166992 0.404948 0.160156 0.404948 0.15918 0.403646 0.154297 0.403646 0.15332 0.402344 0.151367 0.402344 0.150391 0.401042 0.149414 0.401042 0.148438 0.39974 0.146484 0.39974 0.145508 0.398438 0.144531 0.398438 0.143555 0.397135 0.142578 0.397135 0.141602 0.395833 0.140625 0.395833 0.139648 0.394531 0.138672 0.394531 0.137695 0.393229 0.135742 0.393229 0.134766 0.391927 0.132812 0.391927 0.131836 0.390625 0.130859 0.390625 0.129883 0.389323 0.12793 0.389323 0.125977 0.386719 0.125977 0.382812
1 0.744141 0.252604 0.744141 0.279948 0.748047 0.279948 0.759766 0.295573 0.760742 0.295573 0.764648 0.300781 0.765625 0.300781 0.775391 0.313802 0.776367 0.313802 0.77832 0.316406 0.779297 0.316406 0.782227 0.320312 0.783203 0.320312 0.785156 0.322917 0.785156 0.324219 0.789062 0.329427 0.790039 0.329427 0.793945 0.334635 0.794922 0.334635 0.796875 0.33724 0.797852 0.33724 0.799805 0.339844 0.800781 0.339844 0.802734 0.342448 0.803711 0.342448 0.805664 0.345052 0.806641 0.345052 0.80957 0.348958 0.810547 0.348958 0.813477 0.352865 0.814453 0.352865 0.817383 0.356771 0.818359 0.356771 0.822266 0.361979 0.823242 0.361979 0.825195 0.364583 0.826172 0.364583 0.828125 0.367188 0.829102 0.367188 0.833984 0.373698 0.833984 0.375 0.834961 0.375 0.84082 0.382812 0.841797 0.382812 0.84375 0.385417 0.844727 0.385417 0.847656 0.389323 0.848633 0.389323 0.850586 0.391927 0.850586 0.397135 0.87207 0.397135 0.87207 0.360677 0.869141 0.360677 0.867188 0.358073 0.867188 0.356771 0.865234 0.354167 0.865234 0.352865 0.861328 0.347656 0.861328 0.346354 0.858398 0.342448 0.858398 0.341146 0.850586 0.330729 0.849609 0.330729 0.84668 0.326823 0.845703 0.326823 0.84375 0.324219 0.842773 0.324219 0.839844 0.320312 0.838867 0.320312 0.835938 0.316406 0.834961 0.316406 0.830078 0.309896 0.829102 0.309896 0.827148 0.307292 0.826172 0.307292 0.823242 0.303385 0.822266 0.303385 0.818359 0.298177 0.817383 0.298177 0.816406 0.296875 0.81543 0.296875 0.814453 0.295573 0.813477 0.295573 0.811523 0.292969 0.810547 0.292969 0.807617 0.289062 0.806641 0.289062 0.800781 0.28125 0.799805 0.28125 0.796875 0.277344 0.795898 0.277344 0.791016 0.270833 0.790039 0.270833 0.789062 0.269531 0.789062 0.268229 0.788086 0.268229 0.782227 0.260417 0.78125 0.260417 0.77832 0.25651 0.77832 0.252604
1 0.720703 0.653646 0.720703 0.683594 0.732422 0.683594 0.733398 0.684896 0.739258 0.684896 0.740234 0.686198 0.743164 0.686198 0.744141 0.6875 0.746094 0.6875 0.74707 0.688802 0.749023 0.688802 0.75 0.690104 0.758789 0.690104 0.759766 0.691406 0.772461 0.691406 0.773438 0.692708 0.779297 0.692708 0.780273 0.69401 0.782227 0.69401 0.783203 0.695312 0.783203 0.699219 0.799805 0.699219 0.799805 0.695312 0.801758 0.692708 0.802734 0.692708 0.803711 0.691406 0.804688 0.691406 0.806641 0.688802 0.80957 0.688802 0.80957 0.68099 0.806641 0.68099 0.805664 0.679688 0.805664 0.678385 0.802734 0.674479 0.802734 0.673177 0.798828 0.667969 0.797852 0.667969 0.795898 0.665365 0.794922 0.665365 0.793945 0.664062 0.791992 0.664062 0.791016 0.66276 0.790039 0.66276 0.789062 0.661458 0.787109 0.661458 0.786133 0.660156 0.785156 0.660156 0.78418 0.661458 0.782227 0.661458 0.78125 0.660156 0.776367 0.660156 0.775391 0.658854 0.774414 0.658854 0.773438 0.657552 0.773438 0.653646
1 0.990234 0.867188 0.990234 0.871094 0.989258 0.872396 0.988281 0.872396 0.987305 0.873698 0.986328 0.873698 0.985352 0.875 0.984375 0.875 0.983398 0.876302 0.982422 0.876302 0.981445 0.877604 0.980469 0.877604 0.979492 0.878906 0.976562 0.878906 0.975586 0.880208 0.973633 0.880208 0.972656 0.88151 0.970703 0.88151 0.969727 0.882812 0.96875 0.882812 0.967773 0.884115 0.964844 0.884115 0.963867 0.885417 0.961914 0.885417 0.960938 0.886719 0.959961 0.886719 0.958984 0.888021 0.958008 0.888021 0.957031 0.889323 0.955078 0.889323 0.954102 0.890625 0.953125 0.890625 0.952148 0.891927 0.950195 0.891927 0.949219 0.893229 0.948242 0.893229 0.947266 0.894531 0.946289 0.894531 0.945312 0.895833 0.944336 0.895833 0.943359 0.897135 0.939453 0.897135 0.939453 0.933594 0.944336 0.933594 0.945312 0.934896 0.946289 0.934896 0.947266 0.936198 0.948242 0.936198 0.950195 0.938802 0.951172 0.938802 0.952148 0.940104 0.954102 0.940104 0.955078 0.941406 0.964844 0.941406 0.96582 0.940104 0.97168 0.940104 0.972656 0.938802 0.974609 0.938802 0.975586 0.9375 0.979492 0.9375 0.980469 0.936198 0.993164 0.936198 0.994141 0.934896 0.996094 0.934896 0.99707 0.933594 0.999023 0.933594 0.999023 0.867188
1 0.833008 0 0.833008 0.00260417 0.834961 0.00520833 0.834961 0.00651042 0.838867 0.0117188 0.838867 0.0130208 0.842773 0.0182292 0.842773 0.0195312 0.847656 0.0260417 0.847656 0.0273438 0.851562 0.0325521 0.851562 0.0338542 0.855469 0.0390625 0.855469 0.0403646 0.860352 0.046875 0.860352 0.0481771 0.868164 0.0585938 0.869141 0.0585938 0.870117 0.0598958 0.871094 0.0598958 0.873047 0.0625 0.874023 0.0625 0.875977 0.0651042 0.875977 0.0690104 0.895508 0.0690104 0.895508 0.0638021 0.896484 0.0625 0.897461 0.0625 0.900391 0.0585938 0.900391 0.0572917 0.902344 0.0546875 0.902344 0.0520833 0.90332 0.0507812 0.90332 0.0494792 0.904297 0.0481771 0.907227 0.0481771 0.907227 0.0377604 0.904297 0.0377604 0.90332 0.0364583 0.90332 0.0338542 0.902344 0.0325521 0.902344 0.0299479 0.901367 0.0286458 0.901367 0.0273438 0.900391 0.0260417 0.900391 0.0234375 0.899414 0.0221354 0.899414 0.0208333 0.898438 0.0195312 0.898438 0.0182292 0.897461 0.0169271 0.897461 0.015625 0.895508 0.0130208 0.895508 0.0117188 0.894531 0.0104167 0.894531 0.00911458 0.891602 0.00520833 0.891602 0.00390625 0.889648 0.00130208 0.889648 0
1 0.708008 0.742188 0.708008 0.747396 0.694336 0.765625 0.693359 0.765625 0.69043 0.769531 0.69043 0.770833 0.682617 0.78125 0.682617 0.782552 0.679688 0.786458 0.679688 0.78776 0.675781 0.792969 0.675781 0.794271 0.674805 0.795573 0.674805 0.796875 0.672852 0.799479 0.672852 0.800781 0.670898 0.803385 0.670898 0.804688 0.669922 0.80599 0.669922 0.807292 0.667969 0.809896 0.667969 0.811198 0.666992 0.8125 0.666992 0.813802 0.666016 0.815104 0.666016 0.816406 0.665039 0.817708 0.665039 0.81901 0.664062 0.820312 0.664062 0.822917 0.663086 0.824219 0.663086 0.825521 0.662109 0.826823 0.662109 0.828125 0.661133 0.829427 0.661133 0.832031 0.660156 0.833333 0.660156 0.834635 0.65918 0.835938 0.65918 0.839844 0.658203 0.841146 0.658203 0.842448 0.657227 0.84375 0.657227 0.845052 0.65625 0.846354 0.65625 0.847656 0.655273 0.848958 0.655273 0.85026 0.652344 0.854167 0.652344 0.855469 0.651367 0.856771 0.651367 0.858073 0.650391 0.859375 0.646484 0.859375 0.646484 0.904948 0.649414 0.904948 0.655273 0.91276 0.65625 0.91276 0.660156 0.917969 0.661133 0.917969 0.662109 0.919271 0.662109 0.923177 0.665039 0.923177 0.665039 0.919271 0.666016 0.917969 0.666992 0.917969 0.667969 0.916667 0.669922 0.916667 0.671875 0.914062 0.672852 0.914062 0.675781 0.910156 0.676758 0.910156 0.694336 0.886719 0.694336 0.885417 0.698242 0.880208 0.698242 0.878906 0.700195 0.876302 0.700195 0.875 0.704102 0.869792 0.704102 0.86849 0.706055 0.865885 0.706055 0.864583 0.708008 0.861979 0.708008 0.860677 0.708984 0.859375 0.708984 0.858073 0.710938 0.855469 0.710938 0.854167 0.712891 0.851562 0.712891 0.85026 0.713867 0.848958 0.713867 0.847656 0.716797 0.84375 0.716797 0.842448 0.724609 0.832031 0.724609 0.830729 0.727539 0.826823 0.727539 0.825521 0.729492 0.822917 0.729492 0.821615 0.731445 0.81901 0.731445 0.817708 0.732422 0.816406 0.732422 0.815104 0.733398 0.813802 0.733398 0.8125 0.734375 0.811198 0.734375 0.809896 0.735352 0.808594 0.735352 0.807292 0.736328 0.80599 0.736328 0.804688 0.737305 0.803385 0.737305 0.802083 0.739258 0.799479 0.739258 0.798177 0.741211 0.795573 0.741211 0.794271 0.742188 0.792969 0.742188 0.791667 0.744141 0.789062 0.74707 0.789062 0.74707 0.770833 0.743164 0.770833 0.742188 0.769531 0.742188 0.768229 0.741211 0.766927 0.741211 0.765625 0.740234 0.764323 0.740234 0.763021 0.737305 0.759115 0.737305 0.757812 0.735352 0.755208 0.735352 0.753906 0.733398 0.751302 0.733398 0.75 0.731445 0.747396 0.731445 0.742188
1 0.90918 0.648438 0.90918 0.653646 0.907227 0.65625 0.90625 0.65625 0.905273 0.657552 0.904297 0.657552 0.902344 0.660156 0.901367 0.660156 0.900391 0.661458 0.900391 0.66276 0.897461 0.666667 0.897461 0.667969 0.895508 0.670573 0.895508 0.671875 0.893555 0.674479 0.893555 0.675781 0.889648 0.68099 0.888672 0.68099 0.887695 0.682292 0.884766 0.682292 0.884766 0.71224 0.888672 0.71224 0.889648 0.713542 0.890625 0.713542 0.892578 0.716146 0.892578 0.720052 0.913086 0.720052 0.913086 0.716146 0.914062 0.714844 0.915039 0.714844 0.916016 0.713542 0.917969 0.713542 0.918945 0.71224 0.919922 0.71224 0.920898 0.710938 0.921875 0.710938 0.923828 0.708333 0.924805 0.708333 0.929688 0.701823 0.930664 0.701823 0.932617 0.699219 0.932617 0.697917 0.94043 0.6875 0.94043 0.686198 0.943359 0.682292 0.943359 0.68099 0.946289 0.677083 0.950195 0.677083 0.950195 0.648438
1 0.943359 0.815104 0.943359 0.85026 0.946289 0.85026 0.947266 0.851562 0.948242 0.851562 0.949219 0.852865 0.950195 0.852865 0.951172 0.854167 0.952148 0.854167 0.953125 0.855469 0.954102 0.855469 0.955078 0.856771 0.956055 0.856771 0.957031 0.858073 0.958008 0.858073 0.958984 0.859375 0.960938 0.859375 0.961914 0.860677 0.964844 0.860677 0.96582 0.861979 0.967773 0.861979 0.96875 0.863281 0.970703 0.863281 0.97168 0.864583 0.972656 0.864583 0.973633 0.865885 0.973633 0.871094 0.99707 0.871094 0.99707 0.867188 0.998047 0.865885 0.999023 0.865885 0.999023 0.834635 0.996094 0.834635 0.995117 0.833333 0.989258 0.833333 0.988281 0.832031 0.984375 0.832031 0.983398 0.830729 0.980469 0.830729 0.979492 0.829427 0.977539 0.829427 0.976562 0.828125 0.974609 0.828125 0.973633 0.826823 0.972656 0.826823 0.97168 0.825521 0.970703 0.825521 0.96875 0.822917 0.967773 0.822917 0.966797 0.821615 0.96582 0.821615 0.963867 0.81901 0.963867 0.815104
1 0.265625 0.174479 0.265625 0.18099 0.264648 0.182292 0.264648 0.207031 0.263672 0.208333 0.263672 0.220052 0.262695 0.221354 0.262695 0.230469 0.261719 0.231771 0.261719 0.236979 0.260742 0.238281 0.260742 0.240885 0.259766 0.242188 0.259766 0.24349 0.258789 0.244792 0.255859 0.244792 0.255859 0.296875 0.259766 0.296875 0.261719 0.299479 0.261719 0.300781 0.262695 0.302083 0.262695 0.30599 0.263672 0.307292 0.263672 0.324219 0.262695 0.325521 0.262695 0.335938 0.263672 0.33724 0.263672 0.341146 0.264648 0.342448 0.264648 0.345052 0.265625 0.346354 0.265625 0.347656 0.266602 0.348958 0.266602 0.35026 0.267578 0.351562 0.267578 0.352865 0.268555 0.354167 0.268555 0.358073 0.269531 0.359375 0.269531 0.363281 0.270508 0.364583 0.270508 0.371094 0.271484 0.372396 0.271484 0.39974 0.270508 0.401042 0.270508 0.408854 0.271484 0.410156 0.271484 0.415365 0.272461 0.416667 0.272461 0.419271 0.273438 0.420573 0.273438 0.421875 0.274414 0.423177 0.274414 0.424479 0.275391 0.425781 0.275391 0.427083 0.276367 0.428385 0.276367 0.429688 0.277344 0.43099 0.277344 0.432292 0.27832 0.433594 0.27832 0.434896 0.280273 0.4375 0.280273 0.438802 0.28125 0.440104 0.28125 0.441406 0.282227 0.442708 0.282227 0.44401 0.286133 0.449219 0.286133 0.450521 0.287109 0.451823 0.288086 0.451823 0.291016 0.455729 0.291016 0.460938 0.290039 0.46224 0.290039 0.463542 0.289062 0.464844 0.289062 0.470052 0.288086 0.471354 0.288086 0.494792 0.289062 0.496094 0.289062 0.505208 0.290039 0.50651 0.290039 0.55599 0.289062 0.557292 0.289062 0.558594 0.290039 0.559896 0.290039 0.56901 0.291016 0.570312 0.291016 0.575521 0.291992 0.576823 0.291992 0.580729 0.292969 0.582031 0.292969 0.588542 0.293945 0.589844 0.293945 0.597656 0.294922 0.598958 0.294922 0.602865 0.295898 0.604167 0.295898 0.606771 0.297852 0.609375 0.297852 0.610677 0.298828 0.611979 0.298828 0.613281 0.299805 0.614583 0.299805 0.615885 0.300781 0.617188 0.300781 0.628906 0.301758 0.630208 0.301758 0.638021 0.302734 0.639323 0.302734 0.644531 0.303711 0.645833 0.303711 0.648438 0.304688 0.64974 0.304688 0.651042 0.305664 0.652344 0.305664 0.653646 0.306641 0.654948 0.306641 0.657552 0.307617 0.658854 0.307617 0.660156 0.308594 0.661458 0.308594 0.664062 0.30957 0.665365 0.30957 0.669271 0.310547 0.670573 0.310547 0.671875 0.311523 0.673177 0.311523 0.674479 0.3125 0.675781 0.3125 0.677083 0.313477 0.678385 0.313477 0.679688 0.314453 0.68099 0.314453 0.682292 0.31543 0.683594 0.31543 0.684896 0.316406 0.686198 0.316406 0.688802 0.317383 0.690104 0.317383 0.691406 0.318359 0.692708 0.318359 0.69401 0.319336 0.695312 0.319336 0.696615 0.320312 0.697917 0.320312 0.699219 0.321289 0.700521 0.321289 0.701823 0.323242 0.704427 0.323242 0.705729 0.324219 0.707031 0.324219 0.708333 0.325195 0.709635 0.325195 0.710938 0.327148 0.713542 0.327148 0.714844 0.328125 0.716146 0.328125 0.717448 0.329102 0.71875 0.329102 0.720052 0.330078 0.721354 0.330078 0.722656 0.332031 0.72526 0.332031 0.727865 0.333008 0.729167 0.333008 0.731771 0.334961 0.734375 0.334961 0.735677 0.336914 0.738281 0.336914 0.739583 0.337891 0.740885 0.337891 0.742188 0.338867 0.742188 0.339844 0.74349 0.339844 0.744792 0.341797 0.747396 0.342773 0.747396 0.345703 0.751302 0.347656 0.751302 0.348633 0.752604 0.354492 0.752604 0.355469 0.751302 0.356445 0.751302 0.357422 0.75 0.358398 0.75 0.360352 0.747396 0.361328 0.747396 0.365234 0.742188 0.365234 0.731771 0.364258 0.730469 0.363281 0.731771 0.362305 0.731771 0.361328 0.733073 0.360352 0.733073 0.358398 0.730469 0.358398 0.729167 0.357422 0.727865 0.357422 0.72526 0.358398 0.723958 0.358398 0.721354 0.362305 0.716146 0.362305 0.709635 0.361328 0.708333 0.361328 0.705729 0.360352 0.704427 0.360352 0.701823 0.359375 0.700521 0.359375 0.697917 0.358398 0.696615 0.358398 0.695312 0.357422 0.69401 0.357422 0.691406 0.356445 0.690104 0.356445 0.688802 0.355469 0.6875 0.355469 0.684896 0.354492 0.683594 0.354492 0.682292 0.353516 0.68099 0.353516 0.678385 0.352539 0.677083 0.352539 0.674479 0.351562 0.673177 0.351562 0.671875 0.350586 0.670573 0.350586 0.669271 0.349609 0.667969 0.349609 0.665365 0.348633 0.664062 0.348633 0.661458 0.347656 0.660156 0.347656 0.658854 0.34668 0.657552 0.34668 0.653646 0.345703 0.652344 0.345703 0.639323 0.344727 0.638021 0.344727 0.634115 0.34375 0.632812 0.34375 0.63151 0.342773 0.630208 0.342773 0.627604 0.341797 0.626302 0.341797 0.625 0.34082 0.623698 0.34082 0.622396 0.333984 0.613281 0.333984 0.611979 0.330078 0.611979 0.328125 0.609375 0.328125 0.605469 0.330078 0.602865 0.330078 0.601562 0.331055 0.60026 0.331055 0.597656 0.332031 0.596354 0.332031 0.59375 0.333008 0.592448 0.333008 0.589844 0.333984 0.588542 0.333984 0.583333 0.334961 0.582031 0.334961 0.575521 0.335938 0.574219 0.335938 0.567708 0.334961 0.566406 0.334961 0.561198 0.333984 0.559896 0.333984 0.552083 0.334961 0.550781 0.334961 0.548177 0.333984 0.546875 0.333984 0.53776 0.333008 0.536458 0.333008 0.533854 0.332031 0.532552 0.332031 0.53125 0.331055 0.529948 0.331055 0.528646 0.330078 0.527344 0.330078 0.52474 0.329102 0.523438 0.329102 0.519531 0.328125 0.518229 0.328125 0.514323 0.327148 0.513021 0.327148 0.50651 0.326172 0.505208 0.326172 0.497396 0.325195 0.496094 0.325195 0.488281 0.324219 0.486979 0.324219 0.477865 0.323242 0.476562 0.323242 0.467448 0.322266 0.466146 0.322266 0.459635 0.321289 0.458333 0.321289 0.455729 0.319336 0.453125 0.319336 0.451823 0.318359 0.450521 0.318359 0.449219 0.317383 0.447917 0.317383 0.445312 0.316406 0.44401 0.317383 0.442708 0.317383 0.434896 0.318359 0.433594 0.318359 0.429688 0.317383 0.428385 0.317383 0.421875 0.316406 0.420573 0.316406 0.415365 0.31543 0.414062 0.31543 0.410156 0.314453 0.408854 0.314453 0.407552 0.313477 0.40625 0.313477 0.403646 0.3125 0.402344 0.3125 0.39974 0.311523 0.398438 0.311523 0.394531 0.310547 0.393229 0.310547 0.389323 0.30957 0.388021 0.30957 0.385417 0.308594 0.384115 0.308594 0.382812 0.307617 0.38151 0.307617 0.380208 0.306641 0.378906 0.306641 0.376302 0.305664 0.375 0.305664 0.372396 0.304688 0.371094 0.304688 0.364583 0.303711 0.363281 0.303711 0.320312 0.304688 0.31901 0.304688 0.3125 0.303711 0.311198 0.303711 0.294271 0.302734 0.292969 0.302734 0.289062 0.301758 0.28776 0.301758 0.285156 0.300781 0.283854 0.300781 0.28125 0.299805 0.279948 0.299805 0.277344 0.298828 0.276042 0.298828 0.273438 0.297852 0.272135 0.297852 0.269531 0.296875 0.268229 0.296875 0.265625 0.295898 0.264323 0.295898 0.261719 0.294922 0.260417 0.294922 0.259115 0.293945 0.257812 0.293945 0.255208 0.292969 0.253906 0.292969 0.252604 0.291992 0.251302 0.291992 0.25 0.291016 0.248698 0.291016 0.242188 0.290039 0.240885 0.290039 0.235677 0.289062 0.234375 0.289062 0.226562 0.288086 0.22526 0.288086 0.21224 0.287109 0.210938 0.287109 0.207031 0.286133 0.205729 0.286133 0.204427 0.28418 0.201823 0.28418 0.200521 0.283203 0.199219 0.283203 0.196615 0.282227 0.195312 0.282227 0.192708 0.28125 0.191406 0.28125 0.188802 0.280273 0.1875 0.280273 0.184896 0.279297 0.183594 0.279297 0.18099 0.27832 0.179688 0.27832 0.174479
1 0.514648 0.580729 0.514648 0.585938 0.513672 0.58724 0.512695 0.58724 0.511719 0.588542 0.510742 0.588542 0.507812 0.592448 0.506836 0.592448 0.505859 0.59375 0.504883 0.59375 0.50293 0.596354 0.501953 0.596354 0.5 0.598958 0.499023 0.598958 0.498047 0.60026 0.49707 0.60026 0.496094 0.601562 0.495117 0.601562 0.494141 0.602865 0.493164 0.602865 0.492188 0.604167 0.491211 0.604167 0.490234 0.605469 0.489258 0.605469 0.488281 0.606771 0.487305 0.606771 0.486328 0.608073 0.485352 0.608073 0.484375 0.609375 0.483398 0.609375 0.482422 0.610677 0.481445 0.610677 0.480469 0.611979 0.479492 0.611979 0.478516 0.613281 0.477539 0.613281 0.476562 0.614583 0.475586 0.614583 0.474609 0.615885 0.473633 0.615885 0.47168 0.61849 0.470703 0.61849 0.46875 0.621094 0.467773 0.621094 0.462891 0.627604 0.462891 0.628906 0.452148 0.643229 0.451172 0.643229 0.448242 0.647135 0.448242 0.648438 0.447266 0.64974 0.446289 0.64974 0.444336 0.652344 0.439453 0.652344 0.439453 0.69401 0.455078 0.69401 0.455078 0.690104 0.457031 0.6875 0.458008 0.6875 0.459961 0.684896 0.460938 0.684896 0.463867 0.68099 0.464844 0.68099 0.469727 0.674479 0.470703 0.674479 0.47168 0.673177 0.47168 0.671875 0.475586 0.666667 0.476562 0.666667 0.481445 0.660156 0.482422 0.660156 0.484375 0.657552 0.485352 0.657552 0.486328 0.65625 0.487305 0.65625 0.488281 0.654948 0.489258 0.654948 0.490234 0.653646 0.492188 0.653646 0.493164 0.652344 0.494141 0.652344 0.495117 0.651042 0.496094 0.651042 0.49707 0.64974 0.498047 0.64974 0.499023 0.648438 0.5 0.648438 0.500977 0.647135 0.501953 0.647135 0.50293 0.645833 0.504883 0.645833 0.505859 0.644531 0.506836 0.644531 0.508789 0.641927 0.509766 0.641927 0.510742 0.640625 0.511719 0.640625 0.512695 0.639323 0.513672 0.639323 0.514648 0.638021 0.515625 0.638021 0.517578 0.635417 0.518555 0.635417 0.522461 0.630208 0.523438 0.630208 0.527344 0.625 0.52832 0.625 0.532227 0.619792 0.533203 0.619792 0.537109 0.614583 0.538086 0.614583 0.541016 0.610677 0.541992 0.610677 0.546875 0.604167 0.546875 0.602865 0.548828 0.60026 0.551758 0.60026 0.551758 0.580729
0 0.854492 0.643229 0.853516 0.641927 0.852539 0.643229 0.853516 0.644531 0.853516 0.647135 0.856445 0.647135 0.854492 0.644531 0.854492 0.643229 0.868164 0.628906 0.869141 0.628906 0.870117 0.630208 0.871094 0.630208 0.874023 0.634115 0.875 0.634115 0.885742 0.648438 0.886719 0.648438 0.887695 0.64974 0.888672 0.64974 0.889648 0.651042 0.891602 0.651042 0.892578 0.652344 0.894531 0.652344 0.895508 0.653646 0.905273 0.653646 0.90625 0.652344 0.908203 0.652344 0.910156 0.654948 0.910156 0.65625 0.911133 0.657552 0.912109 0.65625 0.912109 0.653646 0.914062 0.651042 0.915039 0.651042 0.916016 0.64974 0.916992 0.64974 0.917969 0.648438 0.920898 0.648438 0.921875 0.647135 0.93457 0.647135 0.935547 0.648438 0.936523 0.648438 0.9375 0.64974 0.938477 0.64974 0.941406 0.653646 0.942383 0.653646 0.943359 0.654948 0.946289 0.654948 0.947266 0.653646 0.958008 0.653646 0.958008 0.617188 0.954102 0.617188 0.953125 0.615885 0.952148 0.615885 0.950195 0.613281 0.949219 0.613281 0.947266 0.610677 0.946289 0.610677 0.944336 0.608073 0.943359 0.608073 0.939453 0.602865 0.938477 0.602865 0.936523 0.60026 0.935547 0.60026 0.93457 0.598958 0.933594 0.598958 0.931641 0.596354 0.930664 0.596354 0.928711 0.59375 0.927734 0.59375 0.926758 0.592448 0.925781 0.592448 0.922852 0.588542 0.921875 0.588542 0.920898 0.58724 0.919922 0.58724 0.915039 0.580729 0.914062 0.580729 0.913086 0.579427 0.912109 0.579427 0.902344 0.566406 0.902344 0.565104 0.897461 0.558594 0.896484 0.558594 0.891602 0.552083 0.890625 0.552083 0.889648 0.550781 0.888672 0.550781 0.875977 0.533854 0.875977 0.532552 0.871094 0.526042 0.871094 0.52474 0.870117 0.52474 0.866211 0.519531 0.865234 0.519531 0.864258 0.518229 0.863281 0.518229 0.862305 0.516927 0.861328 0.516927 0.860352 0.515625 0.859375 0.515625 0.858398 0.514323 0.857422 0.514323 0.855469 0.511719 0.855469 0.50651 0.856445 0.505208 0.857422 0.505208 0.858398 0.503906 0.859375 0.503906 0.860352 0.502604 0.861328 0.502604 0.862305 0.501302 0.862305 0.497396 0.787109 0.497396 0.787109 0.528646 0.790039 0.528646 0.796875 0.53776 0.796875 0.539062 0.799805 0.542969 0.799805 0.544271 0.802734 0.548177 0.802734 0.549479 0.805664 0.553385 0.805664 0.554688 0.813477 0.565104 0.814453 0.565104 0.817383 0.56901 0.818359 0.56901 0.820312 0.571615 0.821289 0.571615 0.822266 0.572917 0.823242 0.572917 0.824219 0.574219 0.825195 0.574219 0.826172 0.575521 0.827148 0.575521 0.828125 0.576823 0.829102 0.576823 0.830078 0.578125 0.831055 0.578125 0.832031 0.579427 0.833008 0.579427 0.833984 0.580729 0.834961 0.580729 0.836914 0.583333 0.837891 0.583333 0.842773 0.589844 0.842773 0.591146 0.84375 0.592448 0.84375 0.59375 0.844727 0.595052 0.844727 0.596354 0.849609 0.602865 0.849609 0.604167 0.854492 0.610677 0.855469 0.610677 0.856445 0.611979 0.856445 0.613281 0.868164 0.628906
1 0.603516 0.554688 0.603516 0.591146 0.606445 0.591146 0.608398 0.59375 0.608398 0.595052 0.609375 0.596354 0.609375 0.597656 0.611328 0.60026 0.611328 0.601562 0.613281 0.604167 0.613281 0.605469 0.614258 0.606771 0.614258 0.608073 0.616211 0.610677 0.616211 0.611979 0.618164 0.614583 0.618164 0.615885 0.62207 0.621094 0.62207 0.622396 0.626953 0.628906 0.62793 0.628906 0.630859 0.632812 0.631836 0.632812 0.632812 0.634115 0.632812 0.635417 0.635742 0.639323 0.635742 0.640625 0.637695 0.643229 0.637695 0.64974 0.638672 0.651042 0.638672 0.657552 0.639648 0.658854 0.639648 0.661458 0.640625 0.66276 0.640625 0.664062 0.641602 0.665365 0.641602 0.667969 0.643555 0.670573 0.643555 0.671875 0.645508 0.674479 0.645508 0.675781 0.65918 0.69401 0.660156 0.69401 0.665039 0.700521 0.666016 0.700521 0.669922 0.705729 0.674805 0.705729 0.675781 0.704427 0.680664 0.704427 0.680664 0.664062 0.676758 0.664062 0.670898 0.65625 0.670898 0.654948 0.669922 0.653646 0.669922 0.652344 0.668945 0.651042 0.668945 0.64974 0.667969 0.648438 0.667969 0.644531 0.666992 0.643229 0.666992 0.640625 0.666016 0.639323 0.666016 0.636719 0.665039 0.635417 0.665039 0.634115 0.664062 0.632812 0.664062 0.63151 0.663086 0.630208 0.663086 0.628906 0.661133 0.626302 0.661133 0.625 0.660156 0.623698 0.660156 0.622396 0.65918 0.621094 0.65918 0.619792 0.657227 0.617188 0.657227 0.615885 0.65625 0.614583 0.65625 0.613281 0.655273 0.611979 0.655273 0.610677 0.65332 0.608073 0.65332 0.606771 0.651367 0.604167 0.651367 0.602865 0.648438 0.598958 0.648438 0.597656 0.646484 0.595052 0.646484 0.59375 0.644531 0.591146 0.644531 0.589844 0.641602 0.585938 0.641602 0.584635 0.639648 0.582031 0.639648 0.580729 0.636719 0.576823 0.636719 0.575521 0.630859 0.567708 0.630859 0.566406 0.625977 0.559896 0.625977 0.554688
1 0.259766 0.216146 0.259766 0.299479 0.262695 0.299479 0.263672 0.300781 0.263672 0.302083 0.264648 0.303385 0.264648 0.320312 0.263672 0.321615 0.263672 0.324219 0.262695 0.325521 0.259766 0.325521 0.259766 0.341146 0.262695 0.341146 0.263672 0.342448 0.263672 0.34375 0.264648 0.345052 0.264648 0.347656 0.265625 0.348958 0.265625 0.35026 0.266602 0.351562 0.266602 0.352865 0.267578 0.354167 0.267578 0.355469 0.268555 0.356771 0.268555 0.360677 0.269531 0.361979 0.269531 0.363281 0.270508 0.364583 0.270508 0.36849 0.271484 0.369792 0.271484 0.394531 0.270508 0.395833 0.270508 0.410156 0.271484 0.411458 0.271484 0.415365 0.272461 0.416667 0.272461 0.419271 0.273438 0.420573 0.273438 0.423177 0.274414 0.424479 0.274414 0.425781 0.275391 0.427083 0.275391 0.428385 0.276367 0.429688 0.276367 0.43099 0.277344 0.432292 0.277344 0.433594 0.279297 0.436198 0.279297 0.4375 0.280273 0.438802 0.280273 0.440104 0.282227 0.442708 0.282227 0.44401 0.28418 0.446615 0.28418 0.447917 0.286133 0.450521 0.286133 0.454427 0.321289 0.454427 0.321289 0.447917 0.318359 0.447917 0.316406 0.445312 0.316406 0.44401 0.317383 0.442708 0.317383 0.441406 0.318359 0.440104 0.321289 0.440104 0.321289 0.421875 0.318359 0.421875 0.317383 0.420573 0.317383 0.417969 0.316406 0.416667 0.316406 0.41276 0.31543 0.411458 0.31543 0.408854 0.314453 0.407552 0.314453 0.40625 0.313477 0.404948 0.313477 0.402344 0.3125 0.401042 0.3125 0.398438 0.311523 0.397135 0.311523 0.393229 0.310547 0.391927 0.310547 0.388021 0.30957 0.386719 0.30957 0.384115 0.308594 0.382812 0.308594 0.38151 0.306641 0.378906 0.306641 0.376302 0.305664 0.375 0.305664 0.372396 0.304688 0.371094 0.304688 0.365885 0.303711 0.364583 0.303711 0.322917 0.304688 0.321615 0.304688 0.311198 0.303711 0.309896 0.303711 0.295573 0.302734 0.294271 0.302734 0.290365 0.301758 0.289062 0.301758 0.285156 0.300781 0.283854 0.300781 0.28125 0.299805 0.279948 0.299805 0.276042 0.298828 0.27474 0.298828 0.272135 0.297852 0.270833 0.297852 0.266927 0.296875 0.265625 0.296875 0.264323 0.295898 0.263021 0.295898 0.260417 0.294922 0.259115 0.294922 0.25651 0.293945 0.255208 0.293945 0.252604 0.292969 0.251302 0.292969 0.25 0.291992 0.248698 0.291992 0.246094 0.291016 0.244792 0.291016 0.238281 0.290039 0.236979 0.290039 0.230469 0.289062 0.229167 0.289062 0.221354 0.288086 0.220052 0.288086 0.216146
1 0.258789 0.210938 0.258789 0.208333 0.257812 0.209635 0.256836 0.209635 0.255859 0.210938 0.251953 0.210938 0.251953 0.216146 0.255859 0.216146 0.255859 0.213542 0.257812 0.210938 0.258789 0.210938 0.289062 0.217448 0.289062 0.223958 0.288086 0.22526 0.288086 0.226562 0.289062 0.227865 0.289062 0.233073 0.290039 0.234375 0.290039 0.236979 0.291016 0.238281 0.291016 0.239583 0.291992 0.240885 0.291992 0.242188 0.292969 0.24349 0.292969 0.246094 0.293945 0.247396 0.293945 0.248698 0.294922 0.25 0.294922 0.251302 0.295898 0.252604 0.295898 0.25651 0.330078 0.25651 0.330078 0.25 0.329102 0.248698 0.329102 0.246094 0.330078 0.244792 0.331055 0.246094 0.331055 0.247396 0.333008 0.247396 0.334961 0.25 0.335938 0.25 0.336914 0.251302 0.337891 0.251302 0.338867 0.252604 0.338867 0.25651 0.350586 0.25651 0.350586 0.252604 0.352539 0.25 0.353516 0.25 0.354492 0.248698 0.355469 0.248698 0.356445 0.247396 0.360352 0.247396 0.360352 0.220052 0.356445 0.220052 0.355469 0.21875 0.355469 0.217448 0.354492 0.216146 0.354492 0.214844 0.351562 0.210938 0.351562 0.209635 0.350586 0.208333 0.350586 0.207031 0.349609 0.205729 0.349609 0.204427 0.347656 0.201823 0.347656 0.200521 0.344727 0.196615 0.344727 0.195312 0.34375 0.19401 0.34375 0.192708 0.342773 0.191406 0.342773 0.190104 0.341797 0.188802 0.341797 0.1875 0.339844 0.184896 0.339844 0.183594 0.337891 0.18099 0.337891 0.178385 0.334961 0.174479 0.334961 0.173177 0.333984 0.171875 0.333984 0.170573 0.333008 0.169271 0.332031 0.169271 0.329102 0.165365 0.329102 0.164062 0.325195 0.158854 0.325195 0.157552 0.321289 0.152344 0.321289 0.14974 0.320312 0.148438 0.320312 0.143229 0.319336 0.141927 0.319336 0.140625 0.318359 0.139323 0.3125 0.139323 0.310547 0.136719 0.310547 0.126302 0.311523 0.125 0.311523 0.122396 0.3125 0.121094 0.3125 0.119792 0.313477 0.11849 0.313477 0.114583 0.314453 0.113281 0.314453 0.108073 0.313477 0.106771 0.313477 0.105469 0.3125 0.104167 0.3125 0.102865 0.311523 0.101562 0.311523 0.10026 0.308594 0.0963542 0.308594 0.0950521 0.291016 0.0716146 0.31543 0.0585938 0.316406 0.0585938 0.317383 0.0598958 0.318359 0.0585938 0.318359 0.0546875 0.31543 0.0546875 0.31543 0.0585938 0.291016 0.0716146 0.290039 0.0716146 0.287109 0.0677083 0.282227 0.0677083 0.28125 0.0690104 0.28125 0.0742188 0.280273 0.0755208 0.280273 0.0768229 0.277344 0.0807292 0.277344 0.0833333 0.276367 0.0846354 0.276367 0.0859375 0.274414 0.0885417 0.273438 0.0885417 0.272461 0.0898438 0.271484 0.0898438 0.271484 0.0911458 0.270508 0.0924479 0.270508 0.0976562 0.269531 0.0989583 0.269531 0.114583 0.268555 0.115885 0.268555 0.117188 0.269531 0.11849 0.269531 0.126302 0.270508 0.127604 0.270508 0.128906 0.271484 0.130208 0.271484 0.13151 0.274414 0.135417 0.274414 0.136719 0.280273 0.144531 0.28125 0.144531 0.285156 0.14974 0.285156 0.151042 0.289062 0.15625 0.289062 0.157552 0.290039 0.158854 0.290039 0.161458 0.291016 0.16276 0.291016 0.164062 0.291992 0.165365 0.291992 0.166667 0.292969 0.167969 0.292969 0.171875 0.291992 0.173177 0.291992 0.18099 0.290039 0.183594 0.286133 0.183594 0.286133 0.186198 0.287109 0.1875 0.287109 0.190104 0.288086 0.190104 0.289062 0.191406 0.289062 0.192708 0.290039 0.19401 0.290039 0.195312 0.291016 0.196615 0.291016 0.197917 0.291992 0.199219 0.291992 0.205729 0.292969 0.207031 0.292969 0.208333 0.298828 0.208333 0.300781 0.210938 0.300781 0.213542 0.299805 0.214844 0.299805 0.216146 0.297852 0.21875 0.294922 0.21875 0.292969 0.216146 0.292969 0.214844 0.291016 0.21224 0.290039 0.213542 0.290039 0.216146 0.289062 0.217448
1 0.373047 0.471354 0.373047 0.514323 0.375977 0.514323 0.378906 0.518229 0.378906 0.520833 0.380859 0.523438 0.380859 0.52474 0.381836 0.526042 0.381836 0.527344 0.382812 0.528646 0.382812 0.529948 0.383789 0.53125 0.383789 0.532552 0.384766 0.533854 0.384766 0.535156 0.386719 0.53776 0.386719 0.539062 0.388672 0.541667 0.388672 0.542969 0.390625 0.545573 0.390625 0.546875 0.391602 0.548177 0.391602 0.549479 0.397461 0.557292 0.398438 0.557292 0.400391 0.559896 0.401367 0.559896 0.402344 0.561198 0.40332 0.561198 0.404297 0.5625 0.405273 0.5625 0.40625 0.563802 0.407227 0.563802 0.408203 0.565104 0.408203 0.56901 0.415039 0.56901 0.415039 0.565104 0.419922 0.558594 0.419922 0.557292 0.421875 0.554688 0.421875 0.553385 0.423828 0.550781 0.426758 0.550781 0.426758 0.518229 0.423828 0.518229 0.421875 0.515625 0.421875 0.513021 0.420898 0.511719 0.420898 0.510417 0.419922 0.509115 0.419922 0.507812 0.418945 0.50651 0.418945 0.505208 0.416992 0.502604 0.416992 0.501302 0.416016 0.5 0.416016 0.498698 0.415039 0.497396 0.415039 0.496094 0.414062 0.494792 0.414062 0.49349 0.413086 0.492188 0.413086 0.490885 0.412109 0.489583 0.412109 0.488281 0.40918 0.484375 0.40918 0.483073 0.404297 0.476562 0.404297 0.471354
1 0.494141 0.190104 0.494141 0.19401 0.492188 0.196615 0.491211 0.196615 0.490234 0.197917 0.489258 0.197917 0.488281 0.199219 0.487305 0.199219 0.486328 0.200521 0.483398 0.200521 0.482422 0.201823 0.479492 0.201823 0.478516 0.203125 0.473633 0.203125 0.472656 0.204427 0.467773 0.204427 0.466797 0.205729 0.460938 0.205729 0.459961 0.207031 0.455078 0.207031 0.454102 0.208333 0.449219 0.208333 0.448242 0.209635 0.446289 0.209635 0.445312 0.210938 0.443359 0.210938 0.442383 0.21224 0.44043 0.21224 0.439453 0.213542 0.438477 0.213542 0.4375 0.214844 0.435547 0.214844 0.43457 0.216146 0.433594 0.216146 0.432617 0.217448 0.431641 0.217448 0.430664 0.21875 0.428711 0.21875 0.427734 0.220052 0.426758 0.220052 0.425781 0.221354 0.423828 0.221354 0.422852 0.222656 0.421875 0.222656 0.420898 0.223958 0.419922 0.223958 0.418945 0.22526 0.417969 0.22526 0.416016 0.227865 0.415039 0.227865 0.414062 0.229167 0.412109 0.229167 0.411133 0.230469 0.410156 0.230469 0.40918 0.231771 0.408203 0.231771 0.407227 0.233073 0.40625 0.233073 0.405273 0.234375 0.40332 0.234375 0.402344 0.235677 0.401367 0.235677 0.400391 0.236979 0.399414 0.236979 0.398438 0.238281 0.395508 0.238281 0.394531 0.239583 0.391602 0.239583 0.390625 0.240885 0.388672 0.240885 0.387695 0.242188 0.385742 0.242188 0.384766 0.24349 0.382812 0.24349 0.381836 0.244792 0.379883 0.244792 0.378906 0.246094 0.37793 0.246094 0.376953 0.247396 0.375 0.247396 0.374023 0.248698 0.369141 0.248698 0.368164 0.25 0.365234 0.25 0.364258 0.251302 0.361328 0.251302 0.360352 0.252604 0.358398 0.252604 0.357422 0.253906 0.356445 0.253906 0.355469 0.255208 0.353516 0.255208 0.352539 0.25651 0.351562 0.25651 0.349609 0.259115 0.348633 0.259115 0.332031 0.28125 0.332031 0.282552 0.330078 0.285156 0.330078 0.286458 0.327148 0.290365 0.327148 0.291667 0.325195 0.294271 0.322266 0.294271 0.322266 0.334635 0.344727 0.334635 0.344727 0.330729 0.34668 0.328125 0.347656 0.328125 0.348633 0.326823 0.350586 0.326823 0.351562 0.325521 0.353516 0.325521 0.354492 0.324219 0.356445 0.324219 0.357422 0.322917 0.359375 0.322917 0.360352 0.321615 0.362305 0.321615 0.363281 0.320312 0.365234 0.320312 0.366211 0.31901 0.367188 0.31901 0.368164 0.317708 0.369141 0.317708 0.370117 0.316406 0.371094 0.316406 0.37207 0.315104 0.374023 0.315104 0.375 0.313802 0.375977 0.313802 0.376953 0.3125 0.37793 0.3125 0.378906 0.311198 0.380859 0.311198 0.381836 0.309896 0.382812 0.309896 0.383789 0.308594 0.386719 0.308594 0.387695 0.307292 0.389648 0.307292 0.390625 0.30599 0.393555 0.30599 0.394531 0.304688 0.396484 0.304688 0.397461 0.303385 0.398438 0.303385 0.399414 0.302083 0.401367 0.302083 0.402344 0.300781 0.404297 0.300781 0.405273 0.299479 0.407227 0.299479 0.408203 0.298177 0.410156 0.298177 0.411133 0.296875 0.412109 0.296875 0.413086 0.295573 0.415039 0.295573 0.416016 0.294271 0.417969 0.294271 0.418945 0.292969 0.420898 0.292969 0.421875 0.291667 0.422852 0.291667 0.423828 0.290365 0.424805 0.290365 0.425781 0.289062 0.426758 0.289062 0.427734 0.28776 0.428711 0.28776 0.429688 0.286458 0.431641 0.286458 0.432617 0.285156 0.43457 0.285156 0.435547 0.283854 0.4375 0.283854 0.438477 0.282552 0.439453 0.282552 0.44043 0.28125 0.441406 0.28125 0.442383 0.279948 0.443359 0.279948 0.444336 0.278646 0.445312 0.278646 0.446289 0.277344 0.448242 0.277344 0.449219 0.276042 0.450195 0.276042 0.451172 0.27474 0.453125 0.27474 0.454102 0.273438 0.455078 0.273438 0.456055 0.272135 0.458008 0.272135 0.458984 0.270833 0.459961 0.270833 0.460938 0.269531 0.462891 0.269531 0.463867 0.268229 0.46582 0.268229 0.466797 0.266927 0.467773 0.266927 0.46875 0.265625 0.470703 0.265625 0.47168 0.264323 0.472656 0.264323 0.473633 0.263021 0.474609 0.263021 0.475586 0.261719 0.476562 0.261719 0.477539 0.260417 0.478516 0.260417 0.479492 0.259115 0.480469 0.259115 0.481445 0.257812 0.482422 0.257812 0.483398 0.25651 0.484375 0.25651 0.485352 0.255208 0.486328 0.255208 0.487305 0.253906 0.488281 0.253906 0.489258 0.252604 0.490234 0.252604 0.492188 0.25 0.493164 0.25 0.494141 0.248698 0.495117 0.248698 0.49707 0.246094 0.498047 0.246094 0.5 0.24349 0.500977 0.24349 0.501953 0.242188 0.50293 0.242188 0.503906 0.240885 0.504883 0.240885 0.505859 0.239583 0.506836 0.239583 0.507812 0.238281 0.508789 0.238281 0.510742 0.235677 0.511719 0.235677 0.515625 0.230469 0.517578 0.230469 0.518555 0.229167 0.520508 0.229167 0.521484 0.227865 0.522461 0.227865 0.524414 0.22526 0.525391 0.22526 0.526367 0.223958 0.527344 0.223958 0.52832 0.222656 0.529297 0.222656 0.530273 0.221354 0.53125 0.221354 0.532227 0.220052 0.536133 0.220052 0.536133 0.190104
1 0.603516 0.846354 0.603516 0.882812 0.606445 0.882812 0.611328 0.889323 0.611328 0.890625 0.612305 0.891927 0.612305 0.893229 0.613281 0.894531 0.613281 0.895833 0.614258 0.897135 0.614258 0.898438 0.616211 0.901042 0.616211 0.902344 0.617188 0.903646 0.617188 0.904948 0.619141 0.907552 0.619141 0.908854 0.620117 0.910156 0.620117 0.911458 0.621094 0.91276 0.621094 0.914062 0.623047 0.916667 0.623047 0.917969 0.624023 0.919271 0.624023 0.920573 0.625 0.921875 0.625 0.923177 0.625977 0.924479 0.625977 0.925781 0.62793 0.928385 0.62793 0.929688 0.628906 0.93099 0.628906 0.933594 0.629883 0.934896 0.629883 0.936198 0.630859 0.9375 0.630859 0.938802 0.631836 0.940104 0.631836 0.941406 0.633789 0.94401 0.633789 0.945312 0.637695 0.950521 0.637695 0.951823 0.643555 0.959635 0.643555 0.960938 0.645508 0.963542 0.645508 0.964844 0.647461 0.967448 0.647461 0.96875 0.648438 0.970052 0.648438 0.971354 0.650391 0.973958 0.650391 0.97526 0.652344 0.977865 0.652344 0.979167 0.655273 0.983073 0.655273 0.984375 0.65625 0.985677 0.65625 0.986979 0.658203 0.989583 0.658203 0.990885 0.65918 0.992188 0.65918 0.99349 0.661133 0.996094 0.661133 0.998698 0.697266 0.998698 0.697266 0.996094 0.696289 0.994792 0.696289 0.99349 0.695312 0.992188 0.695312 0.990885 0.691406 0.985677 0.691406 0.984375 0.688477 0.980469 0.688477 0.979167 0.6875 0.977865 0.6875 0.976562 0.683594 0.971354 0.683594 0.970052 0.681641 0.967448 0.681641 0.966146 0.677734 0.960938 0.677734 0.959635 0.673828 0.954427 0.673828 0.953125 0.672852 0.951823 0.672852 0.950521 0.669922 0.946615 0.669922 0.945312 0.666992 0.941406 0.666992 0.940104 0.665039 0.9375 0.665039 0.936198 0.662109 0.932292 0.662109 0.93099 0.65918 0.927083 0.65918 0.925781 0.657227 0.923177 0.657227 0.921875 0.655273 0.919271 0.655273 0.917969 0.654297 0.916667 0.654297 0.915365 0.652344 0.91276 0.652344 0.911458 0.651367 0.910156 0.651367 0.908854 0.649414 0.90625 0.649414 0.904948 0.646484 0.901042 0.646484 0.89974 0.644531 0.897135 0.644531 0.895833 0.643555 0.894531 0.643555 0.893229 0.642578 0.891927 0.642578 0.889323 0.641602 0.888021 0.641602 0.885417 0.640625 0.884115 0.640625 0.88151 0.639648 0.880208 0.639648 0.878906 0.638672 0.877604 0.638672 0.875 0.637695 0.873698 0.637695 0.871094 0.636719 0.869792 0.636719 0.86849 0.628906 0.858073 0.628906 0.856771 0.626953 0.854167 0.626953 0.852865 0.625 0.85026 0.625 0.846354
1 0.475586 0.809896 0.475586 0.813802 0.473633 0.816406 0.472656 0.816406 0.47168 0.817708 0.470703 0.817708 0.469727 0.81901 0.46875 0.81901 0.467773 0.820312 0.46582 0.820312 0.464844 0.821615 0.462891 0.821615 0.461914 0.822917 0.460938 0.822917 0.459961 0.824219 0.458008 0.824219 0.457031 0.825521 0.456055 0.825521 0.455078 0.826823 0.453125 0.826823 0.452148 0.828125 0.451172 0.828125 0.450195 0.829427 0.449219 0.829427 0.448242 0.830729 0.446289 0.830729 0.445312 0.832031 0.444336 0.832031 0.443359 0.833333 0.442383 0.833333 0.439453 0.83724 0.435547 0.83724 0.435547 0.886719 0.449219 0.886719 0.449219 0.882812 0.450195 0.88151 0.452148 0.88151 0.453125 0.880208 0.458008 0.880208 0.458984 0.878906 0.462891 0.878906 0.463867 0.877604 0.467773 0.877604 0.46875 0.876302 0.47168 0.876302 0.472656 0.875 0.475586 0.875 0.476562 0.873698 0.481445 0.873698 0.482422 0.872396 0.485352 0.872396 0.486328 0.871094 0.489258 0.871094 0.490234 0.869792 0.493164 0.869792 0.494141 0.86849 0.496094 0.86849 0.49707 0.867188 0.501953 0.867188 0.50293 0.865885 0.504883 0.865885 0.505859 0.864583 0.508789 0.864583 0.509766 0.863281 0.511719 0.863281 0.512695 0.861979 0.514648 0.861979 0.515625 0.860677 0.517578 0.860677 0.518555 0.859375 0.519531 0.859375 0.520508 0.858073 0.521484 0.858073 0.522461 0.856771 0.523438 0.856771 0.525391 0.854167 0.526367 0.854167 0.52832 0.851562 0.529297 0.851562 0.530273 0.85026 0.53125 0.85026 0.532227 0.848958 0.53418 0.848958 0.535156 0.847656 0.538086 0.847656 0.539062 0.846354 0.547852 0.846354 0.547852 0.809896
1 0.720703 0.882812 0.720703 0.897135 0.724609 0.897135 0.725586 0.898438 0.726562 0.898438 0.727539 0.89974 0.728516 0.89974 0.729492 0.901042 0.730469 0.901042 0.731445 0.902344 0.732422 0.902344 0.733398 0.903646 0.734375 0.903646 0.735352 0.904948 0.736328 0.904948 0.738281 0.907552 0.739258 0.907552 0.740234 0.908854 0.741211 0.908854 0.743164 0.911458 0.744141 0.911458 0.746094 0.914062 0.74707 0.914062 0.75 0.917969 0.750977 0.917969 0.751953 0.919271 0.75293 0.919271 0.755859 0.923177 0.756836 0.923177 0.757812 0.924479 0.758789 0.924479 0.759766 0.925781 0.760742 0.925781 0.761719 0.927083 0.762695 0.927083 0.763672 0.928385 0.764648 0.928385 0.765625 0.929688 0.767578 0.929688 0.768555 0.93099 0.777344 0.93099 0.77832 0.929688 0.779297 0.929688 0.783203 0.924479 0.786133 0.924479 0.786133 0.923177 0.783203 0.923177 0.78125 0.920573 0.78125 0.919271 0.779297 0.916667 0.779297 0.915365 0.777344 0.91276 0.776367 0.91276 0.772461 0.907552 0.771484 0.907552 0.770508 0.90625 0.769531 0.90625 0.767578 0.903646 0.766602 0.903646 0.764648 0.901042 0.763672 0.901042 0.761719 0.898438 0.760742 0.898438 0.756836 0.893229 0.755859 0.893229 0.75293 0.889323 0.751953 0.889323 0.75 0.886719 0.75 0.882812
1 0.421875 0.289062 0.421875 0.292969 0.419922 0.295573 0.417969 0.295573 0.416992 0.296875 0.415039 0.296875 0.414062 0.298177 0.410156 0.298177 0.40918 0.299479 0.404297 0.299479 0.404297 0.316406 0.407227 0.316406 0.410156 0.320312 0.411133 0.320312 0.416016 0.326823 0.416992 0.326823 0.418945 0.329427 0.419922 0.329427 0.424805 0.335938 0.425781 0.335938 0.441406 0.356771 0.441406 0.358073 0.447266 0.365885 0.447266 0.367188 0.454102 0.376302 0.454102 0.377604 0.455078 0.378906 0.456055 0.378906 0.458984 0.382812 0.458984 0.386719 0.470703 0.386719 0.470703 0.382812 0.472656 0.380208 0.473633 0.380208 0.474609 0.378906 0.475586 0.378906 0.476562 0.377604 0.477539 0.377604 0.486328 0.365885 0.489258 0.365885 0.489258 0.35026 0.485352 0.35026 0.483398 0.347656 0.482422 0.347656 0.478516 0.342448 0.478516 0.341146 0.476562 0.338542 0.476562 0.33724 0.475586 0.335938 0.475586 0.333333 0.474609 0.332031 0.474609 0.329427 0.473633 0.328125 0.473633 0.326823 0.47168 0.324219 0.47168 0.322917 0.46875 0.31901 0.466797 0.31901 0.462891 0.313802 0.462891 0.309896 0.460938 0.307292 0.460938 0.30599 0.458984 0.303385 0.458984 0.302083 0.458008 0.300781 0.458008 0.299479 0.453125 0.292969 0.453125 0.289062
1 0.999023 0.86849 0.994141 0.86849 0.993164 0.869792 0.992188 0.869792 0.992188 0.871094 0.990234 0.873698 0.988281 0.873698 0.987305 0.875 0.986328 0.875 0.985352 0.876302 0.984375 0.876302 0.983398 0.877604 0.982422 0.877604 0.981445 0.878906 0.978516 0.878906 0.977539 0.880208 0.975586 0.880208 0.974609 0.88151 0.972656 0.88151 0.97168 0.882812 0.969727 0.882812 0.96875 0.884115 0.966797 0.884115 0.96582 0.885417 0.962891 0.885417 0.961914 0.886719 0.960938 0.886719 0.959961 0.888021 0.958984 0.888021 0.958008 0.889323 0.956055 0.889323 0.955078 0.890625 0.954102 0.890625 0.953125 0.891927 0.952148 0.891927 0.951172 0.893229 0.949219 0.893229 0.948242 0.894531 0.947266 0.894531 0.946289 0.895833 0.945312 0.895833 0.944336 0.897135 0.943359 0.897135 0.942383 0.898438 0.939453 0.898438 0.939453 0.932292 0.945312 0.932292 0.946289 0.933594 0.947266 0.933594 0.949219 0.936198 0.950195 0.936198 0.951172 0.9375 0.952148 0.9375 0.954102 0.940104 0.954102 0.94401 0.970703 0.94401 0.970703 0.940104 0.97168 0.938802 0.972656 0.938802 0.973633 0.9375 0.976562 0.9375 0.977539 0.936198 0.981445 0.936198 0.982422 0.934896 0.993164 0.934896 0.994141 0.933594 0.996094 0.933594 0.99707 0.932292 0.999023 0.932292 0.999023 0.86849 0.999023 0.864583 0.999023 0.842448 0.998047 0.842448 0.99707 0.841146 0.992188 0.841146 0.991211 0.839844 0.986328 0.839844 0.985352 0.841146 0.978516 0.841146 0.975586 0.845052 0.973633 0.845052 0.972656 0.84375 0.972656 0.842448 0.97168 0.841146 0.97168 0.838542 0.970703 0.83724 0.970703 0.830729 0.948242 0.830729 0.948242 0.835938 0.951172 0.839844 0.952148 0.839844 0.954102 0.842448 0.955078 0.842448 0.958008 0.846354 0.960938 0.846354 0.961914 0.847656 0.972656 0.847656 0.975586 0.851562 0.976562 0.851562 0.977539 0.852865 0.978516 0.852865 0.979492 0.851562 0.980469 0.851562 0.982422 0.848958 0.984375 0.848958 0.985352 0.85026 0.986328 0.85026 0.990234 0.855469 0.990234 0.856771 0.989258 0.858073 0.989258 0.861979 0.990234 0.863281 0.991211 0.863281 0.992188 0.864583 0.999023 0.864583
1 0.849609 0.945312 0.849609 0.998698 0.905273 0.998698 0.905273 0.997396 0.897461 0.986979 0.897461 0.985677 0.890625 0.976562 0.890625 0.97526 0.886719 0.970052 0.886719 0.96875 0.883789 0.964844 0.883789 0.963542 0.874023 0.950521 0.874023 0.945312
0 0.00878906 0.170573 0.0078125 0.171875 0.00683594 0.171875 0.00585938 0.173177 0.00488281 0.173177 0.00390625 0.174479 0.00292969 0.174479 0.00195312 0.175781 0 0.175781 0 0.19401 0.00976562 0.19401 0.00976562 0.1875 0.0107422 0.186198 0.0107422 0.175781 0.00976562 0.174479 0.00976562 0.171875 0.00878906 0.170573 0.00976562 0.15625 0.0107422 0.154948 0.0117188 0.154948 0.0126953 0.153646 0.0166016 0.153646 0.0175781 0.152344 0.0234375 0.152344 0.0244141 0.153646 0.0253906 0.153646 0.0263672 0.152344 0.0351562 0.152344 0.0361328 0.153646 0.0371094 0.153646 0.0390625 0.15625 0.0400391 0.15625 0.0410156 0.157552 0.0419922 0.157552 0.0429688 0.158854 0.0439453 0.158854 0.0449219 0.160156 0.046875 0.160156 0.0478516 0.161458 0.0498047 0.161458 0.0507812 0.16276 0.0527344 0.16276 0.0537109 0.164062 0.0546875 0.164062 0.0556641 0.165365 0.0576172 0.165365 0.0585938 0.166667 0.0615234 0.166667 0.0625 0.167969 0.0644531 0.167969 0.0654297 0.169271 0.0664062 0.169271 0.0673828 0.170573 0.0693359 0.170573 0.0703125 0.171875 0.0742188 0.171875 0.0751953 0.173177 0.0791016 0.173177 0.0800781 0.174479 0.0820312 0.174479 0.0830078 0.175781 0.0849609 0.175781 0.0859375 0.177083 0.0888672 0.177083 0.0898438 0.178385 0.0917969 0.178385 0.0927734 0.179688 0.0966797 0.179688 0.0976562 0.18099 0.103516 0.18099 0.104492 0.182292 0.112305 0.182292 0.113281 0.183594 0.120117 0.183594 0.121094 0.184896 0.124023 0.184896 0.125 0.186198 0.126953 0.186198 0.12793 0.1875 0.128906 0.1875 0.130859 0.190104 0.130859 0.19401 0.141602 0.19401 0.141602 0.117188 0.137695 0.117188 0.134766 0.113281 0.132812 0.113281 0.131836 0.111979 0.130859 0.111979 0.129883 0.110677 0.12793 0.110677 0.126953 0.111979 0.118164 0.111979 0.117188 0.110677 0.113281 0.110677 0.112305 0.109375 0.107422 0.109375 0.106445 0.108073 0.0986328 0.108073 0.0976562 0.106771 0.0976562 0.105469 0.0947266 0.101562 0.0947266 0.0989583 0.09375 0.0976562 0.09375 0.0963542 0.0927734 0.0950521 0.0927734 0.09375 0.0898438 0.0898438 0.0898438 0.0846354 0.0888672 0.0833333 0.0888672 0.0807292 0.0878906 0.0794271 0.0878906 0.078125 0.0869141 0.0768229 0.0869141 0.0742188 0.0859375 0.0729167 0.0859375 0.0716146 0.0839844 0.0690104 0.0839844 0.0677083 0.0830078 0.0664062 0.0830078 0.0651042 0.0791016 0.0598958 0.0791016 0.0585938 0.078125 0.0572917 0.078125 0.0559896 0.0771484 0.0546875 0.0771484 0.0533854 0.0751953 0.0507812 0.0751953 0.0494792 0.0742188 0.0481771 0.0742188 0.0455729 0.0712891 0.0416667 0.0712891 0.0403646 0.0703125 0.0390625 0.0703125 0.0364583 0.0683594 0.0338542 0.0683594 0.0325521 0.0673828 0.03125 0.0673828 0.0299479 0.0664062 0.0286458 0.0664062 0.0273438 0.0644531 0.0247396 0.0644531 0.0234375 0.0634766 0.0221354 0.0634766 0.0195312 0.0615234 0.0169271 0.0615234 0.015625 0.0595703 0.0130208 0.0595703 0.0104167 0.0585938 0.00911458 0.0585938 0.00651042 0.0576172 0.00520833 0.0576172 0 0 0 0 0.0234375 0.000976562 0.0234375 0.00195312 0.0247396 0.00195312 0.0299479 0.000976562 0.03125 0 0.03125 0 0.132812 0.000976562 0.132812 0.00292969 0.135417 0.00292969 0.136719 0.00390625 0.138021 0.00390625 0.139323 0.00488281 0.140625 0.00488281 0.141927 0.00683594 0.144531 0.00683594 0.145833 0.0078125 0.147135 0.0078125 0.14974 0.00878906 0.151042 0.00878906 0.154948 0.00976562 0.15625
