1 0.352539 0.304688 0.352539 0.308594 0.350586 0.311198 0.349609 0.311198 0.348633 0.3125 0.34668 0.3125 0.345703 0.313802 0.344727 0.313802 0.34375 0.315104 0.342773 0.315104 0.341797 0.316406 0.34082 0.316406 0.339844 0.317708 0.338867 0.317708 0.337891 0.31901 0.336914 0.31901 0.335938 0.320312 0.334961 0.320312 0.333984 0.321615 0.332031 0.321615 0.331055 0.322917 0.330078 0.322917 0.329102 0.324219 0.327148 0.324219 0.326172 0.325521 0.324219 0.325521 0.323242 0.326823 0.321289 0.326823 0.320312 0.328125 0.319336 0.328125 0.318359 0.329427 0.316406 0.329427 0.31543 0.330729 0.314453 0.330729 0.313477 0.332031 0.3125 0.332031 0.311523 0.333333 0.30957 0.333333 0.308594 0.334635 0.306641 0.334635 0.305664 0.335938 0.303711 0.335938 0.302734 0.33724 0.300781 0.33724 0.299805 0.338542 0.297852 0.338542 0.296875 0.339844 0.294922 0.339844 0.293945 0.341146 0.291992 0.341146 0.291016 0.342448 0.288086 0.342448 0.287109 0.34375 0.28418 0.34375 0.283203 0.345052 0.280273 0.345052 0.279297 0.346354 0.277344 0.346354 0.276367 0.347656 0.273438 0.347656 0.272461 0.348958 0.270508 0.348958 0.269531 0.35026 0.264648 0.35026 0.263672 0.351562 0.261719 0.351562 0.260742 0.35026 0.256836 0.35026 0.255859 0.351562 0.24707 0.351562 0.246094 0.352865 0.243164 0.352865 0.242188 0.354167 0.241211 0.354167 0.240234 0.355469 0.239258 0.355469 0.238281 0.356771 0.237305 0.356771 0.236328 0.358073 0.234375 0.358073 0.233398 0.359375 0.232422 0.359375 0.231445 0.360677 0.229492 0.360677 0.228516 0.361979 0.227539 0.361979 0.226562 0.363281 0.224609 0.363281 0.223633 0.364583 0.22168 0.364583 0.220703 0.365885 0.219727 0.365885 0.21875 0.367188 0.217773 0.367188 0.216797 0.36849 0.214844 0.36849 0.213867 0.369792 0.211914 0.369792 0.210938 0.371094 0.209961 0.371094 0.208984 0.372396 0.208008 0.372396 0.207031 0.373698 0.205078 0.373698 0.204102 0.375 0.203125 0.375 0.201172 0.377604 0.200195 0.377604 0.197266 0.38151 0.193359 0.38151 0.193359 0.404948 0.197266 0.404948 0.200195 0.408854 0.201172 0.408854 0.204102 0.41276 0.205078 0.41276 0.207031 0.415365 0.208008 0.415365 0.208984 0.416667 0.210938 0.416667 0.211914 0.417969 0.212891 0.417969 0.213867 0.419271 0.21582 0.419271 0.216797 0.420573 0.219727 0.420573 0.220703 0.421875 0.222656 0.421875 0.223633 0.423177 0.224609 0.423177 0.225586 0.424479 0.225586 0.428385 0.234375 0.428385 0.234375 0.424479 0.236328 0.421875 0.238281 0.421875 0.239258 0.420573 0.240234 0.420573 0.242188 0.417969 0.243164 0.417969 0.245117 0.415365 0.246094 0.415365 0.249023 0.411458 0.25 0.411458 0.253906 0.40625 0.254883 0.40625 0.256836 0.403646 0.257812 0.403646 0.258789 0.402344 0.259766 0.402344 0.260742 0.401042 0.262695 0.401042 0.263672 0.39974 0.264648 0.39974 0.265625 0.398438 0.266602 0.398438 0.267578 0.397135 0.268555 0.397135 0.269531 0.395833 0.270508 0.395833 0.271484 0.394531 0.272461 0.394531 0.273438 0.393229 0.276367 0.393229 0.277344 0.391927 0.282227 0.391927 0.283203 0.393229 0.287109 0.393229 0.288086 0.391927 0.291016 0.391927 0.291992 0.390625 0.294922 0.390625 0.295898 0.389323 0.298828 0.389323 0.299805 0.388021 0.302734 0.388021 0.303711 0.386719 0.304688 0.386719 0.305664 0.385417 0.306641 0.385417 0.308594 0.382812 0.30957 0.382812 0.310547 0.38151 0.311523 0.38151 0.313477 0.378906 0.314453 0.378906 0.318359 0.373698 0.319336 0.373698 0.324219 0.367188 0.325195 0.367188 0.326172 0.365885 0.327148 0.365885 0.328125 0.364583 0.331055 0.364583 0.332031 0.363281 0.333984 0.363281 0.334961 0.361979 0.335938 0.361979 0.336914 0.360677 0.341797 0.360677 0.342773 0.359375 0.355469 0.359375 0.356445 0.358073 0.366211 0.358073 0.367188 0.356771 0.370117 0.356771 0.371094 0.355469 0.373047 0.355469 0.374023 0.354167 0.375 0.354167 0.376953 0.351562 0.37793 0.351562 0.378906 0.35026 0.379883 0.35026 0.380859 0.348958 0.381836 0.348958 0.383789 0.346354 0.384766 0.346354 0.387695 0.342448 0.388672 0.342448 0.388672 0.341146 0.393555 0.334635 0.393555 0.333333 0.394531 0.332031 0.394531 0.330729 0.396484 0.328125 0.396484 0.325521 0.397461 0.324219 0.396484 0.322917 0.396484 0.31901 0.394531 0.316406 0.394531 0.315104 0.389648 0.308594 0.389648 0.304688
1 0.870117 0.0963542 0.870117 0.10026 0.868164 0.102865 0.867188 0.102865 0.866211 0.104167 0.864258 0.104167 0.863281 0.105469 0.862305 0.105469 0.861328 0.106771 0.859375 0.106771 0.858398 0.108073 0.855469 0.108073 0.854492 0.109375 0.852539 0.109375 0.851562 0.110677 0.849609 0.110677 0.848633 0.111979 0.845703 0.111979 0.844727 0.113281 0.842773 0.113281 0.841797 0.114583 0.84082 0.114583 0.839844 0.115885 0.838867 0.115885 0.837891 0.117188 0.836914 0.117188 0.835938 0.11849 0.834961 0.11849 0.833984 0.119792 0.833008 0.119792 0.832031 0.121094 0.831055 0.121094 0.830078 0.122396 0.829102 0.122396 0.828125 0.123698 0.825195 0.123698 0.824219 0.125 0.821289 0.125 0.820312 0.126302 0.818359 0.126302 0.817383 0.127604 0.813477 0.127604 0.8125 0.128906 0.808594 0.128906 0.807617 0.130208 0.805664 0.130208 0.804688 0.13151 0.802734 0.13151 0.801758 0.132812 0.800781 0.132812 0.799805 0.134115 0.798828 0.134115 0.796875 0.136719 0.795898 0.136719 0.793945 0.139323 0.792969 0.139323 0.791016 0.141927 0.790039 0.141927 0.789062 0.143229 0.787109 0.143229 0.786133 0.144531 0.78418 0.144531 0.783203 0.145833 0.78125 0.145833 0.780273 0.147135 0.779297 0.147135 0.77832 0.148438 0.776367 0.148438 0.775391 0.14974 0.773438 0.14974 0.772461 0.151042 0.771484 0.151042 0.770508 0.152344 0.768555 0.152344 0.767578 0.153646 0.766602 0.153646 0.765625 0.154948 0.764648 0.154948 0.763672 0.15625 0.762695 0.15625 0.754883 0.166667 0.754883 0.167969 0.745117 0.18099 0.744141 0.18099 0.743164 0.182292 0.740234 0.182292 0.740234 0.205729 0.744141 0.205729 0.745117 0.207031 0.746094 0.207031 0.74707 0.208333 0.749023 0.208333 0.750977 0.210938 0.750977 0.214844 0.769531 0.214844 0.769531 0.210938 0.770508 0.209635 0.771484 0.209635 0.772461 0.208333 0.774414 0.208333 0.775391 0.207031 0.77832 0.207031 0.779297 0.205729 0.78125 0.205729 0.782227 0.204427 0.783203 0.204427 0.78418 0.203125 0.786133 0.203125 0.788086 0.200521 0.789062 0.200521 0.792969 0.195312 0.793945 0.195312 0.795898 0.192708 0.796875 0.192708 0.797852 0.191406 0.798828 0.191406 0.799805 0.190104 0.800781 0.190104 0.802734 0.1875 0.804688 0.1875 0.805664 0.186198 0.806641 0.186198 0.807617 0.184896 0.80957 0.184896 0.810547 0.183594 0.811523 0.183594 0.8125 0.182292 0.813477 0.182292 0.814453 0.18099 0.81543 0.18099 0.817383 0.178385 0.819336 0.178385 0.820312 0.177083 0.821289 0.177083 0.822266 0.175781 0.824219 0.175781 0.825195 0.174479 0.828125 0.174479 0.829102 0.173177 0.833008 0.173177 0.833984 0.171875 0.839844 0.171875 0.84082 0.170573 0.844727 0.170573 0.845703 0.169271 0.847656 0.169271 0.848633 0.167969 0.850586 0.167969 0.851562 0.166667 0.854492 0.166667 0.855469 0.165365 0.857422 0.165365 0.858398 0.164062 0.859375 0.164062 0.860352 0.16276 0.861328 0.16276 0.862305 0.161458 0.863281 0.161458 0.864258 0.160156 0.866211 0.160156 0.867188 0.158854 0.868164 0.158854 0.869141 0.157552 0.870117 0.157552 0.871094 0.15625 0.87207 0.15625 0.873047 0.154948 0.875 0.154948 0.875977 0.153646 0.87793 0.153646 0.878906 0.152344 0.880859 0.152344 0.881836 0.151042 0.885742 0.151042 0.886719 0.14974 0.892578 0.14974 0.893555 0.148438 0.896484 0.148438 0.897461 0.147135 0.898438 0.147135 0.899414 0.145833 0.900391 0.145833 0.901367 0.144531 0.902344 0.144531 0.90332 0.143229 0.904297 0.143229 0.90625 0.140625 0.907227 0.140625 0.914062 0.13151 0.914062 0.128906 0.916016 0.126302 0.918945 0.126302 0.916016 0.126302 0.915039 0.125 0.915039 0.121094 0.914062 0.119792 0.914062 0.115885 0.913086 0.114583 0.913086 0.113281 0.910156 0.109375 0.910156 0.108073 0.907227 0.104167 0.907227 0.102865 0.905273 0.10026 0.905273 0.0963542
1 0.740234 0.440104 0.740234 0.470052 0.744141 0.470052 0.750977 0.479167 0.751953 0.479167 0.762695 0.49349 0.763672 0.49349 0.766602 0.497396 0.767578 0.497396 0.777344 0.510417 0.777344 0.511719 0.779297 0.514323 0.779297 0.515625 0.78125 0.518229 0.78125 0.519531 0.782227 0.520833 0.782227 0.522135 0.789062 0.53125 0.790039 0.53125 0.791992 0.533854 0.792969 0.533854 0.794922 0.536458 0.795898 0.536458 0.797852 0.539062 0.798828 0.539062 0.799805 0.540365 0.800781 0.540365 0.801758 0.541667 0.802734 0.541667 0.803711 0.542969 0.804688 0.542969 0.805664 0.544271 0.806641 0.544271 0.807617 0.545573 0.808594 0.545573 0.810547 0.548177 0.811523 0.548177 0.813477 0.550781 0.814453 0.550781 0.81543 0.552083 0.816406 0.552083 0.818359 0.554688 0.819336 0.554688 0.820312 0.55599 0.821289 0.55599 0.823242 0.558594 0.824219 0.558594 0.826172 0.561198 0.828125 0.561198 0.829102 0.5625 0.830078 0.5625 0.831055 0.563802 0.832031 0.563802 0.833008 0.565104 0.833984 0.565104 0.834961 0.566406 0.836914 0.566406 0.837891 0.567708 0.839844 0.567708 0.841797 0.570312 0.841797 0.574219 0.854492 0.574219 0.854492 0.570312 0.858398 0.565104 0.860352 0.565104 0.861328 0.563802 0.861328 0.561198 0.862305 0.559896 0.862305 0.554688 0.853516 0.542969 0.852539 0.542969 0.850586 0.540365 0.849609 0.540365 0.84082 0.528646 0.84082 0.527344 0.835938 0.520833 0.834961 0.520833 0.831055 0.515625 0.830078 0.515625 0.822266 0.505208 0.821289 0.505208 0.820312 0.503906 0.819336 0.503906 0.816406 0.5 0.81543 0.5 0.814453 0.498698 0.813477 0.498698 0.8125 0.497396 0.811523 0.497396 0.803711 0.486979 0.803711 0.485677 0.802734 0.484375 0.802734 0.483073 0.801758 0.481771 0.801758 0.480469 0.800781 0.479167 0.800781 0.477865 0.799805 0.476562 0.799805 0.473958 0.798828 0.472656 0.798828 0.471354 0.796875 0.46875 0.796875 0.467448 0.795898 0.466146 0.795898 0.464844 0.793945 0.46224 0.793945 0.460938 0.792969 0.459635 0.791992 0.459635 0.791016 0.458333 0.790039 0.458333 0.789062 0.457031 0.787109 0.457031 0.786133 0.455729 0.785156 0.455729 0.78418 0.454427 0.783203 0.454427 0.782227 0.453125 0.78125 0.453125 0.780273 0.451823 0.779297 0.451823 0.77832 0.450521 0.777344 0.450521 0.776367 0.449219 0.775391 0.449219 0.774414 0.447917 0.773438 0.447917 0.772461 0.446615 0.770508 0.446615 0.769531 0.445312 0.768555 0.445312 0.767578 0.44401 0.767578 0.440104
1 0.50293 0.648438 0.50293 0.652344 0.500977 0.654948 0.499023 0.654948 0.498047 0.65625 0.496094 0.65625 0.495117 0.657552 0.494141 0.657552 0.493164 0.658854 0.492188 0.658854 0.491211 0.660156 0.488281 0.660156 0.487305 0.661458 0.486328 0.661458 0.485352 0.66276 0.484375 0.66276 0.483398 0.664062 0.482422 0.664062 0.481445 0.665365 0.479492 0.665365 0.478516 0.666667 0.476562 0.666667 0.475586 0.667969 0.474609 0.667969 0.473633 0.669271 0.472656 0.669271 0.47168 0.670573 0.470703 0.670573 0.469727 0.671875 0.46875 0.671875 0.467773 0.673177 0.466797 0.673177 0.46582 0.674479 0.464844 0.674479 0.463867 0.675781 0.462891 0.675781 0.461914 0.677083 0.460938 0.677083 0.458008 0.68099 0.457031 0.68099 0.456055 0.682292 0.455078 0.682292 0.454102 0.683594 0.453125 0.683594 0.452148 0.684896 0.451172 0.684896 0.450195 0.686198 0.447266 0.686198 0.446289 0.6875 0.445312 0.6875 0.444336 0.688802 0.443359 0.688802 0.442383 0.690104 0.44043 0.690104 0.439453 0.691406 0.438477 0.691406 0.4375 0.692708 0.436523 0.692708 0.435547 0.69401 0.43457 0.69401 0.433594 0.695312 0.432617 0.695312 0.431641 0.696615 0.430664 0.696615 0.429688 0.697917 0.428711 0.697917 0.426758 0.700521 0.425781 0.700521 0.423828 0.703125 0.422852 0.703125 0.416016 0.71224 0.412109 0.71224 0.412109 0.742188 0.415039 0.742188 0.416016 0.74349 0.416992 0.74349 0.417969 0.744792 0.418945 0.744792 0.419922 0.746094 0.420898 0.746094 0.421875 0.747396 0.421875 0.751302 0.445312 0.751302 0.445312 0.747396 0.446289 0.746094 0.447266 0.746094 0.448242 0.744792 0.451172 0.744792 0.452148 0.74349 0.454102 0.74349 0.455078 0.742188 0.456055 0.742188 0.457031 0.740885 0.458008 0.740885 0.458984 0.739583 0.460938 0.739583 0.461914 0.738281 0.462891 0.738281 0.463867 0.736979 0.46582 0.736979 0.466797 0.735677 0.467773 0.735677 0.46875 0.734375 0.469727 0.734375 0.470703 0.733073 0.47168 0.733073 0.472656 0.731771 0.473633 0.731771 0.475586 0.729167 0.476562 0.729167 0.477539 0.727865 0.478516 0.727865 0.479492 0.726562 0.480469 0.726562 0.482422 0.723958 0.484375 0.723958 0.485352 0.722656 0.487305 0.722656 0.488281 0.721354 0.490234 0.721354 0.491211 0.720052 0.493164 0.720052 0.494141 0.71875 0.495117 0.71875 0.496094 0.717448 0.498047 0.717448 0.499023 0.716146 0.5 0.716146 0.500977 0.714844 0.501953 0.714844 0.503906 0.71224 0.504883 0.71224 0.505859 0.710938 0.507812 0.710938 0.508789 0.709635 0.509766 0.709635 0.510742 0.708333 0.511719 0.708333 0.512695 0.707031 0.514648 0.707031 0.515625 0.705729 0.518555 0.705729 0.519531 0.704427 0.521484 0.704427 0.522461 0.703125 0.523438 0.703125 0.524414 0.701823 0.527344 0.701823 0.52832 0.700521 0.530273 0.700521 0.53125 0.699219 0.532227 0.699219 0.533203 0.697917 0.536133 0.697917 0.537109 0.696615 0.539062 0.696615 0.540039 0.695312 0.541992 0.695312 0.542969 0.69401 0.544922 0.69401 0.545898 0.692708 0.546875 0.692708 0.547852 0.691406 0.548828 0.691406 0.549805 0.690104 0.550781 0.690104 0.551758 0.688802 0.552734 0.688802 0.554688 0.686198 0.555664 0.686198 0.561523 0.678385 0.561523 0.677083 0.5625 0.675781 0.5625 0.673177 0.563477 0.671875 0.563477 0.666667 0.564453 0.665365 0.567383 0.665365 0.567383 0.66276 0.564453 0.66276 0.563477 0.661458 0.563477 0.660156 0.5625 0.658854 0.5625 0.65625 0.560547 0.653646 0.560547 0.648438
1 0.56543 0.0390625 0.56543 0.0429688 0.564453 0.0442708 0.563477 0.0442708 0.5625 0.0455729 0.560547 0.0455729 0.55957 0.046875 0.558594 0.046875 0.553711 0.0533854 0.548828 0.0533854 0.548828 0.0768229 0.552734 0.0768229 0.553711 0.078125 0.553711 0.0794271 0.554688 0.0807292 0.554688 0.0833333 0.555664 0.0846354 0.555664 0.0859375 0.556641 0.0872396 0.556641 0.0885417 0.557617 0.0898438 0.557617 0.0911458 0.558594 0.0924479 0.558594 0.09375 0.55957 0.0950521 0.55957 0.0963542 0.560547 0.0976562 0.560547 0.0989583 0.561523 0.10026 0.561523 0.101562 0.5625 0.102865 0.5625 0.104167 0.564453 0.106771 0.564453 0.108073 0.56543 0.109375 0.56543 0.110677 0.567383 0.113281 0.567383 0.114583 0.570312 0.11849 0.570312 0.119792 0.572266 0.122396 0.572266 0.123698 0.574219 0.126302 0.574219 0.127604 0.577148 0.13151 0.577148 0.132812 0.584961 0.143229 0.585938 0.143229 0.595703 0.15625 0.59668 0.15625 0.599609 0.160156 0.600586 0.160156 0.613281 0.177083 0.613281 0.178385 0.615234 0.18099 0.616211 0.18099 0.619141 0.184896 0.620117 0.184896 0.623047 0.188802 0.624023 0.188802 0.625 0.190104 0.625977 0.190104 0.629883 0.195312 0.630859 0.195312 0.633789 0.199219 0.634766 0.199219 0.635742 0.200521 0.636719 0.200521 0.637695 0.201823 0.638672 0.201823 0.639648 0.203125 0.640625 0.203125 0.642578 0.205729 0.643555 0.205729 0.644531 0.207031 0.646484 0.207031 0.647461 0.208333 0.648438 0.208333 0.649414 0.209635 0.651367 0.209635 0.652344 0.210938 0.655273 0.210938 0.65625 0.21224 0.658203 0.21224 0.65918 0.213542 0.662109 0.213542 0.663086 0.214844 0.665039 0.214844 0.666016 0.216146 0.672852 0.216146 0.672852 0.190104 0.669922 0.190104 0.664062 0.182292 0.663086 0.182292 0.660156 0.178385 0.65918 0.178385 0.657227 0.175781 0.65625 0.175781 0.655273 0.174479 0.654297 0.174479 0.652344 0.171875 0.651367 0.171875 0.647461 0.166667 0.646484 0.166667 0.636719 0.153646 0.636719 0.152344 0.635742 0.151042 0.635742 0.14974 0.634766 0.148438 0.634766 0.147135 0.631836 0.143229 0.631836 0.141927 0.629883 0.139323 0.629883 0.138021 0.628906 0.136719 0.628906 0.135417 0.62793 0.134115 0.62793 0.132812 0.625977 0.130208 0.625977 0.128906 0.624023 0.126302 0.624023 0.125 0.623047 0.123698 0.623047 0.122396 0.620117 0.11849 0.620117 0.117188 0.619141 0.115885 0.619141 0.114583 0.613281 0.106771 0.613281 0.105469 0.610352 0.101562 0.609375 0.101562 0.607422 0.0989583 0.606445 0.0989583 0.600586 0.0911458 0.599609 0.0911458 0.592773 0.0820312 0.592773 0.0807292 0.588867 0.0755208 0.588867 0.0742188 0.584961 0.0690104 0.584961 0.0677083 0.583008 0.0651042 0.583008 0.0625 0.582031 0.0611979 0.582031 0.0598958 0.581055 0.0585938 0.581055 0.0533854 0.580078 0.0520833 0.580078 0.0481771 0.579102 0.046875 0.578125 0.046875 0.575195 0.0429688 0.575195 0.0390625
1 0.341797 0.679688 0.341797 0.683594 0.335938 0.691406 0.335938 0.692708 0.334961 0.69401 0.334961 0.699219 0.336914 0.701823 0.336914 0.703125 0.34082 0.708333 0.34082 0.709635 0.341797 0.710938 0.342773 0.710938 0.344727 0.713542 0.345703 0.713542 0.356445 0.727865 0.356445 0.729167 0.364258 0.739583 0.365234 0.739583 0.369141 0.744792 0.370117 0.744792 0.373047 0.748698 0.374023 0.748698 0.376953 0.752604 0.37793 0.752604 0.384766 0.761719 0.385742 0.761719 0.398438 0.778646 0.399414 0.778646 0.401367 0.78125 0.402344 0.78125 0.405273 0.785156 0.40625 0.785156 0.416992 0.799479 0.416992 0.800781 0.418945 0.803385 0.418945 0.804688 0.420898 0.807292 0.420898 0.808594 0.421875 0.809896 0.421875 0.811198 0.422852 0.8125 0.422852 0.813802 0.423828 0.815104 0.423828 0.816406 0.425781 0.81901 0.425781 0.820312 0.427734 0.822917 0.427734 0.824219 0.432617 0.830729 0.432617 0.832031 0.438477 0.839844 0.438477 0.841146 0.446289 0.851562 0.446289 0.852865 0.447266 0.854167 0.447266 0.855469 0.453125 0.863281 0.453125 0.864583 0.454102 0.865885 0.454102 0.867188 0.456055 0.869792 0.456055 0.871094 0.457031 0.872396 0.457031 0.876302 0.458008 0.877604 0.458008 0.878906 0.461914 0.884115 0.462891 0.884115 0.463867 0.885417 0.464844 0.885417 0.466797 0.888021 0.466797 0.891927 0.509766 0.891927 0.509766 0.886719 0.510742 0.885417 0.510742 0.884115 0.511719 0.882812 0.511719 0.88151 0.512695 0.880208 0.512695 0.876302 0.513672 0.875 0.513672 0.871094 0.512695 0.869792 0.512695 0.86849 0.510742 0.865885 0.510742 0.864583 0.509766 0.863281 0.509766 0.861979 0.508789 0.860677 0.507812 0.860677 0.506836 0.859375 0.505859 0.859375 0.504883 0.858073 0.503906 0.858073 0.5 0.852865 0.5 0.851562 0.498047 0.848958 0.498047 0.847656 0.496094 0.845052 0.496094 0.84375 0.494141 0.841146 0.494141 0.839844 0.475586 0.815104 0.475586 0.813802 0.469727 0.80599 0.469727 0.804688 0.46582 0.799479 0.46582 0.798177 0.455078 0.783854 0.454102 0.783854 0.451172 0.779948 0.450195 0.779948 0.448242 0.777344 0.447266 0.777344 0.446289 0.776042 0.445312 0.776042 0.443359 0.773438 0.442383 0.773438 0.441406 0.772135 0.44043 0.772135 0.439453 0.770833 0.436523 0.770833 0.435547 0.769531 0.433594 0.769531 0.432617 0.768229 0.431641 0.768229 0.430664 0.766927 0.429688 0.766927 0.427734 0.764323 0.426758 0.764323 0.422852 0.759115 0.421875 0.759115 0.416992 0.752604 0.416992 0.751302 0.415039 0.748698 0.415039 0.747396 0.414062 0.746094 0.414062 0.744792 0.412109 0.742188 0.412109 0.740885 0.407227 0.734375 0.407227 0.733073 0.40625 0.731771 0.40625 0.730469 0.405273 0.729167 0.405273 0.726562 0.404297 0.72526 0.404297 0.723958 0.40332 0.722656 0.40332 0.721354 0.402344 0.720052 0.402344 0.71875 0.400391 0.716146 0.400391 0.714844 0.399414 0.714844 0.396484 0.710938 0.395508 0.710938 0.392578 0.707031 0.391602 0.707031 0.390625 0.705729 0.390625 0.704427 0.393555 0.700521 0.393555 0.699219 0.395508 0.696615 0.395508 0.690104 0.393555 0.6875 0.393555 0.686198 0.392578 0.684896 0.392578 0.679688 0.387695 0.679688 0.387695 0.684896 0.386719 0.686198 0.386719 0.690104 0.384766 0.692708 0.382812 0.692708 0.380859 0.690104 0.380859 0.6875 0.381836 0.686198 0.381836 0.679688
1 0.779297 0.361979 0.779297 0.386719 0.783203 0.386719 0.78418 0.388021 0.78418 0.389323 0.790039 0.397135 0.790039 0.39974 0.791016 0.401042 0.791016 0.404948 0.791992 0.40625 0.791992 0.414062 0.792969 0.415365 0.792969 0.419271 0.793945 0.420573 0.793945 0.423177 0.794922 0.424479 0.794922 0.425781 0.795898 0.427083 0.795898 0.428385 0.796875 0.429688 0.796875 0.432292 0.797852 0.433594 0.797852 0.434896 0.798828 0.436198 0.798828 0.440104 0.799805 0.441406 0.799805 0.445312 0.800781 0.446615 0.800781 0.450521 0.801758 0.451823 0.801758 0.458333 0.802734 0.459635 0.802734 0.466146 0.803711 0.467448 0.803711 0.46875 0.804688 0.470052 0.804688 0.472656 0.805664 0.473958 0.805664 0.476562 0.806641 0.477865 0.806641 0.480469 0.808594 0.483073 0.808594 0.484375 0.80957 0.485677 0.80957 0.486979 0.810547 0.488281 0.811523 0.488281 0.8125 0.489583 0.813477 0.489583 0.814453 0.490885 0.818359 0.490885 0.819336 0.492188 0.820312 0.492188 0.824219 0.497396 0.824219 0.498698 0.825195 0.5 0.825195 0.501302 0.828125 0.505208 0.828125 0.50651 0.829102 0.507812 0.830078 0.507812 0.834961 0.514323 0.835938 0.514323 0.837891 0.516927 0.838867 0.516927 0.84082 0.519531 0.841797 0.519531 0.84375 0.522135 0.844727 0.522135 0.851562 0.53125 0.852539 0.53125 0.853516 0.532552 0.854492 0.532552 0.855469 0.533854 0.856445 0.533854 0.857422 0.535156 0.858398 0.535156 0.859375 0.536458 0.860352 0.536458 0.862305 0.539062 0.863281 0.539062 0.864258 0.540365 0.865234 0.540365 0.868164 0.544271 0.873047 0.544271 0.874023 0.545573 0.875 0.545573 0.875977 0.546875 0.87793 0.546875 0.878906 0.548177 0.879883 0.548177 0.890625 0.5625 0.890625 0.563802 0.899414 0.575521 0.899414 0.576823 0.913086 0.595052 0.914062 0.595052 0.920898 0.604167 0.921875 0.604167 0.923828 0.606771 0.924805 0.606771 0.925781 0.608073 0.926758 0.608073 0.927734 0.609375 0.929688 0.609375 0.930664 0.610677 0.936523 0.610677 0.9375 0.611979 0.94043 0.611979 0.941406 0.613281 0.943359 0.613281 0.944336 0.614583 0.945312 0.614583 0.946289 0.615885 0.948242 0.615885 0.949219 0.617188 0.951172 0.617188 0.954102 0.621094 0.955078 0.621094 0.956055 0.622396 0.957031 0.622396 0.960938 0.627604 0.961914 0.627604 0.963867 0.630208 0.964844 0.630208 0.966797 0.632812 0.967773 0.632812 0.96875 0.634115 0.969727 0.634115 0.970703 0.635417 0.972656 0.635417 0.973633 0.636719 0.976562 0.636719 0.977539 0.638021 0.979492 0.638021 0.980469 0.636719 0.986328 0.636719 0.987305 0.638021 0.990234 0.638021 0.994141 0.643229 0.999023 0.643229 0.999023 0.610677 0.998047 0.610677 0.99707 0.609375 0.996094 0.609375 0.995117 0.608073 0.994141 0.608073 0.993164 0.606771 0.992188 0.606771 0.991211 0.605469 0.989258 0.605469 0.988281 0.604167 0.984375 0.604167 0.983398 0.602865 0.981445 0.602865 0.980469 0.601562 0.979492 0.601562 0.978516 0.60026 0.977539 0.60026 0.976562 0.598958 0.974609 0.598958 0.972656 0.596354 0.97168 0.596354 0.970703 0.595052 0.969727 0.595052 0.96582 0.589844 0.964844 0.589844 0.956055 0.578125 0.956055 0.576823 0.953125 0.572917 0.952148 0.572917 0.943359 0.561198 0.942383 0.561198 0.941406 0.559896 0.941406 0.558594 0.939453 0.55599 0.938477 0.55599 0.936523 0.553385 0.935547 0.553385 0.93457 0.552083 0.933594 0.552083 0.931641 0.549479 0.930664 0.549479 0.929688 0.548177 0.928711 0.548177 0.927734 0.546875 0.926758 0.546875 0.924805 0.544271 0.923828 0.544271 0.919922 0.539062 0.918945 0.539062 0.916992 0.536458 0.916016 0.536458 0.914062 0.533854 0.913086 0.533854 0.911133 0.53125 0.910156 0.53125 0.90918 0.529948 0.907227 0.529948 0.90625 0.528646 0.905273 0.528646 0.904297 0.527344 0.901367 0.527344 0.900391 0.526042 0.898438 0.526042 0.897461 0.52474 0.896484 0.52474 0.895508 0.523438 0.894531 0.523438 0.891602 0.519531 0.890625 0.519531 0.884766 0.511719 0.884766 0.510417 0.881836 0.50651 0.880859 0.50651 0.876953 0.501302 0.875977 0.501302 0.875 0.5 0.874023 0.5 0.866211 0.489583 0.865234 0.489583 0.861328 0.484375 0.860352 0.484375 0.859375 0.483073 0.858398 0.483073 0.856445 0.480469 0.855469 0.480469 0.854492 0.479167 0.853516 0.479167 0.847656 0.471354 0.847656 0.470052 0.84375 0.464844 0.84375 0.463542 0.841797 0.460938 0.841797 0.459635 0.84082 0.458333 0.84082 0.457031 0.839844 0.455729 0.839844 0.451823 0.838867 0.450521 0.838867 0.446615 0.837891 0.445312 0.837891 0.441406 0.836914 0.440104 0.836914 0.438802 0.835938 0.4375 0.835938 0.436198 0.834961 0.434896 0.834961 0.433594 0.833984 0.432292 0.833984 0.43099 0.833008 0.429688 0.833008 0.428385 0.832031 0.427083 0.832031 0.424479 0.831055 0.423177 0.831055 0.421875 0.829102 0.419271 0.829102 0.417969 0.828125 0.416667 0.828125 0.415365 0.826172 0.41276 0.826172 0.411458 0.824219 0.408854 0.824219 0.407552 0.823242 0.40625 0.823242 0.404948 0.822266 0.403646 0.822266 0.402344 0.821289 0.401042 0.821289 0.39974 0.820312 0.398438 0.820312 0.397135 0.819336 0.395833 0.819336 0.394531 0.817383 0.391927 0.817383 0.390625 0.816406 0.389323 0.816406 0.388021 0.81543 0.386719 0.81543 0.385417 0.814453 0.384115 0.814453 0.382812 0.8125 0.380208 0.8125 0.378906 0.811523 0.377604 0.811523 0.376302 0.810547 0.375 0.810547 0.373698 0.808594 0.371094 0.808594 0.369792 0.807617 0.36849 0.807617 0.361979
1 0.244141 0.492188 0.244141 0.515625 0.24707 0.515625 0.25 0.519531 0.250977 0.519531 0.259766 0.53125 0.259766 0.532552 0.261719 0.535156 0.261719 0.536458 0.267578 0.544271 0.267578 0.545573 0.271484 0.550781 0.271484 0.552083 0.275391 0.557292 0.275391 0.558594 0.27832 0.5625 0.27832 0.563802 0.28418 0.571615 0.28418 0.572917 0.290039 0.580729 0.290039 0.582031 0.294922 0.588542 0.294922 0.589844 0.301758 0.598958 0.301758 0.60026 0.3125 0.614583 0.3125 0.615885 0.323242 0.630208 0.323242 0.63151 0.324219 0.632812 0.324219 0.634115 0.326172 0.636719 0.326172 0.638021 0.327148 0.639323 0.327148 0.640625 0.329102 0.643229 0.329102 0.644531 0.330078 0.645833 0.330078 0.647135 0.338867 0.658854 0.339844 0.658854 0.349609 0.671875 0.349609 0.673177 0.350586 0.674479 0.351562 0.674479 0.352539 0.675781 0.352539 0.677083 0.357422 0.683594 0.358398 0.683594 0.360352 0.686198 0.360352 0.6875 0.371094 0.701823 0.371094 0.704427 0.37207 0.705729 0.37207 0.709635 0.389648 0.709635 0.389648 0.705729 0.391602 0.703125 0.392578 0.703125 0.396484 0.697917 0.399414 0.697917 0.399414 0.678385 0.396484 0.678385 0.394531 0.675781 0.394531 0.673177 0.392578 0.670573 0.392578 0.669271 0.391602 0.667969 0.391602 0.666667 0.388672 0.66276 0.388672 0.661458 0.381836 0.652344 0.381836 0.651042 0.378906 0.647135 0.378906 0.645833 0.37793 0.644531 0.37793 0.641927 0.376953 0.640625 0.376953 0.639323 0.375 0.636719 0.375 0.635417 0.374023 0.634115 0.374023 0.632812 0.37207 0.630208 0.37207 0.628906 0.371094 0.627604 0.371094 0.626302 0.369141 0.623698 0.369141 0.622396 0.368164 0.621094 0.368164 0.619792 0.367188 0.61849 0.367188 0.617188 0.366211 0.615885 0.366211 0.614583 0.364258 0.611979 0.364258 0.610677 0.363281 0.609375 0.363281 0.608073 0.362305 0.606771 0.362305 0.605469 0.360352 0.602865 0.360352 0.601562 0.358398 0.598958 0.358398 0.597656 0.357422 0.596354 0.357422 0.595052 0.355469 0.592448 0.355469 0.591146 0.345703 0.578125 0.344727 0.578125 0.34375 0.576823 0.342773 0.576823 0.334961 0.566406 0.333984 0.566406 0.330078 0.561198 0.330078 0.559896 0.326172 0.554688 0.326172 0.553385 0.320312 0.545573 0.320312 0.544271 0.31543 0.53776 0.31543 0.536458 0.301758 0.518229 0.300781 0.518229 0.299805 0.516927 0.298828 0.516927 0.297852 0.515625 0.296875 0.515625 0.295898 0.514323 0.293945 0.514323 0.292969 0.513021 0.290039 0.513021 0.289062 0.511719 0.286133 0.511719 0.285156 0.510417 0.28125 0.510417 0.280273 0.509115 0.27832 0.509115 0.276367 0.50651 0.275391 0.50651 0.273438 0.503906 0.272461 0.503906 0.269531 0.5 0.268555 0.5 0.267578 0.498698 0.266602 0.498698 0.265625 0.497396 0.265625 0.492188
1 0.220703 0.575521 0.220703 0.60026 0.223633 0.60026 0.225586 0.602865 0.225586 0.604167 0.228516 0.608073 0.228516 0.610677 0.229492 0.611979 0.229492 0.613281 0.228516 0.614583 0.228516 0.617188 0.227539 0.61849 0.227539 0.63151 0.229492 0.634115 0.230469 0.634115 0.239258 0.645833 0.240234 0.645833 0.242188 0.648438 0.242188 0.64974 0.246094 0.654948 0.24707 0.654948 0.25 0.658854 0.250977 0.658854 0.253906 0.66276 0.253906 0.664062 0.254883 0.664062 0.257812 0.667969 0.258789 0.667969 0.262695 0.673177 0.263672 0.673177 0.267578 0.678385 0.268555 0.678385 0.270508 0.68099 0.271484 0.68099 0.274414 0.684896 0.275391 0.684896 0.27832 0.688802 0.279297 0.688802 0.280273 0.690104 0.28125 0.690104 0.285156 0.695312 0.286133 0.695312 0.290039 0.700521 0.290039 0.701823 0.294922 0.708333 0.294922 0.709635 0.297852 0.713542 0.297852 0.714844 0.301758 0.720052 0.301758 0.721354 0.303711 0.723958 0.303711 0.72526 0.306641 0.729167 0.306641 0.730469 0.317383 0.744792 0.318359 0.744792 0.321289 0.748698 0.322266 0.748698 0.325195 0.752604 0.326172 0.752604 0.327148 0.753906 0.328125 0.753906 0.329102 0.755208 0.331055 0.755208 0.332031 0.75651 0.333008 0.75651 0.333984 0.757812 0.335938 0.757812 0.336914 0.759115 0.34375 0.759115 0.344727 0.760417 0.345703 0.759115 0.347656 0.759115 0.348633 0.757812 0.349609 0.757812 0.350586 0.75651 0.351562 0.75651 0.352539 0.755208 0.356445 0.755208 0.356445 0.729167 0.353516 0.729167 0.351562 0.726562 0.351562 0.72526 0.350586 0.72526 0.348633 0.722656 0.347656 0.722656 0.34668 0.721354 0.345703 0.721354 0.342773 0.717448 0.341797 0.717448 0.332031 0.704427 0.332031 0.703125 0.330078 0.700521 0.330078 0.699219 0.328125 0.696615 0.328125 0.695312 0.327148 0.69401 0.327148 0.691406 0.326172 0.690104 0.326172 0.688802 0.325195 0.6875 0.325195 0.684896 0.323242 0.682292 0.323242 0.68099 0.321289 0.678385 0.321289 0.677083 0.318359 0.673177 0.317383 0.673177 0.313477 0.667969 0.3125 0.667969 0.310547 0.665365 0.30957 0.665365 0.302734 0.65625 0.301758 0.65625 0.298828 0.652344 0.297852 0.652344 0.290039 0.641927 0.289062 0.641927 0.287109 0.639323 0.286133 0.639323 0.285156 0.638021 0.28418 0.638021 0.282227 0.635417 0.28125 0.635417 0.280273 0.634115 0.279297 0.634115 0.27832 0.632812 0.277344 0.632812 0.274414 0.628906 0.273438 0.628906 0.256836 0.606771 0.256836 0.605469 0.254883 0.602865 0.254883 0.601562 0.251953 0.597656 0.251953 0.596354 0.25 0.59375 0.25 0.592448 0.241211 0.580729 0.241211 0.575521
1 0.279297 0.0546875 0.279297 0.0872396 0.283203 0.0872396 0.286133 0.0911458 0.286133 0.0924479 0.297852 0.108073 0.298828 0.108073 0.301758 0.111979 0.302734 0.111979 0.304688 0.114583 0.305664 0.114583 0.307617 0.117188 0.308594 0.117188 0.311523 0.121094 0.3125 0.121094 0.31543 0.125 0.316406 0.125 0.318359 0.127604 0.319336 0.127604 0.320312 0.128906 0.321289 0.128906 0.324219 0.132812 0.325195 0.132812 0.326172 0.134115 0.327148 0.134115 0.329102 0.136719 0.330078 0.136719 0.333984 0.141927 0.334961 0.141927 0.336914 0.144531 0.337891 0.144531 0.34082 0.148438 0.341797 0.148438 0.34375 0.151042 0.344727 0.151042 0.34668 0.153646 0.347656 0.153646 0.349609 0.15625 0.350586 0.15625 0.352539 0.158854 0.352539 0.16276 0.387695 0.16276 0.387695 0.128906 0.384766 0.128906 0.382812 0.126302 0.382812 0.125 0.381836 0.123698 0.381836 0.121094 0.380859 0.119792 0.380859 0.117188 0.378906 0.114583 0.378906 0.113281 0.375977 0.109375 0.375 0.109375 0.37207 0.105469 0.371094 0.105469 0.370117 0.104167 0.369141 0.104167 0.368164 0.102865 0.367188 0.102865 0.366211 0.101562 0.364258 0.101562 0.363281 0.10026 0.362305 0.10026 0.361328 0.0989583 0.359375 0.0989583 0.358398 0.0976562 0.357422 0.0976562 0.356445 0.0963542 0.355469 0.0963542 0.354492 0.0950521 0.353516 0.0950521 0.352539 0.09375 0.351562 0.09375 0.350586 0.0924479 0.349609 0.0924479 0.348633 0.0911458 0.347656 0.0911458 0.34668 0.0898438 0.345703 0.0898438 0.34375 0.0872396 0.342773 0.0872396 0.341797 0.0859375 0.34082 0.0859375 0.333008 0.0755208 0.332031 0.0755208 0.330078 0.0729167 0.329102 0.0729167 0.328125 0.0716146 0.327148 0.0716146 0.326172 0.0703125 0.324219 0.0703125 0.323242 0.0690104 0.322266 0.0690104 0.321289 0.0677083 0.320312 0.0677083 0.318359 0.0651042 0.317383 0.0651042 0.3125 0.0585938 0.3125 0.0546875
0 0.0380859 0.00260417 0.0380859 0.00651042 0.0351562 0.0104167 0.0341797 0.0104167 0.03125 0.0143229 0.0302734 0.0143229 0.0263672 0.0195312 0.0263672 0.0208333 0.0117188 0.0403646 0.0117188 0.0416667 0.00488281 0.0507812 0.00195312 0.0507812 0.00195312 0.166667 0.00585938 0.166667 0.0078125 0.164062 0.00878906 0.164062 0.00976562 0.16276 0.0107422 0.16276 0.0117188 0.161458 0.0136719 0.161458 0.0146484 0.160156 0.0175781 0.160156 0.0185547 0.158854 0.0205078 0.158854 0.0214844 0.157552 0.0234375 0.157552 0.0244141 0.15625 0.0263672 0.15625 0.0273438 0.154948 0.0292969 0.154948 0.0302734 0.153646 0.0322266 0.153646 0.0332031 0.152344 0.0351562 0.152344 0.0361328 0.151042 0.0380859 0.151042 0.0390625 0.14974 0.0410156 0.14974 0.0419922 0.148438 0.0429688 0.148438 0.0439453 0.147135 0.0449219 0.147135 0.0458984 0.145833 0.0488281 0.145833 0.0498047 0.144531 0.0507812 0.144531 0.0517578 0.143229 0.0537109 0.143229 0.0546875 0.141927 0.0566406 0.141927 0.0576172 0.140625 0.0585938 0.140625 0.0595703 0.139323 0.0605469 0.139323 0.0615234 0.138021 0.0634766 0.138021 0.0644531 0.136719 0.0654297 0.136719 0.0673828 0.134115 0.0683594 0.134115 0.0712891 0.130208 0.0722656 0.130208 0.0751953 0.126302 0.0761719 0.126302 0.0771484 0.125 0.078125 0.125 0.0791016 0.123698 0.0800781 0.123698 0.0820312 0.121094 0.0830078 0.121094 0.0839844 0.119792 0.0859375 0.119792 0.0869141 0.11849 0.0878906 0.11849 0.0888672 0.117188 0.0898438 0.117188 0.0908203 0.115885 0.0927734 0.115885 0.09375 0.114583 0.0957031 0.114583 0.0966797 0.113281 0.0976562 0.113281 0.0986328 0.111979 0.0996094 0.111979 0.100586 0.110677 0.101562 0.110677 0.102539 0.109375 0.103516 0.109375 0.105469 0.106771 0.106445 0.106771 0.107422 0.105469 0.109375 0.105469 0.110352 0.104167 0.111328 0.104167 0.112305 0.102865 0.113281 0.102865 0.114258 0.101562 0.115234 0.101562 0.116211 0.10026 0.117188 0.10026 0.119141 0.0976562 0.120117 0.0976562 0.121094 0.0963542 0.12207 0.0963542 0.123047 0.0950521 0.124023 0.0950521 0.125977 0.0924479 0.126953 0.0924479 0.134766 0.0820312 0.134766 0.0807292 0.138672 0.0755208 0.138672 0.0742188 0.142578 0.0690104 0.142578 0.0677083 0.143555 0.0664062 0.143555 0.0651042 0.144531 0.0638021 0.144531 0.0625 0.146484 0.0598958 0.146484 0.0572917 0.147461 0.0559896 0.147461 0.0546875 0.148438 0.0533854 0.148438 0.0520833 0.149414 0.0507812 0.149414 0.0494792 0.150391 0.0481771 0.150391 0.046875 0.151367 0.0455729 0.151367 0.0442708 0.15332 0.0416667 0.15332 0.0403646 0.155273 0.0377604 0.155273 0.0364583 0.15625 0.0351562 0.15625 0.0338542 0.157227 0.0325521 0.157227 0.0299479 0.158203 0.0286458 0.158203 0.0247396 0.15918 0.0234375 0.15918 0.015625 0.160156 0.0143229 0.160156 0.00911458 0.161133 0.0078125 0.161133 0.00260417
1 0.389648 0.341146 0.389648 0.345052 0.387695 0.347656 0.386719 0.347656 0.383789 0.351562 0.382812 0.351562 0.381836 0.352865 0.380859 0.352865 0.379883 0.354167 0.378906 0.354167 0.376953 0.356771 0.375 0.356771 0.374023 0.358073 0.37207 0.358073 0.371094 0.359375 0.369141 0.359375 0.368164 0.360677 0.366211 0.360677 0.365234 0.361979 0.361328 0.361979 0.360352 0.363281 0.355469 0.363281 0.354492 0.364583 0.351562 0.364583 0.350586 0.365885 0.348633 0.365885 0.347656 0.367188 0.344727 0.367188 0.34375 0.36849 0.34082 0.36849 0.339844 0.369792 0.337891 0.369792 0.336914 0.371094 0.335938 0.371094 0.334961 0.372396 0.333984 0.372396 0.333008 0.373698 0.332031 0.373698 0.331055 0.375 0.330078 0.375 0.329102 0.376302 0.328125 0.376302 0.327148 0.377604 0.326172 0.377604 0.325195 0.378906 0.323242 0.378906 0.322266 0.380208 0.321289 0.380208 0.319336 0.382812 0.318359 0.382812 0.317383 0.384115 0.31543 0.384115 0.314453 0.385417 0.313477 0.385417 0.3125 0.386719 0.311523 0.386719 0.310547 0.388021 0.308594 0.388021 0.307617 0.389323 0.302734 0.389323 0.302734 0.410156 0.306641 0.410156 0.308594 0.41276 0.30957 0.41276 0.311523 0.415365 0.3125 0.415365 0.313477 0.416667 0.314453 0.416667 0.316406 0.419271 0.316406 0.423177 0.348633 0.423177 0.348633 0.419271 0.350586 0.416667 0.351562 0.416667 0.352539 0.415365 0.354492 0.415365 0.355469 0.414062 0.356445 0.414062 0.357422 0.41276 0.358398 0.41276 0.359375 0.411458 0.360352 0.411458 0.362305 0.408854 0.363281 0.408854 0.364258 0.407552 0.364258 0.40625 0.365234 0.404948 0.365234 0.403646 0.366211 0.402344 0.369141 0.402344 0.370117 0.401042 0.37793 0.401042 0.378906 0.39974 0.384766 0.39974 0.385742 0.398438 0.390625 0.398438 0.391602 0.397135 0.396484 0.397135 0.397461 0.395833 0.404297 0.395833 0.405273 0.394531 0.444336 0.394531 0.445312 0.393229 0.448242 0.393229 0.449219 0.391927 0.451172 0.391927 0.452148 0.390625 0.456055 0.390625 0.457031 0.389323 0.464844 0.389323 0.46582 0.388021 0.476562 0.388021 0.477539 0.389323 0.484375 0.389323 0.485352 0.388021 0.487305 0.388021 0.488281 0.386719 0.490234 0.386719 0.491211 0.385417 0.492188 0.385417 0.493164 0.384115 0.494141 0.384115 0.496094 0.38151 0.49707 0.38151 0.499023 0.378906 0.5 0.378906 0.505859 0.371094 0.508789 0.371094 0.508789 0.360677 0.504883 0.360677 0.503906 0.359375 0.503906 0.358073 0.500977 0.354167 0.5 0.354167 0.49707 0.35026 0.496094 0.35026 0.494141 0.347656 0.493164 0.347656 0.491211 0.345052 0.491211 0.341146
1 0.286133 0.643229 0.286133 0.647135 0.287109 0.648438 0.288086 0.648438 0.289062 0.64974 0.293945 0.64974 0.293945 0.647135 0.289062 0.647135 0.287109 0.644531 0.287109 0.643229 0.286133 0.643229 0.279297 0.639323 0.260742 0.671875 0.259766 0.671875 0.257812 0.669271 0.256836 0.669271 0.254883 0.666667 0.253906 0.666667 0.25293 0.665365 0.251953 0.665365 0.24707 0.658854 0.246094 0.658854 0.239258 0.64974 0.238281 0.64974 0.232422 0.641927 0.232422 0.640625 0.230469 0.638021 0.230469 0.636719 0.228516 0.634115 0.228516 0.632812 0.226562 0.630208 0.226562 0.628906 0.225586 0.627604 0.225586 0.626302 0.223633 0.623698 0.223633 0.622396 0.219727 0.617188 0.219727 0.615885 0.21875 0.614583 0.21875 0.611979 0.217773 0.610677 0.217773 0.609375 0.216797 0.608073 0.216797 0.606771 0.21582 0.605469 0.21582 0.602865 0.213867 0.60026 0.213867 0.598958 0.211914 0.596354 0.211914 0.595052 0.210938 0.59375 0.210938 0.591146 0.209961 0.589844 0.209961 0.588542 0.208984 0.58724 0.208984 0.585938 0.208008 0.584635 0.208008 0.582031 0.207031 0.580729 0.207031 0.579427 0.206055 0.578125 0.206055 0.576823 0.205078 0.575521 0.205078 0.574219 0.204102 0.572917 0.204102 0.571615 0.203125 0.570312 0.203125 0.56901 0.201172 0.566406 0.201172 0.563802 0.200195 0.5625 0.200195 0.557292 0.199219 0.55599 0.199219 0.554688 0.196289 0.550781 0.196289 0.549479 0.192383 0.544271 0.192383 0.542969 0.19043 0.540365 0.19043 0.539062 0.188477 0.536458 0.188477 0.535156 0.185547 0.53125 0.185547 0.529948 0.183594 0.527344 0.183594 0.523438 0.162109 0.523438 0.162109 0.580729 0.165039 0.580729 0.166992 0.583333 0.166992 0.585938 0.167969 0.58724 0.167969 0.589844 0.168945 0.591146 0.168945 0.59375 0.169922 0.595052 0.169922 0.597656 0.170898 0.598958 0.170898 0.602865 0.171875 0.604167 0.171875 0.608073 0.172852 0.609375 0.172852 0.611979 0.173828 0.613281 0.173828 0.614583 0.174805 0.615885 0.174805 0.617188 0.175781 0.61849 0.175781 0.619792 0.180664 0.626302 0.180664 0.627604 0.183594 0.63151 0.183594 0.632812 0.188477 0.639323 0.188477 0.640625 0.19043 0.643229 0.19043 0.644531 0.193359 0.648438 0.193359 0.64974 0.197266 0.654948 0.197266 0.65625 0.205078 0.666667 0.206055 0.666667 0.208984 0.670573 0.209961 0.670573 0.213867 0.675781 0.214844 0.675781 0.216797 0.678385 0.217773 0.678385 0.219727 0.68099 0.220703 0.68099 0.22168 0.682292 0.222656 0.682292 0.223633 0.683594 0.224609 0.683594 0.225586 0.684896 0.226562 0.684896 0.227539 0.686198 0.228516 0.686198 0.229492 0.6875 0.230469 0.6875 0.231445 0.688802 0.234375 0.688802 0.235352 0.690104 0.25293 0.690104 0.253906 0.688802 0.258789 0.688802 0.259766 0.6875 0.261719 0.6875 0.262695 0.686198 0.265625 0.686198 0.266602 0.684896 0.269531 0.684896 0.270508 0.686198 0.270508 0.688802 0.272461 0.688802 0.270508 0.686198 0.270508 0.684896 0.269531 0.684896 0.266602 0.68099 0.266602 0.679688 0.260742 0.671875 0.279297 0.639323 0.279297 0.636719 0.27832 0.636719 0.27832 0.638021 0.279297 0.639323
1 0.700195 0.0598958 0.700195 0.0651042 0.699219 0.0664062 0.698242 0.0664062 0.694336 0.0716146 0.694336 0.0729167 0.691406 0.0768229 0.691406 0.078125 0.69043 0.0794271 0.69043 0.0807292 0.689453 0.0820312 0.689453 0.0833333 0.688477 0.0846354 0.688477 0.0872396 0.6875 0.0885417 0.6875 0.0911458 0.686523 0.0924479 0.686523 0.0963542 0.685547 0.0976562 0.685547 0.101562 0.68457 0.102865 0.68457 0.106771 0.683594 0.108073 0.683594 0.110677 0.682617 0.111979 0.682617 0.114583 0.681641 0.115885 0.681641 0.117188 0.680664 0.11849 0.680664 0.119792 0.679688 0.121094 0.679688 0.122396 0.678711 0.123698 0.678711 0.125 0.677734 0.126302 0.677734 0.127604 0.675781 0.130208 0.675781 0.13151 0.674805 0.132812 0.674805 0.134115 0.672852 0.136719 0.669922 0.136719 0.669922 0.188802 0.672852 0.188802 0.674805 0.191406 0.674805 0.192708 0.676758 0.195312 0.676758 0.196615 0.680664 0.201823 0.680664 0.203125 0.681641 0.203125 0.68457 0.207031 0.68457 0.208333 0.685547 0.208333 0.686523 0.209635 0.6875 0.209635 0.688477 0.210938 0.689453 0.210938 0.69043 0.209635 0.691406 0.209635 0.692383 0.208333 0.693359 0.208333 0.696289 0.204427 0.697266 0.204427 0.700195 0.200521 0.701172 0.200521 0.708008 0.191406 0.708008 0.190104 0.713867 0.182292 0.713867 0.18099 0.71582 0.178385 0.71582 0.177083 0.717773 0.174479 0.717773 0.173177 0.71875 0.171875 0.71875 0.170573 0.719727 0.169271 0.719727 0.166667 0.720703 0.165365 0.720703 0.164062 0.72168 0.16276 0.72168 0.160156 0.722656 0.158854 0.722656 0.09375 0.723633 0.0924479 0.723633 0.0885417 0.724609 0.0872396 0.727539 0.0872396 0.727539 0.0598958
1 0.708984 0.190104 0.708984 0.195312 0.707031 0.197917 0.707031 0.199219 0.703125 0.204427 0.703125 0.205729 0.701172 0.208333 0.701172 0.209635 0.700195 0.210938 0.700195 0.21224 0.698242 0.214844 0.698242 0.216146 0.697266 0.217448 0.697266 0.21875 0.696289 0.220052 0.696289 0.221354 0.695312 0.222656 0.695312 0.22526 0.694336 0.226562 0.694336 0.227865 0.693359 0.229167 0.693359 0.230469 0.692383 0.231771 0.692383 0.233073 0.69043 0.235677 0.69043 0.236979 0.688477 0.239583 0.688477 0.240885 0.68457 0.246094 0.68457 0.247396 0.681641 0.251302 0.681641 0.252604 0.680664 0.253906 0.679688 0.253906 0.678711 0.255208 0.678711 0.25651 0.676758 0.259115 0.675781 0.259115 0.674805 0.260417 0.674805 0.261719 0.672852 0.264323 0.671875 0.264323 0.663086 0.276042 0.663086 0.277344 0.660156 0.28125 0.660156 0.282552 0.658203 0.285156 0.658203 0.286458 0.657227 0.28776 0.657227 0.289062 0.655273 0.291667 0.655273 0.292969 0.654297 0.294271 0.654297 0.295573 0.65332 0.296875 0.65332 0.298177 0.651367 0.300781 0.651367 0.302083 0.649414 0.304688 0.646484 0.304688 0.646484 0.347656 0.649414 0.347656 0.652344 0.351562 0.652344 0.355469 0.664062 0.355469 0.664062 0.351562 0.666016 0.348958 0.666992 0.348958 0.667969 0.347656 0.668945 0.347656 0.670898 0.345052 0.671875 0.345052 0.672852 0.34375 0.673828 0.34375 0.675781 0.341146 0.676758 0.341146 0.680664 0.335938 0.681641 0.335938 0.685547 0.330729 0.686523 0.330729 0.69043 0.325521 0.691406 0.325521 0.698242 0.316406 0.698242 0.315104 0.701172 0.311198 0.701172 0.309896 0.704102 0.30599 0.704102 0.304688 0.706055 0.302083 0.706055 0.300781 0.708984 0.296875 0.708984 0.295573 0.710938 0.292969 0.710938 0.291667 0.714844 0.286458 0.714844 0.285156 0.723633 0.273438 0.723633 0.272135 0.727539 0.266927 0.727539 0.265625 0.728516 0.264323 0.728516 0.263021 0.729492 0.261719 0.729492 0.260417 0.731445 0.257812 0.731445 0.25651 0.732422 0.255208 0.732422 0.253906 0.733398 0.252604 0.733398 0.25 0.734375 0.248698 0.734375 0.246094 0.735352 0.244792 0.735352 0.24349 0.736328 0.242188 0.736328 0.240885 0.737305 0.239583 0.737305 0.238281 0.738281 0.236979 0.738281 0.234375 0.739258 0.233073 0.739258 0.231771 0.740234 0.230469 0.743164 0.230469 0.743164 0.21875 0.740234 0.21875 0.739258 0.217448 0.739258 0.213542 0.738281 0.21224 0.738281 0.207031 0.737305 0.205729 0.737305 0.203125 0.735352 0.200521 0.735352 0.199219 0.734375 0.197917 0.734375 0.195312 0.733398 0.19401 0.733398 0.190104
1 0.665039 0.549479 0.665039 0.549479 0.661133 0.548177 0.660156 0.549479 0.65918 0.549479 0.658203 0.550781 0.658203 0.552083 0.657227 0.553385 0.654297 0.553385 0.646484 0.575521 0.644531 0.575521 0.643555 0.574219 0.640625 0.574219 0.639648 0.572917 0.635742 0.572917 0.634766 0.574219 0.633789 0.574219 0.632812 0.572917 0.625977 0.572917 0.625 0.571615 0.624023 0.571615 0.623047 0.570312 0.621094 0.570312 0.620117 0.56901 0.619141 0.56901 0.618164 0.567708 0.617188 0.567708 0.616211 0.566406 0.615234 0.566406 0.613281 0.563802 0.612305 0.563802 0.611328 0.5625 0.610352 0.5625 0.609375 0.561198 0.608398 0.561198 0.607422 0.559896 0.605469 0.559896 0.604492 0.558594 0.602539 0.558594 0.601562 0.557292 0.599609 0.557292 0.598633 0.55599 0.595703 0.55599 0.594727 0.554688 0.591797 0.554688 0.59082 0.553385 0.589844 0.553385 0.588867 0.552083 0.586914 0.552083 0.585938 0.550781 0.583984 0.550781 0.583008 0.549479 0.582031 0.549479 0.581055 0.548177 0.580078 0.548177 0.579102 0.546875 0.578125 0.546875 0.577148 0.545573 0.575195 0.545573 0.574219 0.544271 0.573242 0.544271 0.571289 0.541667 0.570312 0.541667 0.569336 0.540365 0.568359 0.540365 0.567383 0.539062 0.566406 0.539062 0.56543 0.53776 0.563477 0.53776 0.5625 0.536458 0.561523 0.536458 0.560547 0.535156 0.558594 0.535156 0.557617 0.533854 0.556641 0.533854 0.555664 0.532552 0.553711 0.532552 0.552734 0.53125 0.546875 0.53125 0.545898 0.529948 0.538086 0.529948 0.537109 0.528646 0.533203 0.528646 0.532227 0.527344 0.530273 0.527344 0.529297 0.526042 0.527344 0.526042 0.526367 0.52474 0.524414 0.52474 0.523438 0.523438 0.522461 0.523438 0.521484 0.522135 0.518555 0.522135 0.517578 0.520833 0.514648 0.520833 0.513672 0.519531 0.509766 0.519531 0.508789 0.518229 0.506836 0.518229 0.505859 0.516927 0.501953 0.516927 0.500977 0.515625 0.498047 0.515625 0.49707 0.514323 0.494141 0.514323 0.493164 0.513021 0.492188 0.513021 0.491211 0.511719 0.491211 0.507812 0.451172 0.507812 0.451172 0.540365 0.455078 0.540365 0.458008 0.544271 0.458984 0.544271 0.459961 0.545573 0.460938 0.545573 0.461914 0.546875 0.462891 0.546875 0.463867 0.548177 0.464844 0.548177 0.46582 0.549479 0.466797 0.549479 0.467773 0.550781 0.469727 0.550781 0.470703 0.552083 0.47168 0.552083 0.472656 0.553385 0.473633 0.553385 0.474609 0.554688 0.477539 0.554688 0.478516 0.55599 0.480469 0.55599 0.481445 0.557292 0.485352 0.557292 0.486328 0.558594 0.487305 0.558594 0.488281 0.559896 0.489258 0.559896 0.490234 0.561198 0.491211 0.561198 0.492188 0.5625 0.494141 0.5625 0.495117 0.563802 0.496094 0.563802 0.49707 0.565104 0.499023 0.565104 0.5 0.566406 0.501953 0.566406 0.50293 0.567708 0.503906 0.567708 0.504883 0.56901 0.505859 0.56901 0.506836 0.570312 0.507812 0.570312 0.508789 0.571615 0.509766 0.571615 0.510742 0.572917 0.512695 0.572917 0.513672 0.574219 0.516602 0.574219 0.517578 0.575521 0.523438 0.575521 0.524414 0.576823 0.53125 0.576823 0.532227 0.578125 0.535156 0.578125 0.536133 0.579427 0.538086 0.579427 0.539062 0.580729 0.541016 0.580729 0.541992 0.582031 0.543945 0.582031 0.544922 0.583333 0.545898 0.583333 0.546875 0.584635 0.549805 0.584635 0.550781 0.585938 0.554688 0.585938 0.555664 0.58724 0.55957 0.58724 0.560547 0.588542 0.563477 0.588542 0.564453 0.589844 0.56543 0.589844 0.566406 0.591146 0.567383 0.591146 0.569336 0.59375 0.570312 0.59375 0.571289 0.595052 0.572266 0.595052 0.573242 0.596354 0.574219 0.596354 0.575195 0.597656 0.576172 0.597656 0.577148 0.598958 0.579102 0.598958 0.580078 0.60026 0.581055 0.60026 0.582031 0.601562 0.583008 0.601562 0.583984 0.602865 0.584961 0.602865 0.586914 0.605469 0.587891 0.605469 0.588867 0.606771 0.589844 0.606771 0.59082 0.608073 0.592773 0.608073 0.59375 0.609375 0.595703 0.609375 0.59668 0.610677 0.607422 0.610677 0.608398 0.611979 0.620117 0.611979 0.621094 0.613281 0.625977 0.613281 0.626953 0.614583 0.629883 0.614583 0.630859 0.615885 0.632812 0.615885 0.633789 0.617188 0.635742 0.617188 0.636719 0.61849 0.638672 0.61849 0.639648 0.619792 0.641602 0.619792 0.642578 0.621094 0.644531 0.621094 0.645508 0.622396 0.648438 0.622396 0.649414 0.623698 0.654297 0.623698 0.655273 0.625 0.658203 0.625 0.65918 0.626302 0.661133 0.626302 0.662109 0.627604 0.665039 0.627604 0.666016 0.628906 0.670898 0.628906 0.671875 0.630208 0.674805 0.630208 0.675781 0.63151 0.678711 0.63151 0.679688 0.632812 0.683594 0.632812 0.68457 0.634115 0.688477 0.634115 0.689453 0.635417 0.697266 0.635417 0.698242 0.634115 0.701172 0.634115 0.702148 0.632812 0.704102 0.632812 0.705078 0.63151 0.706055 0.63151 0.707031 0.630208 0.708008 0.630208 0.708984 0.628906 0.709961 0.628906 0.710938 0.627604 0.711914 0.627604 0.714844 0.623698 0.714844 0.622396 0.71582 0.621094 0.716797 0.621094 0.719727 0.617188 0.723633 0.617188 0.723633 0.595052 0.711914 0.595052 0.710938 0.596354 0.707031 0.596354 0.706055 0.597656 0.698242 0.597656 0.697266 0.596354 0.6875 0.596354 0.686523 0.597656 0.685547 0.597656 0.68457 0.598958 0.681641 0.598958 0.680664 0.60026 0.678711 0.60026 0.677734 0.601562 0.676758 0.601562 0.673828 0.605469 0.672852 0.605469 0.671875 0.606771 0.667969 0.606771 0.666992 0.608073 0.663086 0.608073 0.662109 0.606771 0.660156 0.606771 0.65918 0.605469 0.658203 0.605469 0.657227 0.604167 0.65625 0.604167 0.655273 0.602865 0.654297 0.602865 0.65332 0.601562 0.65332 0.598958 0.655273 0.596354 0.65625 0.596354 0.657227 0.595052 0.658203 0.595052 0.662109 0.589844 0.663086 0.591146 0.665039 0.591146 0.665039 0.589844 0.663086 0.58724 0.663086 0.585938 0.662109 0.585938 0.661133 0.584635 0.660156 0.584635 0.658203 0.582031 0.658203 0.580729 0.657227 0.579427 0.65332 0.579427 0.652344 0.578125 0.649414 0.578125 0.648438 0.576823 0.647461 0.576823 0.646484 0.575521 0.654297 0.553385 0.65332 0.552083 0.65332 0.546875 0.658203 0.546875 0.65918 0.548177 0.661133 0.548177
1 0.40918 0.575521 0.40918 0.579427 0.408203 0.580729 0.407227 0.580729 0.40625 0.582031 0.402344 0.582031 0.401367 0.583333 0.399414 0.583333 0.398438 0.584635 0.397461 0.584635 0.396484 0.585938 0.393555 0.585938 0.392578 0.58724 0.388672 0.58724 0.387695 0.588542 0.385742 0.588542 0.384766 0.589844 0.380859 0.589844 0.380859 0.613281 0.383789 0.613281 0.385742 0.615885 0.386719 0.615885 0.388672 0.61849 0.389648 0.61849 0.390625 0.619792 0.391602 0.619792 0.393555 0.622396 0.394531 0.622396 0.395508 0.623698 0.396484 0.623698 0.397461 0.625 0.398438 0.625 0.399414 0.626302 0.400391 0.626302 0.401367 0.627604 0.40332 0.627604 0.404297 0.628906 0.40625 0.628906 0.407227 0.630208 0.40918 0.630208 0.410156 0.63151 0.411133 0.63151 0.412109 0.632812 0.414062 0.632812 0.415039 0.634115 0.419922 0.634115 0.420898 0.635417 0.499023 0.635417 0.5 0.636719 0.501953 0.636719 0.50293 0.638021 0.504883 0.638021 0.505859 0.639323 0.507812 0.639323 0.508789 0.640625 0.511719 0.640625 0.512695 0.641927 0.514648 0.641927 0.515625 0.643229 0.515625 0.647135 0.576172 0.647135 0.576172 0.643229 0.578125 0.640625 0.579102 0.640625 0.580078 0.639323 0.581055 0.639323 0.582031 0.638021 0.583008 0.638021 0.583984 0.636719 0.586914 0.636719 0.586914 0.606771 0.582031 0.606771 0.580078 0.604167 0.579102 0.604167 0.578125 0.602865 0.576172 0.602865 0.575195 0.601562 0.573242 0.601562 0.572266 0.60026 0.570312 0.60026 0.569336 0.598958 0.567383 0.598958 0.566406 0.597656 0.563477 0.597656 0.5625 0.596354 0.561523 0.596354 0.560547 0.595052 0.55957 0.595052 0.558594 0.59375 0.557617 0.59375 0.556641 0.592448 0.555664 0.592448 0.554688 0.591146 0.553711 0.591146 0.552734 0.589844 0.550781 0.589844 0.549805 0.588542 0.548828 0.588542 0.547852 0.58724 0.545898 0.58724 0.544922 0.585938 0.542969 0.585938 0.541992 0.584635 0.540039 0.584635 0.539062 0.583333 0.538086 0.583333 0.537109 0.582031 0.53418 0.582031 0.533203 0.580729 0.530273 0.580729 0.529297 0.579427 0.529297 0.575521 0.520508 0.575521 0.520508 0.579427 0.519531 0.580729 0.518555 0.580729 0.517578 0.582031 0.513672 0.582031 0.512695 0.583333 0.509766 0.583333 0.508789 0.584635 0.506836 0.584635 0.505859 0.585938 0.501953 0.585938 0.500977 0.58724 0.494141 0.58724 0.493164 0.585938 0.486328 0.585938 0.485352 0.584635 0.481445 0.584635 0.480469 0.583333 0.477539 0.583333 0.476562 0.582031 0.47168 0.582031 0.470703 0.580729 0.467773 0.580729 0.466797 0.579427 0.466797 0.575521
1 0.672852 0.190104 0.672852 0.19401 0.676758 0.19401 0.676758 0.188802 0.673828 0.188802 0.672852 0.190104 0.669922 0.186198 0.669922 0.182292 0.668945 0.18099 0.668945 0.178385 0.669922 0.177083 0.669922 0.171875 0.670898 0.170573 0.670898 0.151042 0.669922 0.14974 0.669922 0.148438 0.668945 0.147135 0.668945 0.145833 0.667969 0.144531 0.667969 0.143229 0.658203 0.130208 0.658203 0.128906 0.65625 0.126302 0.65625 0.123698 0.655273 0.122396 0.655273 0.121094 0.654297 0.119792 0.654297 0.11849 0.65332 0.117188 0.65332 0.115885 0.652344 0.114583 0.652344 0.111979 0.651367 0.110677 0.651367 0.108073 0.650391 0.106771 0.650391 0.0976562 0.649414 0.0963542 0.649414 0.0950521 0.650391 0.09375 0.650391 0.0846354 0.649414 0.0833333 0.649414 0.0807292 0.648438 0.0794271 0.648438 0.078125 0.645508 0.0742188 0.643555 0.0742188 0.641602 0.0716146 0.640625 0.0716146 0.638672 0.0690104 0.637695 0.0690104 0.630859 0.0598958 0.630859 0.0585938 0.629883 0.0585938 0.625977 0.0533854 0.625977 0.0494792 0.603516 0.0494792 0.603516 0.0911458 0.606445 0.0911458 0.613281 0.10026 0.613281 0.101562 0.615234 0.104167 0.615234 0.105469 0.618164 0.109375 0.618164 0.110677 0.620117 0.113281 0.620117 0.114583 0.62207 0.117188 0.62207 0.11849 0.624023 0.121094 0.624023 0.122396 0.625977 0.125 0.625977 0.126302 0.62793 0.128906 0.62793 0.130208 0.628906 0.13151 0.628906 0.132812 0.629883 0.134115 0.629883 0.135417 0.631836 0.138021 0.631836 0.139323 0.634766 0.143229 0.634766 0.144531 0.636719 0.147135 0.636719 0.148438 0.638672 0.151042 0.638672 0.152344 0.646484 0.16276 0.647461 0.16276 0.652344 0.169271 0.65332 0.169271 0.654297 0.170573 0.655273 0.170573 0.657227 0.173177 0.658203 0.173177 0.65918 0.174479 0.660156 0.174479 0.662109 0.177083 0.663086 0.177083 0.665039 0.179688 0.666016 0.179688 0.666992 0.18099 0.667969 0.18099 0.668945 0.182292 0.668945 0.183594 0.669922 0.184896 0.669922 0.186198
1 0.530273 0.356771 0.530273 0.361979 0.52832 0.364583 0.527344 0.364583 0.527344 0.365885 0.522461 0.372396 0.522461 0.373698 0.518555 0.378906 0.518555 0.380208 0.510742 0.390625 0.510742 0.391927 0.509766 0.393229 0.509766 0.394531 0.507812 0.397135 0.507812 0.398438 0.506836 0.39974 0.506836 0.401042 0.505859 0.402344 0.505859 0.403646 0.504883 0.404948 0.504883 0.40625 0.503906 0.407552 0.503906 0.408854 0.50293 0.410156 0.50293 0.411458 0.501953 0.41276 0.501953 0.414062 0.500977 0.415365 0.500977 0.417969 0.5 0.419271 0.5 0.420573 0.499023 0.421875 0.499023 0.423177 0.498047 0.424479 0.498047 0.425781 0.49707 0.427083 0.49707 0.428385 0.495117 0.43099 0.495117 0.432292 0.494141 0.433594 0.494141 0.434896 0.488281 0.442708 0.487305 0.442708 0.485352 0.445312 0.484375 0.445312 0.481445 0.449219 0.481445 0.450521 0.480469 0.451823 0.480469 0.453125 0.479492 0.454427 0.479492 0.460938 0.477539 0.463542 0.474609 0.463542 0.474609 0.498698 0.478516 0.498698 0.479492 0.5 0.480469 0.5 0.482422 0.502604 0.482422 0.50651 0.491211 0.50651 0.491211 0.502604 0.499023 0.492188 0.5 0.492188 0.501953 0.489583 0.50293 0.489583 0.503906 0.488281 0.504883 0.488281 0.505859 0.486979 0.506836 0.486979 0.508789 0.484375 0.508789 0.483073 0.509766 0.481771 0.509766 0.479167 0.510742 0.477865 0.510742 0.476562 0.512695 0.473958 0.513672 0.473958 0.520508 0.464844 0.521484 0.464844 0.524414 0.460938 0.525391 0.460938 0.526367 0.459635 0.527344 0.459635 0.529297 0.457031 0.530273 0.457031 0.53125 0.455729 0.532227 0.455729 0.53418 0.453125 0.535156 0.453125 0.536133 0.451823 0.537109 0.451823 0.538086 0.450521 0.539062 0.450521 0.541992 0.446615 0.541992 0.445312 0.544922 0.441406 0.544922 0.440104 0.545898 0.438802 0.545898 0.4375 0.547852 0.434896 0.547852 0.433594 0.549805 0.43099 0.549805 0.429688 0.552734 0.425781 0.552734 0.424479 0.553711 0.423177 0.553711 0.421875 0.555664 0.419271 0.555664 0.417969 0.557617 0.415365 0.557617 0.414062 0.558594 0.41276 0.558594 0.411458 0.560547 0.408854 0.560547 0.407552 0.561523 0.40625 0.561523 0.404948 0.5625 0.403646 0.5625 0.402344 0.564453 0.39974 0.567383 0.39974 0.567383 0.373698 0.564453 0.373698 0.563477 0.372396 0.563477 0.371094 0.5625 0.369792 0.5625 0.367188 0.561523 0.365885 0.561523 0.364583 0.560547 0.363281 0.560547 0.356771
1 0.742188 0.580729 0.742188 0.585938 0.735352 0.595052 0.732422 0.595052 0.732422 0.617188 0.735352 0.617188 0.738281 0.621094 0.739258 0.621094 0.740234 0.622396 0.740234 0.623698 0.748047 0.634115 0.749023 0.634115 0.750977 0.636719 0.751953 0.636719 0.753906 0.639323 0.754883 0.639323 0.755859 0.640625 0.757812 0.640625 0.758789 0.641927 0.760742 0.641927 0.761719 0.643229 0.763672 0.643229 0.764648 0.644531 0.769531 0.644531 0.770508 0.645833 0.782227 0.645833 0.783203 0.644531 0.786133 0.644531 0.787109 0.643229 0.80957 0.643229 0.810547 0.644531 0.823242 0.644531 0.824219 0.645833 0.84082 0.645833 0.841797 0.647135 0.84668 0.647135 0.847656 0.648438 0.857422 0.648438 0.858398 0.64974 0.865234 0.64974 0.866211 0.651042 0.87207 0.651042 0.873047 0.652344 0.875 0.652344 0.875977 0.653646 0.875977 0.657552 0.890625 0.657552 0.890625 0.653646 0.891602 0.652344 0.892578 0.652344 0.893555 0.651042 0.894531 0.651042 0.895508 0.64974 0.896484 0.64974 0.897461 0.648438 0.898438 0.648438 0.899414 0.647135 0.900391 0.647135 0.901367 0.645833 0.902344 0.645833 0.90332 0.644531 0.90625 0.644531 0.907227 0.643229 0.910156 0.643229 0.911133 0.641927 0.915039 0.641927 0.915039 0.640625 0.912109 0.640625 0.911133 0.639323 0.911133 0.638021 0.908203 0.634115 0.908203 0.632812 0.904297 0.627604 0.904297 0.626302 0.900391 0.621094 0.900391 0.619792 0.892578 0.609375 0.891602 0.609375 0.889648 0.606771 0.888672 0.606771 0.887695 0.605469 0.886719 0.605469 0.885742 0.604167 0.884766 0.604167 0.883789 0.602865 0.881836 0.602865 0.880859 0.601562 0.873047 0.601562 0.87207 0.60026 0.865234 0.60026 0.864258 0.598958 0.84668 0.598958 0.845703 0.597656 0.835938 0.597656 0.834961 0.596354 0.832031 0.596354 0.831055 0.595052 0.828125 0.595052 0.827148 0.59375 0.822266 0.59375 0.821289 0.592448 0.811523 0.592448 0.810547 0.591146 0.806641 0.591146 0.805664 0.589844 0.803711 0.589844 0.802734 0.588542 0.800781 0.588542 0.799805 0.58724 0.795898 0.58724 0.794922 0.585938 0.792969 0.585938 0.791992 0.584635 0.791992 0.580729
0 0.176758 0.0703125 0.176758 0.0742188 0.174805 0.0768229 0.173828 0.0768229 0.172852 0.078125 0.171875 0.078125 0.170898 0.0794271 0.168945 0.0794271 0.167969 0.0807292 0.166016 0.0807292 0.165039 0.0820312 0.163086 0.0820312 0.162109 0.0833333 0.15918 0.0833333 0.158203 0.0846354 0.15625 0.0846354 0.155273 0.0859375 0.154297 0.0859375 0.15332 0.0872396 0.151367 0.0872396 0.150391 0.0885417 0.148438 0.0885417 0.147461 0.0898438 0.146484 0.0898438 0.145508 0.0911458 0.143555 0.0911458 0.142578 0.0924479 0.140625 0.0924479 0.139648 0.09375 0.137695 0.09375 0.136719 0.0950521 0.135742 0.0950521 0.134766 0.0963542 0.133789 0.0963542 0.132812 0.0976562 0.131836 0.0976562 0.130859 0.0989583 0.129883 0.0989583 0.12793 0.101562 0.126953 0.101562 0.125 0.104167 0.124023 0.104167 0.121094 0.108073 0.120117 0.108073 0.116211 0.113281 0.115234 0.113281 0.111328 0.11849 0.110352 0.11849 0.109375 0.119792 0.107422 0.119792 0.106445 0.121094 0.105469 0.121094 0.104492 0.122396 0.102539 0.122396 0.101562 0.123698 0.0996094 0.123698 0.0986328 0.125 0.0976562 0.125 0.0966797 0.126302 0.0957031 0.126302 0.0947266 0.127604 0.0927734 0.127604 0.0917969 0.128906 0.0898438 0.128906 0.0888672 0.130208 0.0878906 0.130208 0.0869141 0.13151 0.0859375 0.13151 0.0849609 0.132812 0.0839844 0.132812 0.0820312 0.135417 0.0810547 0.135417 0.0791016 0.138021 0.078125 0.138021 0.0771484 0.139323 0.0761719 0.139323 0.0751953 0.140625 0.0732422 0.140625 0.0722656 0.141927 0.0703125 0.141927 0.0693359 0.143229 0.0673828 0.143229 0.0664062 0.144531 0.0634766 0.144531 0.0625 0.145833 0.0605469 0.145833 0.0595703 0.147135 0.0585938 0.147135 0.0576172 0.148438 0.0556641 0.148438 0.0546875 0.14974 0.0527344 0.14974 0.0517578 0.151042 0.0498047 0.151042 0.0488281 0.152344 0.046875 0.152344 0.0458984 0.153646 0.0429688 0.153646 0.0419922 0.154948 0.0390625 0.154948 0.0380859 0.15625 0.0361328 0.15625 0.0351562 0.157552 0.0341797 0.157552 0.0332031 0.158854 0.0322266 0.158854 0.03125 0.160156 0.0292969 0.160156 0.0283203 0.161458 0.0263672 0.161458 0.0253906 0.16276 0.0244141 0.16276 0.0234375 0.164062 0.0214844 0.164062 0.0205078 0.165365 0.0185547 0.165365 0.0175781 0.166667 0.0146484 0.166667 0.0136719 0.167969 0.0117188 0.167969 0.0107422 0.169271 0.00878906 0.169271 0.0078125 0.170573 0.00390625 0.170573 0.00292969 0.171875 0 0.171875 0 0.286458 0.00292969 0.286458 0.00390625 0.285156 0.00585938 0.285156 0.00683594 0.283854 0.00976562 0.283854 0.0107422 0.282552 0.0117188 0.282552 0.0126953 0.28125 0.015625 0.28125 0.0166016 0.279948 0.0185547 0.279948 0.0195312 0.278646 0.0214844 0.278646 0.0224609 0.277344 0.0234375 0.277344 0.0244141 0.276042 0.0253906 0.276042 0.0263672 0.27474 0.0273438 0.27474 0.0283203 0.273438 0.0302734 0.273438 0.03125 0.272135 0.0322266 0.272135 0.0332031 0.270833 0.0341797 0.270833 0.0351562 0.269531 0.0371094 0.269531 0.0380859 0.268229 0.0400391 0.268229 0.0410156 0.266927 0.0429688 0.266927 0.0439453 0.265625 0.0449219 0.265625 0.0458984 0.264323 0.0478516 0.264323 0.0488281 0.263021 0.0507812 0.263021 0.0517578 0.261719 0.0537109 0.261719 0.0546875 0.260417 0.0566406 0.260417 0.0576172 0.259115 0.0595703 0.259115 0.0605469 0.257812 0.0625 0.257812 0.0634766 0.25651 0.0644531 0.25651 0.0654297 0.255208 0.0664062 0.255208 0.0693359 0.251302 0.0703125 0.251302 0.0751953 0.244792 0.0761719 0.244792 0.078125 0.242188 0.0791016 0.242188 0.0800781 0.240885 0.0810547 0.240885 0.0820312 0.239583 0.0830078 0.239583 0.0839844 0.238281 0.0849609 0.238281 0.0859375 0.236979 0.0878906 0.236979 0.0888672 0.235677 0.0898438 0.235677 0.0908203 0.234375 0.0917969 0.234375 0.0927734 0.233073 0.0947266 0.233073 0.0957031 0.231771 0.0966797 0.231771 0.0976562 0.230469 0.0986328 0.230469 0.0996094 0.229167 0.101562 0.229167 0.102539 0.227865 0.103516 0.227865 0.104492 0.226562 0.106445 0.226562 0.107422 0.22526 0.109375 0.22526 0.110352 0.223958 0.113281 0.223958 0.114258 0.222656 0.117188 0.222656 0.118164 0.221354 0.120117 0.221354 0.121094 0.220052 0.123047 0.220052 0.124023 0.21875 0.125977 0.21875 0.126953 0.217448 0.12793 0.217448 0.128906 0.216146 0.129883 0.216146 0.132812 0.21224 0.133789 0.21224 0.135742 0.209635 0.136719 0.209635 0.138672 0.207031 0.139648 0.207031 0.140625 0.205729 0.142578 0.205729 0.144531 0.203125 0.145508 0.203125 0.146484 0.201823 0.148438 0.201823 0.149414 0.200521 0.151367 0.200521 0.152344 0.199219 0.15332 0.199219 0.154297 0.197917 0.15625 0.197917 0.157227 0.196615 0.15918 0.196615 0.160156 0.195312 0.161133 0.195312 0.162109 0.19401 0.164062 0.19401 0.165039 0.192708 0.166016 0.192708 0.166992 0.191406 0.167969 0.191406 0.168945 0.190104 0.170898 0.190104 0.171875 0.188802 0.172852 0.188802 0.173828 0.1875 0.175781 0.1875 0.176758 0.186198 0.177734 0.186198 0.178711 0.184896 0.179688 0.184896 0.180664 0.183594 0.181641 0.183594 0.182617 0.182292 0.183594 0.182292 0.185547 0.179688 0.186523 0.179688 0.188477 0.177083 0.189453 0.177083 0.195312 0.169271 0.196289 0.169271 0.200195 0.164062 0.201172 0.164062 0.203125 0.161458 0.204102 0.161458 0.206055 0.158854 0.207031 0.158854 0.208984 0.15625 0.209961 0.15625 0.214844 0.14974 0.21582 0.14974 0.229492 0.13151 0.229492 0.130208 0.234375 0.123698 0.234375 0.122396 0.238281 0.117188 0.238281 0.115885 0.240234 0.113281 0.243164 0.113281 0.243164 0.0950521 0.240234 0.0950521 0.239258 0.09375 0.238281 0.09375 0.236328 0.0911458 0.235352 0.0911458 0.233398 0.0885417 0.232422 0.0885417 0.230469 0.0859375 0.229492 0.0859375 0.227539 0.0833333 0.226562 0.0833333 0.223633 0.0794271 0.222656 0.0794271 0.220703 0.0768229 0.219727 0.0768229 0.21875 0.0755208 0.21875 0.0703125
1 0.733398 0.0442708 0.733398 0.0481771 0.731445 0.0507812 0.730469 0.0507812 0.728516 0.0533854 0.724609 0.0533854 0.724609 0.169271 0.727539 0.169271 0.729492 0.171875 0.729492 0.173177 0.734375 0.179688 0.734375 0.18099 0.735352 0.182292 0.736328 0.182292 0.737305 0.18099 0.739258 0.18099 0.740234 0.179688 0.741211 0.179688 0.742188 0.178385 0.743164 0.178385 0.75 0.169271 0.750977 0.169271 0.75293 0.166667 0.75293 0.165365 0.755859 0.161458 0.755859 0.160156 0.758789 0.15625 0.758789 0.154948 0.761719 0.151042 0.761719 0.14974 0.763672 0.147135 0.766602 0.147135 0.766602 0.121094 0.763672 0.121094 0.762695 0.119792 0.762695 0.113281 0.761719 0.111979 0.761719 0.0885417 0.762695 0.0872396 0.762695 0.0729167 0.761719 0.0716146 0.761719 0.0664062 0.760742 0.0651042 0.760742 0.0625 0.759766 0.0611979 0.759766 0.0585938 0.758789 0.0572917 0.758789 0.0546875 0.757812 0.0533854 0.757812 0.0507812 0.756836 0.0494792 0.756836 0.0442708
1 0.592773 0.622396 0.592773 0.626302 0.591797 0.627604 0.591797 0.630208 0.589844 0.632812 0.589844 0.634115 0.586914 0.638021 0.586914 0.639323 0.585938 0.640625 0.585938 0.645833 0.584961 0.647135 0.584961 0.652344 0.583984 0.653646 0.583984 0.65625 0.583008 0.657552 0.583008 0.660156 0.582031 0.661458 0.582031 0.66276 0.581055 0.664062 0.581055 0.665365 0.579102 0.667969 0.576172 0.667969 0.576172 0.722656 0.580078 0.722656 0.583008 0.726562 0.583984 0.726562 0.584961 0.727865 0.586914 0.727865 0.587891 0.729167 0.589844 0.729167 0.59082 0.730469 0.592773 0.730469 0.59375 0.731771 0.59375 0.735677 0.597656 0.735677 0.597656 0.731771 0.598633 0.730469 0.601562 0.730469 0.602539 0.729167 0.603516 0.729167 0.606445 0.72526 0.606445 0.722656 0.607422 0.721354 0.607422 0.71875 0.608398 0.717448 0.608398 0.71224 0.609375 0.710938 0.609375 0.707031 0.610352 0.705729 0.610352 0.701823 0.611328 0.700521 0.611328 0.697917 0.612305 0.696615 0.612305 0.69401 0.613281 0.692708 0.613281 0.690104 0.614258 0.688802 0.614258 0.684896 0.615234 0.683594 0.615234 0.68099 0.616211 0.679688 0.616211 0.675781 0.617188 0.674479 0.617188 0.670573 0.618164 0.669271 0.618164 0.665365 0.619141 0.664062 0.619141 0.661458 0.620117 0.660156 0.620117 0.65625 0.621094 0.654948 0.621094 0.651042 0.62207 0.64974 0.62207 0.648438 0.623047 0.647135 0.625977 0.647135 0.625977 0.63151 0.623047 0.63151 0.620117 0.627604 0.620117 0.622396
1 0.708008 0.627604 0.708008 0.63151 0.704102 0.636719 0.703125 0.636719 0.702148 0.638021 0.700195 0.638021 0.698242 0.640625 0.697266 0.640625 0.696289 0.641927 0.696289 0.643229 0.695312 0.644531 0.695312 0.645833 0.693359 0.648438 0.693359 0.651042 0.692383 0.652344 0.692383 0.65625 0.691406 0.657552 0.691406 0.658854 0.681641 0.671875 0.680664 0.671875 0.679688 0.673177 0.679688 0.674479 0.674805 0.68099 0.674805 0.682292 0.672852 0.684896 0.672852 0.686198 0.670898 0.688802 0.670898 0.690104 0.668945 0.692708 0.666016 0.692708 0.666016 0.722656 0.669922 0.722656 0.670898 0.723958 0.671875 0.723958 0.672852 0.72526 0.673828 0.72526 0.674805 0.726562 0.674805 0.730469 0.689453 0.730469 0.689453 0.726562 0.69043 0.72526 0.692383 0.72526 0.693359 0.723958 0.697266 0.723958 0.698242 0.722656 0.700195 0.722656 0.701172 0.721354 0.702148 0.721354 0.703125 0.720052 0.704102 0.720052 0.705078 0.71875 0.706055 0.71875 0.707031 0.717448 0.708008 0.717448 0.710938 0.713542 0.711914 0.713542 0.71582 0.708333 0.716797 0.708333 0.719727 0.704427 0.720703 0.704427 0.723633 0.700521 0.723633 0.699219 0.727539 0.69401 0.727539 0.692708 0.729492 0.690104 0.729492 0.688802 0.730469 0.6875 0.730469 0.686198 0.731445 0.684896 0.731445 0.683594 0.732422 0.682292 0.732422 0.68099 0.733398 0.679688 0.733398 0.678385 0.734375 0.677083 0.734375 0.675781 0.735352 0.674479 0.735352 0.673177 0.736328 0.671875 0.736328 0.669271 0.737305 0.667969 0.737305 0.665365 0.738281 0.664062 0.738281 0.660156 0.739258 0.658854 0.739258 0.653646 0.740234 0.652344 0.740234 0.647135 0.741211 0.645833 0.741211 0.644531 0.742188 0.643229 0.742188 0.641927 0.743164 0.640625 0.743164 0.638021 0.738281 0.63151 0.738281 0.627604
1 0.25 0.0911458 0.25 0.0963542 0.248047 0.0989583 0.248047 0.10026 0.24707 0.101562 0.24707 0.102865 0.246094 0.104167 0.246094 0.106771 0.244141 0.109375 0.244141 0.110677 0.243164 0.111979 0.243164 0.113281 0.242188 0.114583 0.242188 0.115885 0.238281 0.121094 0.238281 0.122396 0.236328 0.125 0.236328 0.126302 0.228516 0.136719 0.228516 0.138021 0.226562 0.140625 0.225586 0.140625 0.222656 0.144531 0.222656 0.145833 0.219727 0.14974 0.21875 0.14974 0.214844 0.154948 0.213867 0.154948 0.209961 0.160156 0.208984 0.160156 0.208008 0.161458 0.205078 0.161458 0.205078 0.191406 0.208008 0.191406 0.208984 0.192708 0.209961 0.192708 0.210938 0.19401 0.211914 0.19401 0.214844 0.197917 0.21582 0.197917 0.217773 0.200521 0.217773 0.204427 0.229492 0.204427 0.229492 0.200521 0.231445 0.197917 0.232422 0.197917 0.234375 0.195312 0.235352 0.195312 0.236328 0.19401 0.237305 0.19401 0.238281 0.192708 0.239258 0.192708 0.241211 0.190104 0.242188 0.190104 0.243164 0.188802 0.244141 0.188802 0.245117 0.1875 0.246094 0.1875 0.248047 0.184896 0.249023 0.184896 0.250977 0.182292 0.251953 0.182292 0.254883 0.178385 0.255859 0.178385 0.264648 0.166667 0.265625 0.166667 0.270508 0.160156 0.271484 0.160156 0.27832 0.151042 0.27832 0.14974 0.280273 0.147135 0.280273 0.145833 0.282227 0.143229 0.282227 0.141927 0.283203 0.140625 0.283203 0.139323 0.28418 0.138021 0.28418 0.136719 0.285156 0.135417 0.285156 0.132812 0.286133 0.13151 0.286133 0.130208 0.287109 0.128906 0.287109 0.126302 0.291016 0.121094 0.293945 0.121094 0.293945 0.0989583 0.291016 0.0989583 0.289062 0.0963542 0.289062 0.0911458
1 0.634766 0.539062 0.634766 0.571615 0.638672 0.571615 0.639648 0.572917 0.641602 0.572917 0.642578 0.574219 0.644531 0.574219 0.645508 0.575521 0.647461 0.575521 0.648438 0.576823 0.649414 0.576823 0.650391 0.578125 0.651367 0.578125 0.652344 0.579427 0.655273 0.579427 0.65625 0.580729 0.658203 0.580729 0.65918 0.582031 0.660156 0.582031 0.661133 0.583333 0.662109 0.583333 0.663086 0.584635 0.666016 0.584635 0.666992 0.585938 0.669922 0.585938 0.670898 0.58724 0.673828 0.58724 0.674805 0.588542 0.677734 0.588542 0.678711 0.589844 0.681641 0.589844 0.682617 0.591146 0.685547 0.591146 0.686523 0.592448 0.688477 0.592448 0.689453 0.59375 0.69043 0.59375 0.691406 0.595052 0.693359 0.595052 0.694336 0.596354 0.698242 0.596354 0.699219 0.597656 0.701172 0.597656 0.702148 0.598958 0.705078 0.598958 0.706055 0.60026 0.707031 0.60026 0.708008 0.601562 0.708008 0.605469 0.726562 0.605469 0.726562 0.601562 0.730469 0.596354 0.730469 0.595052 0.733398 0.591146 0.733398 0.588542 0.734375 0.58724 0.734375 0.576823 0.733398 0.575521 0.733398 0.574219 0.727539 0.566406 0.726562 0.566406 0.723633 0.5625 0.722656 0.5625 0.72168 0.561198 0.720703 0.561198 0.719727 0.559896 0.71875 0.559896 0.717773 0.558594 0.716797 0.558594 0.71582 0.557292 0.713867 0.557292 0.712891 0.55599 0.709961 0.55599 0.708984 0.554688 0.706055 0.554688 0.705078 0.553385 0.702148 0.553385 0.701172 0.552083 0.697266 0.552083 0.696289 0.550781 0.692383 0.550781 0.691406 0.549479 0.688477 0.549479 0.6875 0.548177 0.685547 0.548177 0.68457 0.546875 0.681641 0.546875 0.680664 0.545573 0.678711 0.545573 0.677734 0.544271 0.676758 0.544271 0.675781 0.542969 0.675781 0.539062
1 0.484375 0.00260417 0.484375 0.00651042 0.485352 0.00651042 0.486328 0.0078125 0.487305 0.0078125 0.490234 0.0117188 0.491211 0.0117188 0.492188 0.0130208 0.494141 0.0130208 0.49707 0.0169271 0.499023 0.0169271 0.5 0.0182292 0.501953 0.0182292 0.50293 0.0195312 0.503906 0.0195312 0.504883 0.0208333 0.506836 0.0208333 0.507812 0.0221354 0.510742 0.0221354 0.511719 0.0234375 0.518555 0.0234375 0.519531 0.0247396 0.525391 0.0247396 0.526367 0.0260417 0.529297 0.0260417 0.530273 0.0273438 0.532227 0.0273438 0.533203 0.0286458 0.538086 0.0286458 0.539062 0.0299479 0.548828 0.0299479 0.549805 0.03125 0.553711 0.03125 0.554688 0.0325521 0.557617 0.0325521 0.558594 0.0338542 0.561523 0.0338542 0.5625 0.0351562 0.56543 0.0351562 0.566406 0.0364583 0.569336 0.0364583 0.570312 0.0377604 0.575195 0.0377604 0.576172 0.0390625 0.585938 0.0390625 0.586914 0.0403646 0.594727 0.0403646 0.595703 0.0416667 0.601562 0.0416667 0.602539 0.0429688 0.605469 0.0429688 0.606445 0.0442708 0.610352 0.0442708 0.611328 0.0455729 0.616211 0.0455729 0.617188 0.046875 0.623047 0.046875 0.624023 0.0481771 0.62793 0.0481771 0.628906 0.0494792 0.632812 0.0494792 0.633789 0.0507812 0.640625 0.0507812 0.641602 0.0520833 0.650391 0.0520833 0.651367 0.0533854 0.65332 0.0533854 0.654297 0.0546875 0.654297 0.0585938 0.711914 0.0585938 0.711914 0.0546875 0.713867 0.0520833 0.720703 0.0520833 0.72168 0.0507812 0.728516 0.0507812 0.729492 0.0494792 0.734375 0.0494792 0.735352 0.0481771 0.740234 0.0481771 0.741211 0.046875 0.745117 0.046875 0.746094 0.0455729 0.749023 0.0455729 0.75 0.0442708 0.751953 0.0442708 0.75293 0.0429688 0.753906 0.0429688 0.754883 0.0416667 0.756836 0.0416667 0.757812 0.0403646 0.758789 0.0403646 0.759766 0.0390625 0.761719 0.0390625 0.762695 0.0377604 0.763672 0.0377604 0.765625 0.0351562 0.766602 0.0351562 0.767578 0.0338542 0.768555 0.0338542 0.769531 0.0325521 0.770508 0.0325521 0.772461 0.0299479 0.773438 0.0299479 0.774414 0.0286458 0.775391 0.0286458 0.776367 0.0273438 0.777344 0.0273438 0.782227 0.0208333 0.786133 0.0208333 0.786133 0.00260417
1 0.984375 0.558594 0.983398 0.559896 0.983398 0.563802 0.989258 0.563802 0.989258 0.557292 0.986328 0.557292 0.985352 0.558594 0.984375 0.558594 0.977539 0.546875 0.977539 0.545573 0.979492 0.542969 0.979492 0.540365 0.980469 0.539062 0.980469 0.536458 0.981445 0.535156 0.981445 0.53125 0.982422 0.529948 0.982422 0.526042 0.983398 0.52474 0.983398 0.520833 0.984375 0.519531 0.984375 0.515625 0.986328 0.513021 0.989258 0.513021 0.989258 0.470052 0.986328 0.470052 0.985352 0.46875 0.985352 0.466146 0.984375 0.464844 0.984375 0.459635 0.983398 0.458333 0.983398 0.457031 0.982422 0.455729 0.982422 0.454427 0.981445 0.453125 0.981445 0.451823 0.979492 0.449219 0.979492 0.445312 0.960938 0.445312 0.960938 0.455729 0.959961 0.457031 0.959961 0.460938 0.958984 0.46224 0.958984 0.466146 0.957031 0.46875 0.957031 0.470052 0.956055 0.471354 0.956055 0.473958 0.955078 0.47526 0.955078 0.483073 0.954102 0.484375 0.953125 0.484375 0.952148 0.483073 0.947266 0.483073 0.947266 0.550781 0.950195 0.550781 0.953125 0.554688 0.953125 0.55599 0.955078 0.558594 0.955078 0.563802 0.964844 0.563802 0.964844 0.559896 0.966797 0.557292 0.967773 0.557292 0.96875 0.55599 0.969727 0.55599 0.972656 0.552083 0.973633 0.552083 0.977539 0.546875
1 0.709961 0.710938 0.709961 0.716146 0.707031 0.720052 0.707031 0.721354 0.704102 0.72526 0.704102 0.726562 0.702148 0.729167 0.702148 0.730469 0.701172 0.731771 0.701172 0.733073 0.700195 0.734375 0.697266 0.734375 0.697266 0.830729 0.700195 0.830729 0.702148 0.833333 0.702148 0.83724 0.703125 0.838542 0.703125 0.841146 0.704102 0.842448 0.704102 0.84375 0.706055 0.846354 0.706055 0.847656 0.708008 0.85026 0.708008 0.851562 0.717773 0.864583 0.71875 0.864583 0.720703 0.867188 0.72168 0.867188 0.722656 0.86849 0.723633 0.86849 0.724609 0.869792 0.725586 0.869792 0.727539 0.872396 0.727539 0.876302 0.732422 0.876302 0.732422 0.872396 0.736328 0.867188 0.736328 0.861979 0.737305 0.860677 0.737305 0.858073 0.738281 0.856771 0.738281 0.855469 0.739258 0.854167 0.740234 0.854167 0.744141 0.848958 0.744141 0.847656 0.745117 0.846354 0.745117 0.842448 0.746094 0.841146 0.746094 0.835938 0.745117 0.834635 0.745117 0.825521 0.746094 0.824219 0.746094 0.822917 0.74707 0.821615 0.74707 0.820312 0.748047 0.81901 0.750977 0.81901 0.750977 0.782552 0.748047 0.782552 0.74707 0.78125 0.74707 0.770833 0.746094 0.769531 0.746094 0.744792 0.745117 0.74349 0.745117 0.736979 0.744141 0.735677 0.744141 0.734375 0.743164 0.733073 0.743164 0.731771 0.741211 0.729167 0.741211 0.727865 0.736328 0.721354 0.736328 0.720052 0.733398 0.716146 0.733398 0.710938
1 0.921875 0.377604 0.921875 0.38151 0.920898 0.382812 0.920898 0.384115 0.915039 0.391927 0.912109 0.391927 0.912109 0.447917 0.915039 0.447917 0.916016 0.449219 0.916016 0.450521 0.916992 0.451823 0.916992 0.453125 0.917969 0.454427 0.917969 0.457031 0.918945 0.458333 0.918945 0.459635 0.919922 0.460938 0.919922 0.46224 0.920898 0.463542 0.920898 0.464844 0.921875 0.466146 0.921875 0.46875 0.922852 0.470052 0.922852 0.473958 0.923828 0.47526 0.923828 0.484375 0.924805 0.485677 0.924805 0.49349 0.925781 0.494792 0.925781 0.501302 0.926758 0.502604 0.926758 0.507812 0.927734 0.509115 0.927734 0.510417 0.928711 0.511719 0.928711 0.513021 0.929688 0.514323 0.929688 0.516927 0.930664 0.518229 0.930664 0.520833 0.931641 0.522135 0.931641 0.527344 0.932617 0.528646 0.932617 0.53125 0.933594 0.532552 0.933594 0.53776 0.948242 0.53776 0.948242 0.532552 0.949219 0.53125 0.949219 0.528646 0.950195 0.527344 0.950195 0.526042 0.951172 0.52474 0.951172 0.522135 0.952148 0.520833 0.952148 0.519531 0.953125 0.518229 0.953125 0.515625 0.954102 0.514323 0.954102 0.510417 0.955078 0.509115 0.956055 0.509115 0.958008 0.50651 0.959961 0.509115 0.959961 0.518229 0.958984 0.519531 0.958984 0.52474 0.958008 0.526042 0.958008 0.53125 0.957031 0.532552 0.957031 0.53776 0.96582 0.53776 0.96582 0.41276 0.962891 0.41276 0.961914 0.411458 0.961914 0.408854 0.960938 0.407552 0.960938 0.393229 0.958008 0.389323 0.957031 0.389323 0.955078 0.386719 0.954102 0.386719 0.953125 0.385417 0.952148 0.385417 0.951172 0.384115 0.950195 0.384115 0.949219 0.382812 0.949219 0.377604
1 0.416992 0 0.416992 0.00130208 0.418945 0.00390625 0.418945 0.00651042 0.422852 0.0117188 0.423828 0.0117188 0.431641 0.0221354 0.432617 0.0221354 0.43457 0.0247396 0.435547 0.0247396 0.436523 0.0260417 0.4375 0.0260417 0.439453 0.0286458 0.44043 0.0286458 0.441406 0.0299479 0.442383 0.0299479 0.443359 0.03125 0.444336 0.03125 0.445312 0.0325521 0.446289 0.0325521 0.447266 0.0338542 0.448242 0.0338542 0.450195 0.0364583 0.451172 0.0364583 0.452148 0.0377604 0.453125 0.0377604 0.454102 0.0390625 0.455078 0.0390625 0.456055 0.0403646 0.457031 0.0403646 0.458008 0.0416667 0.458984 0.0416667 0.459961 0.0429688 0.460938 0.0429688 0.461914 0.0442708 0.463867 0.0442708 0.464844 0.0455729 0.466797 0.0455729 0.467773 0.046875 0.46875 0.046875 0.469727 0.0481771 0.47168 0.0481771 0.472656 0.0494792 0.476562 0.0494792 0.477539 0.0507812 0.484375 0.0507812 0.485352 0.0520833 0.490234 0.0520833 0.491211 0.0507812 0.49707 0.0507812 0.498047 0.0494792 0.499023 0.0494792 0.500977 0.046875 0.501953 0.046875 0.504883 0.0429688 0.504883 0.0403646 0.505859 0.0390625 0.505859 0.0364583 0.506836 0.0351562 0.506836 0.0299479 0.505859 0.0286458 0.505859 0.0273438 0.500977 0.0208333 0.5 0.0208333 0.498047 0.0182292 0.49707 0.0182292 0.496094 0.0169271 0.494141 0.0169271 0.493164 0.015625 0.491211 0.015625 0.490234 0.0143229 0.488281 0.0143229 0.487305 0.0130208 0.485352 0.0130208 0.484375 0.0117188 0.482422 0.0117188 0.481445 0.0104167 0.480469 0.0104167 0.479492 0.00911458 0.478516 0.00911458 0.477539 0.0078125 0.475586 0.0078125 0.473633 0.00520833 0.47168 0.00520833 0.470703 0.00390625 0.46875 0.00390625 0.466797 0.00130208 0.466797 0
1 0.558594 0.497396 0.558594 0.501302 0.553711 0.507812 0.552734 0.507812 0.549805 0.511719 0.549805 0.513021 0.548828 0.514323 0.548828 0.515625 0.547852 0.516927 0.544922 0.516927 0.544922 0.522135 0.547852 0.522135 0.549805 0.52474 0.549805 0.526042 0.550781 0.526042 0.551758 0.527344 0.556641 0.527344 0.557617 0.528646 0.558594 0.528646 0.560547 0.53125 0.561523 0.53125 0.5625 0.532552 0.563477 0.532552 0.564453 0.533854 0.566406 0.533854 0.568359 0.536458 0.569336 0.536458 0.570312 0.53776 0.573242 0.53776 0.574219 0.539062 0.578125 0.539062 0.579102 0.540365 0.580078 0.540365 0.581055 0.541667 0.582031 0.541667 0.583008 0.542969 0.583984 0.542969 0.585938 0.545573 0.586914 0.545573 0.587891 0.546875 0.588867 0.546875 0.589844 0.548177 0.59082 0.548177 0.591797 0.549479 0.592773 0.549479 0.59375 0.550781 0.594727 0.550781 0.595703 0.552083 0.59668 0.552083 0.597656 0.553385 0.599609 0.553385 0.600586 0.554688 0.602539 0.554688 0.603516 0.55599 0.605469 0.55599 0.606445 0.557292 0.610352 0.557292 0.611328 0.558594 0.616211 0.558594 0.617188 0.559896 0.620117 0.559896 0.621094 0.561198 0.62207 0.561198 0.624023 0.563802 0.625 0.563802 0.62793 0.567708 0.628906 0.567708 0.629883 0.56901 0.630859 0.56901 0.631836 0.570312 0.633789 0.570312 0.634766 0.571615 0.636719 0.571615 0.637695 0.572917 0.639648 0.572917 0.640625 0.574219 0.643555 0.574219 0.644531 0.575521 0.646484 0.575521 0.647461 0.576823 0.648438 0.576823 0.649414 0.578125 0.651367 0.578125 0.652344 0.579427 0.654297 0.579427 0.655273 0.580729 0.657227 0.580729 0.658203 0.582031 0.660156 0.582031 0.661133 0.583333 0.662109 0.583333 0.663086 0.584635 0.665039 0.584635 0.666016 0.585938 0.669922 0.585938 0.670898 0.58724 0.673828 0.58724 0.674805 0.588542 0.676758 0.588542 0.677734 0.589844 0.680664 0.589844 0.681641 0.591146 0.68457 0.591146 0.685547 0.592448 0.6875 0.592448 0.688477 0.59375 0.689453 0.59375 0.69043 0.595052 0.692383 0.595052 0.693359 0.596354 0.696289 0.596354 0.697266 0.597656 0.700195 0.597656 0.701172 0.598958 0.703125 0.598958 0.705078 0.601562 0.705078 0.605469 0.727539 0.605469 0.727539 0.60026 0.733398 0.592448 0.733398 0.591146 0.734375 0.589844 0.734375 0.58724 0.735352 0.585938 0.735352 0.580729 0.734375 0.579427 0.734375 0.575521 0.726562 0.565104 0.725586 0.565104 0.723633 0.5625 0.722656 0.5625 0.72168 0.561198 0.719727 0.561198 0.71875 0.559896 0.717773 0.559896 0.716797 0.558594 0.71582 0.558594 0.714844 0.557292 0.712891 0.557292 0.711914 0.55599 0.709961 0.55599 0.708984 0.554688 0.705078 0.554688 0.704102 0.553385 0.701172 0.553385 0.700195 0.552083 0.696289 0.552083 0.695312 0.550781 0.691406 0.550781 0.69043 0.549479 0.6875 0.549479 0.686523 0.548177 0.685547 0.548177 0.68457 0.546875 0.681641 0.546875 0.680664 0.545573 0.677734 0.545573 0.676758 0.544271 0.674805 0.544271 0.673828 0.542969 0.672852 0.542969 0.671875 0.541667 0.669922 0.541667 0.668945 0.540365 0.664062 0.540365 0.663086 0.539062 0.658203 0.539062 0.657227 0.53776 0.649414 0.53776 0.648438 0.536458 0.646484 0.536458 0.645508 0.53776 0.637695 0.53776 0.636719 0.536458 0.633789 0.536458 0.630859 0.532552 0.629883 0.532552 0.625977 0.527344 0.625 0.527344 0.623047 0.52474 0.62207 0.52474 0.621094 0.523438 0.619141 0.523438 0.615234 0.518229 0.615234 0.516927 0.614258 0.515625 0.614258 0.514323 0.612305 0.511719 0.611328 0.511719 0.609375 0.509115 0.608398 0.509115 0.606445 0.50651 0.604492 0.50651 0.603516 0.505208 0.602539 0.505208 0.599609 0.501302 0.599609 0.497396
1 0.130859 0.830729 0.130859 0.847656 0.133789 0.847656 0.134766 0.848958 0.135742 0.848958 0.137695 0.851562 0.138672 0.851562 0.139648 0.852865 0.141602 0.852865 0.142578 0.854167 0.143555 0.854167 0.144531 0.855469 0.146484 0.855469 0.147461 0.856771 0.149414 0.856771 0.150391 0.858073 0.151367 0.858073 0.152344 0.859375 0.154297 0.859375 0.155273 0.860677 0.15625 0.860677 0.157227 0.861979 0.158203 0.861979 0.15918 0.863281 0.160156 0.863281 0.163086 0.867188 0.164062 0.867188 0.166992 0.871094 0.167969 0.871094 0.169922 0.873698 0.170898 0.873698 0.171875 0.875 0.172852 0.875 0.173828 0.876302 0.174805 0.876302 0.175781 0.877604 0.177734 0.877604 0.178711 0.878906 0.179688 0.878906 0.180664 0.880208 0.181641 0.880208 0.182617 0.88151 0.183594 0.88151 0.18457 0.882812 0.186523 0.882812 0.1875 0.884115 0.189453 0.884115 0.19043 0.885417 0.191406 0.885417 0.192383 0.886719 0.196289 0.886719 0.197266 0.888021 0.213867 0.888021 0.214844 0.889323 0.238281 0.889323 0.239258 0.888021 0.262695 0.888021 0.263672 0.886719 0.267578 0.886719 0.268555 0.885417 0.270508 0.885417 0.271484 0.884115 0.276367 0.884115 0.277344 0.882812 0.28418 0.882812 0.285156 0.88151 0.289062 0.88151 0.290039 0.880208 0.291992 0.880208 0.292969 0.878906 0.295898 0.878906 0.296875 0.877604 0.301758 0.877604 0.302734 0.876302 0.311523 0.876302 0.3125 0.877604 0.316406 0.877604 0.317383 0.878906 0.319336 0.878906 0.320312 0.880208 0.321289 0.880208 0.322266 0.88151 0.323242 0.88151 0.324219 0.882812 0.325195 0.882812 0.326172 0.884115 0.328125 0.884115 0.329102 0.885417 0.331055 0.885417 0.332031 0.886719 0.333984 0.886719 0.334961 0.888021 0.338867 0.888021 0.339844 0.889323 0.347656 0.889323 0.348633 0.890625 0.353516 0.890625 0.354492 0.891927 0.359375 0.891927 0.360352 0.893229 0.363281 0.893229 0.364258 0.894531 0.366211 0.894531 0.367188 0.895833 0.370117 0.895833 0.371094 0.897135 0.373047 0.897135 0.374023 0.898438 0.375977 0.898438 0.376953 0.89974 0.378906 0.89974 0.379883 0.901042 0.382812 0.901042 0.383789 0.902344 0.385742 0.902344 0.386719 0.903646 0.388672 0.903646 0.389648 0.904948 0.392578 0.904948 0.393555 0.90625 0.407227 0.90625 0.408203 0.904948 0.412109 0.904948 0.413086 0.903646 0.416016 0.903646 0.416992 0.902344 0.417969 0.902344 0.420898 0.898438 0.421875 0.898438 0.424805 0.894531 0.425781 0.894531 0.426758 0.893229 0.430664 0.893229 0.430664 0.878906 0.426758 0.878906 0.425781 0.877604 0.423828 0.877604 0.422852 0.876302 0.420898 0.876302 0.419922 0.875 0.417969 0.875 0.416992 0.873698 0.416016 0.873698 0.415039 0.872396 0.414062 0.872396 0.413086 0.871094 0.412109 0.871094 0.411133 0.869792 0.40918 0.869792 0.408203 0.86849 0.407227 0.86849 0.40625 0.867188 0.404297 0.867188 0.40332 0.865885 0.401367 0.865885 0.400391 0.864583 0.397461 0.864583 0.396484 0.863281 0.393555 0.863281 0.392578 0.861979 0.389648 0.861979 0.388672 0.860677 0.386719 0.860677 0.385742 0.859375 0.382812 0.859375 0.381836 0.858073 0.378906 0.858073 0.37793 0.856771 0.375 0.856771 0.374023 0.855469 0.37207 0.855469 0.371094 0.854167 0.368164 0.854167 0.367188 0.852865 0.365234 0.852865 0.364258 0.851562 0.362305 0.851562 0.361328 0.85026 0.359375 0.85026 0.358398 0.848958 0.356445 0.848958 0.355469 0.847656 0.352539 0.847656 0.351562 0.846354 0.349609 0.846354 0.348633 0.845052 0.34668 0.845052 0.345703 0.84375 0.344727 0.84375 0.34375 0.842448 0.342773 0.842448 0.341797 0.841146 0.34082 0.841146 0.339844 0.839844 0.338867 0.839844 0.337891 0.838542 0.336914 0.838542 0.335938 0.83724 0.334961 0.83724 0.333008 0.834635 0.333008 0.830729 0.272461 0.830729 0.272461 0.834635 0.274414 0.83724 0.274414 0.838542 0.279297 0.845052 0.279297 0.846354 0.28125 0.848958 0.28125 0.851562 0.280273 0.852865 0.265625 0.852865 0.264648 0.851562 0.249023 0.851562 0.248047 0.852865 0.234375 0.852865 0.233398 0.854167 0.224609 0.854167 0.223633 0.855469 0.214844 0.855469 0.213867 0.854167 0.209961 0.854167 0.208984 0.852865 0.207031 0.852865 0.206055 0.851562 0.203125 0.851562 0.202148 0.85026 0.199219 0.85026 0.198242 0.848958 0.196289 0.848958 0.195312 0.847656 0.193359 0.847656 0.191406 0.845052 0.19043 0.845052 0.188477 0.842448 0.1875 0.842448 0.185547 0.839844 0.18457 0.839844 0.183594 0.838542 0.182617 0.838542 0.181641 0.83724 0.180664 0.83724 0.178711 0.834635 0.178711 0.830729
1 0.861328 0.216146 0.861328 0.236979 0.865234 0.236979 0.870117 0.24349 0.871094 0.24349 0.875977 0.25 0.876953 0.25 0.879883 0.253906 0.880859 0.253906 0.882812 0.25651 0.883789 0.25651 0.886719 0.260417 0.887695 0.260417 0.888672 0.261719 0.889648 0.261719 0.891602 0.264323 0.892578 0.264323 0.895508 0.268229 0.896484 0.268229 0.898438 0.270833 0.899414 0.270833 0.900391 0.272135 0.901367 0.272135 0.902344 0.273438 0.90332 0.273438 0.904297 0.27474 0.905273 0.27474 0.907227 0.277344 0.908203 0.277344 0.910156 0.279948 0.911133 0.279948 0.912109 0.28125 0.913086 0.28125 0.914062 0.282552 0.915039 0.282552 0.916016 0.283854 0.916992 0.283854 0.917969 0.285156 0.918945 0.285156 0.919922 0.286458 0.920898 0.286458 0.921875 0.28776 0.922852 0.28776 0.923828 0.289062 0.924805 0.289062 0.925781 0.290365 0.927734 0.290365 0.928711 0.291667 0.929688 0.291667 0.930664 0.292969 0.931641 0.292969 0.932617 0.294271 0.93457 0.294271 0.935547 0.295573 0.936523 0.295573 0.9375 0.296875 0.938477 0.296875 0.94043 0.299479 0.941406 0.299479 0.942383 0.300781 0.944336 0.300781 0.945312 0.302083 0.946289 0.302083 0.948242 0.304688 0.948242 0.308594 0.966797 0.308594 0.966797 0.304688 0.969727 0.300781 0.970703 0.300781 0.974609 0.295573 0.977539 0.295573 0.977539 0.273438 0.974609 0.273438 0.97168 0.269531 0.97168 0.268229 0.96875 0.264323 0.967773 0.264323 0.964844 0.260417 0.963867 0.260417 0.954102 0.247396 0.953125 0.247396 0.952148 0.246094 0.951172 0.246094 0.948242 0.242188 0.947266 0.242188 0.935547 0.226562 0.93457 0.226562 0.931641 0.222656 0.929688 0.222656 0.927734 0.220052 0.927734 0.216146
1 0.112305 0.763021 0.112305 0.766927 0.109375 0.770833 0.108398 0.770833 0.105469 0.77474 0.104492 0.77474 0.102539 0.777344 0.101562 0.777344 0.0996094 0.779948 0.0986328 0.779948 0.0976562 0.78125 0.0966797 0.78125 0.0947266 0.783854 0.0917969 0.783854 0.0908203 0.785156 0.0849609 0.785156 0.0839844 0.786458 0.0771484 0.786458 0.0761719 0.78776 0.0693359 0.78776 0.0683594 0.789062 0.0644531 0.789062 0.0634766 0.790365 0.0615234 0.790365 0.0605469 0.791667 0.0585938 0.791667 0.0576172 0.792969 0.0566406 0.792969 0.0556641 0.794271 0.0537109 0.794271 0.0527344 0.795573 0.0517578 0.795573 0.0507812 0.796875 0.0498047 0.796875 0.0488281 0.798177 0.0302734 0.798177 0.0292969 0.796875 0.0263672 0.796875 0.0253906 0.795573 0.0175781 0.795573 0.0166016 0.794271 0.00878906 0.794271 0.00878906 0.796875 0.0078125 0.798177 0.0078125 0.799479 0.00585938 0.802083 0.00488281 0.802083 0.00488281 0.803385 0.00195312 0.807292 0 0.807292 0 0.839844 0.0244141 0.839844 0.0244141 0.835938 0.0253906 0.834635 0.0263672 0.834635 0.0273438 0.833333 0.0283203 0.833333 0.0292969 0.832031 0.03125 0.832031 0.0322266 0.830729 0.0332031 0.830729 0.0351562 0.828125 0.0371094 0.828125 0.0380859 0.826823 0.0400391 0.826823 0.0410156 0.825521 0.0439453 0.825521 0.0449219 0.824219 0.0507812 0.824219 0.0517578 0.822917 0.0634766 0.822917 0.0644531 0.821615 0.0732422 0.821615 0.0742188 0.820312 0.078125 0.820312 0.0791016 0.81901 0.0820312 0.81901 0.0830078 0.817708 0.101562 0.817708 0.102539 0.816406 0.106445 0.816406 0.107422 0.815104 0.111328 0.815104 0.112305 0.813802 0.117188 0.813802 0.118164 0.8125 0.123047 0.8125 0.124023 0.811198 0.12793 0.811198 0.128906 0.809896 0.131836 0.809896 0.132812 0.808594 0.133789 0.808594 0.134766 0.807292 0.136719 0.807292 0.137695 0.80599 0.139648 0.80599 0.140625 0.804688 0.145508 0.804688 0.145508 0.779948 0.141602 0.779948 0.140625 0.778646 0.139648 0.778646 0.138672 0.777344 0.137695 0.777344 0.133789 0.772135 0.132812 0.772135 0.128906 0.766927 0.128906 0.763021
1 0.139648 0.924479 0.138672 0.923177 0.134766 0.923177 0.133789 0.924479 0.130859 0.924479 0.130859 0.928385 0.139648 0.928385 0.139648 0.924479 0.318359 0.894531 0.318359 0.898438 0.317383 0.89974 0.316406 0.89974 0.31543 0.901042 0.307617 0.901042 0.306641 0.89974 0.304688 0.89974 0.301758 0.895833 0.300781 0.895833 0.297852 0.891927 0.297852 0.888021 0.237305 0.888021 0.237305 0.891927 0.236328 0.893229 0.232422 0.893229 0.231445 0.894531 0.226562 0.894531 0.225586 0.893229 0.220703 0.893229 0.219727 0.891927 0.219727 0.888021 0.139648 0.888021 0.139648 0.891927 0.141602 0.894531 0.142578 0.894531 0.147461 0.901042 0.148438 0.901042 0.149414 0.902344 0.150391 0.902344 0.151367 0.903646 0.152344 0.903646 0.15332 0.904948 0.155273 0.904948 0.15625 0.90625 0.15918 0.90625 0.160156 0.907552 0.161133 0.907552 0.162109 0.908854 0.163086 0.908854 0.164062 0.910156 0.166016 0.910156 0.166992 0.911458 0.168945 0.911458 0.169922 0.91276 0.170898 0.91276 0.171875 0.914062 0.175781 0.914062 0.176758 0.915365 0.181641 0.915365 0.182617 0.914062 0.183594 0.914062 0.18457 0.91276 0.196289 0.91276 0.197266 0.914062 0.199219 0.914062 0.200195 0.915365 0.204102 0.915365 0.205078 0.916667 0.245117 0.916667 0.246094 0.915365 0.271484 0.915365 0.272461 0.916667 0.279297 0.916667 0.280273 0.917969 0.28418 0.917969 0.285156 0.919271 0.288086 0.919271 0.289062 0.920573 0.290039 0.920573 0.291016 0.921875 0.292969 0.921875 0.294922 0.924479 0.294922 0.928385 0.341797 0.928385 0.341797 0.923177 0.34082 0.921875 0.34082 0.920573 0.339844 0.919271 0.339844 0.917969 0.335938 0.91276 0.334961 0.91276 0.333008 0.910156 0.332031 0.910156 0.327148 0.903646 0.326172 0.903646 0.324219 0.901042 0.323242 0.901042 0.322266 0.89974 0.320312 0.89974 0.319336 0.898438 0.318359 0.898438 0.318359 0.894531 0.319336 0.893229 0.319336 0.888021 0.318359 0.888021 0.318359 0.894531
1 0.825195 0.190104 0.825195 0.195312 0.824219 0.196615 0.824219 0.199219 0.821289 0.203125 0.818359 0.203125 0.818359 0.263021 0.821289 0.263021 0.822266 0.264323 0.823242 0.264323 0.825195 0.266927 0.826172 0.266927 0.832031 0.27474 0.832031 0.276042 0.833008 0.277344 0.833008 0.278646 0.833984 0.279948 0.833984 0.28125 0.834961 0.282552 0.834961 0.283854 0.836914 0.286458 0.836914 0.289062 0.837891 0.290365 0.837891 0.295573 0.836914 0.296875 0.836914 0.299479 0.834961 0.302083 0.834961 0.303385 0.833984 0.304688 0.833984 0.30599 0.831055 0.309896 0.831055 0.311198 0.829102 0.313802 0.829102 0.315104 0.828125 0.316406 0.828125 0.317708 0.827148 0.31901 0.827148 0.321615 0.826172 0.322917 0.826172 0.326823 0.825195 0.328125 0.825195 0.332031 0.824219 0.333333 0.824219 0.33724 0.823242 0.338542 0.823242 0.342448 0.822266 0.34375 0.822266 0.345052 0.821289 0.346354 0.818359 0.346354 0.818359 0.380208 0.822266 0.380208 0.823242 0.38151 0.825195 0.38151 0.827148 0.384115 0.828125 0.384115 0.829102 0.385417 0.830078 0.385417 0.832031 0.388021 0.833008 0.388021 0.835938 0.391927 0.836914 0.391927 0.837891 0.393229 0.839844 0.393229 0.84082 0.394531 0.841797 0.394531 0.844727 0.398438 0.844727 0.402344 0.848633 0.402344 0.848633 0.398438 0.849609 0.397135 0.849609 0.395833 0.852539 0.391927 0.852539 0.390625 0.853516 0.389323 0.853516 0.384115 0.854492 0.382812 0.854492 0.377604 0.855469 0.376302 0.855469 0.373698 0.856445 0.372396 0.856445 0.369792 0.857422 0.36849 0.857422 0.361979 0.858398 0.360677 0.858398 0.342448 0.859375 0.341146 0.859375 0.33724 0.860352 0.335938 0.860352 0.334635 0.861328 0.333333 0.861328 0.330729 0.862305 0.329427 0.862305 0.328125 0.863281 0.326823 0.863281 0.325521 0.864258 0.324219 0.864258 0.322917 0.865234 0.321615 0.868164 0.321615 0.868164 0.299479 0.865234 0.299479 0.864258 0.298177 0.864258 0.296875 0.863281 0.295573 0.863281 0.291667 0.862305 0.290365 0.862305 0.285156 0.861328 0.283854 0.861328 0.277344 0.860352 0.276042 0.860352 0.270833 0.859375 0.269531 0.859375 0.264323 0.858398 0.263021 0.858398 0.255208 0.859375 0.253906 0.859375 0.251302 0.860352 0.25 0.860352 0.247396 0.861328 0.246094 0.861328 0.235677 0.860352 0.234375 0.860352 0.231771 0.859375 0.230469 0.859375 0.227865 0.858398 0.226562 0.858398 0.222656 0.857422 0.221354 0.857422 0.21875 0.852539 0.21224 0.850586 0.21224 0.842773 0.201823 0.841797 0.201823 0.84082 0.200521 0.84082 0.199219 0.839844 0.197917 0.839844 0.196615 0.838867 0.195312 0.838867 0.190104
1 0.630859 0.0546875 0.630859 0.0611979 0.633789 0.0611979 0.635742 0.0638021 0.636719 0.0638021 0.637695 0.0651042 0.639648 0.0651042 0.640625 0.0664062 0.641602 0.0664062 0.642578 0.0677083 0.643555 0.0677083 0.644531 0.0690104 0.645508 0.0690104 0.646484 0.0703125 0.648438 0.0703125 0.649414 0.0716146 0.650391 0.0716146 0.651367 0.0729167 0.652344 0.0729167 0.65332 0.0742188 0.654297 0.0742188 0.655273 0.0755208 0.65625 0.0755208 0.657227 0.0768229 0.658203 0.0768229 0.65918 0.078125 0.662109 0.078125 0.663086 0.0794271 0.664062 0.0794271 0.665039 0.0807292 0.665039 0.0846354 0.669922 0.0846354 0.669922 0.0807292 0.670898 0.0794271 0.672852 0.0794271 0.673828 0.078125 0.675781 0.078125 0.677734 0.0755208 0.678711 0.0755208 0.679688 0.0742188 0.680664 0.0742188 0.681641 0.0729167 0.683594 0.0729167 0.68457 0.0716146 0.686523 0.0716146 0.6875 0.0703125 0.688477 0.0703125 0.69043 0.0677083 0.692383 0.0677083 0.693359 0.0664062 0.694336 0.0664062 0.695312 0.0651042 0.696289 0.0651042 0.700195 0.0598958 0.701172 0.0598958 0.702148 0.0585938 0.702148 0.0546875
1 0.835938 0.00260417 0.835938 0.0104167 0.836914 0.0117188 0.836914 0.015625 0.837891 0.0169271 0.837891 0.0182292 0.838867 0.0195312 0.838867 0.0221354 0.839844 0.0234375 0.839844 0.0260417 0.84082 0.0273438 0.84082 0.0299479 0.841797 0.03125 0.841797 0.0351562 0.842773 0.0364583 0.842773 0.0429688 0.84375 0.0442708 0.84375 0.0494792 0.844727 0.0507812 0.844727 0.0520833 0.845703 0.0533854 0.845703 0.0546875 0.84668 0.0559896 0.84668 0.0585938 0.847656 0.0598958 0.847656 0.0638021 0.848633 0.0651042 0.848633 0.0690104 0.847656 0.0703125 0.847656 0.0729167 0.84668 0.0742188 0.84668 0.0768229 0.845703 0.078125 0.845703 0.0872396 0.84668 0.0885417 0.84668 0.0898438 0.850586 0.0950521 0.852539 0.0950521 0.853516 0.0963542 0.855469 0.0963542 0.856445 0.0976562 0.858398 0.0976562 0.859375 0.0989583 0.863281 0.0989583 0.864258 0.10026 0.868164 0.10026 0.869141 0.0989583 0.87207 0.0989583 0.873047 0.0976562 0.874023 0.0976562 0.875 0.0963542 0.875977 0.0963542 0.880859 0.0898438 0.880859 0.0716146 0.881836 0.0703125 0.881836 0.0690104 0.882812 0.0677083 0.882812 0.0651042 0.883789 0.0638021 0.883789 0.0611979 0.884766 0.0598958 0.887695 0.0598958 0.887695 0.0585938 0.884766 0.0585938 0.883789 0.0572917 0.883789 0.0559896 0.882812 0.0546875 0.882812 0.0520833 0.881836 0.0507812 0.881836 0.0481771 0.880859 0.046875 0.880859 0.0416667 0.879883 0.0403646 0.879883 0.0364583 0.878906 0.0351562 0.878906 0.0299479 0.87793 0.0286458 0.87793 0.0208333 0.876953 0.0195312 0.876953 0.0130208 0.875977 0.0117188 0.875977 0.00260417
1 0.0703125 0.898438 0.0703125 0.902344 0.0673828 0.90625 0.0664062 0.90625 0.0664062 0.907552 0.0644531 0.910156 0.0634766 0.910156 0.0625 0.911458 0.0615234 0.911458 0.0605469 0.91276 0.0566406 0.91276 0.0566406 0.925781 0.0615234 0.925781 0.0625 0.927083 0.0996094 0.927083 0.100586 0.925781 0.133789 0.925781 0.134766 0.927083 0.144531 0.927083 0.145508 0.925781 0.148438 0.925781 0.149414 0.924479 0.15332 0.924479 0.15332 0.910156 0.149414 0.910156 0.148438 0.911458 0.147461 0.911458 0.146484 0.91276 0.144531 0.91276 0.143555 0.914062 0.141602 0.914062 0.140625 0.91276 0.134766 0.91276 0.133789 0.911458 0.131836 0.911458 0.130859 0.910156 0.128906 0.910156 0.12793 0.908854 0.126953 0.908854 0.125 0.90625 0.124023 0.90625 0.123047 0.904948 0.12207 0.904948 0.120117 0.902344 0.120117 0.898438
1 0.138672 0.830729 0.138672 0.852865 0.141602 0.852865 0.142578 0.854167 0.143555 0.854167 0.144531 0.855469 0.146484 0.855469 0.147461 0.856771 0.149414 0.856771 0.150391 0.858073 0.151367 0.858073 0.152344 0.859375 0.15332 0.859375 0.154297 0.860677 0.15625 0.860677 0.157227 0.861979 0.158203 0.861979 0.15918 0.863281 0.160156 0.863281 0.162109 0.865885 0.163086 0.865885 0.164062 0.867188 0.165039 0.867188 0.166992 0.869792 0.167969 0.869792 0.168945 0.871094 0.169922 0.871094 0.170898 0.872396 0.171875 0.872396 0.173828 0.875 0.174805 0.875 0.175781 0.876302 0.176758 0.876302 0.177734 0.877604 0.178711 0.877604 0.179688 0.878906 0.180664 0.878906 0.181641 0.880208 0.182617 0.880208 0.183594 0.88151 0.185547 0.88151 0.186523 0.882812 0.188477 0.882812 0.189453 0.884115 0.191406 0.884115 0.192383 0.885417 0.193359 0.885417 0.194336 0.886719 0.195312 0.886719 0.196289 0.888021 0.196289 0.891927 0.261719 0.891927 0.261719 0.888021 0.262695 0.886719 0.263672 0.886719 0.264648 0.885417 0.267578 0.885417 0.268555 0.884115 0.272461 0.884115 0.273438 0.882812 0.277344 0.882812 0.27832 0.88151 0.283203 0.88151 0.28418 0.880208 0.287109 0.880208 0.288086 0.878906 0.291016 0.878906 0.291992 0.877604 0.294922 0.877604 0.295898 0.876302 0.300781 0.876302 0.301758 0.875 0.304688 0.875 0.305664 0.876302 0.3125 0.876302 0.313477 0.877604 0.317383 0.877604 0.317383 0.830729 0.268555 0.830729 0.268555 0.835938 0.272461 0.841146 0.273438 0.841146 0.275391 0.84375 0.276367 0.84375 0.277344 0.845052 0.277344 0.846354 0.280273 0.85026 0.280273 0.851562 0.279297 0.852865 0.276367 0.852865 0.275391 0.854167 0.268555 0.854167 0.267578 0.852865 0.255859 0.852865 0.254883 0.854167 0.239258 0.854167 0.238281 0.855469 0.220703 0.855469 0.219727 0.854167 0.214844 0.854167 0.213867 0.852865 0.210938 0.852865 0.209961 0.851562 0.202148 0.851562 0.201172 0.85026 0.198242 0.85026 0.197266 0.848958 0.195312 0.848958 0.194336 0.847656 0.193359 0.847656 0.191406 0.845052 0.19043 0.845052 0.185547 0.838542 0.18457 0.838542 0.181641 0.834635 0.181641 0.830729
1 0.0917969 0.867188 0.0917969 0.880208 0.0957031 0.880208 0.0966797 0.878906 0.113281 0.878906 0.114258 0.880208 0.118164 0.880208 0.119141 0.88151 0.121094 0.88151 0.12207 0.882812 0.123047 0.882812 0.124023 0.884115 0.125977 0.884115 0.126953 0.885417 0.12793 0.885417 0.128906 0.886719 0.129883 0.886719 0.130859 0.888021 0.132812 0.888021 0.133789 0.889323 0.134766 0.889323 0.135742 0.890625 0.136719 0.890625 0.137695 0.891927 0.138672 0.891927 0.140625 0.894531 0.141602 0.894531 0.143555 0.897135 0.144531 0.897135 0.146484 0.89974 0.147461 0.89974 0.149414 0.902344 0.150391 0.902344 0.151367 0.903646 0.15332 0.903646 0.154297 0.904948 0.157227 0.904948 0.158203 0.90625 0.160156 0.90625 0.161133 0.907552 0.162109 0.907552 0.163086 0.908854 0.165039 0.908854 0.166016 0.910156 0.167969 0.910156 0.168945 0.911458 0.171875 0.911458 0.172852 0.91276 0.181641 0.91276 0.182617 0.911458 0.194336 0.911458 0.195312 0.91276 0.199219 0.91276 0.200195 0.914062 0.203125 0.914062 0.204102 0.915365 0.248047 0.915365 0.249023 0.914062 0.269531 0.914062 0.270508 0.915365 0.276367 0.915365 0.277344 0.916667 0.283203 0.916667 0.285156 0.919271 0.285156 0.923177 0.325195 0.923177 0.325195 0.911458 0.322266 0.911458 0.321289 0.910156 0.321289 0.908854 0.317383 0.903646 0.308594 0.903646 0.307617 0.902344 0.305664 0.902344 0.303711 0.89974 0.302734 0.89974 0.300781 0.897135 0.299805 0.897135 0.296875 0.893229 0.295898 0.893229 0.291992 0.888021 0.291016 0.888021 0.290039 0.886719 0.289062 0.888021 0.271484 0.888021 0.270508 0.889323 0.263672 0.889323 0.262695 0.890625 0.254883 0.890625 0.253906 0.891927 0.242188 0.891927 0.241211 0.893229 0.233398 0.893229 0.232422 0.894531 0.226562 0.894531 0.225586 0.893229 0.21875 0.893229 0.217773 0.891927 0.213867 0.891927 0.212891 0.890625 0.196289 0.890625 0.195312 0.889323 0.186523 0.889323 0.185547 0.888021 0.181641 0.888021 0.180664 0.886719 0.178711 0.886719 0.177734 0.885417 0.175781 0.885417 0.174805 0.884115 0.173828 0.884115 0.172852 0.882812 0.171875 0.882812 0.170898 0.88151 0.169922 0.88151 0.168945 0.880208 0.167969 0.880208 0.166992 0.878906 0.166016 0.878906 0.164062 0.876302 0.163086 0.876302 0.161133 0.873698 0.160156 0.873698 0.158203 0.871094 0.158203 0.867188
1 0.236328 0.549479 0.236328 0.575521 0.240234 0.575521 0.245117 0.582031 0.245117 0.583333 0.246094 0.584635 0.246094 0.585938 0.249023 0.589844 0.249023 0.591146 0.253906 0.597656 0.253906 0.598958 0.256836 0.602865 0.256836 0.604167 0.262695 0.611979 0.262695 0.613281 0.272461 0.626302 0.273438 0.626302 0.276367 0.630208 0.277344 0.630208 0.27832 0.63151 0.280273 0.63151 0.28125 0.632812 0.283203 0.632812 0.28418 0.634115 0.285156 0.634115 0.287109 0.636719 0.288086 0.636719 0.289062 0.638021 0.290039 0.638021 0.291016 0.639323 0.292969 0.639323 0.293945 0.640625 0.300781 0.640625 0.301758 0.639323 0.302734 0.639323 0.303711 0.638021 0.304688 0.638021 0.306641 0.635417 0.307617 0.635417 0.3125 0.628906 0.3125 0.623698 0.313477 0.622396 0.3125 0.621094 0.3125 0.617188 0.310547 0.614583 0.310547 0.613281 0.308594 0.610677 0.308594 0.609375 0.302734 0.601562 0.302734 0.60026 0.297852 0.59375 0.297852 0.592448 0.283203 0.572917 0.283203 0.571615 0.279297 0.566406 0.279297 0.565104 0.276367 0.561198 0.276367 0.559896 0.273438 0.55599 0.273438 0.554688 0.272461 0.553385 0.272461 0.549479
1 0.734375 0.197917 0.733398 0.196615 0.733398 0.19401 0.732422 0.192708 0.732422 0.190104 0.731445 0.188802 0.731445 0.186198 0.730469 0.184896 0.730469 0.18099 0.729492 0.179688 0.729492 0.178385 0.727539 0.175781 0.727539 0.174479 0.726562 0.174479 0.725586 0.173177 0.723633 0.173177 0.722656 0.174479 0.72168 0.174479 0.71875 0.178385 0.71875 0.179688 0.717773 0.18099 0.717773 0.182292 0.716797 0.183594 0.716797 0.184896 0.714844 0.1875 0.714844 0.188802 0.712891 0.191406 0.711914 0.191406 0.708984 0.195312 0.708984 0.196615 0.707031 0.199219 0.707031 0.200521 0.703125 0.205729 0.703125 0.207031 0.701172 0.209635 0.701172 0.210938 0.699219 0.213542 0.699219 0.214844 0.698242 0.216146 0.698242 0.217448 0.697266 0.21875 0.697266 0.220052 0.696289 0.221354 0.696289 0.222656 0.695312 0.223958 0.695312 0.22526 0.694336 0.226562 0.694336 0.229167 0.692383 0.231771 0.692383 0.233073 0.691406 0.234375 0.691406 0.235677 0.689453 0.238281 0.689453 0.239583 0.685547 0.244792 0.685547 0.246094 0.682617 0.25 0.682617 0.251302 0.661133 0.279948 0.661133 0.28125 0.65918 0.283854 0.65918 0.285156 0.658203 0.286458 0.658203 0.28776 0.65625 0.290365 0.65625 0.291667 0.654297 0.294271 0.654297 0.295573 0.65332 0.296875 0.65332 0.298177 0.651367 0.300781 0.651367 0.302083 0.649414 0.304688 0.646484 0.304688 0.646484 0.346354 0.649414 0.346354 0.650391 0.347656 0.651367 0.347656 0.654297 0.351562 0.65625 0.351562 0.657227 0.352865 0.658203 0.352865 0.65918 0.351562 0.662109 0.351562 0.664062 0.348958 0.665039 0.348958 0.666016 0.347656 0.666992 0.347656 0.667969 0.346354 0.668945 0.346354 0.669922 0.345052 0.670898 0.345052 0.671875 0.34375 0.672852 0.34375 0.674805 0.341146 0.675781 0.341146 0.678711 0.33724 0.679688 0.33724 0.68457 0.330729 0.685547 0.330729 0.688477 0.326823 0.689453 0.326823 0.698242 0.315104 0.698242 0.313802 0.701172 0.309896 0.701172 0.308594 0.704102 0.304688 0.704102 0.303385 0.706055 0.300781 0.706055 0.299479 0.708008 0.296875 0.708008 0.295573 0.709961 0.292969 0.709961 0.291667 0.713867 0.286458 0.713867 0.285156 0.724609 0.270833 0.724609 0.269531 0.727539 0.265625 0.727539 0.264323 0.729492 0.261719 0.729492 0.260417 0.730469 0.259115 0.730469 0.257812 0.731445 0.25651 0.731445 0.255208 0.732422 0.253906 0.732422 0.251302 0.733398 0.25 0.733398 0.246094 0.734375 0.244792 0.734375 0.24349 0.735352 0.242188 0.735352 0.240885 0.736328 0.239583 0.736328 0.238281 0.737305 0.236979 0.737305 0.233073 0.738281 0.231771 0.738281 0.217448 0.737305 0.216146 0.737305 0.208333 0.736328 0.207031 0.736328 0.204427 0.735352 0.203125 0.735352 0.201823 0.734375 0.200521 0.734375 0.197917 0.770508 0.16276 0.770508 0.205729 0.765625 0.205729 0.764648 0.207031 0.762695 0.207031 0.761719 0.205729 0.758789 0.205729 0.757812 0.204427 0.753906 0.204427 0.75293 0.203125 0.750977 0.203125 0.75 0.201823 0.749023 0.201823 0.748047 0.200521 0.74707 0.200521 0.746094 0.199219 0.745117 0.199219 0.745117 0.197917 0.719727 0.0651042 0.719727 0.0611979 0.720703 0.0598958 0.719727 0.0585938 0.71875 0.0585938 0.717773 0.0572917 0.712891 0.0572917 0.711914 0.0585938 0.710938 0.0585938 0.707031 0.0638021 0.708008 0.0651042 0.713867 0.0651042 0.714844 0.0664062 0.716797 0.0664062 0.717773 0.0651042 0.719727 0.0651042 0.745117 0.197917 0.743164 0.195312 0.739258 0.195312 0.739258 0.191406 0.741211 0.188802 0.743164 0.188802 0.745117 0.186198 0.745117 0.184896 0.74707 0.182292 0.751953 0.182292 0.754883 0.178385 0.754883 0.177083 0.755859 0.175781 0.756836 0.175781 0.761719 0.169271 0.761719 0.167969 0.762695 0.167969 0.763672 0.166667 0.763672 0.165365 0.765625 0.16276 0.770508 0.16276
1 0.994141 0.716146 0.994141 0.720052 0.983398 0.734375 0.982422 0.734375 0.980469 0.736979 0.979492 0.736979 0.974609 0.74349 0.973633 0.74349 0.972656 0.744792 0.97168 0.744792 0.96875 0.748698 0.967773 0.748698 0.96582 0.751302 0.964844 0.751302 0.962891 0.753906 0.961914 0.753906 0.959961 0.75651 0.958984 0.75651 0.956055 0.760417 0.955078 0.760417 0.951172 0.765625 0.950195 0.765625 0.947266 0.769531 0.946289 0.769531 0.943359 0.773438 0.942383 0.773438 0.933594 0.785156 0.932617 0.785156 0.924805 0.795573 0.923828 0.795573 0.919922 0.800781 0.916016 0.800781 0.916016 0.839844 0.970703 0.839844 0.970703 0.835938 0.97168 0.834635 0.97168 0.833333 0.975586 0.828125 0.976562 0.828125 0.991211 0.808594 0.992188 0.808594 0.99707 0.802083 0.999023 0.802083 0.999023 0.716146
1 0.408203 0.184896 0.408203 0.21875 0.412109 0.21875 0.413086 0.220052 0.414062 0.220052 0.415039 0.221354 0.416016 0.221354 0.416992 0.222656 0.418945 0.222656 0.419922 0.223958 0.420898 0.223958 0.421875 0.22526 0.422852 0.22526 0.423828 0.226562 0.425781 0.226562 0.426758 0.227865 0.427734 0.227865 0.428711 0.229167 0.429688 0.229167 0.430664 0.230469 0.431641 0.230469 0.432617 0.231771 0.433594 0.231771 0.43457 0.233073 0.435547 0.233073 0.436523 0.234375 0.4375 0.234375 0.439453 0.236979 0.441406 0.236979 0.442383 0.238281 0.443359 0.238281 0.444336 0.239583 0.445312 0.239583 0.446289 0.240885 0.447266 0.240885 0.448242 0.242188 0.449219 0.242188 0.450195 0.24349 0.452148 0.24349 0.453125 0.244792 0.464844 0.244792 0.46582 0.24349 0.467773 0.24349 0.46875 0.242188 0.470703 0.242188 0.472656 0.239583 0.473633 0.239583 0.474609 0.238281 0.476562 0.238281 0.477539 0.236979 0.480469 0.236979 0.481445 0.235677 0.485352 0.235677 0.486328 0.234375 0.489258 0.234375 0.489258 0.223958 0.485352 0.223958 0.484375 0.22526 0.481445 0.22526 0.480469 0.223958 0.479492 0.223958 0.478516 0.222656 0.477539 0.222656 0.475586 0.220052 0.474609 0.220052 0.469727 0.213542 0.46875 0.213542 0.460938 0.203125 0.459961 0.203125 0.458008 0.200521 0.457031 0.200521 0.456055 0.199219 0.455078 0.199219 0.454102 0.197917 0.451172 0.197917 0.450195 0.196615 0.444336 0.196615 0.443359 0.195312 0.439453 0.195312 0.438477 0.19401 0.43457 0.19401 0.433594 0.192708 0.430664 0.192708 0.429688 0.191406 0.428711 0.191406 0.426758 0.188802 0.426758 0.184896
