1 0.337891 0.705729 0.337891 0.709635 0.337891 0.705729 0.349609 0.690104 0.350586 0.690104 0.352539 0.692708 0.352539 0.695312 0.353516 0.696615 0.354492 0.696615 0.355469 0.695312 0.358398 0.695312 0.359375 0.69401 0.361328 0.69401 0.363281 0.696615 0.363281 0.697917 0.364258 0.699219 0.364258 0.700521 0.363281 0.701823 0.363281 0.704427 0.362305 0.705729 0.362305 0.709635 0.391602 0.709635 0.391602 0.705729 0.396484 0.699219 0.399414 0.699219 0.399414 0.674479 0.396484 0.674479 0.393555 0.670573 0.393555 0.669271 0.390625 0.665365 0.390625 0.664062 0.387695 0.660156 0.387695 0.658854 0.385742 0.65625 0.385742 0.654948 0.383789 0.652344 0.383789 0.651042 0.382812 0.64974 0.382812 0.648438 0.380859 0.645833 0.380859 0.644531 0.378906 0.641927 0.378906 0.640625 0.37793 0.639323 0.37793 0.638021 0.376953 0.636719 0.376953 0.635417 0.375 0.632812 0.375 0.63151 0.374023 0.630208 0.374023 0.628906 0.371094 0.625 0.371094 0.623698 0.368164 0.619792 0.368164 0.61849 0.366211 0.615885 0.366211 0.613281 0.365234 0.611979 0.365234 0.610677 0.364258 0.609375 0.364258 0.608073 0.362305 0.605469 0.362305 0.604167 0.360352 0.601562 0.360352 0.60026 0.356445 0.595052 0.356445 0.59375 0.353516 0.589844 0.353516 0.588542 0.352539 0.58724 0.352539 0.585938 0.350586 0.583333 0.350586 0.582031 0.34668 0.576823 0.345703 0.576823 0.34375 0.574219 0.342773 0.574219 0.341797 0.572917 0.34082 0.572917 0.337891 0.56901 0.336914 0.56901 0.326172 0.554688 0.326172 0.553385 0.317383 0.541667 0.317383 0.540365 0.3125 0.533854 0.3125 0.532552 0.307617 0.526042 0.306641 0.526042 0.303711 0.522135 0.302734 0.522135 0.300781 0.519531 0.299805 0.519531 0.298828 0.518229 0.297852 0.518229 0.296875 0.516927 0.295898 0.516927 0.293945 0.514323 0.292969 0.514323 0.291016 0.511719 0.290039 0.511719 0.289062 0.510417 0.287109 0.510417 0.286133 0.509115 0.283203 0.509115 0.282227 0.507812 0.277344 0.507812 0.276367 0.50651 0.275391 0.50651 0.271484 0.501302 0.271484 0.497396 0.248047 0.497396 0.248047 0.519531 0.250977 0.519531 0.253906 0.523438 0.254883 0.523438 0.256836 0.526042 0.256836 0.527344 0.259766 0.53125 0.260742 0.53125 0.263672 0.535156 0.263672 0.536458 0.267578 0.541667 0.267578 0.542969 0.272461 0.549479 0.272461 0.550781 0.273438 0.552083 0.273438 0.553385 0.276367 0.557292 0.276367 0.558594 0.28125 0.565104 0.28125 0.566406 0.286133 0.572917 0.286133 0.574219 0.291016 0.580729 0.291016 0.582031 0.299805 0.59375 0.299805 0.595052 0.310547 0.609375 0.310547 0.610677 0.321289 0.625 0.321289 0.626302 0.325195 0.63151 0.325195 0.632812 0.328125 0.636719 0.328125 0.638021 0.329102 0.639323 0.329102 0.640625 0.331055 0.643229 0.331055 0.644531 0.333008 0.647135 0.333008 0.648438 0.335938 0.652344 0.335938 0.653646 0.336914 0.653646 0.339844 0.657552 0.339844 0.658854 0.342773 0.66276 0.342773 0.664062 0.34668 0.669271 0.34668 0.670573 0.349609 0.674479 0.349609 0.675781 0.350586 0.675781 0.354492 0.68099 0.355469 0.68099 0.358398 0.684896 0.358398 0.686198 0.356445 0.688802 0.349609 0.688802 0.349609 0.690104
1 0.335938 0.674479 0.335938 0.678385 0.334961 0.679688 0.334961 0.68099 0.333008 0.683594 0.330078 0.683594 0.330078 0.6875 0.333008 0.6875 0.333984 0.688802 0.333984 0.690104 0.333008 0.691406 0.330078 0.691406 0.330078 0.704427 0.333984 0.704427 0.334961 0.705729 0.334961 0.707031 0.336914 0.709635 0.336914 0.710938 0.337891 0.71224 0.338867 0.71224 0.34082 0.714844 0.34082 0.716146 0.341797 0.717448 0.342773 0.717448 0.345703 0.721354 0.34668 0.721354 0.352539 0.729167 0.352539 0.730469 0.353516 0.731771 0.354492 0.731771 0.359375 0.738281 0.360352 0.738281 0.362305 0.740885 0.363281 0.740885 0.364258 0.742188 0.365234 0.742188 0.366211 0.74349 0.367188 0.74349 0.368164 0.744792 0.369141 0.744792 0.370117 0.746094 0.371094 0.746094 0.37207 0.747396 0.374023 0.747396 0.375 0.748698 0.375977 0.748698 0.37793 0.751302 0.378906 0.751302 0.384766 0.759115 0.385742 0.759115 0.390625 0.765625 0.390625 0.766927 0.395508 0.773438 0.396484 0.773438 0.402344 0.78125 0.40332 0.78125 0.40625 0.785156 0.407227 0.785156 0.414062 0.794271 0.414062 0.795573 0.417969 0.800781 0.417969 0.802083 0.419922 0.804688 0.419922 0.80599 0.420898 0.807292 0.420898 0.808594 0.421875 0.809896 0.421875 0.811198 0.422852 0.8125 0.422852 0.813802 0.424805 0.816406 0.424805 0.817708 0.426758 0.820312 0.426758 0.821615 0.429688 0.825521 0.429688 0.826823 0.430664 0.828125 0.430664 0.829427 0.432617 0.832031 0.432617 0.833333 0.436523 0.838542 0.436523 0.839844 0.448242 0.855469 0.448242 0.856771 0.453125 0.863281 0.454102 0.863281 0.458984 0.869792 0.459961 0.869792 0.467773 0.880208 0.46875 0.880208 0.47168 0.884115 0.47168 0.885417 0.473633 0.888021 0.474609 0.888021 0.475586 0.889323 0.477539 0.889323 0.478516 0.890625 0.480469 0.890625 0.481445 0.891927 0.483398 0.891927 0.484375 0.893229 0.486328 0.893229 0.487305 0.894531 0.488281 0.894531 0.489258 0.895833 0.490234 0.895833 0.492188 0.898438 0.492188 0.902344 0.5 0.902344 0.5 0.898438 0.50293 0.894531 0.503906 0.894531 0.505859 0.891927 0.506836 0.891927 0.508789 0.889323 0.509766 0.889323 0.510742 0.888021 0.511719 0.888021 0.515625 0.882812 0.515625 0.88151 0.517578 0.878906 0.520508 0.878906 0.520508 0.867188 0.516602 0.867188 0.515625 0.865885 0.515625 0.864583 0.492188 0.833333 0.492188 0.832031 0.483398 0.820312 0.482422 0.820312 0.475586 0.811198 0.474609 0.811198 0.472656 0.808594 0.472656 0.807292 0.457031 0.786458 0.456055 0.786458 0.454102 0.783854 0.453125 0.783854 0.451172 0.78125 0.450195 0.78125 0.448242 0.778646 0.447266 0.778646 0.444336 0.77474 0.443359 0.77474 0.442383 0.773438 0.441406 0.773438 0.439453 0.770833 0.438477 0.770833 0.4375 0.769531 0.43457 0.769531 0.433594 0.768229 0.430664 0.768229 0.428711 0.765625 0.427734 0.765625 0.426758 0.764323 0.424805 0.764323 0.419922 0.757812 0.419922 0.75651 0.416992 0.752604 0.416992 0.751302 0.416016 0.75 0.416016 0.748698 0.414062 0.746094 0.414062 0.744792 0.413086 0.74349 0.413086 0.742188 0.412109 0.740885 0.412109 0.739583 0.410156 0.736979 0.410156 0.735677 0.40918 0.734375 0.40918 0.731771 0.407227 0.729167 0.407227 0.727865 0.402344 0.721354 0.402344 0.720052 0.398438 0.714844 0.398438 0.713542 0.394531 0.708333 0.393555 0.708333 0.392578 0.707031 0.391602 0.707031 0.390625 0.705729 0.389648 0.705729 0.388672 0.704427 0.392578 0.699219 0.392578 0.69401 0.390625 0.691406 0.389648 0.691406 0.387695 0.688802 0.387695 0.6875 0.386719 0.6875 0.385742 0.686198 0.384766 0.686198 0.383789 0.684896 0.384766 0.683594 0.387695 0.683594 0.389648 0.68099 0.389648 0.674479 0.370117 0.674479 0.370117 0.679688 0.374023 0.684896 0.374023 0.6875 0.375 0.688802 0.375 0.690104 0.375977 0.691406 0.375977 0.692708 0.376953 0.69401 0.376953 0.695312 0.37793 0.695312 0.379883 0.697917 0.380859 0.697917 0.381836 0.699219 0.381836 0.700521 0.380859 0.701823 0.374023 0.701823 0.371094 0.697917 0.370117 0.697917 0.369141 0.696615 0.368164 0.696615 0.367188 0.695312 0.366211 0.695312 0.363281 0.691406 0.361328 0.691406 0.357422 0.686198 0.356445 0.686198 0.355469 0.684896 0.355469 0.683594 0.354492 0.682292 0.354492 0.68099 0.353516 0.679688 0.353516 0.674479
1 0.740234 0.440104 0.740234 0.46875 0.744141 0.46875 0.746094 0.471354 0.746094 0.472656 0.756836 0.486979 0.757812 0.486979 0.759766 0.489583 0.760742 0.489583 0.765625 0.496094 0.766602 0.496094 0.776367 0.509115 0.776367 0.510417 0.77832 0.513021 0.77832 0.514323 0.78125 0.518229 0.78125 0.519531 0.783203 0.522135 0.783203 0.523438 0.785156 0.526042 0.785156 0.527344 0.786133 0.528646 0.787109 0.528646 0.791016 0.533854 0.791992 0.533854 0.792969 0.535156 0.793945 0.535156 0.794922 0.536458 0.795898 0.536458 0.797852 0.539062 0.798828 0.539062 0.799805 0.540365 0.801758 0.540365 0.802734 0.541667 0.803711 0.541667 0.805664 0.544271 0.806641 0.544271 0.807617 0.545573 0.808594 0.545573 0.80957 0.546875 0.810547 0.546875 0.8125 0.549479 0.813477 0.549479 0.814453 0.550781 0.81543 0.550781 0.817383 0.553385 0.818359 0.553385 0.819336 0.554688 0.820312 0.554688 0.822266 0.557292 0.823242 0.557292 0.825195 0.559896 0.826172 0.559896 0.827148 0.561198 0.828125 0.561198 0.829102 0.5625 0.830078 0.5625 0.831055 0.563802 0.832031 0.563802 0.833008 0.565104 0.836914 0.565104 0.837891 0.566406 0.841797 0.566406 0.842773 0.567708 0.844727 0.567708 0.84668 0.570312 0.84668 0.574219 0.852539 0.574219 0.852539 0.570312 0.854492 0.567708 0.855469 0.567708 0.856445 0.566406 0.857422 0.566406 0.858398 0.565104 0.860352 0.565104 0.861328 0.563802 0.861328 0.5625 0.862305 0.561198 0.862305 0.557292 0.861328 0.55599 0.861328 0.554688 0.860352 0.553385 0.859375 0.553385 0.855469 0.548177 0.854492 0.548177 0.852539 0.545573 0.851562 0.545573 0.844727 0.536458 0.844727 0.535156 0.842773 0.532552 0.842773 0.53125 0.841797 0.529948 0.841797 0.528646 0.834961 0.519531 0.833984 0.519531 0.831055 0.515625 0.830078 0.515625 0.827148 0.511719 0.826172 0.511719 0.822266 0.50651 0.821289 0.50651 0.816406 0.5 0.81543 0.5 0.814453 0.498698 0.813477 0.498698 0.8125 0.497396 0.811523 0.497396 0.810547 0.496094 0.80957 0.496094 0.807617 0.49349 0.806641 0.49349 0.804688 0.490885 0.804688 0.489583 0.803711 0.488281 0.803711 0.486979 0.802734 0.485677 0.802734 0.483073 0.801758 0.481771 0.801758 0.477865 0.800781 0.476562 0.800781 0.472656 0.799805 0.471354 0.799805 0.46875 0.798828 0.467448 0.798828 0.466146 0.797852 0.464844 0.797852 0.463542 0.793945 0.458333 0.792969 0.458333 0.791992 0.457031 0.790039 0.457031 0.789062 0.455729 0.788086 0.455729 0.787109 0.454427 0.78418 0.454427 0.783203 0.453125 0.78125 0.453125 0.780273 0.451823 0.77832 0.451823 0.777344 0.450521 0.776367 0.450521 0.775391 0.449219 0.772461 0.449219 0.771484 0.447917 0.769531 0.447917 0.768555 0.446615 0.766602 0.446615 0.764648 0.44401 0.764648 0.440104
1 0.451172 0.502604 0.451172 0.542969 0.455078 0.542969 0.456055 0.544271 0.457031 0.544271 0.458984 0.546875 0.459961 0.546875 0.461914 0.549479 0.462891 0.549479 0.463867 0.550781 0.464844 0.550781 0.46582 0.552083 0.466797 0.552083 0.467773 0.553385 0.470703 0.553385 0.47168 0.554688 0.477539 0.554688 0.478516 0.55599 0.483398 0.55599 0.484375 0.557292 0.486328 0.557292 0.487305 0.558594 0.489258 0.558594 0.490234 0.559896 0.491211 0.559896 0.492188 0.561198 0.494141 0.561198 0.495117 0.5625 0.496094 0.5625 0.49707 0.563802 0.5 0.563802 0.500977 0.565104 0.50293 0.565104 0.503906 0.566406 0.505859 0.566406 0.506836 0.567708 0.507812 0.567708 0.508789 0.56901 0.509766 0.56901 0.510742 0.570312 0.511719 0.570312 0.512695 0.571615 0.514648 0.571615 0.515625 0.572917 0.517578 0.572917 0.518555 0.574219 0.521484 0.574219 0.522461 0.575521 0.525391 0.575521 0.526367 0.576823 0.529297 0.576823 0.530273 0.578125 0.533203 0.578125 0.53418 0.579427 0.536133 0.579427 0.537109 0.580729 0.539062 0.580729 0.540039 0.582031 0.543945 0.582031 0.544922 0.583333 0.546875 0.583333 0.547852 0.584635 0.550781 0.584635 0.551758 0.585938 0.555664 0.585938 0.556641 0.58724 0.560547 0.58724 0.561523 0.588542 0.563477 0.588542 0.564453 0.589844 0.566406 0.589844 0.567383 0.591146 0.569336 0.591146 0.570312 0.592448 0.571289 0.592448 0.572266 0.59375 0.573242 0.59375 0.574219 0.595052 0.576172 0.595052 0.577148 0.596354 0.579102 0.596354 0.580078 0.597656 0.581055 0.597656 0.582031 0.598958 0.583008 0.598958 0.583984 0.60026 0.584961 0.60026 0.585938 0.601562 0.586914 0.601562 0.587891 0.602865 0.588867 0.602865 0.59082 0.605469 0.592773 0.605469 0.59375 0.606771 0.594727 0.606771 0.595703 0.608073 0.599609 0.608073 0.600586 0.609375 0.607422 0.609375 0.608398 0.610677 0.616211 0.610677 0.617188 0.611979 0.621094 0.611979 0.62207 0.613281 0.625977 0.613281 0.626953 0.614583 0.628906 0.614583 0.629883 0.615885 0.631836 0.615885 0.632812 0.617188 0.633789 0.617188 0.634766 0.61849 0.636719 0.61849 0.637695 0.619792 0.638672 0.619792 0.639648 0.621094 0.640625 0.621094 0.641602 0.622396 0.643555 0.622396 0.644531 0.623698 0.648438 0.623698 0.649414 0.625 0.65332 0.625 0.654297 0.626302 0.657227 0.626302 0.658203 0.627604 0.662109 0.627604 0.663086 0.628906 0.667969 0.628906 0.668945 0.630208 0.671875 0.630208 0.672852 0.63151 0.673828 0.63151 0.674805 0.632812 0.674805 0.636719 0.704102 0.636719 0.704102 0.632812 0.706055 0.630208 0.708008 0.630208 0.708984 0.628906 0.709961 0.628906 0.710938 0.627604 0.711914 0.627604 0.712891 0.626302 0.712891 0.625 0.720703 0.614583 0.720703 0.613281 0.72168 0.611979 0.72168 0.610677 0.722656 0.609375 0.722656 0.605469 0.719727 0.601562 0.71875 0.601562 0.717773 0.602865 0.714844 0.602865 0.713867 0.601562 0.708008 0.601562 0.707031 0.60026 0.699219 0.60026 0.698242 0.598958 0.692383 0.598958 0.691406 0.597656 0.6875 0.597656 0.686523 0.596354 0.683594 0.596354 0.682617 0.595052 0.680664 0.595052 0.679688 0.59375 0.676758 0.59375 0.675781 0.592448 0.674805 0.592448 0.673828 0.591146 0.669922 0.591146 0.668945 0.589844 0.664062 0.589844 0.663086 0.588542 0.661133 0.588542 0.660156 0.58724 0.658203 0.58724 0.657227 0.585938 0.654297 0.585938 0.65332 0.584635 0.650391 0.584635 0.649414 0.583333 0.646484 0.583333 0.645508 0.582031 0.642578 0.582031 0.641602 0.580729 0.638672 0.580729 0.637695 0.579427 0.635742 0.579427 0.634766 0.578125 0.632812 0.578125 0.631836 0.576823 0.629883 0.576823 0.628906 0.575521 0.626953 0.575521 0.625977 0.574219 0.624023 0.574219 0.623047 0.572917 0.62207 0.572917 0.620117 0.570312 0.619141 0.570312 0.618164 0.56901 0.617188 0.56901 0.616211 0.567708 0.615234 0.567708 0.613281 0.565104 0.612305 0.565104 0.611328 0.563802 0.610352 0.563802 0.609375 0.5625 0.608398 0.5625 0.607422 0.561198 0.606445 0.561198 0.605469 0.559896 0.603516 0.559896 0.602539 0.558594 0.600586 0.558594 0.599609 0.557292 0.598633 0.557292 0.597656 0.55599 0.595703 0.55599 0.594727 0.554688 0.592773 0.554688 0.591797 0.553385 0.59082 0.553385 0.589844 0.552083 0.588867 0.552083 0.587891 0.550781 0.585938 0.550781 0.584961 0.549479 0.583984 0.549479 0.583008 0.548177 0.581055 0.548177 0.580078 0.546875 0.579102 0.546875 0.578125 0.545573 0.576172 0.545573 0.575195 0.544271 0.574219 0.544271 0.573242 0.542969 0.572266 0.542969 0.571289 0.541667 0.570312 0.541667 0.569336 0.540365 0.568359 0.540365 0.567383 0.539062 0.566406 0.539062 0.56543 0.53776 0.564453 0.53776 0.563477 0.536458 0.5625 0.536458 0.561523 0.535156 0.55957 0.535156 0.558594 0.533854 0.557617 0.533854 0.556641 0.532552 0.555664 0.532552 0.554688 0.53125 0.550781 0.53125 0.549805 0.529948 0.543945 0.529948 0.542969 0.528646 0.538086 0.528646 0.537109 0.527344 0.532227 0.527344 0.53125 0.526042 0.529297 0.526042 0.52832 0.52474 0.525391 0.52474 0.524414 0.523438 0.520508 0.523438 0.519531 0.522135 0.514648 0.522135 0.513672 0.520833 0.508789 0.520833 0.507812 0.519531 0.504883 0.519531 0.503906 0.518229 0.500977 0.518229 0.5 0.516927 0.499023 0.516927 0.498047 0.515625 0.496094 0.515625 0.495117 0.514323 0.493164 0.514323 0.492188 0.513021 0.490234 0.513021 0.489258 0.511719 0.488281 0.511719 0.487305 0.510417 0.486328 0.510417 0.485352 0.509115 0.484375 0.509115 0.482422 0.50651 0.482422 0.502604
1 0.866211 0.0963542 0.866211 0.10026 0.864258 0.102865 0.863281 0.102865 0.861328 0.105469 0.860352 0.105469 0.859375 0.106771 0.858398 0.106771 0.857422 0.108073 0.856445 0.108073 0.855469 0.109375 0.853516 0.109375 0.852539 0.110677 0.849609 0.110677 0.848633 0.111979 0.84668 0.111979 0.845703 0.113281 0.84375 0.113281 0.842773 0.114583 0.84082 0.114583 0.839844 0.115885 0.838867 0.115885 0.837891 0.117188 0.836914 0.117188 0.835938 0.11849 0.834961 0.11849 0.833984 0.119792 0.833008 0.119792 0.832031 0.121094 0.830078 0.121094 0.829102 0.122396 0.828125 0.122396 0.827148 0.123698 0.825195 0.123698 0.824219 0.125 0.819336 0.125 0.818359 0.126302 0.813477 0.126302 0.8125 0.127604 0.808594 0.127604 0.807617 0.128906 0.805664 0.128906 0.804688 0.130208 0.803711 0.130208 0.802734 0.13151 0.800781 0.13151 0.798828 0.134115 0.797852 0.134115 0.796875 0.135417 0.795898 0.135417 0.794922 0.136719 0.793945 0.136719 0.792969 0.138021 0.791992 0.138021 0.791016 0.139323 0.790039 0.139323 0.789062 0.140625 0.787109 0.140625 0.786133 0.141927 0.785156 0.141927 0.78418 0.143229 0.783203 0.143229 0.782227 0.144531 0.78125 0.144531 0.780273 0.145833 0.77832 0.145833 0.777344 0.147135 0.776367 0.147135 0.775391 0.148438 0.774414 0.148438 0.773438 0.14974 0.771484 0.14974 0.770508 0.151042 0.769531 0.151042 0.768555 0.152344 0.767578 0.152344 0.766602 0.153646 0.765625 0.153646 0.762695 0.157552 0.761719 0.157552 0.744141 0.18099 0.740234 0.18099 0.740234 0.207031 0.744141 0.207031 0.745117 0.208333 0.746094 0.208333 0.748047 0.210938 0.748047 0.214844 0.774414 0.214844 0.774414 0.210938 0.775391 0.209635 0.780273 0.209635 0.78125 0.208333 0.783203 0.208333 0.785156 0.205729 0.786133 0.205729 0.793945 0.195312 0.794922 0.195312 0.797852 0.191406 0.798828 0.191406 0.799805 0.190104 0.800781 0.190104 0.801758 0.188802 0.803711 0.188802 0.804688 0.1875 0.806641 0.1875 0.807617 0.186198 0.80957 0.186198 0.810547 0.184896 0.811523 0.184896 0.813477 0.182292 0.814453 0.182292 0.81543 0.18099 0.816406 0.18099 0.817383 0.179688 0.818359 0.179688 0.819336 0.178385 0.820312 0.178385 0.821289 0.177083 0.823242 0.177083 0.824219 0.175781 0.827148 0.175781 0.828125 0.174479 0.830078 0.174479 0.831055 0.173177 0.833008 0.173177 0.833984 0.171875 0.835938 0.171875 0.836914 0.170573 0.838867 0.170573 0.839844 0.169271 0.841797 0.169271 0.842773 0.167969 0.845703 0.167969 0.84668 0.166667 0.849609 0.166667 0.850586 0.165365 0.853516 0.165365 0.854492 0.164062 0.857422 0.164062 0.858398 0.16276 0.860352 0.16276 0.861328 0.161458 0.862305 0.161458 0.863281 0.160156 0.865234 0.160156 0.866211 0.158854 0.867188 0.158854 0.868164 0.157552 0.869141 0.157552 0.870117 0.15625 0.87207 0.15625 0.873047 0.154948 0.875 0.154948 0.875977 0.153646 0.87793 0.153646 0.878906 0.152344 0.880859 0.152344 0.881836 0.151042 0.882812 0.151042 0.883789 0.14974 0.887695 0.14974 0.888672 0.148438 0.893555 0.148438 0.894531 0.147135 0.897461 0.147135 0.898438 0.145833 0.899414 0.145833 0.900391 0.144531 0.902344 0.144531 0.90332 0.143229 0.904297 0.143229 0.905273 0.141927 0.90625 0.141927 0.908203 0.139323 0.90918 0.139323 0.913086 0.134115 0.913086 0.132812 0.914062 0.13151 0.914062 0.130208 0.916016 0.127604 0.918945 0.127604 0.918945 0.121094 0.916016 0.121094 0.914062 0.11849 0.914062 0.115885 0.913086 0.114583 0.913086 0.111979 0.910156 0.108073 0.910156 0.106771 0.908203 0.104167 0.908203 0.102865 0.90625 0.10026 0.90625 0.0963542
1 0.507812 0.648438 0.507812 0.652344 0.505859 0.654948 0.503906 0.654948 0.50293 0.65625 0.500977 0.65625 0.5 0.657552 0.498047 0.657552 0.49707 0.658854 0.496094 0.658854 0.495117 0.660156 0.493164 0.660156 0.492188 0.661458 0.488281 0.661458 0.487305 0.66276 0.485352 0.66276 0.484375 0.664062 0.482422 0.664062 0.481445 0.665365 0.479492 0.665365 0.478516 0.666667 0.476562 0.666667 0.475586 0.667969 0.474609 0.667969 0.473633 0.669271 0.47168 0.669271 0.470703 0.670573 0.469727 0.670573 0.46875 0.671875 0.467773 0.671875 0.466797 0.673177 0.46582 0.673177 0.464844 0.674479 0.463867 0.674479 0.462891 0.675781 0.461914 0.675781 0.459961 0.678385 0.458984 0.678385 0.458008 0.679688 0.457031 0.679688 0.456055 0.68099 0.455078 0.68099 0.454102 0.682292 0.453125 0.682292 0.452148 0.683594 0.451172 0.683594 0.450195 0.684896 0.449219 0.684896 0.448242 0.686198 0.447266 0.686198 0.446289 0.6875 0.445312 0.6875 0.444336 0.688802 0.443359 0.688802 0.442383 0.690104 0.441406 0.690104 0.44043 0.691406 0.439453 0.691406 0.438477 0.692708 0.4375 0.692708 0.436523 0.69401 0.435547 0.69401 0.43457 0.695312 0.432617 0.695312 0.431641 0.696615 0.430664 0.696615 0.426758 0.701823 0.425781 0.701823 0.418945 0.710938 0.417969 0.710938 0.417969 0.71224 0.416016 0.714844 0.412109 0.714844 0.412109 0.742188 0.416016 0.742188 0.416992 0.74349 0.417969 0.74349 0.418945 0.744792 0.420898 0.744792 0.422852 0.747396 0.422852 0.751302 0.445312 0.751302 0.445312 0.747396 0.446289 0.746094 0.447266 0.746094 0.448242 0.744792 0.457031 0.744792 0.458008 0.74349 0.458984 0.74349 0.461914 0.739583 0.462891 0.739583 0.463867 0.738281 0.46582 0.738281 0.467773 0.735677 0.46875 0.735677 0.469727 0.734375 0.470703 0.734375 0.47168 0.733073 0.472656 0.733073 0.473633 0.731771 0.474609 0.731771 0.476562 0.729167 0.477539 0.729167 0.478516 0.727865 0.479492 0.727865 0.480469 0.726562 0.481445 0.726562 0.482422 0.72526 0.483398 0.72526 0.484375 0.723958 0.485352 0.723958 0.486328 0.722656 0.488281 0.722656 0.489258 0.721354 0.491211 0.721354 0.493164 0.71875 0.495117 0.71875 0.496094 0.717448 0.498047 0.717448 0.499023 0.716146 0.5 0.716146 0.500977 0.714844 0.501953 0.714844 0.50293 0.713542 0.504883 0.713542 0.505859 0.71224 0.507812 0.71224 0.508789 0.710938 0.509766 0.710938 0.510742 0.709635 0.512695 0.709635 0.513672 0.708333 0.515625 0.708333 0.516602 0.707031 0.518555 0.707031 0.519531 0.705729 0.520508 0.705729 0.521484 0.704427 0.522461 0.704427 0.523438 0.703125 0.525391 0.703125 0.526367 0.701823 0.529297 0.701823 0.530273 0.700521 0.532227 0.700521 0.533203 0.699219 0.535156 0.699219 0.536133 0.697917 0.538086 0.697917 0.539062 0.696615 0.541016 0.696615 0.541992 0.695312 0.543945 0.695312 0.544922 0.69401 0.545898 0.69401 0.546875 0.692708 0.547852 0.692708 0.549805 0.690104 0.550781 0.690104 0.554688 0.684896 0.555664 0.684896 0.556641 0.683594 0.556641 0.682292 0.560547 0.677083 0.563477 0.677083 0.563477 0.648438
1 0.355469 0.304688 0.355469 0.308594 0.353516 0.311198 0.351562 0.311198 0.350586 0.3125 0.349609 0.3125 0.348633 0.313802 0.347656 0.313802 0.34668 0.315104 0.345703 0.315104 0.344727 0.316406 0.34375 0.316406 0.342773 0.317708 0.34082 0.317708 0.339844 0.31901 0.337891 0.31901 0.336914 0.320312 0.335938 0.320312 0.334961 0.321615 0.332031 0.321615 0.331055 0.322917 0.329102 0.322917 0.328125 0.324219 0.326172 0.324219 0.325195 0.325521 0.324219 0.325521 0.323242 0.326823 0.321289 0.326823 0.320312 0.328125 0.318359 0.328125 0.317383 0.329427 0.31543 0.329427 0.314453 0.330729 0.313477 0.330729 0.3125 0.332031 0.311523 0.332031 0.310547 0.333333 0.308594 0.333333 0.307617 0.334635 0.306641 0.334635 0.305664 0.335938 0.304688 0.335938 0.303711 0.33724 0.302734 0.33724 0.301758 0.338542 0.300781 0.338542 0.299805 0.339844 0.298828 0.339844 0.297852 0.341146 0.295898 0.341146 0.294922 0.342448 0.291016 0.342448 0.290039 0.34375 0.286133 0.34375 0.285156 0.345052 0.28125 0.345052 0.280273 0.346354 0.279297 0.346354 0.27832 0.347656 0.276367 0.347656 0.275391 0.348958 0.272461 0.348958 0.271484 0.35026 0.267578 0.35026 0.266602 0.351562 0.257812 0.351562 0.256836 0.352865 0.250977 0.352865 0.25 0.354167 0.24707 0.354167 0.246094 0.355469 0.244141 0.355469 0.243164 0.356771 0.241211 0.356771 0.240234 0.358073 0.238281 0.358073 0.237305 0.359375 0.234375 0.359375 0.233398 0.360677 0.230469 0.360677 0.229492 0.361979 0.227539 0.361979 0.226562 0.363281 0.224609 0.363281 0.223633 0.364583 0.22168 0.364583 0.220703 0.365885 0.21875 0.365885 0.217773 0.367188 0.216797 0.367188 0.21582 0.36849 0.213867 0.36849 0.212891 0.369792 0.211914 0.369792 0.210938 0.371094 0.208984 0.371094 0.207031 0.373698 0.206055 0.373698 0.205078 0.375 0.204102 0.375 0.202148 0.377604 0.201172 0.377604 0.200195 0.378906 0.197266 0.378906 0.197266 0.408854 0.201172 0.408854 0.205078 0.414062 0.206055 0.414062 0.207031 0.415365 0.208008 0.415365 0.208984 0.416667 0.211914 0.416667 0.212891 0.417969 0.214844 0.417969 0.21582 0.419271 0.219727 0.419271 0.220703 0.420573 0.231445 0.420573 0.233398 0.417969 0.234375 0.417969 0.236328 0.415365 0.237305 0.415365 0.239258 0.41276 0.240234 0.41276 0.242188 0.410156 0.243164 0.410156 0.244141 0.408854 0.245117 0.408854 0.24707 0.40625 0.249023 0.40625 0.25 0.404948 0.251953 0.404948 0.25293 0.403646 0.254883 0.403646 0.255859 0.402344 0.257812 0.402344 0.258789 0.401042 0.260742 0.401042 0.261719 0.39974 0.264648 0.39974 0.265625 0.398438 0.266602 0.398438 0.267578 0.397135 0.270508 0.397135 0.271484 0.395833 0.274414 0.395833 0.275391 0.394531 0.286133 0.394531 0.287109 0.393229 0.291016 0.393229 0.291992 0.391927 0.293945 0.391927 0.294922 0.390625 0.295898 0.390625 0.296875 0.389323 0.299805 0.389323 0.300781 0.388021 0.303711 0.388021 0.304688 0.386719 0.305664 0.386719 0.306641 0.385417 0.307617 0.385417 0.308594 0.384115 0.30957 0.384115 0.310547 0.382812 0.311523 0.382812 0.313477 0.380208 0.314453 0.380208 0.321289 0.371094 0.322266 0.371094 0.323242 0.369792 0.324219 0.369792 0.325195 0.36849 0.326172 0.36849 0.327148 0.367188 0.328125 0.367188 0.329102 0.365885 0.331055 0.365885 0.332031 0.364583 0.335938 0.364583 0.336914 0.363281 0.34082 0.363281 0.341797 0.361979 0.348633 0.361979 0.349609 0.360677 0.354492 0.360677 0.355469 0.359375 0.362305 0.359375 0.363281 0.358073 0.367188 0.358073 0.368164 0.356771 0.371094 0.356771 0.37207 0.355469 0.375 0.355469 0.375977 0.354167 0.376953 0.354167 0.37793 0.352865 0.378906 0.352865 0.379883 0.351562 0.380859 0.351562 0.382812 0.348958 0.383789 0.348958 0.385742 0.346354 0.386719 0.346354 0.391602 0.339844 0.391602 0.338542 0.394531 0.334635 0.394531 0.333333 0.397461 0.329427 0.397461 0.328125 0.398438 0.326823 0.398438 0.325521 0.399414 0.324219 0.398438 0.322917 0.398438 0.31901 0.397461 0.317708 0.396484 0.317708 0.394531 0.315104 0.394531 0.313802 0.390625 0.308594 0.390625 0.304688
1 0.711914 0.184896 0.711914 0.190104 0.707031 0.196615 0.707031 0.197917 0.704102 0.201823 0.704102 0.203125 0.702148 0.205729 0.702148 0.207031 0.700195 0.209635 0.700195 0.210938 0.698242 0.213542 0.698242 0.214844 0.697266 0.216146 0.697266 0.217448 0.696289 0.21875 0.696289 0.220052 0.695312 0.221354 0.695312 0.223958 0.694336 0.22526 0.694336 0.226562 0.693359 0.227865 0.693359 0.229167 0.692383 0.230469 0.692383 0.231771 0.69043 0.234375 0.69043 0.235677 0.686523 0.240885 0.686523 0.242188 0.678711 0.252604 0.678711 0.253906 0.666016 0.270833 0.666016 0.272135 0.662109 0.277344 0.662109 0.278646 0.660156 0.28125 0.660156 0.282552 0.658203 0.285156 0.658203 0.286458 0.65625 0.289062 0.65625 0.290365 0.654297 0.292969 0.654297 0.294271 0.65332 0.295573 0.65332 0.296875 0.651367 0.299479 0.651367 0.300781 0.649414 0.303385 0.649414 0.30599 0.648438 0.307292 0.648438 0.308594 0.645508 0.3125 0.642578 0.3125 0.642578 0.342448 0.646484 0.342448 0.650391 0.347656 0.651367 0.347656 0.65332 0.35026 0.654297 0.35026 0.655273 0.351562 0.655273 0.355469 0.663086 0.355469 0.663086 0.351562 0.664062 0.35026 0.666016 0.35026 0.666992 0.348958 0.668945 0.348958 0.669922 0.347656 0.671875 0.347656 0.673828 0.345052 0.674805 0.345052 0.677734 0.341146 0.678711 0.341146 0.679688 0.339844 0.679688 0.338542 0.694336 0.31901 0.694336 0.317708 0.701172 0.308594 0.701172 0.307292 0.704102 0.303385 0.704102 0.302083 0.708008 0.296875 0.708008 0.295573 0.711914 0.290365 0.711914 0.289062 0.716797 0.282552 0.716797 0.28125 0.720703 0.276042 0.720703 0.27474 0.725586 0.268229 0.725586 0.266927 0.729492 0.261719 0.729492 0.260417 0.730469 0.259115 0.730469 0.257812 0.731445 0.25651 0.731445 0.255208 0.732422 0.253906 0.732422 0.252604 0.733398 0.251302 0.733398 0.25 0.734375 0.248698 0.734375 0.247396 0.735352 0.246094 0.735352 0.244792 0.736328 0.24349 0.736328 0.240885 0.737305 0.239583 0.737305 0.234375 0.738281 0.233073 0.738281 0.217448 0.737305 0.216146 0.737305 0.213542 0.736328 0.21224 0.736328 0.210938 0.734375 0.208333 0.734375 0.207031 0.730469 0.201823 0.729492 0.201823 0.726562 0.197917 0.726562 0.196615 0.724609 0.19401 0.724609 0.192708 0.722656 0.190104 0.722656 0.184896
1 0.398438 0.575521 0.398438 0.579427 0.397461 0.580729 0.396484 0.580729 0.395508 0.582031 0.394531 0.582031 0.393555 0.583333 0.392578 0.583333 0.391602 0.584635 0.390625 0.584635 0.389648 0.585938 0.387695 0.585938 0.386719 0.58724 0.384766 0.58724 0.383789 0.588542 0.380859 0.588542 0.380859 0.613281 0.383789 0.613281 0.385742 0.615885 0.386719 0.615885 0.388672 0.61849 0.389648 0.61849 0.391602 0.621094 0.392578 0.621094 0.393555 0.622396 0.394531 0.622396 0.395508 0.623698 0.396484 0.623698 0.397461 0.625 0.398438 0.625 0.399414 0.626302 0.400391 0.626302 0.401367 0.627604 0.40332 0.627604 0.404297 0.628906 0.40625 0.628906 0.407227 0.630208 0.40918 0.630208 0.410156 0.63151 0.411133 0.63151 0.412109 0.632812 0.415039 0.632812 0.416016 0.634115 0.422852 0.634115 0.423828 0.635417 0.433594 0.635417 0.43457 0.636719 0.459961 0.636719 0.460938 0.638021 0.477539 0.638021 0.478516 0.636719 0.495117 0.636719 0.496094 0.638021 0.501953 0.638021 0.50293 0.639323 0.505859 0.639323 0.506836 0.640625 0.507812 0.640625 0.508789 0.641927 0.509766 0.641927 0.510742 0.643229 0.510742 0.647135 0.575195 0.647135 0.575195 0.643229 0.577148 0.640625 0.579102 0.640625 0.580078 0.639323 0.581055 0.639323 0.582031 0.638021 0.583008 0.638021 0.583984 0.636719 0.583984 0.635417 0.589844 0.627604 0.589844 0.625 0.591797 0.622396 0.594727 0.622396 0.594727 0.621094 0.591797 0.621094 0.59082 0.619792 0.59082 0.61849 0.589844 0.617188 0.589844 0.615885 0.588867 0.614583 0.588867 0.613281 0.584961 0.608073 0.583984 0.608073 0.583008 0.606771 0.582031 0.606771 0.580078 0.604167 0.579102 0.604167 0.578125 0.602865 0.576172 0.602865 0.575195 0.601562 0.574219 0.601562 0.573242 0.60026 0.572266 0.60026 0.571289 0.598958 0.569336 0.598958 0.568359 0.597656 0.567383 0.597656 0.566406 0.596354 0.56543 0.596354 0.564453 0.595052 0.5625 0.595052 0.561523 0.59375 0.55957 0.59375 0.558594 0.592448 0.556641 0.592448 0.555664 0.591146 0.552734 0.591146 0.551758 0.589844 0.550781 0.589844 0.549805 0.588542 0.547852 0.588542 0.546875 0.58724 0.544922 0.58724 0.543945 0.585938 0.541992 0.585938 0.541016 0.584635 0.540039 0.584635 0.539062 0.583333 0.537109 0.583333 0.536133 0.582031 0.533203 0.582031 0.532227 0.580729 0.530273 0.580729 0.529297 0.579427 0.529297 0.575521 0.518555 0.575521 0.518555 0.579427 0.517578 0.580729 0.515625 0.580729 0.514648 0.582031 0.511719 0.582031 0.510742 0.583333 0.508789 0.583333 0.507812 0.584635 0.506836 0.584635 0.505859 0.585938 0.50293 0.585938 0.501953 0.58724 0.500977 0.58724 0.5 0.585938 0.49707 0.585938 0.496094 0.584635 0.495117 0.584635 0.494141 0.583333 0.491211 0.583333 0.490234 0.582031 0.486328 0.582031 0.485352 0.580729 0.480469 0.580729 0.479492 0.579427 0.479492 0.575521
1 0.55957 0.492188 0.55957 0.497396 0.556641 0.501302 0.556641 0.502604 0.551758 0.509115 0.548828 0.509115 0.548828 0.526042 0.551758 0.526042 0.552734 0.527344 0.553711 0.527344 0.554688 0.528646 0.555664 0.528646 0.557617 0.53125 0.558594 0.53125 0.560547 0.533854 0.561523 0.533854 0.5625 0.535156 0.563477 0.535156 0.564453 0.536458 0.56543 0.536458 0.566406 0.53776 0.567383 0.53776 0.568359 0.539062 0.569336 0.539062 0.570312 0.540365 0.571289 0.540365 0.572266 0.541667 0.574219 0.541667 0.575195 0.542969 0.578125 0.542969 0.579102 0.544271 0.582031 0.544271 0.583008 0.545573 0.583984 0.545573 0.584961 0.546875 0.585938 0.546875 0.586914 0.548177 0.587891 0.548177 0.588867 0.549479 0.59082 0.549479 0.591797 0.550781 0.592773 0.550781 0.59375 0.552083 0.594727 0.552083 0.595703 0.553385 0.597656 0.553385 0.598633 0.554688 0.601562 0.554688 0.602539 0.55599 0.605469 0.55599 0.606445 0.557292 0.609375 0.557292 0.610352 0.558594 0.613281 0.558594 0.614258 0.559896 0.616211 0.559896 0.617188 0.561198 0.620117 0.561198 0.621094 0.5625 0.62207 0.5625 0.623047 0.563802 0.624023 0.563802 0.625 0.565104 0.625977 0.565104 0.626953 0.566406 0.62793 0.566406 0.629883 0.56901 0.630859 0.56901 0.631836 0.570312 0.632812 0.570312 0.633789 0.571615 0.634766 0.571615 0.635742 0.572917 0.636719 0.572917 0.637695 0.574219 0.638672 0.574219 0.639648 0.575521 0.640625 0.575521 0.641602 0.576823 0.642578 0.576823 0.643555 0.578125 0.644531 0.578125 0.645508 0.579427 0.647461 0.579427 0.648438 0.580729 0.651367 0.580729 0.652344 0.582031 0.654297 0.582031 0.655273 0.583333 0.657227 0.583333 0.658203 0.584635 0.660156 0.584635 0.661133 0.585938 0.664062 0.585938 0.665039 0.58724 0.667969 0.58724 0.668945 0.588542 0.671875 0.588542 0.672852 0.589844 0.673828 0.589844 0.674805 0.591146 0.676758 0.591146 0.677734 0.592448 0.680664 0.592448 0.681641 0.59375 0.683594 0.59375 0.68457 0.595052 0.6875 0.595052 0.688477 0.596354 0.696289 0.596354 0.697266 0.597656 0.705078 0.597656 0.706055 0.598958 0.708984 0.598958 0.709961 0.60026 0.710938 0.60026 0.711914 0.601562 0.712891 0.601562 0.713867 0.602865 0.714844 0.602865 0.717773 0.606771 0.717773 0.610677 0.724609 0.610677 0.724609 0.606771 0.731445 0.597656 0.731445 0.596354 0.732422 0.595052 0.732422 0.59375 0.733398 0.592448 0.733398 0.591146 0.734375 0.589844 0.734375 0.58724 0.735352 0.585938 0.735352 0.582031 0.736328 0.580729 0.739258 0.580729 0.736328 0.580729 0.734375 0.578125 0.734375 0.576823 0.733398 0.575521 0.733398 0.574219 0.730469 0.570312 0.730469 0.56901 0.729492 0.56901 0.727539 0.566406 0.726562 0.566406 0.724609 0.563802 0.723633 0.563802 0.722656 0.5625 0.72168 0.5625 0.720703 0.561198 0.719727 0.561198 0.71875 0.559896 0.717773 0.559896 0.716797 0.558594 0.71582 0.558594 0.714844 0.557292 0.712891 0.557292 0.711914 0.55599 0.709961 0.55599 0.708984 0.554688 0.707031 0.554688 0.706055 0.553385 0.704102 0.553385 0.703125 0.552083 0.698242 0.552083 0.697266 0.550781 0.69043 0.550781 0.689453 0.549479 0.685547 0.549479 0.68457 0.548177 0.682617 0.548177 0.681641 0.546875 0.678711 0.546875 0.677734 0.545573 0.673828 0.545573 0.672852 0.544271 0.669922 0.544271 0.668945 0.542969 0.666992 0.542969 0.666016 0.541667 0.663086 0.541667 0.662109 0.540365 0.65918 0.540365 0.658203 0.539062 0.655273 0.539062 0.654297 0.53776 0.652344 0.53776 0.651367 0.536458 0.649414 0.536458 0.648438 0.535156 0.645508 0.535156 0.644531 0.533854 0.643555 0.533854 0.642578 0.532552 0.640625 0.532552 0.639648 0.53125 0.637695 0.53125 0.636719 0.529948 0.635742 0.529948 0.634766 0.528646 0.633789 0.528646 0.632812 0.527344 0.631836 0.527344 0.629883 0.52474 0.628906 0.52474 0.626953 0.522135 0.625977 0.522135 0.624023 0.519531 0.623047 0.519531 0.619141 0.514323 0.618164 0.514323 0.615234 0.510417 0.614258 0.510417 0.612305 0.507812 0.611328 0.507812 0.610352 0.50651 0.606445 0.50651 0.605469 0.505208 0.601562 0.505208 0.600586 0.503906 0.597656 0.503906 0.59668 0.502604 0.59375 0.502604 0.592773 0.501302 0.59082 0.501302 0.589844 0.5 0.586914 0.5 0.585938 0.498698 0.583984 0.498698 0.582031 0.496094 0.582031 0.492188
1 0.233398 0.601562 0.233398 0.606771 0.234375 0.608073 0.234375 0.609375 0.235352 0.610677 0.234375 0.611979 0.234375 0.614583 0.233398 0.615885 0.233398 0.623698 0.231445 0.626302 0.228516 0.626302 0.228516 0.630208 0.231445 0.630208 0.235352 0.635417 0.235352 0.636719 0.239258 0.641927 0.239258 0.643229 0.240234 0.643229 0.242188 0.645833 0.242188 0.647135 0.245117 0.651042 0.245117 0.652344 0.251953 0.661458 0.25293 0.661458 0.255859 0.665365 0.256836 0.665365 0.263672 0.674479 0.264648 0.674479 0.268555 0.679688 0.269531 0.679688 0.270508 0.68099 0.271484 0.68099 0.274414 0.684896 0.276367 0.684896 0.277344 0.686198 0.27832 0.686198 0.28125 0.690104 0.282227 0.690104 0.291016 0.701823 0.291016 0.703125 0.293945 0.707031 0.293945 0.708333 0.297852 0.713542 0.297852 0.714844 0.304688 0.723958 0.304688 0.72526 0.3125 0.735677 0.313477 0.735677 0.31543 0.738281 0.316406 0.738281 0.318359 0.740885 0.319336 0.740885 0.320312 0.742188 0.321289 0.742188 0.322266 0.74349 0.324219 0.74349 0.325195 0.744792 0.326172 0.744792 0.328125 0.747396 0.328125 0.748698 0.329102 0.75 0.329102 0.751302 0.330078 0.752604 0.331055 0.752604 0.333984 0.75651 0.334961 0.75651 0.335938 0.757812 0.338867 0.757812 0.339844 0.759115 0.34375 0.759115 0.344727 0.757812 0.34668 0.757812 0.348633 0.755208 0.348633 0.753906 0.349609 0.752604 0.349609 0.75 0.350586 0.748698 0.350586 0.747396 0.355469 0.740885 0.355469 0.736979 0.353516 0.734375 0.353516 0.733073 0.345703 0.722656 0.344727 0.722656 0.341797 0.71875 0.34082 0.71875 0.333984 0.709635 0.333984 0.708333 0.332031 0.705729 0.332031 0.704427 0.331055 0.703125 0.331055 0.699219 0.330078 0.697917 0.330078 0.692708 0.329102 0.691406 0.329102 0.684896 0.327148 0.682292 0.327148 0.68099 0.313477 0.66276 0.3125 0.66276 0.310547 0.660156 0.30957 0.660156 0.307617 0.657552 0.306641 0.657552 0.303711 0.653646 0.302734 0.653646 0.300781 0.651042 0.299805 0.651042 0.298828 0.64974 0.297852 0.64974 0.295898 0.647135 0.294922 0.647135 0.293945 0.645833 0.292969 0.645833 0.291992 0.644531 0.291016 0.644531 0.290039 0.643229 0.289062 0.643229 0.288086 0.641927 0.287109 0.641927 0.286133 0.640625 0.285156 0.640625 0.282227 0.636719 0.280273 0.636719 0.279297 0.635417 0.27832 0.635417 0.277344 0.634115 0.276367 0.634115 0.274414 0.63151 0.273438 0.63151 0.262695 0.617188 0.261719 0.617188 0.259766 0.614583 0.258789 0.614583 0.255859 0.610677 0.254883 0.610677 0.25293 0.608073 0.25293 0.606771 0.251953 0.605469 0.251953 0.601562
1 0.393555 0.341146 0.393555 0.345052 0.391602 0.347656 0.389648 0.347656 0.388672 0.348958 0.387695 0.348958 0.386719 0.35026 0.385742 0.35026 0.383789 0.352865 0.381836 0.352865 0.380859 0.354167 0.379883 0.354167 0.378906 0.355469 0.376953 0.355469 0.375977 0.356771 0.37207 0.356771 0.371094 0.358073 0.368164 0.358073 0.367188 0.359375 0.363281 0.359375 0.362305 0.360677 0.356445 0.360677 0.355469 0.361979 0.350586 0.361979 0.349609 0.363281 0.345703 0.363281 0.344727 0.364583 0.339844 0.364583 0.338867 0.365885 0.335938 0.365885 0.334961 0.367188 0.333008 0.367188 0.332031 0.36849 0.331055 0.36849 0.330078 0.369792 0.329102 0.369792 0.328125 0.371094 0.327148 0.371094 0.326172 0.372396 0.325195 0.372396 0.323242 0.375 0.322266 0.375 0.31543 0.384115 0.314453 0.384115 0.311523 0.388021 0.310547 0.388021 0.30957 0.389323 0.306641 0.389323 0.306641 0.414062 0.30957 0.414062 0.310547 0.415365 0.311523 0.415365 0.314453 0.419271 0.316406 0.419271 0.317383 0.420573 0.319336 0.420573 0.320312 0.421875 0.324219 0.421875 0.325195 0.423177 0.328125 0.423177 0.329102 0.424479 0.329102 0.428385 0.337891 0.428385 0.337891 0.424479 0.338867 0.423177 0.339844 0.423177 0.34082 0.421875 0.34375 0.421875 0.344727 0.420573 0.34668 0.420573 0.347656 0.419271 0.349609 0.419271 0.350586 0.417969 0.351562 0.417969 0.352539 0.416667 0.353516 0.416667 0.354492 0.415365 0.356445 0.415365 0.357422 0.414062 0.359375 0.414062 0.360352 0.41276 0.361328 0.41276 0.363281 0.410156 0.364258 0.410156 0.365234 0.408854 0.366211 0.408854 0.367188 0.407552 0.368164 0.407552 0.369141 0.40625 0.370117 0.40625 0.371094 0.404948 0.37207 0.404948 0.373047 0.403646 0.375977 0.403646 0.376953 0.402344 0.379883 0.402344 0.380859 0.401042 0.385742 0.401042 0.386719 0.39974 0.391602 0.39974 0.392578 0.398438 0.396484 0.398438 0.397461 0.397135 0.402344 0.397135 0.40332 0.395833 0.446289 0.395833 0.447266 0.394531 0.453125 0.394531 0.454102 0.393229 0.457031 0.393229 0.458008 0.391927 0.459961 0.391927 0.460938 0.390625 0.463867 0.390625 0.464844 0.389323 0.46875 0.389323 0.469727 0.388021 0.488281 0.388021 0.489258 0.386719 0.490234 0.386719 0.493164 0.382812 0.494141 0.382812 0.496094 0.380208 0.49707 0.380208 0.5 0.376302 0.500977 0.376302 0.500977 0.375 0.503906 0.371094 0.503906 0.369792 0.505859 0.367188 0.508789 0.367188 0.508789 0.361979 0.505859 0.361979 0.500977 0.355469 0.5 0.355469 0.49707 0.351562 0.496094 0.351562 0.495117 0.35026 0.494141 0.35026 0.493164 0.348958 0.491211 0.348958 0.490234 0.347656 0.489258 0.347656 0.487305 0.345052 0.487305 0.341146
1 0.727539 0.0442708 0.727539 0.0494792 0.726562 0.0507812 0.725586 0.0507812 0.723633 0.0533854 0.720703 0.0533854 0.720703 0.153646 0.723633 0.153646 0.724609 0.154948 0.724609 0.15625 0.725586 0.157552 0.725586 0.160156 0.726562 0.161458 0.726562 0.16276 0.727539 0.164062 0.727539 0.165365 0.730469 0.169271 0.730469 0.170573 0.736328 0.178385 0.738281 0.178385 0.739258 0.179688 0.739258 0.183594 0.739258 0.179688 0.741211 0.177083 0.742188 0.177083 0.746094 0.171875 0.74707 0.171875 0.750977 0.166667 0.750977 0.165365 0.761719 0.151042 0.761719 0.14974 0.763672 0.147135 0.766602 0.147135 0.766602 0.128906 0.763672 0.128906 0.762695 0.127604 0.762695 0.125 0.761719 0.123698 0.761719 0.0729167 0.760742 0.0716146 0.760742 0.0638021 0.759766 0.0625 0.759766 0.0520833 0.760742 0.0507812 0.760742 0.0442708
0 0.0390625 0.00260417 0.0390625 0.00651042 0.0371094 0.00911458 0.0361328 0.00911458 0.0351562 0.0104167 0.0341797 0.0104167 0.0332031 0.0117188 0.0322266 0.0117188 0.0273438 0.0182292 0.0273438 0.0195312 0.0214844 0.0273438 0.0205078 0.0273438 0.0205078 0.0286458 0.0117188 0.0403646 0.0107422 0.0403646 0.00976562 0.0416667 0.00976562 0.0429688 0.00488281 0.0494792 0.00195312 0.0494792 0.00195312 0.167969 0.0146484 0.167969 0.015625 0.166667 0.0185547 0.166667 0.0195312 0.165365 0.0205078 0.165365 0.0224609 0.16276 0.0244141 0.16276 0.0253906 0.161458 0.0263672 0.161458 0.0273438 0.160156 0.0283203 0.160156 0.0292969 0.158854 0.0302734 0.158854 0.03125 0.157552 0.0332031 0.157552 0.0341797 0.15625 0.0351562 0.15625 0.0361328 0.154948 0.0380859 0.154948 0.0390625 0.153646 0.0400391 0.153646 0.0410156 0.152344 0.0419922 0.152344 0.0439453 0.14974 0.0458984 0.14974 0.046875 0.148438 0.0478516 0.148438 0.0488281 0.147135 0.0498047 0.147135 0.0507812 0.145833 0.0527344 0.145833 0.0537109 0.144531 0.0556641 0.144531 0.0566406 0.143229 0.0576172 0.143229 0.0585938 0.141927 0.0595703 0.141927 0.0605469 0.140625 0.0625 0.140625 0.0634766 0.139323 0.0644531 0.139323 0.0654297 0.138021 0.0664062 0.138021 0.0673828 0.136719 0.0683594 0.136719 0.0693359 0.135417 0.0703125 0.135417 0.0712891 0.134115 0.0722656 0.134115 0.0742188 0.13151 0.0751953 0.13151 0.0761719 0.130208 0.0771484 0.130208 0.078125 0.128906 0.0791016 0.128906 0.0800781 0.127604 0.0810547 0.127604 0.0820312 0.126302 0.0830078 0.126302 0.0839844 0.125 0.0859375 0.125 0.0869141 0.123698 0.0878906 0.123698 0.0888672 0.122396 0.0898438 0.122396 0.0908203 0.121094 0.0917969 0.121094 0.0927734 0.119792 0.0947266 0.119792 0.0957031 0.11849 0.0966797 0.11849 0.0986328 0.115885 0.0996094 0.115885 0.100586 0.114583 0.101562 0.114583 0.103516 0.111979 0.104492 0.111979 0.105469 0.110677 0.106445 0.110677 0.107422 0.109375 0.108398 0.109375 0.109375 0.108073 0.110352 0.108073 0.111328 0.106771 0.112305 0.106771 0.114258 0.104167 0.115234 0.104167 0.116211 0.102865 0.117188 0.102865 0.118164 0.101562 0.119141 0.101562 0.121094 0.0989583 0.12207 0.0989583 0.123047 0.0976562 0.124023 0.0976562 0.125977 0.0950521 0.126953 0.0950521 0.134766 0.0846354 0.134766 0.0833333 0.135742 0.0820312 0.135742 0.0807292 0.137695 0.078125 0.137695 0.0768229 0.138672 0.0755208 0.138672 0.0742188 0.140625 0.0716146 0.140625 0.0703125 0.142578 0.0677083 0.142578 0.0664062 0.143555 0.0651042 0.143555 0.0638021 0.144531 0.0625 0.144531 0.0611979 0.146484 0.0585938 0.146484 0.0572917 0.147461 0.0559896 0.147461 0.0533854 0.149414 0.0507812 0.149414 0.0494792 0.150391 0.0481771 0.150391 0.046875 0.152344 0.0442708 0.152344 0.0429688 0.155273 0.0390625 0.155273 0.0377604 0.15625 0.0364583 0.15625 0.0351562 0.157227 0.0338542 0.157227 0.0325521 0.158203 0.03125 0.161133 0.03125 0.161133 0.00260417
1 0.702148 0.0546875 0.702148 0.0585938 0.699219 0.0625 0.698242 0.0625 0.694336 0.0677083 0.693359 0.0677083 0.691406 0.0703125 0.691406 0.0716146 0.69043 0.0729167 0.69043 0.0755208 0.689453 0.0768229 0.689453 0.0807292 0.688477 0.0820312 0.688477 0.0859375 0.6875 0.0872396 0.6875 0.0924479 0.686523 0.09375 0.686523 0.0989583 0.685547 0.10026 0.685547 0.102865 0.68457 0.104167 0.68457 0.106771 0.683594 0.108073 0.683594 0.110677 0.682617 0.111979 0.682617 0.114583 0.681641 0.115885 0.681641 0.117188 0.680664 0.11849 0.680664 0.121094 0.679688 0.122396 0.679688 0.125 0.678711 0.126302 0.678711 0.127604 0.677734 0.128906 0.677734 0.130208 0.676758 0.13151 0.673828 0.13151 0.673828 0.195312 0.676758 0.195312 0.678711 0.197917 0.678711 0.199219 0.685547 0.208333 0.686523 0.208333 0.688477 0.210938 0.688477 0.214844 0.695312 0.214844 0.695312 0.210938 0.699219 0.205729 0.699219 0.204427 0.702148 0.200521 0.702148 0.199219 0.703125 0.197917 0.703125 0.196615 0.705078 0.19401 0.705078 0.192708 0.707031 0.190104 0.707031 0.188802 0.708984 0.186198 0.708984 0.184896 0.710938 0.182292 0.710938 0.18099 0.712891 0.178385 0.712891 0.177083 0.713867 0.175781 0.713867 0.174479 0.71582 0.171875 0.71582 0.170573 0.716797 0.169271 0.716797 0.167969 0.717773 0.166667 0.717773 0.165365 0.71875 0.164062 0.71875 0.16276 0.719727 0.161458 0.719727 0.160156 0.720703 0.158854 0.720703 0.15625 0.72168 0.154948 0.72168 0.0963542 0.722656 0.0950521 0.722656 0.0898438 0.723633 0.0885417 0.723633 0.0833333 0.724609 0.0820312 0.724609 0.0546875
1 0.552734 0.0390625 0.552734 0.0885417 0.555664 0.0885417 0.557617 0.0911458 0.557617 0.0924479 0.558594 0.09375 0.558594 0.0950521 0.55957 0.0963542 0.55957 0.0976562 0.561523 0.10026 0.561523 0.101562 0.5625 0.102865 0.5625 0.104167 0.563477 0.105469 0.563477 0.106771 0.566406 0.110677 0.566406 0.111979 0.567383 0.113281 0.567383 0.114583 0.569336 0.117188 0.569336 0.11849 0.571289 0.121094 0.571289 0.122396 0.573242 0.125 0.573242 0.126302 0.586914 0.144531 0.587891 0.144531 0.592773 0.151042 0.59375 0.151042 0.59668 0.154948 0.597656 0.154948 0.601562 0.160156 0.602539 0.160156 0.607422 0.166667 0.607422 0.167969 0.611328 0.173177 0.611328 0.174479 0.613281 0.177083 0.613281 0.178385 0.617188 0.183594 0.617188 0.184896 0.623047 0.192708 0.624023 0.192708 0.626953 0.196615 0.62793 0.196615 0.629883 0.199219 0.630859 0.199219 0.632812 0.201823 0.633789 0.201823 0.634766 0.203125 0.636719 0.203125 0.637695 0.204427 0.638672 0.204427 0.640625 0.207031 0.641602 0.207031 0.642578 0.208333 0.644531 0.208333 0.645508 0.209635 0.647461 0.209635 0.648438 0.210938 0.649414 0.210938 0.650391 0.21224 0.65332 0.21224 0.654297 0.213542 0.655273 0.213542 0.65625 0.214844 0.657227 0.214844 0.658203 0.216146 0.658203 0.220052 0.671875 0.220052 0.671875 0.214844 0.673828 0.21224 0.676758 0.21224 0.676758 0.203125 0.673828 0.203125 0.671875 0.200521 0.671875 0.197917 0.670898 0.196615 0.670898 0.195312 0.669922 0.19401 0.669922 0.192708 0.668945 0.191406 0.668945 0.190104 0.666992 0.1875 0.666992 0.186198 0.665039 0.183594 0.664062 0.183594 0.660156 0.178385 0.65918 0.178385 0.657227 0.175781 0.65625 0.175781 0.654297 0.173177 0.65332 0.173177 0.641602 0.157552 0.641602 0.15625 0.635742 0.148438 0.635742 0.147135 0.631836 0.141927 0.631836 0.140625 0.630859 0.139323 0.630859 0.138021 0.62793 0.134115 0.62793 0.132812 0.625977 0.130208 0.625977 0.128906 0.624023 0.126302 0.624023 0.125 0.623047 0.123698 0.623047 0.122396 0.62207 0.121094 0.62207 0.119792 0.620117 0.117188 0.620117 0.115885 0.615234 0.109375 0.615234 0.108073 0.609375 0.10026 0.608398 0.10026 0.600586 0.0898438 0.600586 0.0885417 0.597656 0.0846354 0.597656 0.0833333 0.595703 0.0807292 0.595703 0.0794271 0.59375 0.0768229 0.59375 0.0755208 0.592773 0.0742188 0.592773 0.0729167 0.591797 0.0716146 0.591797 0.0703125 0.59082 0.0690104 0.59082 0.0677083 0.589844 0.0664062 0.589844 0.0651042 0.588867 0.0638021 0.588867 0.0611979 0.587891 0.0598958 0.587891 0.0585938 0.586914 0.0572917 0.586914 0.0559896 0.585938 0.0546875 0.585938 0.0533854 0.584961 0.0520833 0.584961 0.0507812 0.583984 0.0494792 0.583984 0.0481771 0.583008 0.046875 0.583008 0.0455729 0.582031 0.0442708 0.582031 0.0390625
1 0.53125 0.356771 0.53125 0.360677 0.525391 0.36849 0.524414 0.36849 0.522461 0.371094 0.522461 0.372396 0.519531 0.376302 0.519531 0.377604 0.514648 0.384115 0.514648 0.385417 0.512695 0.388021 0.512695 0.389323 0.510742 0.391927 0.510742 0.393229 0.509766 0.394531 0.509766 0.395833 0.507812 0.398438 0.507812 0.39974 0.506836 0.401042 0.506836 0.402344 0.505859 0.403646 0.505859 0.404948 0.504883 0.40625 0.504883 0.407552 0.503906 0.408854 0.503906 0.410156 0.50293 0.411458 0.50293 0.41276 0.501953 0.414062 0.501953 0.415365 0.500977 0.416667 0.500977 0.417969 0.5 0.419271 0.5 0.420573 0.499023 0.421875 0.499023 0.423177 0.496094 0.427083 0.496094 0.428385 0.494141 0.43099 0.494141 0.432292 0.491211 0.436198 0.491211 0.4375 0.486328 0.44401 0.486328 0.445312 0.484375 0.447917 0.484375 0.449219 0.482422 0.451823 0.482422 0.453125 0.481445 0.454427 0.481445 0.455729 0.480469 0.457031 0.480469 0.458333 0.479492 0.459635 0.479492 0.460938 0.478516 0.46224 0.478516 0.463542 0.477539 0.464844 0.477539 0.466146 0.476562 0.467448 0.476562 0.46875 0.475586 0.470052 0.475586 0.471354 0.474609 0.472656 0.470703 0.472656 0.470703 0.49349 0.474609 0.49349 0.475586 0.494792 0.476562 0.494792 0.478516 0.497396 0.478516 0.501302 0.49707 0.501302 0.49707 0.497396 0.5 0.49349 0.500977 0.49349 0.503906 0.489583 0.504883 0.489583 0.505859 0.488281 0.505859 0.486979 0.510742 0.480469 0.510742 0.479167 0.511719 0.477865 0.511719 0.476562 0.515625 0.471354 0.516602 0.471354 0.521484 0.464844 0.522461 0.464844 0.524414 0.46224 0.525391 0.46224 0.526367 0.460938 0.527344 0.460938 0.52832 0.459635 0.529297 0.459635 0.530273 0.458333 0.53125 0.458333 0.532227 0.457031 0.533203 0.457031 0.53418 0.455729 0.535156 0.455729 0.538086 0.451823 0.539062 0.451823 0.542969 0.446615 0.542969 0.445312 0.544922 0.442708 0.544922 0.441406 0.546875 0.438802 0.546875 0.4375 0.547852 0.436198 0.547852 0.434896 0.548828 0.433594 0.548828 0.432292 0.550781 0.429688 0.550781 0.428385 0.552734 0.425781 0.552734 0.424479 0.554688 0.421875 0.554688 0.420573 0.556641 0.417969 0.556641 0.416667 0.557617 0.415365 0.557617 0.414062 0.558594 0.41276 0.558594 0.411458 0.560547 0.408854 0.560547 0.407552 0.561523 0.40625 0.561523 0.403646 0.5625 0.402344 0.5625 0.39974 0.564453 0.397135 0.567383 0.397135 0.567383 0.376302 0.564453 0.376302 0.563477 0.375 0.563477 0.373698 0.5625 0.372396 0.5625 0.369792 0.561523 0.36849 0.561523 0.367188 0.560547 0.365885 0.560547 0.364583 0.55957 0.363281 0.55957 0.361979 0.558594 0.360677 0.558594 0.356771
1 0.741211 0.580729 0.741211 0.585938 0.738281 0.589844 0.738281 0.591146 0.735352 0.595052 0.732422 0.595052 0.732422 0.617188 0.736328 0.617188 0.738281 0.619792 0.738281 0.621094 0.742188 0.626302 0.742188 0.627604 0.744141 0.630208 0.745117 0.630208 0.74707 0.632812 0.748047 0.632812 0.75 0.635417 0.750977 0.635417 0.751953 0.636719 0.75293 0.636719 0.753906 0.638021 0.754883 0.638021 0.755859 0.639323 0.757812 0.639323 0.758789 0.640625 0.759766 0.640625 0.760742 0.641927 0.761719 0.641927 0.762695 0.643229 0.766602 0.643229 0.767578 0.644531 0.772461 0.644531 0.773438 0.645833 0.77832 0.645833 0.779297 0.644531 0.785156 0.644531 0.786133 0.643229 0.791016 0.643229 0.791992 0.644531 0.810547 0.644531 0.811523 0.645833 0.833984 0.645833 0.834961 0.647135 0.841797 0.647135 0.842773 0.648438 0.856445 0.648438 0.857422 0.64974 0.873047 0.64974 0.874023 0.651042 0.878906 0.651042 0.879883 0.652344 0.889648 0.652344 0.890625 0.651042 0.892578 0.651042 0.893555 0.64974 0.895508 0.64974 0.896484 0.648438 0.898438 0.648438 0.899414 0.647135 0.900391 0.647135 0.901367 0.645833 0.90332 0.645833 0.904297 0.644531 0.911133 0.644531 0.913086 0.641927 0.913086 0.638021 0.912109 0.636719 0.912109 0.635417 0.90918 0.63151 0.90918 0.630208 0.904297 0.623698 0.904297 0.622396 0.902344 0.619792 0.902344 0.61849 0.901367 0.617188 0.901367 0.615885 0.895508 0.608073 0.894531 0.608073 0.892578 0.605469 0.890625 0.605469 0.889648 0.604167 0.882812 0.604167 0.881836 0.602865 0.871094 0.602865 0.870117 0.601562 0.860352 0.601562 0.859375 0.60026 0.853516 0.60026 0.852539 0.598958 0.845703 0.598958 0.844727 0.597656 0.838867 0.597656 0.837891 0.596354 0.834961 0.596354 0.833984 0.595052 0.832031 0.595052 0.831055 0.59375 0.827148 0.59375 0.826172 0.592448 0.823242 0.592448 0.822266 0.591146 0.821289 0.591146 0.820312 0.589844 0.818359 0.589844 0.817383 0.588542 0.8125 0.588542 0.811523 0.58724 0.797852 0.58724 0.796875 0.585938 0.792969 0.585938 0.791992 0.584635 0.791992 0.580729
1 0.179688 0.0703125 0.179688 0.0742188 0.177734 0.0768229 0.176758 0.0768229 0.175781 0.078125 0.173828 0.078125 0.172852 0.0794271 0.170898 0.0794271 0.169922 0.0807292 0.168945 0.0807292 0.167969 0.0820312 0.166016 0.0820312 0.165039 0.0833333 0.163086 0.0833333 0.162109 0.0846354 0.15918 0.0846354 0.158203 0.0859375 0.157227 0.0859375 0.15625 0.0872396 0.155273 0.0872396 0.154297 0.0885417 0.15332 0.0885417 0.152344 0.0898438 0.149414 0.0898438 0.148438 0.0911458 0.147461 0.0911458 0.146484 0.0924479 0.145508 0.0924479 0.144531 0.09375 0.142578 0.09375 0.141602 0.0950521 0.138672 0.0950521 0.137695 0.0963542 0.135742 0.0963542 0.134766 0.0976562 0.133789 0.0976562 0.132812 0.0989583 0.131836 0.0989583 0.129883 0.101562 0.128906 0.101562 0.12793 0.102865 0.126953 0.102865 0.125 0.105469 0.124023 0.105469 0.123047 0.106771 0.12207 0.106771 0.119141 0.110677 0.118164 0.110677 0.115234 0.114583 0.114258 0.114583 0.113281 0.115885 0.112305 0.115885 0.111328 0.117188 0.110352 0.117188 0.109375 0.11849 0.107422 0.11849 0.106445 0.119792 0.104492 0.119792 0.102539 0.122396 0.100586 0.122396 0.0996094 0.123698 0.0986328 0.123698 0.0976562 0.125 0.0966797 0.125 0.0957031 0.126302 0.0947266 0.126302 0.09375 0.127604 0.0917969 0.127604 0.0908203 0.128906 0.0898438 0.128906 0.0878906 0.13151 0.0869141 0.13151 0.0849609 0.134115 0.0839844 0.134115 0.0830078 0.135417 0.0820312 0.135417 0.0800781 0.138021 0.0791016 0.138021 0.078125 0.139323 0.0761719 0.139323 0.0751953 0.140625 0.0742188 0.140625 0.0732422 0.141927 0.0722656 0.141927 0.0712891 0.143229 0.0703125 0.143229 0.0693359 0.144531 0.0683594 0.144531 0.0673828 0.145833 0.0654297 0.145833 0.0644531 0.147135 0.0634766 0.147135 0.0625 0.148438 0.0605469 0.148438 0.0595703 0.14974 0.0576172 0.14974 0.0566406 0.151042 0.0556641 0.151042 0.0546875 0.152344 0.0527344 0.152344 0.0517578 0.153646 0.0498047 0.153646 0.0488281 0.154948 0.0449219 0.154948 0.0439453 0.15625 0.0400391 0.15625 0.0390625 0.157552 0.0380859 0.157552 0.0371094 0.158854 0.0351562 0.158854 0.0341797 0.160156 0.0322266 0.160156 0.03125 0.161458 0.0292969 0.161458 0.0283203 0.16276 0.0263672 0.16276 0.0253906 0.164062 0.0244141 0.164062 0.0234375 0.165365 0.0205078 0.165365 0.0195312 0.166667 0.0166016 0.166667 0.015625 0.167969 0.0136719 0.167969 0.0126953 0.169271 0.00976562 0.169271 0.00878906 0.170573 0.00683594 0.170573 0.00585938 0.171875 0 0.171875 0 0.298177 0.00585938 0.298177 0.00585938 0.292969 0.0078125 0.290365 0.0078125 0.289062 0.00878906 0.28776 0.00976562 0.28776 0.0117188 0.285156 0.0126953 0.285156 0.0136719 0.283854 0.0146484 0.283854 0.015625 0.282552 0.0175781 0.282552 0.0185547 0.28125 0.0195312 0.28125 0.0205078 0.279948 0.0214844 0.279948 0.0224609 0.278646 0.0234375 0.278646 0.0244141 0.277344 0.0253906 0.277344 0.0263672 0.276042 0.0283203 0.276042 0.0292969 0.27474 0.03125 0.27474 0.0322266 0.273438 0.0341797 0.273438 0.0351562 0.272135 0.0361328 0.272135 0.0371094 0.270833 0.0380859 0.270833 0.0390625 0.269531 0.0410156 0.269531 0.0419922 0.268229 0.0429688 0.268229 0.0439453 0.266927 0.0449219 0.266927 0.0458984 0.265625 0.0478516 0.265625 0.0488281 0.264323 0.0507812 0.264323 0.0517578 0.263021 0.0537109 0.263021 0.0546875 0.261719 0.0576172 0.261719 0.0585938 0.260417 0.0605469 0.260417 0.0615234 0.259115 0.0634766 0.259115 0.0644531 0.257812 0.0654297 0.257812 0.0664062 0.25651 0.0673828 0.25651 0.0683594 0.255208 0.0693359 0.255208 0.0722656 0.251302 0.0732422 0.251302 0.0761719 0.247396 0.0771484 0.247396 0.078125 0.246094 0.0791016 0.246094 0.0800781 0.244792 0.0810547 0.244792 0.0820312 0.24349 0.0830078 0.24349 0.0849609 0.240885 0.0869141 0.240885 0.0878906 0.239583 0.0888672 0.239583 0.0898438 0.238281 0.0917969 0.238281 0.0927734 0.236979 0.09375 0.236979 0.0947266 0.235677 0.0957031 0.235677 0.0966797 0.234375 0.0986328 0.234375 0.0996094 0.233073 0.100586 0.233073 0.102539 0.230469 0.104492 0.230469 0.105469 0.229167 0.106445 0.229167 0.107422 0.227865 0.108398 0.227865 0.109375 0.226562 0.110352 0.226562 0.111328 0.22526 0.113281 0.22526 0.114258 0.223958 0.116211 0.223958 0.117188 0.222656 0.119141 0.222656 0.120117 0.221354 0.12207 0.221354 0.123047 0.220052 0.124023 0.220052 0.125 0.21875 0.125977 0.21875 0.126953 0.217448 0.12793 0.217448 0.128906 0.216146 0.129883 0.216146 0.130859 0.214844 0.131836 0.214844 0.132812 0.213542 0.133789 0.213542 0.134766 0.21224 0.135742 0.21224 0.137695 0.209635 0.138672 0.209635 0.139648 0.208333 0.140625 0.208333 0.141602 0.207031 0.142578 0.207031 0.143555 0.205729 0.144531 0.205729 0.145508 0.204427 0.146484 0.204427 0.147461 0.203125 0.149414 0.203125 0.150391 0.201823 0.151367 0.201823 0.152344 0.200521 0.15332 0.200521 0.154297 0.199219 0.15625 0.199219 0.157227 0.197917 0.160156 0.197917 0.161133 0.196615 0.163086 0.196615 0.164062 0.195312 0.166016 0.195312 0.166992 0.19401 0.169922 0.19401 0.170898 0.192708 0.171875 0.192708 0.172852 0.191406 0.174805 0.191406 0.176758 0.188802 0.177734 0.188802 0.178711 0.1875 0.179688 0.1875 0.181641 0.184896 0.182617 0.184896 0.18457 0.182292 0.185547 0.182292 0.188477 0.178385 0.189453 0.178385 0.194336 0.171875 0.195312 0.171875 0.200195 0.165365 0.201172 0.165365 0.204102 0.161458 0.205078 0.161458 0.208984 0.15625 0.209961 0.15625 0.211914 0.153646 0.212891 0.153646 0.21875 0.145833 0.219727 0.145833 0.22168 0.143229 0.22168 0.141927 0.226562 0.135417 0.226562 0.134115 0.231445 0.127604 0.231445 0.126302 0.235352 0.121094 0.235352 0.119792 0.237305 0.117188 0.237305 0.115885 0.240234 0.111979 0.243164 0.111979 0.243164 0.0950521 0.240234 0.0950521 0.238281 0.0924479 0.237305 0.0924479 0.236328 0.0911458 0.235352 0.0911458 0.234375 0.0898438 0.233398 0.0898438 0.232422 0.0885417 0.231445 0.0885417 0.228516 0.0846354 0.227539 0.0846354 0.225586 0.0820312 0.224609 0.0820312 0.22168 0.078125 0.220703 0.078125 0.217773 0.0742188 0.217773 0.0703125
1 0.285156 0.0546875 0.285156 0.0598958 0.283203 0.0625 0.279297 0.0625 0.279297 0.0872396 0.283203 0.0872396 0.289062 0.0950521 0.289062 0.0963542 0.297852 0.108073 0.298828 0.108073 0.299805 0.109375 0.300781 0.109375 0.302734 0.111979 0.303711 0.111979 0.305664 0.114583 0.306641 0.114583 0.308594 0.117188 0.30957 0.117188 0.311523 0.119792 0.3125 0.119792 0.314453 0.122396 0.31543 0.122396 0.317383 0.125 0.318359 0.125 0.321289 0.128906 0.322266 0.128906 0.325195 0.132812 0.326172 0.132812 0.330078 0.138021 0.331055 0.138021 0.333008 0.140625 0.333984 0.140625 0.336914 0.144531 0.337891 0.144531 0.339844 0.147135 0.34082 0.147135 0.342773 0.14974 0.34375 0.14974 0.344727 0.151042 0.345703 0.151042 0.351562 0.158854 0.351562 0.16276 0.379883 0.16276 0.379883 0.158854 0.380859 0.157552 0.381836 0.157552 0.382812 0.15625 0.382812 0.154948 0.384766 0.152344 0.387695 0.152344 0.387695 0.136719 0.384766 0.136719 0.379883 0.130208 0.379883 0.128906 0.376953 0.125 0.376953 0.123698 0.375 0.121094 0.375 0.119792 0.371094 0.114583 0.371094 0.113281 0.364258 0.104167 0.363281 0.104167 0.360352 0.10026 0.359375 0.10026 0.358398 0.0989583 0.357422 0.0989583 0.356445 0.0976562 0.355469 0.0976562 0.354492 0.0963542 0.353516 0.0963542 0.351562 0.09375 0.350586 0.09375 0.349609 0.0924479 0.348633 0.0924479 0.347656 0.0911458 0.34668 0.0911458 0.344727 0.0885417 0.34375 0.0885417 0.34082 0.0846354 0.339844 0.0846354 0.336914 0.0807292 0.335938 0.0807292 0.332031 0.0755208 0.331055 0.0755208 0.330078 0.0742188 0.329102 0.0742188 0.328125 0.0729167 0.327148 0.0729167 0.326172 0.0716146 0.325195 0.0716146 0.324219 0.0703125 0.323242 0.0703125 0.322266 0.0690104 0.321289 0.0690104 0.320312 0.0677083 0.319336 0.0677083 0.318359 0.0664062 0.317383 0.0664062 0.313477 0.0611979 0.3125 0.0611979 0.310547 0.0585938 0.310547 0.0546875
1 0.717773 0.705729 0.717773 0.709635 0.708984 0.721354 0.708008 0.721354 0.702148 0.729167 0.702148 0.730469 0.700195 0.733073 0.697266 0.733073 0.697266 0.834635 0.700195 0.834635 0.701172 0.835938 0.701172 0.83724 0.702148 0.838542 0.702148 0.841146 0.703125 0.842448 0.703125 0.84375 0.707031 0.848958 0.707031 0.85026 0.711914 0.856771 0.712891 0.856771 0.71875 0.864583 0.719727 0.864583 0.720703 0.865885 0.720703 0.871094 0.731445 0.871094 0.731445 0.867188 0.730469 0.865885 0.730469 0.864583 0.728516 0.861979 0.728516 0.860677 0.730469 0.858073 0.730469 0.856771 0.732422 0.854167 0.733398 0.854167 0.734375 0.852865 0.735352 0.852865 0.736328 0.851562 0.737305 0.851562 0.739258 0.848958 0.740234 0.848958 0.742188 0.846354 0.742188 0.845052 0.743164 0.84375 0.743164 0.842448 0.744141 0.841146 0.744141 0.83724 0.743164 0.835938 0.743164 0.833333 0.744141 0.832031 0.744141 0.828125 0.745117 0.826823 0.745117 0.825521 0.746094 0.824219 0.746094 0.822917 0.74707 0.821615 0.74707 0.820312 0.748047 0.81901 0.748047 0.813802 0.749023 0.8125 0.749023 0.786458 0.748047 0.785156 0.748047 0.761719 0.74707 0.760417 0.74707 0.751302 0.746094 0.75 0.746094 0.744792 0.745117 0.74349 0.745117 0.739583 0.744141 0.738281 0.744141 0.735677 0.743164 0.734375 0.743164 0.733073 0.742188 0.731771 0.742188 0.730469 0.740234 0.727865 0.740234 0.726562 0.730469 0.713542 0.730469 0.71224 0.728516 0.709635 0.728516 0.705729
1 0.923828 0.377604 0.923828 0.38151 0.916992 0.390625 0.916016 0.390625 0.912109 0.395833 0.908203 0.395833 0.908203 0.433594 0.911133 0.433594 0.912109 0.434896 0.912109 0.436198 0.913086 0.4375 0.913086 0.438802 0.914062 0.440104 0.914062 0.442708 0.915039 0.44401 0.915039 0.445312 0.916016 0.446615 0.916016 0.449219 0.916992 0.450521 0.916992 0.453125 0.917969 0.454427 0.917969 0.458333 0.918945 0.459635 0.918945 0.46224 0.919922 0.463542 0.919922 0.464844 0.920898 0.466146 0.920898 0.46875 0.921875 0.470052 0.921875 0.472656 0.922852 0.473958 0.922852 0.477865 0.923828 0.479167 0.923828 0.484375 0.924805 0.485677 0.924805 0.492188 0.925781 0.49349 0.925781 0.502604 0.926758 0.503906 0.926758 0.507812 0.927734 0.509115 0.927734 0.510417 0.928711 0.511719 0.928711 0.513021 0.929688 0.514323 0.929688 0.515625 0.930664 0.516927 0.930664 0.518229 0.931641 0.519531 0.931641 0.520833 0.933594 0.523438 0.933594 0.52474 0.935547 0.527344 0.935547 0.528646 0.936523 0.529948 0.936523 0.53125 0.9375 0.532552 0.9375 0.53776 0.942383 0.53776 0.942383 0.533854 0.944336 0.53125 0.944336 0.529948 0.946289 0.527344 0.946289 0.526042 0.948242 0.523438 0.948242 0.522135 0.949219 0.520833 0.949219 0.519531 0.950195 0.518229 0.950195 0.516927 0.951172 0.515625 0.951172 0.513021 0.952148 0.511719 0.952148 0.507812 0.953125 0.50651 0.953125 0.501302 0.954102 0.5 0.954102 0.490885 0.955078 0.489583 0.955078 0.484375 0.956055 0.483073 0.956055 0.479167 0.957031 0.477865 0.957031 0.472656 0.958008 0.471354 0.958008 0.459635 0.958984 0.458333 0.958984 0.453125 0.959961 0.451823 0.959961 0.449219 0.960938 0.447917 0.960938 0.445312 0.961914 0.44401 0.961914 0.440104 0.962891 0.438802 0.962891 0.433594 0.963867 0.432292 0.963867 0.428385 0.962891 0.427083 0.962891 0.417969 0.961914 0.416667 0.961914 0.411458 0.960938 0.410156 0.960938 0.40625 0.959961 0.404948 0.959961 0.401042 0.958984 0.39974 0.958984 0.397135 0.958008 0.395833 0.958008 0.394531 0.957031 0.393229 0.956055 0.393229 0.955078 0.391927 0.953125 0.391927 0.952148 0.390625 0.951172 0.390625 0.950195 0.389323 0.949219 0.389323 0.946289 0.385417 0.945312 0.385417 0.943359 0.382812 0.943359 0.377604
1 0.166992 0.523438 0.166992 0.527344 0.161133 0.535156 0.158203 0.535156 0.158203 0.572917 0.162109 0.572917 0.163086 0.574219 0.163086 0.575521 0.165039 0.578125 0.165039 0.579427 0.166016 0.580729 0.166016 0.582031 0.166992 0.583333 0.166992 0.584635 0.167969 0.585938 0.167969 0.589844 0.168945 0.591146 0.168945 0.59375 0.169922 0.595052 0.169922 0.598958 0.170898 0.60026 0.170898 0.602865 0.171875 0.604167 0.171875 0.606771 0.172852 0.608073 0.172852 0.610677 0.174805 0.613281 0.174805 0.615885 0.175781 0.617188 0.175781 0.61849 0.176758 0.619792 0.176758 0.621094 0.18457 0.63151 0.18457 0.632812 0.19043 0.640625 0.19043 0.641927 0.192383 0.644531 0.192383 0.645833 0.194336 0.648438 0.194336 0.64974 0.200195 0.657552 0.200195 0.658854 0.208008 0.669271 0.208984 0.669271 0.213867 0.675781 0.214844 0.675781 0.219727 0.682292 0.220703 0.682292 0.224609 0.6875 0.225586 0.6875 0.228516 0.691406 0.229492 0.691406 0.230469 0.692708 0.231445 0.692708 0.233398 0.695312 0.234375 0.695312 0.235352 0.696615 0.236328 0.696615 0.237305 0.697917 0.238281 0.697917 0.240234 0.700521 0.241211 0.700521 0.244141 0.704427 0.245117 0.704427 0.25 0.710938 0.250977 0.710938 0.255859 0.717448 0.256836 0.717448 0.258789 0.720052 0.259766 0.720052 0.260742 0.721354 0.262695 0.721354 0.263672 0.722656 0.27832 0.722656 0.279297 0.721354 0.280273 0.721354 0.28125 0.720052 0.28125 0.71875 0.283203 0.716146 0.283203 0.71224 0.28418 0.710938 0.28418 0.708333 0.283203 0.707031 0.283203 0.701823 0.28125 0.699219 0.280273 0.699219 0.279297 0.697917 0.27832 0.697917 0.275391 0.701823 0.274414 0.701823 0.272461 0.699219 0.272461 0.695312 0.273438 0.69401 0.273438 0.690104 0.266602 0.68099 0.266602 0.679688 0.264648 0.677083 0.263672 0.677083 0.253906 0.664062 0.25293 0.664062 0.24707 0.65625 0.246094 0.65625 0.243164 0.652344 0.242188 0.652344 0.239258 0.648438 0.238281 0.648438 0.235352 0.644531 0.235352 0.643229 0.229492 0.635417 0.229492 0.634115 0.228516 0.632812 0.228516 0.63151 0.226562 0.628906 0.226562 0.627604 0.223633 0.623698 0.223633 0.622396 0.22168 0.619792 0.22168 0.61849 0.220703 0.617188 0.220703 0.615885 0.219727 0.614583 0.219727 0.613281 0.21875 0.611979 0.21875 0.610677 0.217773 0.609375 0.217773 0.608073 0.216797 0.606771 0.216797 0.605469 0.21582 0.604167 0.21582 0.601562 0.214844 0.60026 0.214844 0.598958 0.213867 0.597656 0.213867 0.596354 0.212891 0.595052 0.212891 0.592448 0.211914 0.591146 0.211914 0.589844 0.210938 0.588542 0.210938 0.58724 0.209961 0.585938 0.209961 0.583333 0.208984 0.582031 0.208984 0.580729 0.208008 0.579427 0.208008 0.578125 0.207031 0.576823 0.207031 0.575521 0.206055 0.574219 0.206055 0.571615 0.205078 0.570312 0.205078 0.56901 0.204102 0.567708 0.204102 0.566406 0.203125 0.565104 0.203125 0.563802 0.202148 0.5625 0.202148 0.559896 0.201172 0.558594 0.201172 0.55599 0.200195 0.554688 0.200195 0.553385 0.199219 0.552083 0.199219 0.550781 0.198242 0.549479 0.198242 0.548177 0.195312 0.544271 0.195312 0.542969 0.194336 0.541667 0.194336 0.540365 0.185547 0.528646 0.185547 0.523438
1 0.71582 0.622396 0.71582 0.626302 0.714844 0.627604 0.713867 0.627604 0.712891 0.628906 0.711914 0.628906 0.710938 0.630208 0.708984 0.630208 0.708008 0.63151 0.707031 0.63151 0.706055 0.632812 0.705078 0.632812 0.704102 0.634115 0.701172 0.634115 0.694336 0.643229 0.694336 0.647135 0.693359 0.648438 0.693359 0.653646 0.692383 0.654948 0.692383 0.65625 0.6875 0.66276 0.6875 0.664062 0.679688 0.674479 0.679688 0.675781 0.676758 0.679688 0.676758 0.68099 0.675781 0.682292 0.675781 0.684896 0.674805 0.686198 0.674805 0.688802 0.672852 0.691406 0.669922 0.691406 0.669922 0.730469 0.692383 0.730469 0.692383 0.726562 0.693359 0.72526 0.695312 0.72526 0.696289 0.723958 0.700195 0.723958 0.701172 0.722656 0.703125 0.722656 0.704102 0.721354 0.705078 0.721354 0.708008 0.717448 0.708984 0.717448 0.711914 0.713542 0.712891 0.713542 0.726562 0.695312 0.726562 0.69401 0.728516 0.691406 0.728516 0.690104 0.730469 0.6875 0.730469 0.686198 0.732422 0.683594 0.732422 0.682292 0.733398 0.68099 0.733398 0.679688 0.734375 0.678385 0.734375 0.677083 0.735352 0.675781 0.735352 0.674479 0.736328 0.673177 0.736328 0.671875 0.737305 0.670573 0.737305 0.669271 0.738281 0.667969 0.738281 0.666667 0.739258 0.665365 0.739258 0.664062 0.740234 0.66276 0.740234 0.660156 0.741211 0.658854 0.741211 0.657552 0.742188 0.65625 0.742188 0.653646 0.743164 0.652344 0.743164 0.651042 0.744141 0.64974 0.744141 0.647135 0.745117 0.645833 0.745117 0.643229 0.746094 0.641927 0.746094 0.640625 0.745117 0.639323 0.745117 0.636719 0.744141 0.635417 0.744141 0.634115 0.743164 0.634115 0.741211 0.63151 0.740234 0.63151 0.739258 0.630208 0.736328 0.630208 0.735352 0.628906 0.733398 0.628906 0.731445 0.626302 0.731445 0.622396
1 0.775391 0.351562 0.775391 0.380208 0.77832 0.380208 0.78125 0.384115 0.78125 0.385417 0.787109 0.393229 0.787109 0.394531 0.789062 0.397135 0.789062 0.398438 0.790039 0.39974 0.790039 0.402344 0.791016 0.403646 0.791016 0.407552 0.791992 0.408854 0.791992 0.414062 0.792969 0.415365 0.792969 0.420573 0.793945 0.421875 0.793945 0.424479 0.794922 0.425781 0.794922 0.428385 0.795898 0.429688 0.795898 0.433594 0.796875 0.434896 0.796875 0.438802 0.797852 0.440104 0.797852 0.44401 0.798828 0.445312 0.798828 0.447917 0.799805 0.449219 0.799805 0.453125 0.800781 0.454427 0.800781 0.459635 0.801758 0.460938 0.801758 0.464844 0.802734 0.466146 0.802734 0.467448 0.803711 0.46875 0.803711 0.470052 0.804688 0.471354 0.804688 0.472656 0.806641 0.47526 0.806641 0.476562 0.814453 0.486979 0.814453 0.488281 0.81543 0.489583 0.81543 0.490885 0.816406 0.492188 0.816406 0.49349 0.817383 0.494792 0.817383 0.496094 0.826172 0.507812 0.827148 0.507812 0.831055 0.513021 0.832031 0.513021 0.833008 0.514323 0.833984 0.514323 0.834961 0.515625 0.835938 0.515625 0.838867 0.519531 0.839844 0.519531 0.844727 0.526042 0.845703 0.526042 0.847656 0.528646 0.847656 0.529948 0.852539 0.536458 0.853516 0.536458 0.859375 0.544271 0.860352 0.544271 0.862305 0.546875 0.862305 0.548177 0.864258 0.550781 0.864258 0.552083 0.865234 0.553385 0.865234 0.554688 0.867188 0.557292 0.867188 0.558594 0.871094 0.563802 0.871094 0.565104 0.875977 0.571615 0.876953 0.571615 0.880859 0.576823 0.881836 0.576823 0.883789 0.579427 0.883789 0.580729 0.884766 0.580729 0.886719 0.583333 0.886719 0.584635 0.892578 0.592448 0.894531 0.592448 0.895508 0.59375 0.897461 0.59375 0.898438 0.592448 0.904297 0.592448 0.905273 0.59375 0.907227 0.59375 0.908203 0.595052 0.90918 0.595052 0.922852 0.613281 0.923828 0.613281 0.925781 0.615885 0.926758 0.615885 0.932617 0.623698 0.933594 0.623698 0.935547 0.626302 0.936523 0.626302 0.94043 0.63151 0.941406 0.63151 0.942383 0.632812 0.943359 0.632812 0.947266 0.638021 0.948242 0.638021 0.950195 0.640625 0.950195 0.641927 0.955078 0.648438 0.956055 0.648438 0.958984 0.652344 0.959961 0.652344 0.961914 0.654948 0.962891 0.654948 0.964844 0.657552 0.966797 0.657552 0.967773 0.658854 0.970703 0.658854 0.97168 0.660156 0.974609 0.660156 0.977539 0.664062 0.978516 0.664062 0.979492 0.665365 0.980469 0.665365 0.981445 0.666667 0.985352 0.666667 0.986328 0.667969 0.987305 0.667969 0.992188 0.674479 0.993164 0.674479 0.995117 0.677083 0.996094 0.677083 0.998047 0.679688 0.998047 0.683594 0.999023 0.683594 0.999023 0.614583 0.998047 0.614583 0.99707 0.613281 0.996094 0.613281 0.994141 0.610677 0.993164 0.610677 0.990234 0.606771 0.988281 0.606771 0.987305 0.605469 0.984375 0.605469 0.982422 0.602865 0.981445 0.602865 0.980469 0.601562 0.979492 0.601562 0.978516 0.60026 0.977539 0.60026 0.974609 0.596354 0.973633 0.596354 0.97168 0.59375 0.970703 0.59375 0.966797 0.588542 0.96582 0.588542 0.964844 0.58724 0.964844 0.585938 0.958984 0.578125 0.958984 0.576823 0.953125 0.56901 0.953125 0.567708 0.951172 0.565104 0.950195 0.565104 0.948242 0.5625 0.947266 0.5625 0.944336 0.558594 0.943359 0.558594 0.942383 0.557292 0.941406 0.557292 0.939453 0.554688 0.938477 0.554688 0.9375 0.553385 0.936523 0.553385 0.935547 0.552083 0.93457 0.552083 0.933594 0.550781 0.931641 0.550781 0.930664 0.549479 0.929688 0.549479 0.928711 0.548177 0.927734 0.548177 0.925781 0.545573 0.924805 0.545573 0.923828 0.544271 0.922852 0.544271 0.920898 0.541667 0.919922 0.541667 0.917969 0.539062 0.916992 0.539062 0.916016 0.53776 0.915039 0.53776 0.913086 0.535156 0.912109 0.535156 0.911133 0.533854 0.910156 0.533854 0.908203 0.53125 0.907227 0.53125 0.90625 0.529948 0.905273 0.529948 0.904297 0.528646 0.902344 0.528646 0.901367 0.527344 0.900391 0.527344 0.899414 0.526042 0.898438 0.526042 0.897461 0.52474 0.896484 0.52474 0.893555 0.520833 0.892578 0.520833 0.888672 0.515625 0.887695 0.515625 0.885742 0.513021 0.885742 0.511719 0.880859 0.505208 0.879883 0.505208 0.875977 0.5 0.875 0.5 0.87207 0.496094 0.871094 0.496094 0.868164 0.492188 0.867188 0.492188 0.864258 0.488281 0.863281 0.488281 0.860352 0.484375 0.859375 0.484375 0.855469 0.479167 0.854492 0.479167 0.851562 0.47526 0.850586 0.47526 0.84375 0.466146 0.84375 0.464844 0.841797 0.46224 0.841797 0.460938 0.84082 0.459635 0.84082 0.457031 0.839844 0.455729 0.839844 0.446615 0.838867 0.445312 0.838867 0.440104 0.837891 0.438802 0.837891 0.4375 0.836914 0.436198 0.836914 0.434896 0.835938 0.433594 0.835938 0.432292 0.834961 0.43099 0.834961 0.429688 0.833984 0.428385 0.833984 0.427083 0.833008 0.425781 0.833008 0.424479 0.831055 0.421875 0.831055 0.420573 0.829102 0.417969 0.829102 0.416667 0.828125 0.415365 0.828125 0.414062 0.825195 0.410156 0.825195 0.408854 0.824219 0.407552 0.824219 0.40625 0.821289 0.402344 0.821289 0.401042 0.820312 0.39974 0.820312 0.398438 0.819336 0.397135 0.819336 0.395833 0.818359 0.394531 0.818359 0.393229 0.817383 0.391927 0.817383 0.390625 0.816406 0.389323 0.816406 0.388021 0.81543 0.386719 0.81543 0.385417 0.813477 0.382812 0.813477 0.38151 0.8125 0.380208 0.8125 0.378906 0.810547 0.376302 0.810547 0.375 0.80957 0.373698 0.80957 0.371094 0.808594 0.369792 0.808594 0.36849 0.806641 0.365885 0.806641 0.364583 0.804688 0.361979 0.804688 0.360677 0.800781 0.355469 0.800781 0.351562
1 0.597656 0.617188 0.597656 0.622396 0.586914 0.636719 0.586914 0.639323 0.585938 0.640625 0.585938 0.645833 0.584961 0.647135 0.584961 0.64974 0.583984 0.651042 0.583984 0.653646 0.583008 0.654948 0.583008 0.65625 0.582031 0.657552 0.582031 0.66276 0.581055 0.664062 0.581055 0.667969 0.580078 0.669271 0.580078 0.671875 0.579102 0.673177 0.579102 0.674479 0.578125 0.675781 0.578125 0.677083 0.577148 0.678385 0.577148 0.679688 0.576172 0.68099 0.572266 0.68099 0.572266 0.717448 0.576172 0.717448 0.577148 0.71875 0.577148 0.720052 0.579102 0.722656 0.580078 0.722656 0.583008 0.726562 0.583984 0.726562 0.584961 0.727865 0.585938 0.727865 0.586914 0.729167 0.588867 0.729167 0.589844 0.730469 0.591797 0.730469 0.592773 0.731771 0.592773 0.735677 0.602539 0.735677 0.602539 0.731771 0.603516 0.730469 0.603516 0.729167 0.606445 0.72526 0.606445 0.723958 0.608398 0.721354 0.608398 0.720052 0.609375 0.71875 0.609375 0.717448 0.610352 0.716146 0.610352 0.713542 0.611328 0.71224 0.611328 0.707031 0.612305 0.705729 0.612305 0.701823 0.613281 0.700521 0.613281 0.695312 0.614258 0.69401 0.614258 0.690104 0.615234 0.688802 0.615234 0.683594 0.616211 0.682292 0.616211 0.678385 0.617188 0.677083 0.617188 0.674479 0.618164 0.673177 0.618164 0.669271 0.619141 0.667969 0.619141 0.66276 0.620117 0.661458 0.620117 0.657552 0.621094 0.65625 0.621094 0.653646 0.62207 0.652344 0.62207 0.651042 0.623047 0.64974 0.625977 0.64974 0.625977 0.630208 0.623047 0.630208 0.621094 0.627604 0.621094 0.626302 0.619141 0.623698 0.619141 0.622396 0.618164 0.621094 0.618164 0.617188
1 0.376953 0.00260417 0.376953 0.0169271 0.379883 0.0169271 0.381836 0.0195312 0.381836 0.0221354 0.382812 0.0234375 0.382812 0.0260417 0.383789 0.0273438 0.383789 0.0299479 0.384766 0.03125 0.384766 0.0325521 0.385742 0.0338542 0.385742 0.0364583 0.386719 0.0377604 0.386719 0.0403646 0.387695 0.0416667 0.387695 0.0442708 0.388672 0.0455729 0.388672 0.0481771 0.389648 0.0494792 0.389648 0.0520833 0.390625 0.0533854 0.390625 0.0546875 0.392578 0.0572917 0.392578 0.0585938 0.394531 0.0611979 0.394531 0.0625 0.397461 0.0664062 0.397461 0.0677083 0.401367 0.0729167 0.401367 0.0742188 0.40332 0.0768229 0.40332 0.078125 0.404297 0.0794271 0.404297 0.0807292 0.405273 0.0820312 0.405273 0.0846354 0.40625 0.0859375 0.40625 0.0872396 0.407227 0.0885417 0.407227 0.0898438 0.40918 0.0924479 0.40918 0.09375 0.410156 0.0950521 0.410156 0.0963542 0.411133 0.0976562 0.411133 0.0989583 0.414062 0.102865 0.414062 0.104167 0.417969 0.109375 0.417969 0.110677 0.418945 0.111979 0.419922 0.111979 0.424805 0.11849 0.425781 0.11849 0.432617 0.127604 0.432617 0.13151 0.441406 0.13151 0.441406 0.127604 0.443359 0.125 0.444336 0.125 0.446289 0.122396 0.450195 0.122396 0.450195 0.114583 0.447266 0.114583 0.446289 0.113281 0.446289 0.111979 0.445312 0.110677 0.445312 0.109375 0.443359 0.106771 0.443359 0.105469 0.4375 0.0976562 0.436523 0.0976562 0.435547 0.0963542 0.435547 0.0950521 0.433594 0.0924479 0.433594 0.0911458 0.432617 0.0898438 0.432617 0.0872396 0.433594 0.0859375 0.433594 0.0794271 0.43457 0.078125 0.43457 0.0664062 0.433594 0.0651042 0.433594 0.0611979 0.432617 0.0598958 0.432617 0.0559896 0.431641 0.0546875 0.431641 0.0520833 0.430664 0.0507812 0.430664 0.046875 0.429688 0.0455729 0.429688 0.0403646 0.428711 0.0390625 0.428711 0.0338542 0.427734 0.0325521 0.427734 0.0286458 0.426758 0.0273438 0.426758 0.0260417 0.425781 0.0247396 0.425781 0.0234375 0.421875 0.0182292 0.421875 0.0169271 0.418945 0.0130208 0.418945 0.0117188 0.416016 0.0078125 0.416016 0.00260417
1 0.476562 0.00260417 0.476562 0.00651042 0.477539 0.0078125 0.478516 0.0078125 0.479492 0.00911458 0.481445 0.00911458 0.482422 0.0104167 0.484375 0.0104167 0.485352 0.0117188 0.487305 0.0117188 0.488281 0.0130208 0.489258 0.0130208 0.490234 0.0143229 0.492188 0.0143229 0.493164 0.015625 0.495117 0.015625 0.496094 0.0169271 0.498047 0.0169271 0.499023 0.0182292 0.500977 0.0182292 0.501953 0.0195312 0.504883 0.0195312 0.505859 0.0208333 0.506836 0.0208333 0.507812 0.0221354 0.510742 0.0221354 0.511719 0.0234375 0.518555 0.0234375 0.519531 0.0247396 0.526367 0.0247396 0.527344 0.0260417 0.530273 0.0260417 0.53125 0.0273438 0.536133 0.0273438 0.537109 0.0286458 0.544922 0.0286458 0.545898 0.0299479 0.550781 0.0299479 0.551758 0.03125 0.554688 0.03125 0.555664 0.0325521 0.55957 0.0325521 0.560547 0.0338542 0.566406 0.0338542 0.567383 0.0351562 0.572266 0.0351562 0.573242 0.0364583 0.577148 0.0364583 0.578125 0.0377604 0.582031 0.0377604 0.583008 0.0390625 0.587891 0.0390625 0.588867 0.0403646 0.595703 0.0403646 0.59668 0.0416667 0.601562 0.0416667 0.602539 0.0429688 0.607422 0.0429688 0.608398 0.0442708 0.616211 0.0442708 0.617188 0.0455729 0.623047 0.0455729 0.624023 0.046875 0.62793 0.046875 0.628906 0.0481771 0.631836 0.0481771 0.632812 0.0494792 0.636719 0.0494792 0.637695 0.0481771 0.645508 0.0481771 0.646484 0.0494792 0.651367 0.0494792 0.652344 0.0507812 0.658203 0.0507812 0.65918 0.0520833 0.694336 0.0520833 0.695312 0.0533854 0.697266 0.0533854 0.698242 0.0546875 0.698242 0.0585938 0.706055 0.0585938 0.706055 0.0546875 0.707031 0.0533854 0.708008 0.0533854 0.708984 0.0520833 0.710938 0.0520833 0.711914 0.0507812 0.714844 0.0507812 0.71582 0.0494792 0.719727 0.0494792 0.720703 0.0481771 0.724609 0.0481771 0.725586 0.046875 0.732422 0.046875 0.733398 0.0455729 0.742188 0.0455729 0.743164 0.0442708 0.749023 0.0442708 0.75 0.0429688 0.751953 0.0429688 0.75293 0.0416667 0.753906 0.0416667 0.754883 0.0403646 0.756836 0.0403646 0.757812 0.0390625 0.759766 0.0390625 0.760742 0.0377604 0.761719 0.0377604 0.763672 0.0351562 0.764648 0.0351562 0.765625 0.0338542 0.767578 0.0338542 0.769531 0.03125 0.770508 0.03125 0.771484 0.0299479 0.772461 0.0299479 0.773438 0.0286458 0.774414 0.0286458 0.77832 0.0234375 0.779297 0.0234375 0.780273 0.0221354 0.780273 0.0208333 0.783203 0.0169271 0.783203 0.0143229 0.78418 0.0130208 0.78418 0.0117188 0.783203 0.0104167 0.783203 0.00260417
1 0.962891 0.429688 0.962891 0.434896 0.961914 0.436198 0.961914 0.445312 0.960938 0.446615 0.960938 0.451823 0.959961 0.453125 0.959961 0.457031 0.958984 0.458333 0.958984 0.466146 0.958008 0.467448 0.958008 0.47526 0.957031 0.476562 0.957031 0.481771 0.956055 0.483073 0.956055 0.485677 0.955078 0.486979 0.955078 0.49349 0.954102 0.494792 0.954102 0.507812 0.953125 0.509115 0.953125 0.513021 0.952148 0.514323 0.952148 0.515625 0.950195 0.518229 0.947266 0.518229 0.947266 0.549479 0.951172 0.549479 0.952148 0.550781 0.952148 0.552083 0.953125 0.552083 0.957031 0.557292 0.958008 0.557292 0.959961 0.559896 0.959961 0.563802 0.964844 0.563802 0.964844 0.559896 0.96582 0.558594 0.966797 0.558594 0.967773 0.557292 0.96875 0.557292 0.975586 0.548177 0.975586 0.546875 0.977539 0.544271 0.977539 0.542969 0.979492 0.540365 0.979492 0.539062 0.980469 0.53776 0.980469 0.536458 0.981445 0.535156 0.981445 0.53125 0.982422 0.529948 0.982422 0.526042 0.983398 0.52474 0.983398 0.520833 0.984375 0.519531 0.984375 0.515625 0.985352 0.514323 0.985352 0.510417 0.986328 0.509115 0.986328 0.505208 0.987305 0.503906 0.987305 0.5 0.988281 0.498698 0.988281 0.479167 0.987305 0.477865 0.987305 0.473958 0.986328 0.472656 0.986328 0.470052 0.985352 0.46875 0.985352 0.466146 0.984375 0.464844 0.984375 0.459635 0.983398 0.458333 0.983398 0.455729 0.982422 0.454427 0.982422 0.453125 0.981445 0.451823 0.981445 0.450521 0.977539 0.445312 0.977539 0.44401 0.974609 0.440104 0.974609 0.438802 0.970703 0.433594 0.970703 0.429688
1 0.256836 0.0859375 0.256836 0.0898438 0.251953 0.0963542 0.250977 0.0963542 0.245117 0.104167 0.245117 0.105469 0.243164 0.108073 0.243164 0.109375 0.241211 0.111979 0.241211 0.113281 0.238281 0.117188 0.238281 0.11849 0.235352 0.122396 0.235352 0.123698 0.233398 0.126302 0.233398 0.127604 0.228516 0.134115 0.228516 0.135417 0.223633 0.141927 0.223633 0.143229 0.21582 0.153646 0.214844 0.153646 0.208984 0.161458 0.205078 0.161458 0.205078 0.188802 0.208008 0.188802 0.209961 0.191406 0.210938 0.191406 0.213867 0.195312 0.214844 0.195312 0.216797 0.197917 0.217773 0.197917 0.21875 0.199219 0.21875 0.204427 0.231445 0.204427 0.231445 0.200521 0.235352 0.195312 0.236328 0.195312 0.237305 0.19401 0.238281 0.19401 0.239258 0.192708 0.240234 0.192708 0.241211 0.191406 0.242188 0.191406 0.243164 0.190104 0.245117 0.190104 0.24707 0.1875 0.248047 0.1875 0.249023 0.186198 0.25 0.186198 0.253906 0.18099 0.254883 0.18099 0.263672 0.169271 0.264648 0.169271 0.267578 0.165365 0.268555 0.165365 0.27832 0.152344 0.27832 0.151042 0.280273 0.148438 0.280273 0.147135 0.282227 0.144531 0.282227 0.143229 0.283203 0.141927 0.283203 0.140625 0.28418 0.139323 0.28418 0.138021 0.285156 0.136719 0.285156 0.135417 0.287109 0.132812 0.287109 0.13151 0.289062 0.128906 0.289062 0.126302 0.291016 0.123698 0.293945 0.123698 0.293945 0.101562 0.290039 0.101562 0.287109 0.0976562 0.287109 0.0963542 0.286133 0.0950521 0.285156 0.0950521 0.282227 0.0911458 0.282227 0.0859375
1 0.599609 0.0442708 0.599609 0.0833333 0.602539 0.0833333 0.605469 0.0872396 0.605469 0.0885417 0.607422 0.0911458 0.607422 0.0924479 0.610352 0.0963542 0.610352 0.0976562 0.614258 0.102865 0.614258 0.104167 0.617188 0.108073 0.617188 0.109375 0.621094 0.114583 0.621094 0.115885 0.623047 0.11849 0.623047 0.119792 0.624023 0.121094 0.624023 0.122396 0.625977 0.125 0.625977 0.126302 0.626953 0.127604 0.626953 0.128906 0.628906 0.13151 0.628906 0.132812 0.631836 0.136719 0.631836 0.138021 0.633789 0.140625 0.633789 0.141927 0.637695 0.147135 0.637695 0.148438 0.641602 0.153646 0.641602 0.154948 0.651367 0.167969 0.652344 0.167969 0.654297 0.170573 0.655273 0.170573 0.658203 0.174479 0.65918 0.174479 0.662109 0.178385 0.663086 0.178385 0.667969 0.184896 0.667969 0.188802 0.672852 0.188802 0.672852 0.151042 0.669922 0.151042 0.667969 0.148438 0.667969 0.147135 0.666992 0.145833 0.666992 0.144531 0.661133 0.136719 0.661133 0.135417 0.660156 0.134115 0.660156 0.132812 0.65918 0.13151 0.65918 0.130208 0.657227 0.127604 0.657227 0.125 0.65625 0.123698 0.65625 0.122396 0.655273 0.121094 0.655273 0.11849 0.654297 0.117188 0.654297 0.115885 0.65332 0.114583 0.65332 0.111979 0.652344 0.110677 0.652344 0.101562 0.651367 0.10026 0.651367 0.0885417 0.650391 0.0872396 0.650391 0.0794271 0.649414 0.078125 0.649414 0.0755208 0.648438 0.0742188 0.647461 0.0742188 0.645508 0.0716146 0.644531 0.0716146 0.643555 0.0703125 0.642578 0.0703125 0.641602 0.0690104 0.639648 0.0690104 0.637695 0.0664062 0.636719 0.0664062 0.634766 0.0638021 0.634766 0.0625 0.632812 0.0598958 0.632812 0.0585938 0.631836 0.0572917 0.631836 0.0546875 0.629883 0.0520833 0.629883 0.0507812 0.628906 0.0507812 0.62793 0.0494792 0.62793 0.0442708
1 0.871094 0.205729 0.871094 0.209635 0.870117 0.210938 0.861328 0.210938 0.861328 0.234375 0.865234 0.234375 0.871094 0.242188 0.87207 0.242188 0.87793 0.25 0.878906 0.25 0.884766 0.257812 0.885742 0.257812 0.888672 0.261719 0.889648 0.261719 0.891602 0.264323 0.892578 0.264323 0.895508 0.268229 0.896484 0.268229 0.898438 0.270833 0.899414 0.270833 0.900391 0.272135 0.901367 0.272135 0.902344 0.273438 0.90332 0.273438 0.905273 0.276042 0.90625 0.276042 0.907227 0.277344 0.908203 0.277344 0.910156 0.279948 0.911133 0.279948 0.912109 0.28125 0.913086 0.28125 0.915039 0.283854 0.916016 0.283854 0.916992 0.285156 0.918945 0.285156 0.919922 0.286458 0.920898 0.286458 0.921875 0.28776 0.922852 0.28776 0.923828 0.289062 0.924805 0.289062 0.925781 0.290365 0.927734 0.290365 0.928711 0.291667 0.929688 0.291667 0.930664 0.292969 0.931641 0.292969 0.932617 0.294271 0.93457 0.294271 0.935547 0.295573 0.9375 0.295573 0.938477 0.296875 0.939453 0.296875 0.941406 0.299479 0.942383 0.299479 0.943359 0.300781 0.944336 0.300781 0.947266 0.304688 0.947266 0.308594 0.966797 0.308594 0.966797 0.304688 0.974609 0.294271 0.977539 0.294271 0.977539 0.277344 0.974609 0.277344 0.97168 0.273438 0.97168 0.272135 0.963867 0.261719 0.963867 0.260417 0.960938 0.25651 0.960938 0.255208 0.958008 0.251302 0.957031 0.251302 0.955078 0.248698 0.954102 0.248698 0.951172 0.244792 0.950195 0.244792 0.941406 0.233073 0.941406 0.231771 0.938477 0.227865 0.938477 0.226562 0.935547 0.222656 0.93457 0.222656 0.933594 0.221354 0.931641 0.221354 0.930664 0.220052 0.927734 0.220052 0.926758 0.21875 0.925781 0.220052 0.908203 0.220052 0.907227 0.21875 0.90332 0.21875 0.902344 0.217448 0.899414 0.217448 0.897461 0.214844 0.896484 0.214844 0.893555 0.210938 0.893555 0.205729
1 0.759766 0.0338542 0.759766 0.117188 0.762695 0.117188 0.768555 0.125 0.768555 0.126302 0.770508 0.128906 0.770508 0.130208 0.772461 0.132812 0.785156 0.132812 0.786133 0.13151 0.787109 0.13151 0.788086 0.130208 0.789062 0.130208 0.790039 0.128906 0.791016 0.128906 0.791992 0.127604 0.793945 0.127604 0.794922 0.126302 0.796875 0.126302 0.797852 0.125 0.798828 0.125 0.799805 0.123698 0.800781 0.123698 0.801758 0.122396 0.805664 0.122396 0.805664 0.102865 0.802734 0.102865 0.800781 0.10026 0.800781 0.0989583 0.797852 0.0950521 0.797852 0.09375 0.795898 0.0911458 0.795898 0.0898438 0.793945 0.0872396 0.793945 0.0859375 0.792969 0.0846354 0.792969 0.0833333 0.791016 0.0807292 0.791016 0.0794271 0.789062 0.0768229 0.789062 0.0755208 0.787109 0.0729167 0.787109 0.0716146 0.786133 0.0703125 0.786133 0.0664062 0.785156 0.0651042 0.785156 0.0611979 0.78418 0.0598958 0.78418 0.0572917 0.783203 0.0559896 0.783203 0.0546875 0.782227 0.0533854 0.782227 0.0520833 0.78125 0.0507812 0.78125 0.0481771 0.780273 0.046875 0.780273 0.0455729 0.779297 0.0442708 0.779297 0.0416667 0.77832 0.0403646 0.77832 0.0338542
1 0.152344 0.408854 0.152344 0.414062 0.149414 0.417969 0.146484 0.417969 0.146484 0.446615 0.149414 0.446615 0.150391 0.447917 0.150391 0.449219 0.151367 0.450521 0.151367 0.453125 0.152344 0.454427 0.152344 0.457031 0.15332 0.458333 0.15332 0.459635 0.155273 0.46224 0.155273 0.463542 0.15625 0.464844 0.15625 0.466146 0.15918 0.470052 0.15918 0.471354 0.161133 0.473958 0.161133 0.47526 0.163086 0.477865 0.163086 0.479167 0.165039 0.481771 0.165039 0.483073 0.167969 0.486979 0.167969 0.488281 0.170898 0.492188 0.170898 0.49349 0.171875 0.494792 0.171875 0.496094 0.172852 0.497396 0.172852 0.498698 0.173828 0.5 0.173828 0.501302 0.175781 0.503906 0.175781 0.505208 0.179688 0.510417 0.179688 0.511719 0.188477 0.523438 0.188477 0.52474 0.192383 0.529948 0.192383 0.53125 0.195312 0.535156 0.195312 0.536458 0.199219 0.541667 0.199219 0.542969 0.205078 0.550781 0.206055 0.550781 0.208984 0.554688 0.208984 0.558594 0.243164 0.558594 0.243164 0.515625 0.240234 0.515625 0.228516 0.5 0.227539 0.5 0.22168 0.492188 0.220703 0.492188 0.217773 0.488281 0.216797 0.488281 0.212891 0.483073 0.211914 0.483073 0.198242 0.464844 0.198242 0.463542 0.195312 0.459635 0.195312 0.457031 0.194336 0.455729 0.194336 0.454427 0.193359 0.453125 0.193359 0.451823 0.192383 0.450521 0.192383 0.449219 0.191406 0.447917 0.191406 0.446615 0.189453 0.44401 0.189453 0.442708 0.1875 0.440104 0.186523 0.440104 0.179688 0.43099 0.179688 0.429688 0.169922 0.416667 0.169922 0.415365 0.167969 0.41276 0.167969 0.408854
1 0.220703 0.533854 0.220703 0.56901 0.224609 0.56901 0.225586 0.570312 0.226562 0.570312 0.227539 0.571615 0.229492 0.571615 0.230469 0.572917 0.231445 0.572917 0.232422 0.574219 0.233398 0.574219 0.234375 0.575521 0.235352 0.575521 0.242188 0.584635 0.242188 0.585938 0.246094 0.591146 0.246094 0.592448 0.253906 0.602865 0.253906 0.604167 0.271484 0.627604 0.272461 0.627604 0.275391 0.63151 0.276367 0.63151 0.277344 0.632812 0.27832 0.632812 0.279297 0.634115 0.280273 0.634115 0.282227 0.636719 0.283203 0.636719 0.28418 0.638021 0.286133 0.638021 0.287109 0.639323 0.288086 0.639323 0.289062 0.640625 0.291016 0.640625 0.291992 0.641927 0.292969 0.641927 0.293945 0.643229 0.293945 0.647135 0.298828 0.647135 0.298828 0.643229 0.299805 0.641927 0.300781 0.641927 0.301758 0.640625 0.304688 0.640625 0.305664 0.639323 0.306641 0.639323 0.310547 0.634115 0.310547 0.632812 0.311523 0.63151 0.311523 0.630208 0.3125 0.628906 0.3125 0.617188 0.311523 0.615885 0.311523 0.614583 0.308594 0.610677 0.308594 0.609375 0.296875 0.59375 0.296875 0.592448 0.289062 0.582031 0.289062 0.580729 0.285156 0.575521 0.285156 0.574219 0.279297 0.566406 0.279297 0.565104 0.273438 0.557292 0.273438 0.55599 0.271484 0.553385 0.271484 0.552083 0.268555 0.548177 0.268555 0.546875 0.264648 0.541667 0.264648 0.540365 0.263672 0.539062 0.263672 0.533854
1 0.28418 0.0546875 0.28418 0.0598958 0.282227 0.0625 0.279297 0.0625 0.279297 0.0859375 0.282227 0.0859375 0.283203 0.0872396 0.28418 0.0872396 0.285156 0.0885417 0.285156 0.0898438 0.291016 0.0976562 0.291016 0.0989583 0.296875 0.106771 0.297852 0.106771 0.300781 0.110677 0.301758 0.110677 0.303711 0.113281 0.304688 0.113281 0.306641 0.115885 0.307617 0.115885 0.308594 0.117188 0.30957 0.117188 0.311523 0.119792 0.3125 0.119792 0.314453 0.122396 0.31543 0.122396 0.318359 0.126302 0.319336 0.126302 0.321289 0.128906 0.322266 0.128906 0.325195 0.132812 0.326172 0.132812 0.329102 0.136719 0.330078 0.136719 0.333984 0.141927 0.334961 0.141927 0.335938 0.143229 0.336914 0.143229 0.339844 0.147135 0.34082 0.147135 0.342773 0.14974 0.34375 0.14974 0.344727 0.151042 0.345703 0.151042 0.34668 0.152344 0.34668 0.153646 0.349609 0.157552 0.349609 0.158854 0.348633 0.160156 0.348633 0.164062 0.349609 0.165365 0.349609 0.166667 0.351562 0.169271 0.352539 0.169271 0.353516 0.170573 0.354492 0.170573 0.355469 0.171875 0.356445 0.171875 0.357422 0.173177 0.359375 0.173177 0.360352 0.174479 0.361328 0.174479 0.364258 0.178385 0.365234 0.178385 0.366211 0.179688 0.366211 0.18099 0.367188 0.182292 0.368164 0.182292 0.373047 0.188802 0.374023 0.188802 0.376953 0.192708 0.37793 0.192708 0.379883 0.195312 0.380859 0.195312 0.383789 0.199219 0.384766 0.199219 0.385742 0.200521 0.386719 0.200521 0.387695 0.201823 0.388672 0.201823 0.389648 0.203125 0.390625 0.203125 0.392578 0.205729 0.393555 0.205729 0.395508 0.208333 0.396484 0.208333 0.397461 0.209635 0.398438 0.209635 0.400391 0.21224 0.401367 0.21224 0.402344 0.213542 0.40332 0.213542 0.404297 0.214844 0.405273 0.214844 0.40625 0.216146 0.407227 0.216146 0.408203 0.217448 0.40918 0.217448 0.410156 0.21875 0.411133 0.21875 0.412109 0.220052 0.413086 0.220052 0.414062 0.221354 0.415039 0.221354 0.416016 0.222656 0.417969 0.222656 0.418945 0.223958 0.420898 0.223958 0.421875 0.22526 0.423828 0.22526 0.424805 0.226562 0.426758 0.226562 0.427734 0.227865 0.428711 0.227865 0.429688 0.229167 0.430664 0.229167 0.431641 0.230469 0.432617 0.230469 0.433594 0.231771 0.43457 0.231771 0.435547 0.233073 0.436523 0.233073 0.4375 0.234375 0.438477 0.234375 0.44043 0.236979 0.441406 0.236979 0.442383 0.238281 0.443359 0.238281 0.444336 0.239583 0.445312 0.239583 0.447266 0.242188 0.447266 0.246094 0.469727 0.246094 0.469727 0.240885 0.470703 0.239583 0.47168 0.239583 0.472656 0.238281 0.473633 0.238281 0.474609 0.236979 0.481445 0.236979 0.481445 0.222656 0.475586 0.222656 0.474609 0.221354 0.473633 0.221354 0.472656 0.220052 0.472656 0.21875 0.47168 0.217448 0.470703 0.217448 0.469727 0.216146 0.469727 0.214844 0.46582 0.209635 0.464844 0.209635 0.461914 0.205729 0.460938 0.205729 0.458008 0.201823 0.457031 0.201823 0.456055 0.200521 0.454102 0.200521 0.453125 0.199219 0.450195 0.199219 0.449219 0.197917 0.447266 0.197917 0.446289 0.196615 0.444336 0.196615 0.443359 0.195312 0.439453 0.195312 0.438477 0.19401 0.435547 0.19401 0.43457 0.192708 0.432617 0.192708 0.431641 0.191406 0.430664 0.191406 0.427734 0.1875 0.426758 0.1875 0.420898 0.179688 0.420898 0.178385 0.418945 0.175781 0.418945 0.174479 0.416992 0.171875 0.416992 0.170573 0.416016 0.169271 0.416016 0.167969 0.398438 0.144531 0.397461 0.144531 0.396484 0.143229 0.394531 0.143229 0.393555 0.141927 0.391602 0.141927 0.390625 0.140625 0.388672 0.140625 0.386719 0.138021 0.386719 0.136719 0.378906 0.126302 0.378906 0.123698 0.376953 0.121094 0.376953 0.119792 0.375977 0.11849 0.375977 0.117188 0.369141 0.108073 0.368164 0.108073 0.363281 0.101562 0.362305 0.101562 0.361328 0.10026 0.360352 0.10026 0.359375 0.0989583 0.358398 0.0989583 0.356445 0.0963542 0.355469 0.0963542 0.354492 0.0950521 0.353516 0.0950521 0.352539 0.09375 0.351562 0.09375 0.350586 0.0924479 0.349609 0.0924479 0.347656 0.0898438 0.34668 0.0898438 0.345703 0.0885417 0.344727 0.0885417 0.342773 0.0859375 0.341797 0.0859375 0.339844 0.0833333 0.338867 0.0833333 0.334961 0.078125 0.333984 0.078125 0.332031 0.0755208 0.331055 0.0755208 0.330078 0.0742188 0.329102 0.0742188 0.328125 0.0729167 0.327148 0.0729167 0.326172 0.0716146 0.325195 0.0716146 0.324219 0.0703125 0.323242 0.0703125 0.322266 0.0690104 0.321289 0.0690104 0.320312 0.0677083 0.319336 0.0677083 0.316406 0.0638021 0.31543 0.0638021 0.311523 0.0585938 0.311523 0.0546875
1 0.417969 0.00260417 0.417969 0.00651042 0.421875 0.0117188 0.421875 0.0130208 0.426758 0.0195312 0.427734 0.0195312 0.430664 0.0234375 0.431641 0.0234375 0.433594 0.0260417 0.43457 0.0260417 0.435547 0.0273438 0.436523 0.0273438 0.4375 0.0286458 0.438477 0.0286458 0.439453 0.0299479 0.44043 0.0299479 0.441406 0.03125 0.443359 0.03125 0.444336 0.0325521 0.445312 0.0325521 0.446289 0.0338542 0.447266 0.0338542 0.449219 0.0364583 0.450195 0.0364583 0.452148 0.0390625 0.453125 0.0390625 0.454102 0.0403646 0.455078 0.0403646 0.456055 0.0416667 0.457031 0.0416667 0.458008 0.0429688 0.458984 0.0429688 0.459961 0.0442708 0.461914 0.0442708 0.462891 0.0455729 0.464844 0.0455729 0.46582 0.046875 0.46875 0.046875 0.469727 0.0481771 0.470703 0.0481771 0.47168 0.0494792 0.47168 0.0533854 0.499023 0.0533854 0.499023 0.0494792 0.503906 0.0429688 0.503906 0.0416667 0.505859 0.0390625 0.505859 0.0377604 0.506836 0.0364583 0.506836 0.0338542 0.507812 0.0325521 0.507812 0.0286458 0.50293 0.0221354 0.501953 0.0221354 0.500977 0.0208333 0.5 0.0208333 0.499023 0.0195312 0.498047 0.0195312 0.49707 0.0182292 0.495117 0.0182292 0.494141 0.0169271 0.492188 0.0169271 0.491211 0.015625 0.490234 0.015625 0.489258 0.0143229 0.488281 0.0143229 0.487305 0.0130208 0.485352 0.0130208 0.484375 0.0117188 0.482422 0.0117188 0.481445 0.0104167 0.480469 0.0104167 0.479492 0.00911458 0.477539 0.00911458 0.475586 0.00651042 0.475586 0.00260417
0 0.179688 0.0703125 0.179688 0.0742188 0.177734 0.0768229 0.176758 0.0768229 0.175781 0.078125 0.174805 0.078125 0.173828 0.0794271 0.170898 0.0794271 0.169922 0.0807292 0.168945 0.0807292 0.167969 0.0820312 0.166016 0.0820312 0.165039 0.0833333 0.163086 0.0833333 0.162109 0.0846354 0.160156 0.0846354 0.15918 0.0859375 0.157227 0.0859375 0.155273 0.0885417 0.15332 0.0885417 0.152344 0.0898438 0.150391 0.0898438 0.149414 0.0911458 0.147461 0.0911458 0.146484 0.0924479 0.145508 0.0924479 0.144531 0.09375 0.142578 0.09375 0.141602 0.0950521 0.138672 0.0950521 0.137695 0.0963542 0.136719 0.0963542 0.135742 0.0976562 0.134766 0.0976562 0.133789 0.0989583 0.132812 0.0989583 0.131836 0.10026 0.130859 0.10026 0.129883 0.101562 0.128906 0.101562 0.126953 0.104167 0.125977 0.104167 0.125 0.105469 0.124023 0.105469 0.121094 0.109375 0.120117 0.109375 0.117188 0.113281 0.116211 0.113281 0.115234 0.114583 0.114258 0.114583 0.112305 0.117188 0.111328 0.117188 0.110352 0.11849 0.108398 0.11849 0.107422 0.119792 0.106445 0.119792 0.105469 0.121094 0.104492 0.121094 0.103516 0.122396 0.101562 0.122396 0.100586 0.123698 0.0996094 0.123698 0.0986328 0.125 0.0976562 0.125 0.0966797 0.126302 0.0957031 0.126302 0.0947266 0.127604 0.0927734 0.127604 0.0917969 0.128906 0.0908203 0.128906 0.0888672 0.13151 0.0878906 0.13151 0.0869141 0.132812 0.0859375 0.132812 0.0839844 0.135417 0.0830078 0.135417 0.0810547 0.138021 0.0800781 0.138021 0.0791016 0.139323 0.0771484 0.139323 0.0761719 0.140625 0.0751953 0.140625 0.0742188 0.141927 0.0732422 0.141927 0.0722656 0.143229 0.0712891 0.143229 0.0703125 0.144531 0.0693359 0.144531 0.0683594 0.145833 0.0664062 0.145833 0.0654297 0.147135 0.0644531 0.147135 0.0634766 0.148438 0.0615234 0.148438 0.0605469 0.14974 0.0585938 0.14974 0.0576172 0.151042 0.0566406 0.151042 0.0556641 0.152344 0.0537109 0.152344 0.0527344 0.153646 0.0507812 0.153646 0.0498047 0.154948 0.0458984 0.154948 0.0449219 0.15625 0.0410156 0.15625 0.0400391 0.157552 0.0390625 0.157552 0.0380859 0.158854 0.0361328 0.158854 0.0351562 0.160156 0.0332031 0.160156 0.0322266 0.161458 0.0292969 0.161458 0.0283203 0.16276 0.0273438 0.16276 0.0263672 0.164062 0.0244141 0.164062 0.0234375 0.165365 0.0205078 0.165365 0.0195312 0.166667 0.0175781 0.166667 0.0166016 0.167969 0.0136719 0.167969 0.0126953 0.169271 0.0107422 0.169271 0.00976562 0.170573 0.00683594 0.170573 0.00585938 0.171875 0.00195312 0.171875 0.00195312 0.292969 0.00488281 0.292969 0.00976562 0.286458 0.0107422 0.286458 0.0126953 0.283854 0.0146484 0.283854 0.015625 0.282552 0.0166016 0.282552 0.0175781 0.28125 0.0195312 0.28125 0.0205078 0.279948 0.0214844 0.279948 0.0224609 0.278646 0.0234375 0.278646 0.0244141 0.277344 0.0253906 0.277344 0.0263672 0.276042 0.0273438 0.276042 0.0283203 0.27474 0.03125 0.27474 0.0322266 0.273438 0.0332031 0.273438 0.0341797 0.272135 0.0361328 0.272135 0.0371094 0.270833 0.0380859 0.270833 0.0390625 0.269531 0.0410156 0.269531 0.0419922 0.268229 0.0429688 0.268229 0.0439453 0.266927 0.0449219 0.266927 0.0458984 0.265625 0.0478516 0.265625 0.0488281 0.264323 0.0507812 0.264323 0.0517578 0.263021 0.0546875 0.263021 0.0556641 0.261719 0.0576172 0.261719 0.0585938 0.260417 0.0605469 0.260417 0.0615234 0.259115 0.0634766 0.259115 0.0644531 0.257812 0.0654297 0.257812 0.0664062 0.25651 0.0673828 0.25651 0.0683594 0.255208 0.0693359 0.255208 0.0722656 0.251302 0.0732422 0.251302 0.0761719 0.247396 0.0771484 0.247396 0.078125 0.246094 0.0791016 0.246094 0.0800781 0.244792 0.0810547 0.244792 0.0820312 0.24349 0.0830078 0.24349 0.0849609 0.240885 0.0869141 0.240885 0.0878906 0.239583 0.0888672 0.239583 0.0898438 0.238281 0.0917969 0.238281 0.0927734 0.236979 0.09375 0.236979 0.0947266 0.235677 0.0957031 0.235677 0.0966797 0.234375 0.0976562 0.234375 0.0986328 0.233073 0.100586 0.233073 0.101562 0.231771 0.102539 0.231771 0.103516 0.230469 0.104492 0.230469 0.105469 0.229167 0.106445 0.229167 0.107422 0.227865 0.108398 0.227865 0.109375 0.226562 0.110352 0.226562 0.111328 0.22526 0.113281 0.22526 0.114258 0.223958 0.116211 0.223958 0.117188 0.222656 0.119141 0.222656 0.120117 0.221354 0.12207 0.221354 0.123047 0.220052 0.124023 0.220052 0.125 0.21875 0.125977 0.21875 0.126953 0.217448 0.12793 0.217448 0.128906 0.216146 0.129883 0.216146 0.130859 0.214844 0.131836 0.214844 0.132812 0.213542 0.133789 0.213542 0.135742 0.210938 0.136719 0.210938 0.137695 0.209635 0.138672 0.209635 0.139648 0.208333 0.140625 0.208333 0.141602 0.207031 0.142578 0.207031 0.143555 0.205729 0.144531 0.205729 0.145508 0.204427 0.146484 0.204427 0.147461 0.203125 0.148438 0.203125 0.149414 0.201823 0.151367 0.201823 0.152344 0.200521 0.15332 0.200521 0.154297 0.199219 0.15625 0.199219 0.157227 0.197917 0.160156 0.197917 0.161133 0.196615 0.163086 0.196615 0.164062 0.195312 0.166016 0.195312 0.166992 0.19401 0.168945 0.19401 0.169922 0.192708 0.171875 0.192708 0.172852 0.191406 0.173828 0.191406 0.174805 0.190104 0.175781 0.190104 0.176758 0.188802 0.177734 0.188802 0.178711 0.1875 0.179688 0.1875 0.182617 0.183594 0.183594 0.183594 0.185547 0.18099 0.186523 0.18099 0.189453 0.177083 0.19043 0.177083 0.197266 0.167969 0.198242 0.167969 0.202148 0.16276 0.203125 0.16276 0.205078 0.160156 0.206055 0.160156 0.209961 0.154948 0.210938 0.154948 0.21582 0.148438 0.216797 0.148438 0.223633 0.139323 0.223633 0.138021 0.229492 0.130208 0.229492 0.128906 0.234375 0.122396 0.234375 0.121094 0.236328 0.11849 0.236328 0.117188 0.238281 0.114583 0.238281 0.113281 0.240234 0.110677 0.243164 0.110677 0.243164 0.0963542 0.240234 0.0963542 0.238281 0.09375 0.237305 0.09375 0.235352 0.0911458 0.234375 0.0911458 0.233398 0.0898438 0.232422 0.0898438 0.229492 0.0859375 0.228516 0.0859375 0.226562 0.0833333 0.225586 0.0833333 0.222656 0.0794271 0.22168 0.0794271 0.217773 0.0742188 0.217773 0.0703125
1 0.126953 0.825521 0.126953 0.851562 0.131836 0.851562 0.132812 0.852865 0.134766 0.852865 0.135742 0.854167 0.137695 0.854167 0.138672 0.855469 0.142578 0.855469 0.143555 0.856771 0.144531 0.856771 0.145508 0.858073 0.147461 0.858073 0.148438 0.859375 0.149414 0.859375 0.150391 0.860677 0.151367 0.860677 0.152344 0.861979 0.15332 0.861979 0.154297 0.863281 0.157227 0.863281 0.158203 0.864583 0.15918 0.864583 0.162109 0.86849 0.163086 0.86849 0.164062 0.869792 0.165039 0.869792 0.167969 0.873698 0.168945 0.873698 0.169922 0.875 0.173828 0.875 0.174805 0.876302 0.176758 0.876302 0.177734 0.877604 0.181641 0.877604 0.182617 0.878906 0.183594 0.878906 0.18457 0.880208 0.185547 0.880208 0.186523 0.88151 0.188477 0.88151 0.189453 0.882812 0.191406 0.882812 0.192383 0.884115 0.194336 0.884115 0.195312 0.885417 0.198242 0.885417 0.199219 0.886719 0.216797 0.886719 0.217773 0.888021 0.224609 0.888021 0.225586 0.886719 0.262695 0.886719 0.263672 0.885417 0.267578 0.885417 0.268555 0.884115 0.274414 0.884115 0.275391 0.882812 0.28125 0.882812 0.282227 0.88151 0.285156 0.88151 0.286133 0.880208 0.289062 0.880208 0.290039 0.878906 0.291992 0.878906 0.292969 0.877604 0.296875 0.877604 0.297852 0.876302 0.30957 0.876302 0.310547 0.877604 0.3125 0.877604 0.313477 0.878906 0.31543 0.878906 0.316406 0.880208 0.318359 0.880208 0.319336 0.88151 0.322266 0.88151 0.323242 0.882812 0.324219 0.882812 0.325195 0.884115 0.326172 0.884115 0.327148 0.885417 0.329102 0.885417 0.330078 0.886719 0.331055 0.886719 0.332031 0.888021 0.333984 0.888021 0.334961 0.889323 0.339844 0.889323 0.34082 0.890625 0.347656 0.890625 0.348633 0.891927 0.354492 0.891927 0.355469 0.893229 0.361328 0.893229 0.362305 0.894531 0.365234 0.894531 0.366211 0.895833 0.368164 0.895833 0.369141 0.897135 0.370117 0.897135 0.371094 0.898438 0.373047 0.898438 0.374023 0.89974 0.376953 0.89974 0.37793 0.901042 0.380859 0.901042 0.382812 0.903646 0.382812 0.907552 0.416992 0.907552 0.416992 0.903646 0.420898 0.898438 0.421875 0.898438 0.422852 0.897135 0.423828 0.897135 0.423828 0.895833 0.426758 0.891927 0.426758 0.890625 0.427734 0.889323 0.428711 0.889323 0.429688 0.888021 0.429688 0.886719 0.424805 0.880208 0.423828 0.880208 0.420898 0.876302 0.419922 0.876302 0.416992 0.872396 0.416016 0.872396 0.415039 0.871094 0.414062 0.871094 0.413086 0.869792 0.412109 0.869792 0.411133 0.86849 0.410156 0.86849 0.40918 0.867188 0.408203 0.867188 0.407227 0.865885 0.405273 0.865885 0.404297 0.864583 0.401367 0.864583 0.400391 0.863281 0.396484 0.863281 0.395508 0.861979 0.390625 0.861979 0.389648 0.860677 0.386719 0.860677 0.385742 0.859375 0.382812 0.859375 0.381836 0.858073 0.37793 0.858073 0.376953 0.856771 0.374023 0.856771 0.373047 0.855469 0.37207 0.855469 0.371094 0.854167 0.370117 0.854167 0.369141 0.852865 0.366211 0.852865 0.365234 0.851562 0.364258 0.851562 0.363281 0.85026 0.361328 0.85026 0.360352 0.848958 0.359375 0.848958 0.358398 0.847656 0.356445 0.847656 0.355469 0.846354 0.353516 0.846354 0.352539 0.845052 0.350586 0.845052 0.349609 0.84375 0.347656 0.84375 0.34668 0.842448 0.344727 0.842448 0.34375 0.841146 0.341797 0.841146 0.339844 0.838542 0.338867 0.838542 0.337891 0.83724 0.336914 0.83724 0.335938 0.835938 0.334961 0.835938 0.331055 0.830729 0.331055 0.825521 0.3125 0.825521 0.3125 0.830729 0.305664 0.839844 0.304688 0.839844 0.303711 0.841146 0.302734 0.841146 0.301758 0.842448 0.292969 0.842448 0.291016 0.839844 0.291016 0.838542 0.290039 0.83724 0.290039 0.835938 0.289062 0.834635 0.289062 0.833333 0.287109 0.830729 0.287109 0.825521 0.270508 0.825521 0.270508 0.832031 0.271484 0.833333 0.271484 0.834635 0.273438 0.83724 0.274414 0.83724 0.27832 0.842448 0.27832 0.84375 0.279297 0.845052 0.279297 0.85026 0.27832 0.851562 0.271484 0.851562 0.270508 0.85026 0.264648 0.85026 0.263672 0.848958 0.236328 0.848958 0.235352 0.847656 0.228516 0.847656 0.227539 0.846354 0.224609 0.846354 0.223633 0.845052 0.22168 0.845052 0.220703 0.84375 0.21875 0.84375 0.217773 0.842448 0.214844 0.842448 0.213867 0.841146 0.195312 0.841146 0.194336 0.839844 0.192383 0.839844 0.191406 0.838542 0.19043 0.838542 0.189453 0.83724 0.188477 0.83724 0.1875 0.835938 0.18457 0.835938 0.183594 0.834635 0.181641 0.834635 0.180664 0.833333 0.175781 0.833333 0.174805 0.832031 0.170898 0.832031 0.169922 0.830729 0.165039 0.830729 0.164062 0.829427 0.164062 0.825521
1 0.775391 0.351562 0.775391 0.380208 0.77832 0.380208 0.783203 0.386719 0.783203 0.388021 0.788086 0.394531 0.788086 0.395833 0.789062 0.397135 0.789062 0.398438 0.790039 0.39974 0.790039 0.402344 0.791016 0.403646 0.791016 0.40625 0.791992 0.407552 0.791992 0.41276 0.792969 0.414062 0.792969 0.419271 0.793945 0.420573 0.793945 0.424479 0.794922 0.425781 0.794922 0.428385 0.795898 0.429688 0.795898 0.432292 0.796875 0.433594 0.796875 0.4375 0.797852 0.438802 0.797852 0.442708 0.798828 0.44401 0.798828 0.446615 0.799805 0.447917 0.799805 0.451823 0.800781 0.453125 0.800781 0.459635 0.801758 0.460938 0.801758 0.463542 0.802734 0.464844 0.802734 0.466146 0.803711 0.467448 0.803711 0.46875 0.804688 0.470052 0.804688 0.471354 0.806641 0.473958 0.806641 0.47526 0.813477 0.484375 0.813477 0.485677 0.814453 0.486979 0.814453 0.488281 0.81543 0.489583 0.81543 0.492188 0.817383 0.494792 0.817383 0.496094 0.826172 0.507812 0.827148 0.507812 0.830078 0.511719 0.831055 0.511719 0.832031 0.513021 0.833008 0.513021 0.834961 0.515625 0.835938 0.515625 0.837891 0.518229 0.838867 0.518229 0.842773 0.523438 0.84375 0.523438 0.850586 0.532552 0.851562 0.532552 0.857422 0.540365 0.858398 0.540365 0.864258 0.548177 0.864258 0.550781 0.865234 0.552083 0.865234 0.553385 0.866211 0.554688 0.866211 0.55599 0.867188 0.557292 0.867188 0.558594 0.876953 0.571615 0.87793 0.571615 0.892578 0.591146 0.893555 0.591146 0.894531 0.592448 0.897461 0.592448 0.898438 0.591146 0.90332 0.591146 0.904297 0.592448 0.90625 0.592448 0.907227 0.59375 0.908203 0.59375 0.90918 0.595052 0.910156 0.595052 0.917969 0.605469 0.917969 0.610677 0.977539 0.610677 0.977539 0.596354 0.973633 0.596354 0.972656 0.595052 0.97168 0.595052 0.969727 0.592448 0.96875 0.592448 0.962891 0.584635 0.962891 0.583333 0.958008 0.576823 0.958008 0.575521 0.949219 0.563802 0.948242 0.563802 0.945312 0.559896 0.944336 0.559896 0.942383 0.557292 0.941406 0.557292 0.94043 0.55599 0.939453 0.55599 0.9375 0.553385 0.936523 0.553385 0.935547 0.552083 0.93457 0.552083 0.933594 0.550781 0.931641 0.550781 0.930664 0.549479 0.929688 0.549479 0.928711 0.548177 0.927734 0.548177 0.925781 0.545573 0.924805 0.545573 0.923828 0.544271 0.922852 0.544271 0.920898 0.541667 0.919922 0.541667 0.918945 0.540365 0.917969 0.540365 0.916016 0.53776 0.915039 0.53776 0.914062 0.536458 0.913086 0.536458 0.911133 0.533854 0.910156 0.533854 0.90918 0.532552 0.908203 0.532552 0.907227 0.53125 0.90625 0.53125 0.905273 0.529948 0.904297 0.529948 0.90332 0.528646 0.902344 0.528646 0.901367 0.527344 0.900391 0.527344 0.899414 0.526042 0.898438 0.526042 0.897461 0.52474 0.896484 0.52474 0.894531 0.522135 0.893555 0.522135 0.889648 0.516927 0.888672 0.516927 0.885742 0.513021 0.885742 0.511719 0.880859 0.505208 0.879883 0.505208 0.875977 0.5 0.875 0.5 0.87207 0.496094 0.871094 0.496094 0.867188 0.490885 0.866211 0.490885 0.864258 0.488281 0.863281 0.488281 0.860352 0.484375 0.859375 0.484375 0.856445 0.480469 0.855469 0.480469 0.853516 0.477865 0.852539 0.477865 0.842773 0.464844 0.842773 0.463542 0.841797 0.46224 0.841797 0.460938 0.84082 0.459635 0.84082 0.457031 0.839844 0.455729 0.839844 0.445312 0.838867 0.44401 0.838867 0.440104 0.837891 0.438802 0.837891 0.4375 0.836914 0.436198 0.836914 0.433594 0.834961 0.43099 0.834961 0.429688 0.833984 0.428385 0.833984 0.427083 0.833008 0.425781 0.833008 0.424479 0.831055 0.421875 0.831055 0.420573 0.829102 0.417969 0.829102 0.416667 0.828125 0.415365 0.828125 0.414062 0.825195 0.410156 0.825195 0.408854 0.824219 0.407552 0.824219 0.40625 0.822266 0.403646 0.822266 0.402344 0.820312 0.39974 0.820312 0.398438 0.819336 0.397135 0.819336 0.395833 0.818359 0.394531 0.818359 0.393229 0.817383 0.391927 0.817383 0.390625 0.816406 0.389323 0.816406 0.388021 0.81543 0.386719 0.81543 0.385417 0.814453 0.384115 0.814453 0.382812 0.813477 0.38151 0.813477 0.380208 0.811523 0.377604 0.811523 0.376302 0.810547 0.375 0.810547 0.373698 0.80957 0.372396 0.80957 0.371094 0.808594 0.369792 0.808594 0.36849 0.807617 0.367188 0.807617 0.365885 0.805664 0.363281 0.805664 0.361979 0.801758 0.356771 0.801758 0.351562
1 0.998047 0.721354 0.99707 0.722656 0.996094 0.722656 0.995117 0.723958 0.994141 0.723958 0.992188 0.726562 0.991211 0.726562 0.989258 0.729167 0.988281 0.729167 0.986328 0.731771 0.985352 0.731771 0.978516 0.740885 0.977539 0.740885 0.974609 0.744792 0.973633 0.744792 0.97168 0.747396 0.970703 0.747396 0.969727 0.748698 0.96875 0.748698 0.967773 0.75 0.966797 0.75 0.96582 0.751302 0.964844 0.751302 0.963867 0.752604 0.962891 0.752604 0.960938 0.755208 0.959961 0.755208 0.954102 0.763021 0.953125 0.763021 0.948242 0.769531 0.947266 0.769531 0.944336 0.773438 0.943359 0.773438 0.933594 0.786458 0.932617 0.786458 0.925781 0.795573 0.924805 0.795573 0.922852 0.798177 0.919922 0.798177 0.919922 0.822917 0.922852 0.822917 0.924805 0.825521 0.925781 0.825521 0.926758 0.826823 0.928711 0.826823 0.929688 0.828125 0.933594 0.828125 0.93457 0.829427 0.939453 0.829427 0.94043 0.830729 0.942383 0.830729 0.943359 0.832031 0.945312 0.832031 0.946289 0.833333 0.949219 0.833333 0.950195 0.834635 0.951172 0.834635 0.952148 0.835938 0.952148 0.839844 0.97168 0.839844 0.97168 0.835938 0.974609 0.832031 0.975586 0.832031 0.976562 0.830729 0.977539 0.830729 0.979492 0.828125 0.980469 0.828125 0.983398 0.824219 0.984375 0.824219 0.986328 0.821615 0.987305 0.821615 0.988281 0.820312 0.989258 0.820312 0.990234 0.81901 0.990234 0.817708 0.992188 0.815104 0.992188 0.813802 0.994141 0.811198 0.994141 0.809896 0.996094 0.807292 0.996094 0.80599 0.99707 0.804688 0.999023 0.804688 0.999023 0.721354
1 0.419922 0.138021 0.419922 0.183594 0.423828 0.183594 0.426758 0.1875 0.427734 0.1875 0.429688 0.190104 0.430664 0.190104 0.431641 0.191406 0.433594 0.191406 0.43457 0.192708 0.436523 0.192708 0.4375 0.19401 0.438477 0.19401 0.439453 0.195312 0.439453 0.199219 0.451172 0.199219 0.451172 0.19401 0.452148 0.192708 0.453125 0.192708 0.454102 0.191406 0.458008 0.191406 0.458008 0.169271 0.455078 0.169271 0.453125 0.166667 0.453125 0.165365 0.452148 0.164062 0.452148 0.16276 0.450195 0.160156 0.450195 0.158854 0.448242 0.15625 0.448242 0.154948 0.446289 0.152344 0.446289 0.151042 0.441406 0.144531 0.441406 0.143229 0.44043 0.141927 0.44043 0.138021
1 0.223633 0.416667 0.224609 0.417969 0.226562 0.417969 0.227539 0.419271 0.230469 0.419271 0.231445 0.417969 0.232422 0.417969 0.234375 0.415365 0.235352 0.415365 0.236328 0.414062 0.238281 0.414062 0.239258 0.41276 0.239258 0.408854 0.222656 0.408854 0.222656 0.414062 0.223633 0.415365 0.223633 0.416667 0.19043 0.446615 0.188477 0.44401 0.1875 0.44401 0.185547 0.441406 0.18457 0.441406 0.183594 0.440104 0.182617 0.440104 0.175781 0.43099 0.175781 0.429688 0.172852 0.425781 0.172852 0.424479 0.169922 0.420573 0.169922 0.419271 0.166016 0.414062 0.166016 0.408854 0.15625 0.408854 0.15625 0.414062 0.155273 0.415365 0.155273 0.416667 0.152344 0.420573 0.150391 0.420573 0.149414 0.421875 0.146484 0.421875 0.146484 0.445312 0.149414 0.445312 0.151367 0.447917 0.151367 0.450521 0.152344 0.451823 0.152344 0.454427 0.15332 0.455729 0.15332 0.458333 0.154297 0.459635 0.154297 0.460938 0.15625 0.463542 0.15625 0.464844 0.15918 0.46875 0.15918 0.470052 0.161133 0.472656 0.161133 0.473958 0.165039 0.479167 0.165039 0.480469 0.174805 0.49349 0.175781 0.49349 0.176758 0.494792 0.177734 0.494792 0.178711 0.496094 0.180664 0.496094 0.18457 0.501302 0.18457 0.502604 0.185547 0.503906 0.185547 0.50651 0.186523 0.507812 0.186523 0.509115 0.19043 0.514323 0.19043 0.515625 0.192383 0.518229 0.192383 0.519531 0.195312 0.523438 0.196289 0.523438 0.200195 0.528646 0.200195 0.529948 0.201172 0.53125 0.201172 0.532552 0.202148 0.532552 0.204102 0.535156 0.204102 0.536458 0.205078 0.53776 0.205078 0.540365 0.204102 0.541667 0.204102 0.542969 0.205078 0.544271 0.205078 0.545573 0.206055 0.546875 0.206055 0.548177 0.209961 0.553385 0.210938 0.553385 0.211914 0.554688 0.212891 0.554688 0.21582 0.558594 0.216797 0.558594 0.217773 0.559896 0.217773 0.561198 0.219727 0.563802 0.219727 0.565104 0.225586 0.572917 0.226562 0.572917 0.230469 0.578125 0.230469 0.579427 0.232422 0.582031 0.233398 0.582031 0.234375 0.583333 0.235352 0.583333 0.238281 0.58724 0.238281 0.588542 0.240234 0.591146 0.240234 0.592448 0.244141 0.597656 0.244141 0.598958 0.245117 0.60026 0.245117 0.601562 0.246094 0.602865 0.246094 0.604167 0.24707 0.605469 0.24707 0.606771 0.248047 0.606771 0.249023 0.608073 0.250977 0.608073 0.257812 0.617188 0.258789 0.617188 0.265625 0.626302 0.266602 0.626302 0.268555 0.628906 0.269531 0.628906 0.272461 0.632812 0.273438 0.632812 0.274414 0.634115 0.275391 0.634115 0.276367 0.635417 0.277344 0.635417 0.27832 0.636719 0.279297 0.636719 0.280273 0.638021 0.28125 0.638021 0.282227 0.639323 0.28418 0.639323 0.285156 0.640625 0.286133 0.640625 0.288086 0.643229 0.288086 0.647135 0.298828 0.647135 0.298828 0.643229 0.300781 0.640625 0.301758 0.640625 0.302734 0.639323 0.303711 0.639323 0.304688 0.638021 0.305664 0.638021 0.306641 0.636719 0.306641 0.635417 0.307617 0.634115 0.307617 0.623698 0.308594 0.622396 0.308594 0.619792 0.307617 0.61849 0.307617 0.617188 0.306641 0.615885 0.306641 0.614583 0.305664 0.613281 0.304688 0.613281 0.303711 0.611979 0.299805 0.611979 0.298828 0.613281 0.292969 0.605469 0.292969 0.596354 0.291992 0.595052 0.291992 0.59375 0.288086 0.588542 0.288086 0.58724 0.287109 0.585938 0.287109 0.584635 0.285156 0.582031 0.285156 0.580729 0.283203 0.578125 0.283203 0.576823 0.282227 0.575521 0.282227 0.574219 0.279297 0.570312 0.279297 0.56901 0.275391 0.563802 0.275391 0.5625 0.274414 0.561198 0.274414 0.559896 0.270508 0.554688 0.270508 0.553385 0.267578 0.549479 0.267578 0.548177 0.264648 0.544271 0.264648 0.542969 0.260742 0.53776 0.260742 0.536458 0.25293 0.526042 0.251953 0.526042 0.25 0.523438 0.249023 0.523438 0.244141 0.516927 0.243164 0.516927 0.236328 0.507812 0.235352 0.507812 0.233398 0.505208 0.232422 0.505208 0.228516 0.5 0.227539 0.5 0.22168 0.492188 0.220703 0.492188 0.217773 0.488281 0.216797 0.488281 0.212891 0.483073 0.211914 0.483073 0.198242 0.464844 0.198242 0.463542 0.196289 0.460938 0.196289 0.459635 0.194336 0.457031 0.194336 0.455729 0.193359 0.454427 0.193359 0.453125 0.192383 0.451823 0.192383 0.450521 0.19043 0.447917 0.19043 0.446615
1 0.894531 0.757812 0.894531 0.761719 0.893555 0.763021 0.892578 0.763021 0.891602 0.764323 0.886719 0.764323 0.885742 0.765625 0.882812 0.765625 0.881836 0.766927 0.87793 0.766927 0.876953 0.768229 0.854492 0.768229 0.853516 0.769531 0.851562 0.769531 0.850586 0.770833 0.848633 0.770833 0.847656 0.772135 0.84375 0.772135 0.842773 0.773438 0.837891 0.773438 0.836914 0.77474 0.832031 0.77474 0.831055 0.776042 0.829102 0.776042 0.828125 0.777344 0.824219 0.777344 0.823242 0.778646 0.816406 0.778646 0.81543 0.779948 0.795898 0.779948 0.794922 0.78125 0.792969 0.78125 0.791992 0.782552 0.790039 0.782552 0.789062 0.783854 0.788086 0.783854 0.787109 0.785156 0.786133 0.785156 0.785156 0.786458 0.78418 0.786458 0.783203 0.78776 0.782227 0.78776 0.78125 0.789062 0.780273 0.789062 0.779297 0.790365 0.775391 0.790365 0.775391 0.815104 0.77832 0.815104 0.779297 0.816406 0.78125 0.816406 0.782227 0.817708 0.783203 0.817708 0.78418 0.81901 0.785156 0.81901 0.786133 0.820312 0.787109 0.820312 0.788086 0.821615 0.790039 0.821615 0.791016 0.822917 0.792969 0.822917 0.793945 0.824219 0.795898 0.824219 0.796875 0.825521 0.800781 0.825521 0.801758 0.826823 0.813477 0.826823 0.814453 0.825521 0.821289 0.825521 0.822266 0.826823 0.827148 0.826823 0.828125 0.828125 0.832031 0.828125 0.833008 0.829427 0.837891 0.829427 0.838867 0.828125 0.845703 0.828125 0.84668 0.826823 0.853516 0.826823 0.854492 0.825521 0.856445 0.825521 0.857422 0.824219 0.859375 0.824219 0.860352 0.822917 0.864258 0.822917 0.865234 0.821615 0.87207 0.821615 0.873047 0.820312 0.876953 0.820312 0.87793 0.81901 0.880859 0.81901 0.881836 0.817708 0.884766 0.817708 0.885742 0.816406 0.888672 0.816406 0.889648 0.815104 0.892578 0.815104 0.893555 0.813802 0.894531 0.813802 0.895508 0.8125 0.897461 0.8125 0.898438 0.811198 0.899414 0.811198 0.900391 0.809896 0.902344 0.809896 0.90332 0.808594 0.905273 0.808594 0.90625 0.807292 0.907227 0.807292 0.908203 0.80599 0.910156 0.80599 0.911133 0.804688 0.912109 0.804688 0.916016 0.799479 0.916992 0.799479 0.917969 0.798177 0.917969 0.796875 0.919922 0.794271 0.920898 0.794271 0.923828 0.790365 0.926758 0.790365 0.926758 0.764323 0.922852 0.764323 0.920898 0.761719 0.920898 0.757812
1 0.833984 0.00260417 0.833984 0.015625 0.836914 0.015625 0.838867 0.0182292 0.838867 0.0208333 0.839844 0.0221354 0.839844 0.0260417 0.84082 0.0273438 0.84082 0.0299479 0.841797 0.03125 0.841797 0.0403646 0.842773 0.0416667 0.842773 0.0651042 0.841797 0.0664062 0.841797 0.0807292 0.842773 0.0820312 0.842773 0.0859375 0.84375 0.0872396 0.84375 0.0898438 0.844727 0.0911458 0.844727 0.0924479 0.84668 0.0950521 0.84668 0.10026 0.876953 0.10026 0.876953 0.0963542 0.878906 0.09375 0.878906 0.0924479 0.880859 0.0898438 0.880859 0.0859375 0.881836 0.0846354 0.881836 0.0833333 0.880859 0.0820312 0.880859 0.0794271 0.881836 0.078125 0.881836 0.0664062 0.880859 0.0651042 0.880859 0.0455729 0.879883 0.0442708 0.879883 0.0338542 0.878906 0.0325521 0.878906 0.0182292 0.87793 0.0169271 0.87793 0.0130208 0.876953 0.0117188 0.876953 0.00260417
