0 0.648438 0.518258 0.646484 0.521067 0.645508 0.521067 0.643555 0.523876 0.642578 0.523876 0.641602 0.525281 0.640625 0.525281 0.638672 0.52809 0.637695 0.52809 0.635742 0.530899 0.634766 0.530899 0.632812 0.533708 0.631836 0.533708 0.625977 0.542135 0.625 0.542135 0.621094 0.547753 0.621094 0.549157 0.619141 0.551966 0.618164 0.551966 0.618164 0.553371 0.615234 0.557584 0.611328 0.557584 0.611328 0.587079 0.614258 0.587079 0.615234 0.588483 0.615234 0.589888 0.616211 0.591292 0.616211 0.599719 0.615234 0.601124 0.615234 0.602528 0.614258 0.603933 0.611328 0.603933 0.611328 0.622191 0.614258 0.622191 0.616211 0.625 0.617188 0.625 0.618164 0.626405 0.619141 0.626405 0.620117 0.627809 0.62207 0.627809 0.623047 0.629214 0.624023 0.629214 0.625 0.630618 0.626953 0.630618 0.628906 0.633427 0.629883 0.633427 0.630859 0.634831 0.631836 0.634831 0.632812 0.636236 0.633789 0.636236 0.634766 0.63764 0.635742 0.63764 0.636719 0.639045 0.637695 0.639045 0.638672 0.640449 0.641602 0.640449 0.642578 0.641854 0.645508 0.641854 0.646484 0.643258 0.646484 0.647472 0.662109 0.647472 0.662109 0.643258 0.663086 0.641854 0.664062 0.641854 0.665039 0.640449 0.668945 0.640449 0.669922 0.639045 0.673828 0.639045 0.674805 0.63764 0.678711 0.63764 0.679688 0.636236 0.681641 0.636236 0.682617 0.634831 0.686523 0.634831 0.6875 0.633427 0.69043 0.633427 0.691406 0.632023 0.694336 0.632023 0.695312 0.630618 0.696289 0.630618 0.697266 0.629214 0.699219 0.629214 0.700195 0.627809 0.702148 0.627809 0.703125 0.626405 0.705078 0.626405 0.706055 0.625 0.708008 0.625 0.708984 0.623595 0.712891 0.623595 0.713867 0.622191 0.719727 0.622191 0.720703 0.620786 0.724609 0.620786 0.725586 0.619382 0.727539 0.619382 0.728516 0.617977 0.730469 0.617977 0.731445 0.616573 0.733398 0.616573 0.734375 0.615169 0.736328 0.615169 0.737305 0.613764 0.738281 0.613764 0.739258 0.61236 0.740234 0.61236 0.741211 0.610955 0.743164 0.610955 0.744141 0.609551 0.745117 0.609551 0.746094 0.608146 0.74707 0.608146 0.748047 0.606742 0.749023 0.606742 0.75 0.605337 0.750977 0.605337 0.751953 0.603933 0.753906 0.603933 0.754883 0.602528 0.755859 0.602528 0.756836 0.601124 0.757812 0.601124 0.758789 0.599719 0.759766 0.599719 0.760742 0.598315 0.761719 0.598315 0.762695 0.59691 0.763672 0.59691 0.765625 0.594101 0.766602 0.594101 0.767578 0.592697 0.768555 0.592697 0.769531 0.591292 0.770508 0.591292 0.771484 0.589888 0.772461 0.589888 0.773438 0.588483 0.774414 0.588483 0.775391 0.587079 0.777344 0.587079 0.77832 0.585674 0.779297 0.585674 0.780273 0.58427 0.78125 0.58427 0.782227 0.582865 0.783203 0.582865 0.78418 0.581461 0.786133 0.581461 0.787109 0.580056 0.788086 0.580056 0.790039 0.577247 0.791016 0.577247 0.791992 0.575843 0.793945 0.575843 0.794922 0.574438 0.795898 0.574438 0.797852 0.571629 0.798828 0.571629 0.799805 0.570225 0.800781 0.570225 0.802734 0.567416 0.803711 0.567416 0.805664 0.564607 0.806641 0.564607 0.811523 0.557584 0.8125 0.557584 0.816406 0.551966 0.816406 0.550562 0.818359 0.547753 0.818359 0.546348 0.819336 0.544944 0.819336 0.543539 0.821289 0.54073 0.821289 0.537921 0.822266 0.536517 0.822266 0.532303 0.823242 0.530899 0.823242 0.52809 0.824219 0.526685 0.824219 0.525281 0.825195 0.523876 0.825195 0.522472 0.828125 0.518258 0.828125 0.516854 0.830078 0.514045 0.830078 0.51264 0.832031 0.509831 0.832031 0.508427 0.833008 0.507023 0.833008 0.504214 0.836914 0.498596 0.837891 0.498596 0.838867 0.497191 0.84082 0.497191 0.841797 0.495787 0.842773 0.495787 0.84375 0.494382 0.844727 0.494382 0.845703 0.492978 0.848633 0.492978 0.848633 0.467697 0.844727 0.467697 0.842773 0.464888 0.842773 0.463483 0.841797 0.462079 0.84082 0.462079 0.836914 0.456461 0.835938 0.456461 0.834961 0.455056 0.833984 0.455056 0.833008 0.453652 0.831055 0.453652 0.830078 0.452247 0.829102 0.452247 0.828125 0.450843 0.826172 0.450843 0.825195 0.449438 0.822266 0.449438 0.821289 0.448034 0.818359 0.448034 0.817383 0.446629 0.81543 0.446629 0.814453 0.445225 0.814453 0.441011 0.761719 0.441011 0.761719 0.446629 0.762695 0.448034 0.770508 0.448034 0.771484 0.449438 0.772461 0.449438 0.773438 0.450843 0.772461 0.452247 0.771484 0.452247 0.770508 0.453652 0.766602 0.453652 0.765625 0.455056 0.763672 0.455056 0.761719 0.457865 0.757812 0.457865 0.756836 0.45927 0.754883 0.45927 0.753906 0.460674 0.751953 0.460674 0.750977 0.462079 0.75 0.462079 0.749023 0.463483 0.746094 0.463483 0.745117 0.464888 0.742188 0.464888 0.741211 0.466292 0.739258 0.466292 0.738281 0.467697 0.737305 0.467697 0.736328 0.469101 0.734375 0.469101 0.733398 0.470506 0.732422 0.470506 0.731445 0.47191 0.729492 0.47191 0.727539 0.474719 0.725586 0.474719 0.724609 0.476124 0.723633 0.476124 0.722656 0.477528 0.72168 0.477528 0.719727 0.480337 0.71875 0.480337 0.717773 0.481742 0.71582 0.481742 0.714844 0.483146 0.712891 0.483146 0.711914 0.484551 0.710938 0.484551 0.709961 0.485955 0.708008 0.485955 0.707031 0.48736 0.702148 0.48736 0.701172 0.488764 0.694336 0.488764 0.693359 0.490169 0.688477 0.490169 0.6875 0.491573 0.679688 0.491573 0.678711 0.492978 0.677734 0.492978 0.676758 0.494382 0.675781 0.494382 0.672852 0.498596 0.671875 0.498596 0.670898 0.5 0.669922 0.5 0.667969 0.502809 0.666992 0.502809 0.666016 0.504214 0.665039 0.504214 0.664062 0.505618 0.663086 0.505618 0.662109 0.507023 0.661133 0.507023 0.658203 0.511236 0.657227 0.511236 0.65625 0.51264 0.655273 0.51264 0.654297 0.514045 0.65332 0.514045 0.650391 0.518258 0.648438 0.518258 0.614258 0.445225 0.614258 0.441011 0.611328 0.441011 0.611328 0.445225 0.614258 0.445225
1 0.740234 0.478933 0.740234 0.480337 0.740234 0.478933 0.737305 0.469101 0.738281 0.467697 0.739258 0.467697 0.740234 0.466292 0.743164 0.466292 0.744141 0.464888 0.74707 0.464888 0.748047 0.463483 0.75 0.463483 0.750977 0.462079 0.754883 0.462079 0.755859 0.460674 0.758789 0.460674 0.759766 0.45927 0.760742 0.45927 0.762695 0.456461 0.763672 0.456461 0.764648 0.455056 0.767578 0.455056 0.768555 0.453652 0.769531 0.453652 0.770508 0.452247 0.771484 0.452247 0.772461 0.450843 0.774414 0.450843 0.775391 0.449438 0.779297 0.449438 0.780273 0.448034 0.78418 0.448034 0.785156 0.446629 0.786133 0.446629 0.787109 0.445225 0.789062 0.445225 0.790039 0.44382 0.791992 0.44382 0.792969 0.442416 0.794922 0.442416 0.795898 0.441011 0.797852 0.441011 0.798828 0.439607 0.802734 0.439607 0.803711 0.438202 0.810547 0.438202 0.811523 0.436798 0.813477 0.436798 0.814453 0.435393 0.816406 0.435393 0.817383 0.433989 0.818359 0.433989 0.819336 0.432584 0.820312 0.432584 0.821289 0.43118 0.823242 0.43118 0.824219 0.429775 0.826172 0.429775 0.827148 0.428371 0.828125 0.428371 0.829102 0.426966 0.831055 0.426966 0.832031 0.425562 0.833984 0.425562 0.834961 0.424157 0.836914 0.424157 0.837891 0.422753 0.838867 0.422753 0.839844 0.421348 0.841797 0.421348 0.842773 0.419944 0.844727 0.419944 0.845703 0.418539 0.84668 0.418539 0.847656 0.417135 0.848633 0.417135 0.849609 0.41573 0.851562 0.41573 0.852539 0.414326 0.853516 0.414326 0.854492 0.412921 0.856445 0.412921 0.857422 0.411517 0.859375 0.411517 0.860352 0.410112 0.863281 0.410112 0.864258 0.408708 0.868164 0.408708 0.869141 0.407303 0.87207 0.407303 0.873047 0.405899 0.875977 0.405899 0.876953 0.404494 0.878906 0.404494 0.879883 0.40309 0.880859 0.40309 0.881836 0.401685 0.881836 0.398876 0.882812 0.397472 0.882812 0.389045 0.883789 0.38764 0.883789 0.384831 0.885742 0.382022 0.885742 0.380618 0.888672 0.376404 0.889648 0.376404 0.890625 0.375 0.891602 0.375 0.893555 0.372191 0.894531 0.372191 0.896484 0.369382 0.897461 0.369382 0.899414 0.366573 0.900391 0.366573 0.901367 0.365169 0.902344 0.365169 0.90332 0.363764 0.904297 0.363764 0.905273 0.36236 0.90625 0.36236 0.907227 0.360955 0.908203 0.360955 0.911133 0.356742 0.912109 0.356742 0.916016 0.351124 0.918945 0.351124 0.918945 0.339888 0.87793 0.339888 0.87793 0.344101 0.876953 0.345506 0.875977 0.345506 0.875 0.34691 0.869141 0.34691 0.868164 0.348315 0.859375 0.348315 0.858398 0.349719 0.853516 0.349719 0.852539 0.351124 0.849609 0.351124 0.848633 0.352528 0.844727 0.352528 0.84375 0.353933 0.84082 0.353933 0.839844 0.355337 0.837891 0.355337 0.836914 0.356742 0.835938 0.356742 0.834961 0.358146 0.832031 0.358146 0.831055 0.359551 0.829102 0.359551 0.828125 0.360955 0.826172 0.360955 0.825195 0.36236 0.823242 0.36236 0.822266 0.363764 0.819336 0.363764 0.818359 0.365169 0.81543 0.365169 0.814453 0.366573 0.8125 0.366573 0.811523 0.367978 0.808594 0.367978 0.807617 0.369382 0.804688 0.369382 0.803711 0.370787 0.802734 0.370787 0.801758 0.372191 0.799805 0.372191 0.798828 0.373596 0.797852 0.373596 0.796875 0.375 0.795898 0.375 0.794922 0.376404 0.793945 0.376404 0.792969 0.377809 0.791992 0.377809 0.791016 0.379213 0.790039 0.379213 0.789062 0.380618 0.787109 0.380618 0.786133 0.382022 0.78418 0.382022 0.783203 0.383427 0.78125 0.383427 0.780273 0.384831 0.77832 0.384831 0.777344 0.386236 0.775391 0.386236 0.774414 0.38764 0.773438 0.38764 0.772461 0.389045 0.771484 0.389045 0.770508 0.390449 0.768555 0.390449 0.767578 0.391854 0.765625 0.391854 0.764648 0.393258 0.762695 0.393258 0.761719 0.394663 0.760742 0.394663 0.759766 0.396067 0.757812 0.396067 0.756836 0.397472 0.753906 0.397472 0.75293 0.398876 0.750977 0.398876 0.75 0.400281 0.749023 0.400281 0.748047 0.401685 0.746094 0.401685 0.745117 0.40309 0.743164 0.40309 0.742188 0.404494 0.741211 0.404494 0.740234 0.405899 0.739258 0.405899 0.737305 0.408708 0.736328 0.408708 0.735352 0.410112 0.734375 0.410112 0.733398 0.411517 0.732422 0.411517 0.731445 0.412921 0.730469 0.412921 0.729492 0.414326 0.727539 0.414326 0.726562 0.41573 0.724609 0.41573 0.723633 0.417135 0.72168 0.417135 0.720703 0.418539 0.719727 0.418539 0.71875 0.419944 0.716797 0.419944 0.71582 0.421348 0.714844 0.421348 0.713867 0.422753 0.711914 0.422753 0.710938 0.424157 0.709961 0.424157 0.708984 0.425562 0.707031 0.425562 0.706055 0.426966 0.705078 0.426966 0.704102 0.428371 0.702148 0.428371 0.701172 0.429775 0.700195 0.429775 0.699219 0.43118 0.698242 0.43118 0.697266 0.432584 0.696289 0.432584 0.695312 0.433989 0.694336 0.433989 0.688477 0.442416 0.688477 0.44382 0.686523 0.446629 0.685547 0.446629 0.685547 0.448034 0.68457 0.449438 0.68457 0.450843 0.682617 0.453652 0.682617 0.455056 0.680664 0.457865 0.677734 0.457865 0.677734 0.490169 0.733398 0.490169 0.733398 0.485955 0.732422 0.484551 0.726562 0.484551 0.723633 0.480337 0.728516 0.473315 0.729492 0.473315 0.730469 0.47191 0.732422 0.47191 0.733398 0.470506 0.735352 0.470506 0.736328 0.469101 0.737305 0.469101
1 0.301758 0.0926966 0.301758 0.0983146 0.300781 0.0997191 0.300781 0.101124 0.299805 0.102528 0.299805 0.105337 0.298828 0.106742 0.298828 0.108146 0.296875 0.110955 0.296875 0.11236 0.295898 0.113764 0.295898 0.115169 0.294922 0.116573 0.294922 0.117978 0.293945 0.119382 0.293945 0.120787 0.291992 0.123596 0.291992 0.125 0.291016 0.126404 0.291016 0.127809 0.288086 0.132022 0.288086 0.133427 0.287109 0.134831 0.287109 0.136236 0.286133 0.13764 0.286133 0.139045 0.285156 0.140449 0.285156 0.141854 0.28418 0.143258 0.28418 0.144663 0.283203 0.146067 0.283203 0.147472 0.282227 0.148876 0.282227 0.150281 0.28125 0.151685 0.28125 0.15309 0.279297 0.155899 0.279297 0.157303 0.27832 0.158708 0.27832 0.160112 0.275391 0.164326 0.275391 0.16573 0.271484 0.171348 0.271484 0.172753 0.264648 0.182584 0.264648 0.183989 0.262695 0.186798 0.262695 0.188202 0.261719 0.189607 0.261719 0.191011 0.259766 0.19382 0.259766 0.195225 0.257812 0.198034 0.257812 0.199438 0.254883 0.203652 0.254883 0.205056 0.25293 0.207865 0.25293 0.20927 0.24707 0.217697 0.24707 0.219101 0.245117 0.22191 0.245117 0.223315 0.243164 0.226124 0.243164 0.227528 0.242188 0.228933 0.242188 0.230337 0.241211 0.231742 0.241211 0.234551 0.240234 0.235955 0.240234 0.238764 0.239258 0.240169 0.239258 0.242978 0.238281 0.244382 0.238281 0.247191 0.237305 0.248596 0.237305 0.252809 0.236328 0.254213 0.236328 0.257022 0.235352 0.258427 0.235352 0.259831 0.234375 0.261236 0.234375 0.264045 0.233398 0.265449 0.233398 0.266854 0.232422 0.268258 0.232422 0.271067 0.231445 0.272472 0.231445 0.276685 0.230469 0.27809 0.230469 0.280899 0.229492 0.282303 0.229492 0.283708 0.228516 0.285112 0.228516 0.287921 0.227539 0.289326 0.227539 0.292135 0.226562 0.293539 0.226562 0.294944 0.225586 0.296348 0.225586 0.299157 0.224609 0.300562 0.224609 0.303371 0.223633 0.304775 0.223633 0.311798 0.222656 0.313202 0.222656 0.317416 0.22168 0.31882 0.22168 0.321629 0.220703 0.323034 0.220703 0.325843 0.219727 0.327247 0.219727 0.328652 0.217773 0.331461 0.217773 0.332865 0.216797 0.33427 0.216797 0.335674 0.21582 0.337079 0.21582 0.338483 0.214844 0.339888 0.214844 0.342697 0.213867 0.344101 0.213867 0.345506 0.212891 0.34691 0.212891 0.348315 0.211914 0.349719 0.208984 0.349719 0.208984 0.411517 0.212891 0.411517 0.217773 0.418539 0.21875 0.418539 0.219727 0.419944 0.224609 0.419944 0.228516 0.414326 0.228516 0.412921 0.231445 0.408708 0.231445 0.407303 0.233398 0.404494 0.233398 0.40309 0.234375 0.401685 0.234375 0.400281 0.235352 0.398876 0.235352 0.397472 0.236328 0.396067 0.236328 0.394663 0.237305 0.393258 0.237305 0.390449 0.238281 0.389045 0.238281 0.386236 0.239258 0.384831 0.239258 0.382022 0.240234 0.380618 0.240234 0.376404 0.241211 0.375 0.241211 0.370787 0.242188 0.369382 0.242188 0.365169 0.243164 0.363764 0.243164 0.360955 0.244141 0.359551 0.244141 0.355337 0.245117 0.353933 0.245117 0.352528 0.246094 0.351124 0.246094 0.34691 0.24707 0.345506 0.24707 0.342697 0.248047 0.341292 0.248047 0.335674 0.249023 0.33427 0.249023 0.330056 0.25 0.328652 0.25 0.324438 0.250977 0.323034 0.250977 0.31882 0.251953 0.317416 0.251953 0.314607 0.25293 0.313202 0.25293 0.310393 0.253906 0.308989 0.253906 0.30618 0.254883 0.304775 0.254883 0.301966 0.255859 0.300562 0.255859 0.297753 0.256836 0.296348 0.256836 0.293539 0.257812 0.292135 0.257812 0.289326 0.258789 0.287921 0.258789 0.286517 0.259766 0.285112 0.259766 0.283708 0.260742 0.282303 0.260742 0.279494 0.261719 0.27809 0.261719 0.275281 0.262695 0.273876 0.262695 0.271067 0.263672 0.269663 0.263672 0.268258 0.264648 0.266854 0.264648 0.265449 0.265625 0.264045 0.265625 0.261236 0.266602 0.259831 0.266602 0.257022 0.267578 0.255618 0.267578 0.254213 0.268555 0.252809 0.268555 0.251404 0.269531 0.25 0.269531 0.248596 0.271484 0.245787 0.271484 0.244382 0.274414 0.240169 0.274414 0.238764 0.276367 0.235955 0.276367 0.234551 0.27832 0.231742 0.27832 0.230337 0.283203 0.223315 0.283203 0.22191 0.288086 0.214888 0.288086 0.213483 0.291016 0.20927 0.291016 0.207865 0.293945 0.203652 0.293945 0.202247 0.294922 0.200843 0.295898 0.200843 0.295898 0.199438 0.303711 0.188202 0.303711 0.186798 0.306641 0.182584 0.306641 0.18118 0.30957 0.176966 0.30957 0.175562 0.311523 0.172753 0.311523 0.171348 0.313477 0.168539 0.313477 0.167135 0.31543 0.164326 0.31543 0.162921 0.317383 0.160112 0.317383 0.158708 0.318359 0.157303 0.318359 0.155899 0.319336 0.154494 0.319336 0.15309 0.320312 0.151685 0.320312 0.150281 0.322266 0.147472 0.322266 0.146067 0.323242 0.144663 0.323242 0.143258 0.324219 0.141854 0.324219 0.140449 0.325195 0.139045 0.329102 0.139045 0.329102 0.108146 0.326172 0.108146 0.324219 0.105337 0.324219 0.103933 0.323242 0.102528 0.323242 0.101124 0.322266 0.0997191 0.322266 0.0983146 0.321289 0.0969101 0.321289 0.0926966
1 0.891602 0.337079 0.890625 0.338483 0.889648 0.338483 0.888672 0.339888 0.886719 0.339888 0.885742 0.341292 0.884766 0.341292 0.883789 0.342697 0.881836 0.342697 0.880859 0.344101 0.879883 0.344101 0.878906 0.345506 0.87793 0.345506 0.876953 0.34691 0.871094 0.34691 0.870117 0.348315 0.860352 0.348315 0.859375 0.349719 0.853516 0.349719 0.852539 0.351124 0.849609 0.351124 0.848633 0.352528 0.845703 0.352528 0.844727 0.353933 0.84082 0.353933 0.839844 0.355337 0.838867 0.355337 0.837891 0.356742 0.835938 0.356742 0.834961 0.358146 0.833008 0.358146 0.832031 0.359551 0.830078 0.359551 0.829102 0.360955 0.827148 0.360955 0.826172 0.36236 0.826172 0.366573 0.90332 0.366573 0.90332 0.33427 0.899414 0.33427 0.898438 0.335674 0.896484 0.335674 0.895508 0.337079 0.891602 0.337079 0.882812 0.301966 0.883789 0.300562 0.884766 0.300562 0.885742 0.299157 0.886719 0.299157 0.893555 0.289326 0.893555 0.287921 0.894531 0.286517 0.894531 0.285112 0.895508 0.283708 0.895508 0.282303 0.897461 0.279494 0.897461 0.27809 0.898438 0.276685 0.898438 0.273876 0.899414 0.272472 0.90332 0.272472 0.90332 0.271067 0.900391 0.271067 0.898438 0.268258 0.898438 0.266854 0.895508 0.26264 0.895508 0.261236 0.892578 0.257022 0.890625 0.257022 0.889648 0.255618 0.888672 0.255618 0.887695 0.254213 0.887695 0.252809 0.886719 0.251404 0.886719 0.244382 0.885742 0.244382 0.884766 0.242978 0.883789 0.242978 0.882812 0.241573 0.880859 0.241573 0.879883 0.240169 0.87207 0.240169 0.871094 0.238764 0.868164 0.238764 0.867188 0.23736 0.865234 0.23736 0.864258 0.235955 0.862305 0.235955 0.861328 0.234551 0.858398 0.234551 0.857422 0.233146 0.853516 0.233146 0.852539 0.231742 0.850586 0.231742 0.849609 0.230337 0.833008 0.230337 0.832031 0.228933 0.825195 0.228933 0.824219 0.227528 0.819336 0.227528 0.818359 0.228933 0.813477 0.228933 0.8125 0.230337 0.806641 0.230337 0.805664 0.231742 0.804688 0.231742 0.803711 0.230337 0.795898 0.230337 0.794922 0.228933 0.789062 0.228933 0.788086 0.227528 0.783203 0.227528 0.782227 0.226124 0.782227 0.22191 0.681641 0.22191 0.681641 0.226124 0.679688 0.228933 0.677734 0.228933 0.676758 0.230337 0.675781 0.230337 0.674805 0.231742 0.673828 0.231742 0.672852 0.233146 0.671875 0.233146 0.670898 0.234551 0.669922 0.234551 0.667969 0.23736 0.666992 0.23736 0.666016 0.238764 0.665039 0.238764 0.663086 0.241573 0.662109 0.241573 0.661133 0.242978 0.660156 0.242978 0.658203 0.245787 0.657227 0.245787 0.65625 0.247191 0.655273 0.247191 0.654297 0.248596 0.65332 0.248596 0.652344 0.25 0.651367 0.25 0.650391 0.251404 0.648438 0.251404 0.647461 0.252809 0.645508 0.252809 0.644531 0.254213 0.641602 0.254213 0.640625 0.255618 0.638672 0.255618 0.637695 0.257022 0.635742 0.257022 0.634766 0.258427 0.633789 0.258427 0.632812 0.259831 0.631836 0.259831 0.629883 0.26264 0.628906 0.26264 0.625977 0.266854 0.625 0.266854 0.623047 0.269663 0.62207 0.269663 0.620117 0.272472 0.619141 0.272472 0.618164 0.273876 0.616211 0.273876 0.615234 0.275281 0.614258 0.275281 0.613281 0.276685 0.612305 0.276685 0.609375 0.280899 0.608398 0.280899 0.606445 0.283708 0.605469 0.283708 0.604492 0.285112 0.599609 0.285112 0.598633 0.286517 0.588867 0.286517 0.587891 0.285112 0.586914 0.286517 0.580078 0.286517 0.579102 0.287921 0.577148 0.287921 0.576172 0.289326 0.573242 0.289326 0.572266 0.29073 0.569336 0.29073 0.568359 0.292135 0.56543 0.292135 0.564453 0.293539 0.561523 0.293539 0.560547 0.294944 0.558594 0.294944 0.557617 0.296348 0.556641 0.296348 0.555664 0.297753 0.553711 0.297753 0.552734 0.299157 0.550781 0.299157 0.549805 0.300562 0.546875 0.300562 0.545898 0.301966 0.542969 0.301966 0.541992 0.303371 0.540039 0.303371 0.539062 0.304775 0.537109 0.304775 0.536133 0.30618 0.53418 0.30618 0.533203 0.307584 0.53125 0.307584 0.530273 0.308989 0.52832 0.308989 0.527344 0.310393 0.526367 0.310393 0.525391 0.311798 0.524414 0.311798 0.523438 0.313202 0.522461 0.313202 0.520508 0.316011 0.519531 0.316011 0.519531 0.317416 0.517578 0.320225 0.513672 0.320225 0.513672 0.34691 0.517578 0.34691 0.520508 0.351124 0.521484 0.351124 0.522461 0.352528 0.523438 0.352528 0.524414 0.353933 0.525391 0.353933 0.526367 0.355337 0.527344 0.355337 0.52832 0.356742 0.530273 0.356742 0.53125 0.358146 0.535156 0.358146 0.536133 0.359551 0.566406 0.359551 0.567383 0.358146 0.571289 0.358146 0.572266 0.356742 0.577148 0.356742 0.578125 0.355337 0.584961 0.355337 0.585938 0.353933 0.591797 0.353933 0.592773 0.352528 0.597656 0.352528 0.598633 0.351124 0.601562 0.351124 0.602539 0.349719 0.604492 0.349719 0.605469 0.348315 0.608398 0.348315 0.609375 0.34691 0.611328 0.34691 0.612305 0.345506 0.613281 0.345506 0.614258 0.344101 0.615234 0.344101 0.616211 0.342697 0.617188 0.342697 0.618164 0.341292 0.619141 0.341292 0.620117 0.339888 0.621094 0.339888 0.62207 0.338483 0.623047 0.338483 0.624023 0.337079 0.625977 0.337079 0.626953 0.335674 0.628906 0.335674 0.629883 0.33427 0.630859 0.33427 0.631836 0.332865 0.632812 0.332865 0.633789 0.331461 0.634766 0.331461 0.635742 0.330056 0.636719 0.330056 0.637695 0.328652 0.638672 0.328652 0.639648 0.327247 0.640625 0.327247 0.641602 0.325843 0.642578 0.325843 0.644531 0.323034 0.645508 0.323034 0.646484 0.321629 0.647461 0.321629 0.648438 0.320225 0.649414 0.320225 0.652344 0.316011 0.65332 0.316011 0.654297 0.314607 0.655273 0.314607 0.65625 0.313202 0.657227 0.313202 0.658203 0.311798 0.65918 0.311798 0.660156 0.310393 0.661133 0.310393 0.662109 0.308989 0.664062 0.308989 0.665039 0.307584 0.666992 0.307584 0.667969 0.30618 0.668945 0.30618 0.669922 0.304775 0.670898 0.304775 0.671875 0.303371 0.674805 0.303371 0.675781 0.301966 0.677734 0.301966 0.678711 0.300562 0.679688 0.300562 0.680664 0.299157 0.682617 0.299157 0.683594 0.297753 0.68457 0.297753 0.685547 0.296348 0.6875 0.296348 0.688477 0.294944 0.689453 0.294944 0.69043 0.293539 0.691406 0.293539 0.692383 0.292135 0.694336 0.292135 0.695312 0.29073 0.698242 0.29073 0.699219 0.289326 0.702148 0.289326 0.703125 0.287921 0.707031 0.287921 0.708008 0.286517 0.712891 0.286517 0.713867 0.285112 0.71875 0.285112 0.719727 0.283708 0.724609 0.283708 0.725586 0.282303 0.731445 0.282303 0.732422 0.280899 0.749023 0.280899 0.75 0.282303 0.756836 0.282303 0.757812 0.283708 0.760742 0.283708 0.761719 0.285112 0.763672 0.285112 0.764648 0.286517 0.767578 0.286517 0.768555 0.287921 0.770508 0.287921 0.771484 0.289326 0.774414 0.289326 0.775391 0.29073 0.779297 0.29073 0.780273 0.292135 0.793945 0.292135 0.794922 0.293539 0.799805 0.293539 0.800781 0.294944 0.804688 0.294944 0.805664 0.296348 0.810547 0.296348 0.811523 0.297753 0.830078 0.297753 0.831055 0.299157 0.837891 0.299157 0.838867 0.300562 0.84375 0.300562 0.844727 0.301966 0.854492 0.301966 0.855469 0.303371 0.878906 0.303371 0.879883 0.301966 0.882812 0.301966
1 0.640625 0.339888 0.640625 0.345506 0.639648 0.34691 0.638672 0.34691 0.629883 0.359551 0.628906 0.359551 0.621094 0.370787 0.620117 0.370787 0.612305 0.382022 0.611328 0.382022 0.607422 0.38764 0.606445 0.38764 0.603516 0.391854 0.602539 0.391854 0.600586 0.394663 0.599609 0.394663 0.592773 0.404494 0.591797 0.404494 0.579102 0.422753 0.578125 0.422753 0.576172 0.425562 0.575195 0.425562 0.574219 0.426966 0.573242 0.426966 0.571289 0.429775 0.570312 0.429775 0.56543 0.436798 0.564453 0.436798 0.561523 0.441011 0.560547 0.441011 0.558594 0.44382 0.557617 0.44382 0.556641 0.445225 0.555664 0.445225 0.553711 0.448034 0.552734 0.448034 0.549805 0.452247 0.548828 0.452247 0.546875 0.455056 0.545898 0.455056 0.543945 0.457865 0.542969 0.457865 0.541016 0.460674 0.540039 0.460674 0.539062 0.462079 0.538086 0.462079 0.53418 0.467697 0.53418 0.469101 0.532227 0.47191 0.529297 0.47191 0.529297 0.501405 0.532227 0.501405 0.533203 0.502809 0.533203 0.504214 0.53418 0.505618 0.53418 0.508427 0.535156 0.509831 0.535156 0.511236 0.538086 0.515449 0.539062 0.515449 0.541016 0.518258 0.541992 0.516854 0.544922 0.516854 0.545898 0.515449 0.546875 0.515449 0.548828 0.51264 0.549805 0.51264 0.550781 0.511236 0.551758 0.511236 0.552734 0.509831 0.553711 0.509831 0.554688 0.508427 0.557617 0.508427 0.558594 0.507023 0.560547 0.507023 0.561523 0.505618 0.564453 0.505618 0.56543 0.504214 0.567383 0.504214 0.568359 0.502809 0.570312 0.502809 0.572266 0.5 0.573242 0.5 0.575195 0.497191 0.576172 0.497191 0.579102 0.492978 0.580078 0.492978 0.585938 0.484551 0.586914 0.484551 0.589844 0.480337 0.59082 0.480337 0.59375 0.476124 0.594727 0.476124 0.601562 0.466292 0.602539 0.466292 0.603516 0.464888 0.603516 0.463483 0.607422 0.457865 0.608398 0.457865 0.615234 0.448034 0.616211 0.448034 0.62207 0.439607 0.623047 0.439607 0.625977 0.435393 0.626953 0.435393 0.626953 0.433989 0.633789 0.424157 0.634766 0.424157 0.640625 0.41573 0.641602 0.41573 0.643555 0.412921 0.643555 0.411517 0.649414 0.40309 0.650391 0.40309 0.655273 0.396067 0.655273 0.394663 0.658203 0.390449 0.658203 0.389045 0.65918 0.38764 0.65918 0.386236 0.660156 0.384831 0.660156 0.382022 0.661133 0.380618 0.661133 0.377809 0.662109 0.376404 0.662109 0.375 0.663086 0.373596 0.663086 0.370787 0.664062 0.369382 0.664062 0.367978 0.665039 0.366573 0.665039 0.365169 0.666016 0.363764 0.668945 0.363764 0.668945 0.339888
1 0.691406 0.289326 0.691406 0.293539 0.6875 0.299157 0.686523 0.299157 0.682617 0.304775 0.681641 0.304775 0.680664 0.30618 0.680664 0.307584 0.677734 0.311798 0.677734 0.313202 0.676758 0.314607 0.676758 0.316011 0.675781 0.317416 0.675781 0.31882 0.674805 0.320225 0.674805 0.321629 0.673828 0.323034 0.673828 0.327247 0.672852 0.328652 0.672852 0.332865 0.671875 0.33427 0.671875 0.344101 0.670898 0.345506 0.670898 0.352528 0.669922 0.353933 0.669922 0.363764 0.668945 0.365169 0.668945 0.369382 0.667969 0.370787 0.667969 0.373596 0.666992 0.375 0.666992 0.377809 0.666016 0.379213 0.666016 0.382022 0.665039 0.383427 0.665039 0.386236 0.664062 0.38764 0.664062 0.390449 0.662109 0.393258 0.662109 0.394663 0.661133 0.396067 0.661133 0.397472 0.65918 0.400281 0.65918 0.401685 0.658203 0.40309 0.658203 0.405899 0.657227 0.407303 0.657227 0.411517 0.65625 0.412921 0.65625 0.41573 0.655273 0.417135 0.655273 0.419944 0.654297 0.421348 0.654297 0.425562 0.65332 0.426966 0.65332 0.432584 0.652344 0.433989 0.652344 0.438202 0.651367 0.439607 0.651367 0.441011 0.650391 0.442416 0.650391 0.445225 0.649414 0.446629 0.649414 0.449438 0.648438 0.450843 0.648438 0.452247 0.647461 0.453652 0.647461 0.455056 0.646484 0.456461 0.646484 0.457865 0.645508 0.45927 0.645508 0.460674 0.644531 0.462079 0.644531 0.464888 0.643555 0.466292 0.643555 0.467697 0.641602 0.470506 0.638672 0.470506 0.638672 0.51264 0.649414 0.51264 0.651367 0.509831 0.652344 0.509831 0.65332 0.508427 0.654297 0.508427 0.655273 0.507023 0.65625 0.507023 0.658203 0.504214 0.65918 0.504214 0.660156 0.502809 0.661133 0.502809 0.662109 0.501405 0.663086 0.501405 0.671875 0.488764 0.671875 0.48736 0.672852 0.485955 0.672852 0.484551 0.673828 0.483146 0.673828 0.477528 0.674805 0.476124 0.674805 0.47191 0.675781 0.470506 0.675781 0.469101 0.676758 0.467697 0.676758 0.463483 0.677734 0.462079 0.677734 0.45927 0.678711 0.457865 0.678711 0.456461 0.680664 0.453652 0.680664 0.452247 0.681641 0.450843 0.681641 0.449438 0.682617 0.448034 0.682617 0.446629 0.68457 0.44382 0.68457 0.442416 0.685547 0.441011 0.685547 0.439607 0.688477 0.435393 0.688477 0.433989 0.689453 0.432584 0.689453 0.43118 0.69043 0.429775 0.69043 0.428371 0.691406 0.426966 0.691406 0.425562 0.692383 0.424157 0.692383 0.422753 0.693359 0.421348 0.693359 0.419944 0.694336 0.418539 0.694336 0.41573 0.695312 0.414326 0.695312 0.411517 0.696289 0.410112 0.696289 0.408708 0.697266 0.407303 0.697266 0.405899 0.698242 0.404494 0.698242 0.40309 0.699219 0.401685 0.699219 0.398876 0.700195 0.397472 0.700195 0.393258 0.701172 0.391854 0.701172 0.384831 0.702148 0.383427 0.702148 0.372191 0.703125 0.370787 0.703125 0.363764 0.704102 0.36236 0.704102 0.359551 0.705078 0.358146 0.705078 0.355337 0.706055 0.353933 0.706055 0.349719 0.707031 0.348315 0.707031 0.344101 0.708008 0.342697 0.708008 0.337079 0.708984 0.335674 0.708984 0.313202 0.709961 0.311798 0.709961 0.307584 0.710938 0.30618 0.710938 0.300562 0.711914 0.299157 0.711914 0.294944 0.712891 0.293539 0.71582 0.293539 0.71582 0.289326
0 0.0439453 0.713483 0.0410156 0.713483 0.0410156 0.759831 0.0537109 0.759831 0.0537109 0.755618 0.0556641 0.752809 0.0566406 0.752809 0.0576172 0.751405 0.0576172 0.747191 0.0585938 0.745786 0.0585938 0.744382 0.0576172 0.742977 0.0576172 0.741573 0.0546875 0.73736 0.0537109 0.73736 0.0488281 0.730337 0.0478516 0.730337 0.0449219 0.726124 0.0449219 0.717697 0.0439453 0.716292 0.0439453 0.713483 0.0527344 0.689607 0.0537109 0.689607 0.0546875 0.691011 0.0556641 0.691011 0.0585938 0.695225 0.0595703 0.695225 0.0615234 0.698034 0.0625 0.698034 0.0703125 0.70927 0.0703125 0.710674 0.0712891 0.712079 0.0722656 0.712079 0.0761719 0.717697 0.0771484 0.717697 0.0820312 0.724719 0.0820312 0.726124 0.0830078 0.727528 0.0839844 0.727528 0.0849609 0.728933 0.0859375 0.728933 0.0869141 0.730337 0.0878906 0.730337 0.0888672 0.731742 0.0898438 0.731742 0.0908203 0.733146 0.0917969 0.733146 0.0927734 0.734551 0.09375 0.734551 0.0947266 0.735955 0.0957031 0.735955 0.0966797 0.73736 0.0986328 0.73736 0.0996094 0.738764 0.101562 0.738764 0.102539 0.740169 0.104492 0.740169 0.105469 0.741573 0.106445 0.741573 0.107422 0.742977 0.109375 0.742977 0.110352 0.744382 0.111328 0.744382 0.112305 0.745786 0.113281 0.745786 0.114258 0.747191 0.115234 0.747191 0.117188 0.75 0.118164 0.75 0.119141 0.751405 0.120117 0.751405 0.121094 0.752809 0.12207 0.752809 0.124023 0.755618 0.124023 0.759831 0.147461 0.759831 0.147461 0.755618 0.151367 0.75 0.151367 0.748595 0.15332 0.745786 0.15332 0.744382 0.155273 0.741573 0.155273 0.740169 0.157227 0.73736 0.157227 0.735955 0.158203 0.734551 0.158203 0.733146 0.15918 0.731742 0.15918 0.730337 0.160156 0.728933 0.160156 0.727528 0.162109 0.724719 0.162109 0.723315 0.163086 0.72191 0.163086 0.720506 0.165039 0.717697 0.165039 0.716292 0.166992 0.713483 0.166992 0.712079 0.167969 0.710674 0.167969 0.70927 0.168945 0.707865 0.168945 0.706461 0.169922 0.705056 0.169922 0.702247 0.170898 0.700843 0.170898 0.691011 0.171875 0.689607 0.171875 0.679775 0.170898 0.678371 0.170898 0.668539 0.171875 0.667135 0.171875 0.661517 0.172852 0.660112 0.172852 0.657303 0.173828 0.655899 0.176758 0.655899 0.176758 0.65309 0.173828 0.65309 0.172852 0.651685 0.172852 0.650281 0.171875 0.648876 0.171875 0.646067 0.170898 0.644663 0.170898 0.643258 0.168945 0.640449 0.168945 0.639045 0.166992 0.636236 0.166992 0.634831 0.165039 0.632023 0.164062 0.632023 0.163086 0.630618 0.162109 0.630618 0.15625 0.622191 0.15625 0.620786 0.155273 0.619382 0.155273 0.617977 0.15332 0.615169 0.15332 0.613764 0.152344 0.61236 0.152344 0.609551 0.151367 0.608146 0.151367 0.605337 0.150391 0.603933 0.150391 0.602528 0.149414 0.601124 0.149414 0.59691 0.148438 0.595506 0.148438 0.594101 0.147461 0.592697 0.147461 0.589888 0.146484 0.588483 0.146484 0.587079 0.145508 0.585674 0.145508 0.582865 0.144531 0.581461 0.144531 0.580056 0.143555 0.578652 0.143555 0.577247 0.142578 0.575843 0.142578 0.574438 0.140625 0.571629 0.140625 0.570225 0.136719 0.564607 0.136719 0.558989 0.078125 0.558989 0.078125 0.564607 0.0761719 0.567416 0.0761719 0.56882 0.0751953 0.570225 0.0751953 0.571629 0.0732422 0.574438 0.0732422 0.575843 0.0712891 0.578652 0.0712891 0.580056 0.0683594 0.58427 0.0683594 0.585674 0.0654297 0.589888 0.0654297 0.591292 0.0634766 0.594101 0.0625 0.594101 0.0615234 0.595506 0.0605469 0.595506 0.0537109 0.605337 0.0537109 0.606742 0.0527344 0.608146 0.0527344 0.609551 0.0517578 0.610955 0.0517578 0.613764 0.0498047 0.616573 0.0498047 0.617977 0.0439453 0.626405 0.0410156 0.626405 0.0410156 0.685393 0.0478516 0.685393 0.0488281 0.686798 0.0498047 0.686798 0.0507812 0.688202 0.0517578 0.688202 0.0527344 0.689607
1 0.395508 0.794944 0.395508 0.800562 0.391602 0.80618 0.391602 0.807584 0.387695 0.813202 0.387695 0.814607 0.383789 0.820225 0.383789 0.821629 0.380859 0.825843 0.380859 0.827247 0.37793 0.831461 0.37793 0.832865 0.375977 0.835674 0.375977 0.837079 0.374023 0.839888 0.374023 0.841292 0.371094 0.845506 0.371094 0.84691 0.368164 0.851124 0.368164 0.852528 0.366211 0.855337 0.366211 0.856742 0.364258 0.859551 0.364258 0.860955 0.363281 0.86236 0.363281 0.863764 0.362305 0.865169 0.362305 0.866573 0.361328 0.867977 0.361328 0.869382 0.360352 0.870786 0.360352 0.873595 0.359375 0.875 0.359375 0.876405 0.358398 0.877809 0.358398 0.880618 0.357422 0.882023 0.357422 0.883427 0.355469 0.886236 0.355469 0.88764 0.353516 0.890449 0.353516 0.891854 0.350586 0.896067 0.350586 0.897472 0.347656 0.901685 0.347656 0.90309 0.344727 0.907303 0.344727 0.908708 0.339844 0.91573 0.339844 0.917135 0.336914 0.921348 0.336914 0.922753 0.334961 0.925562 0.334961 0.928371 0.333008 0.93118 0.333008 0.932584 0.332031 0.933989 0.332031 0.935393 0.330078 0.938202 0.330078 0.939607 0.328125 0.942416 0.328125 0.94382 0.327148 0.945225 0.327148 0.946629 0.326172 0.948034 0.326172 0.952247 0.325195 0.953652 0.325195 0.956461 0.324219 0.957865 0.324219 0.95927 0.323242 0.960674 0.323242 0.962079 0.322266 0.963483 0.322266 0.964888 0.320312 0.967697 0.320312 0.969101 0.317383 0.973315 0.314453 0.973315 0.314453 1 0.358398 1 0.358398 1 0.360352 1 0.361328 1 0.361328 0.998595 0.363281 0.995786 0.364258 0.995786 0.364258 0.994382 0.368164 0.988764 0.368164 0.98736 0.369141 0.985955 0.369141 0.984551 0.370117 0.983146 0.370117 0.981742 0.37207 0.978933 0.37207 0.977528 0.375 0.973315 0.375 0.97191 0.375977 0.970506 0.375977 0.969101 0.376953 0.967697 0.376953 0.966292 0.37793 0.964888 0.37793 0.963483 0.379883 0.960674 0.379883 0.95927 0.380859 0.957865 0.380859 0.956461 0.381836 0.955056 0.381836 0.953652 0.383789 0.950843 0.383789 0.949438 0.384766 0.948034 0.384766 0.946629 0.385742 0.945225 0.385742 0.94382 0.387695 0.941011 0.387695 0.939607 0.388672 0.938202 0.388672 0.936798 0.390625 0.933989 0.390625 0.932584 0.391602 0.93118 0.391602 0.929775 0.392578 0.928371 0.392578 0.926966 0.393555 0.925562 0.393555 0.924157 0.394531 0.922753 0.394531 0.921348 0.395508 0.919944 0.395508 0.918539 0.396484 0.917135 0.396484 0.91573 0.399414 0.911517 0.399414 0.910112 0.400391 0.908708 0.400391 0.907303 0.402344 0.904494 0.402344 0.90309 0.40332 0.901685 0.40332 0.900281 0.405273 0.897472 0.405273 0.896067 0.407227 0.893258 0.407227 0.891854 0.40918 0.889045 0.40918 0.88764 0.412109 0.883427 0.412109 0.882023 0.413086 0.880618 0.413086 0.879214 0.415039 0.876405 0.415039 0.875 0.416016 0.873595 0.416016 0.870786 0.417969 0.867977 0.417969 0.866573 0.418945 0.865169 0.418945 0.863764 0.419922 0.86236 0.419922 0.859551 0.420898 0.858146 0.420898 0.856742 0.421875 0.855337 0.421875 0.853933 0.422852 0.852528 0.422852 0.848315 0.423828 0.84691 0.423828 0.844101 0.424805 0.842697 0.424805 0.841292 0.425781 0.839888 0.425781 0.838483 0.426758 0.837079 0.426758 0.835674 0.427734 0.83427 0.430664 0.83427 0.430664 0.810393 0.427734 0.810393 0.424805 0.80618 0.424805 0.803371 0.423828 0.801966 0.423828 0.794944
1 0.967773 0.384831 0.967773 0.389045 0.964844 0.393258 0.964844 0.394663 0.961914 0.398876 0.961914 0.400281 0.960938 0.401685 0.960938 0.404494 0.959961 0.405899 0.959961 0.410112 0.958984 0.411517 0.958984 0.463483 0.958008 0.464888 0.958008 0.47191 0.957031 0.473315 0.957031 0.478933 0.956055 0.480337 0.956055 0.490169 0.955078 0.491573 0.955078 0.497191 0.954102 0.498596 0.954102 0.504214 0.953125 0.505618 0.953125 0.511236 0.952148 0.51264 0.952148 0.521067 0.951172 0.522472 0.951172 0.52809 0.950195 0.529494 0.950195 0.532303 0.949219 0.533708 0.949219 0.537921 0.948242 0.539326 0.948242 0.543539 0.947266 0.544944 0.947266 0.547753 0.946289 0.549157 0.943359 0.549157 0.943359 0.616573 0.947266 0.616573 0.948242 0.617977 0.949219 0.617977 0.950195 0.619382 0.951172 0.619382 0.952148 0.620786 0.953125 0.620786 0.954102 0.622191 0.956055 0.622191 0.957031 0.623595 0.96582 0.623595 0.966797 0.622191 0.967773 0.622191 0.970703 0.617977 0.970703 0.616573 0.972656 0.613764 0.972656 0.61236 0.974609 0.609551 0.974609 0.608146 0.975586 0.606742 0.975586 0.605337 0.976562 0.603933 0.976562 0.601124 0.977539 0.599719 0.977539 0.595506 0.978516 0.594101 0.978516 0.585674 0.979492 0.58427 0.979492 0.578652 0.980469 0.577247 0.980469 0.574438 0.981445 0.573034 0.981445 0.571629 0.982422 0.570225 0.982422 0.566011 0.983398 0.564607 0.983398 0.558989 0.984375 0.557584 0.984375 0.546348 0.985352 0.544944 0.985352 0.536517 0.986328 0.535112 0.986328 0.52809 0.987305 0.526685 0.987305 0.508427 0.988281 0.507023 0.988281 0.497191 0.989258 0.495787 0.989258 0.491573 0.990234 0.490169 0.990234 0.48736 0.991211 0.485955 0.991211 0.481742 0.992188 0.480337 0.992188 0.476124 0.994141 0.473315 0.99707 0.473315 0.99707 0.441011 0.994141 0.441011 0.993164 0.439607 0.993164 0.438202 0.992188 0.436798 0.992188 0.435393 0.991211 0.433989 0.991211 0.429775 0.990234 0.428371 0.990234 0.418539 0.991211 0.417135 0.991211 0.411517 0.990234 0.410112 0.990234 0.405899 0.989258 0.404494 0.989258 0.401685 0.988281 0.400281 0.988281 0.398876 0.987305 0.397472 0.987305 0.396067 0.986328 0.394663 0.986328 0.393258 0.985352 0.391854 0.985352 0.384831
0 0.232422 0.00280899 0.232422 0.0182584 0.235352 0.0182584 0.237305 0.0210674 0.237305 0.0280899 0.238281 0.0294944 0.238281 0.0463483 0.239258 0.0477528 0.239258 0.0575843 0.240234 0.0589888 0.240234 0.0632022 0.245117 0.0702247 0.245117 0.0716292 0.246094 0.0730337 0.246094 0.0744382 0.24707 0.0758427 0.248047 0.0758427 0.249023 0.0744382 0.25 0.0744382 0.250977 0.0730337 0.251953 0.0730337 0.253906 0.0758427 0.259766 0.0758427 0.260742 0.0772472 0.262695 0.0772472 0.263672 0.0786517 0.267578 0.0786517 0.268555 0.0800562 0.269531 0.0800562 0.270508 0.0814607 0.271484 0.0800562 0.272461 0.0800562 0.274414 0.0772472 0.275391 0.0772472 0.276367 0.0758427 0.277344 0.0758427 0.27832 0.0744382 0.28125 0.0744382 0.282227 0.0730337 0.302734 0.0730337 0.303711 0.0744382 0.308594 0.0744382 0.30957 0.0758427 0.310547 0.0758427 0.311523 0.0772472 0.3125 0.0772472 0.313477 0.0786517 0.314453 0.0786517 0.317383 0.0828652 0.317383 0.0842697 0.322266 0.0912921 0.322266 0.0926966 0.323242 0.0941011 0.323242 0.0955056 0.324219 0.0969101 0.324219 0.0983146 0.326172 0.101124 0.326172 0.102528 0.331055 0.109551 0.331055 0.115169 0.332031 0.116573 0.332031 0.120787 0.333984 0.123596 0.333984 0.125 0.334961 0.126404 0.335938 0.126404 0.336914 0.127809 0.337891 0.127809 0.338867 0.129213 0.339844 0.129213 0.34082 0.130618 0.34375 0.130618 0.344727 0.132022 0.352539 0.132022 0.353516 0.130618 0.356445 0.130618 0.357422 0.129213 0.360352 0.129213 0.361328 0.127809 0.363281 0.127809 0.364258 0.126404 0.365234 0.126404 0.369141 0.120787 0.369141 0.119382 0.370117 0.117978 0.370117 0.116573 0.371094 0.115169 0.371094 0.113764 0.378906 0.102528 0.378906 0.101124 0.381836 0.0969101 0.381836 0.0955056 0.383789 0.0926966 0.383789 0.0912921 0.391602 0.0800562 0.392578 0.0800562 0.396484 0.0744382 0.397461 0.0744382 0.398438 0.0730337 0.399414 0.0730337 0.40332 0.0674157 0.404297 0.0674157 0.40625 0.0646067 0.407227 0.0646067 0.40918 0.0617978 0.410156 0.0617978 0.412109 0.0589888 0.413086 0.0589888 0.416016 0.0547753 0.418945 0.0547753 0.418945 0.0477528 0.415039 0.0477528 0.413086 0.0449438 0.412109 0.0449438 0.405273 0.0351124 0.404297 0.0351124 0.393555 0.0196629 0.392578 0.0196629 0.383789 0.00702247 0.383789 0.00280899
1 0.509766 0.929775 0.509766 0.995786 0.512695 0.995786 0.513672 0.997191 0.513672 1 0.55957 1 0.55957 0.978933 0.556641 0.978933 0.552734 0.973315 0.552734 0.97191 0.550781 0.969101 0.550781 0.967697 0.549805 0.966292 0.549805 0.963483 0.548828 0.962079 0.548828 0.960674 0.547852 0.95927 0.547852 0.957865 0.546875 0.956461 0.546875 0.955056 0.545898 0.953652 0.545898 0.952247 0.544922 0.950843 0.544922 0.949438 0.543945 0.948034 0.543945 0.946629 0.542969 0.945225 0.542969 0.94382 0.541992 0.942416 0.541992 0.941011 0.537109 0.933989 0.537109 0.929775
1 0.300781 0.280899 0.299805 0.282303 0.294922 0.282303 0.294922 0.300562 0.300781 0.300562 0.300781 0.29073 0.301758 0.289326 0.301758 0.287921 0.302734 0.286517 0.302734 0.280899 0.300781 0.280899 0.298828 0.19382 0.302734 0.188202 0.302734 0.186798 0.305664 0.182584 0.34082 0.213483 0.34082 0.214888 0.338867 0.217697 0.338867 0.219101 0.336914 0.22191 0.336914 0.223315 0.335938 0.224719 0.335938 0.226124 0.333984 0.228933 0.333984 0.230337 0.331055 0.234551 0.331055 0.235955 0.327148 0.241573 0.327148 0.242978 0.325195 0.245787 0.325195 0.247191 0.324219 0.248596 0.324219 0.25 0.323242 0.251404 0.323242 0.254213 0.321289 0.257022 0.321289 0.258427 0.320312 0.259831 0.320312 0.261236 0.318359 0.264045 0.318359 0.265449 0.31543 0.269663 0.31543 0.271067 0.314453 0.272472 0.314453 0.273876 0.311523 0.27809 0.311523 0.279494 0.310547 0.280899 0.30957 0.280899 0.308594 0.282303 0.308594 0.283708 0.307617 0.285112 0.307617 0.287921 0.306641 0.289326 0.306641 0.29073 0.305664 0.292135 0.305664 0.293539 0.304688 0.294944 0.304688 0.296348 0.303711 0.297753 0.303711 0.300562 0.305664 0.303371 0.306641 0.303371 0.308594 0.30618 0.308594 0.307584 0.310547 0.310393 0.311523 0.310393 0.3125 0.311798 0.313477 0.311798 0.316406 0.316011 0.316406 0.321629 0.317383 0.323034 0.317383 0.324438 0.318359 0.325843 0.318359 0.327247 0.321289 0.331461 0.322266 0.331461 0.323242 0.330056 0.324219 0.330056 0.325195 0.328652 0.326172 0.328652 0.327148 0.327247 0.327148 0.325843 0.329102 0.323034 0.329102 0.31882 0.330078 0.317416 0.330078 0.314607 0.332031 0.311798 0.332031 0.310393 0.333984 0.307584 0.333984 0.30618 0.342773 0.293539 0.34375 0.293539 0.34668 0.289326 0.347656 0.289326 0.349609 0.286517 0.350586 0.286517 0.351562 0.285112 0.352539 0.285112 0.353516 0.283708 0.355469 0.283708 0.356445 0.282303 0.358398 0.282303 0.359375 0.280899 0.361328 0.280899 0.362305 0.279494 0.365234 0.279494 0.366211 0.27809 0.368164 0.27809 0.369141 0.276685 0.371094 0.276685 0.37207 0.275281 0.373047 0.275281 0.374023 0.273876 0.375977 0.273876 0.37793 0.271067 0.378906 0.271067 0.380859 0.268258 0.382812 0.268258 0.383789 0.266854 0.384766 0.266854 0.387695 0.26264 0.388672 0.26264 0.393555 0.255618 0.393555 0.254213 0.396484 0.25 0.396484 0.248596 0.397461 0.247191 0.397461 0.245787 0.398438 0.244382 0.398438 0.242978 0.399414 0.241573 0.399414 0.240169 0.400391 0.238764 0.400391 0.23736 0.401367 0.235955 0.401367 0.234551 0.40332 0.231742 0.40332 0.228933 0.404297 0.227528 0.404297 0.226124 0.410156 0.217697 0.411133 0.217697 0.413086 0.214888 0.413086 0.213483 0.415039 0.210674 0.415039 0.20927 0.416016 0.207865 0.416016 0.206461 0.416992 0.205056 0.416992 0.203652 0.417969 0.202247 0.417969 0.199438 0.418945 0.198034 0.418945 0.196629 0.419922 0.195225 0.419922 0.192416 0.420898 0.191011 0.420898 0.189607 0.421875 0.188202 0.421875 0.186798 0.422852 0.185393 0.422852 0.183989 0.423828 0.182584 0.423828 0.18118 0.424805 0.179775 0.424805 0.176966 0.425781 0.175562 0.425781 0.174157 0.426758 0.172753 0.426758 0.171348 0.427734 0.169944 0.427734 0.167135 0.428711 0.16573 0.428711 0.162921 0.429688 0.161517 0.429688 0.158708 0.430664 0.157303 0.430664 0.155899 0.431641 0.154494 0.431641 0.15309 0.432617 0.151685 0.432617 0.148876 0.433594 0.147472 0.433594 0.146067 0.43457 0.144663 0.43457 0.143258 0.435547 0.141854 0.435547 0.139045 0.436523 0.13764 0.436523 0.136236 0.438477 0.133427 0.438477 0.132022 0.439453 0.130618 0.439453 0.129213 0.442383 0.125 0.442383 0.123596 0.443359 0.122191 0.443359 0.120787 0.444336 0.119382 0.444336 0.117978 0.445312 0.116573 0.445312 0.115169 0.446289 0.113764 0.446289 0.11236 0.447266 0.110955 0.447266 0.109551 0.448242 0.108146 0.448242 0.106742 0.451172 0.102528 0.454102 0.102528 0.454102 0.0744382 0.450195 0.0744382 0.449219 0.0730337 0.449219 0.0716292 0.448242 0.0702247 0.447266 0.0702247 0.444336 0.0660112 0.443359 0.0660112 0.442383 0.0646067 0.442383 0.0589888 0.413086 0.0589888 0.413086 0.0646067 0.40918 0.0702247 0.40918 0.0716292 0.40625 0.0758427 0.40625 0.0772472 0.405273 0.0786517 0.405273 0.0800562 0.404297 0.0814607 0.404297 0.0828652 0.400391 0.0884831 0.399414 0.0884831 0.398438 0.0898876 0.397461 0.0898876 0.395508 0.0926966 0.394531 0.0926966 0.390625 0.0983146 0.389648 0.0983146 0.387695 0.101124 0.387695 0.102528 0.386719 0.103933 0.386719 0.105337 0.385742 0.106742 0.385742 0.108146 0.384766 0.109551 0.384766 0.110955 0.383789 0.11236 0.383789 0.113764 0.382812 0.115169 0.382812 0.119382 0.381836 0.120787 0.381836 0.123596 0.380859 0.125 0.380859 0.127809 0.379883 0.129213 0.379883 0.132022 0.378906 0.133427 0.378906 0.13764 0.37793 0.139045 0.37793 0.144663 0.376953 0.146067 0.376953 0.148876 0.375977 0.150281 0.375977 0.151685 0.375 0.15309 0.375 0.154494 0.373047 0.157303 0.373047 0.158708 0.370117 0.162921 0.370117 0.164326 0.362305 0.175562 0.362305 0.176966 0.358398 0.182584 0.358398 0.183989 0.355469 0.188202 0.355469 0.189607 0.350586 0.196629 0.350586 0.198034 0.34375 0.207865 0.34375 0.20927 0.34082 0.213483 0.305664 0.182584 0.305664 0.18118 0.307617 0.178371 0.307617 0.176966 0.310547 0.172753 0.310547 0.171348 0.3125 0.168539 0.3125 0.167135 0.31543 0.162921 0.31543 0.161517 0.317383 0.158708 0.317383 0.157303 0.319336 0.154494 0.319336 0.15309 0.321289 0.150281 0.321289 0.148876 0.322266 0.147472 0.322266 0.146067 0.324219 0.143258 0.324219 0.141854 0.326172 0.139045 0.326172 0.13764 0.327148 0.136236 0.327148 0.133427 0.328125 0.132022 0.328125 0.117978 0.327148 0.116573 0.327148 0.113764 0.326172 0.11236 0.326172 0.109551 0.324219 0.106742 0.324219 0.105337 0.323242 0.103933 0.323242 0.102528 0.322266 0.101124 0.322266 0.0997191 0.321289 0.0983146 0.321289 0.0969101 0.320312 0.0955056 0.320312 0.0941011 0.319336 0.0926966 0.319336 0.0912921 0.318359 0.0898876 0.318359 0.0884831 0.317383 0.0870787 0.317383 0.0856742 0.313477 0.0800562 0.30957 0.0800562 0.308594 0.0814607 0.308594 0.0828652 0.307617 0.0842697 0.307617 0.0856742 0.305664 0.0884831 0.305664 0.0912921 0.304688 0.0926966 0.304688 0.0955056 0.303711 0.0969101 0.303711 0.0997191 0.302734 0.101124 0.302734 0.103933 0.301758 0.105337 0.301758 0.108146 0.299805 0.110955 0.299805 0.11236 0.297852 0.115169 0.294922 0.115169 0.294922 0.19382 0.298828 0.19382
1 0.849609 0.744382 0.849609 0.956461 0.852539 0.956461 0.853516 0.957865 0.853516 0.95927 0.854492 0.960674 0.854492 0.962079 0.855469 0.963483 0.855469 0.964888 0.856445 0.966292 0.856445 0.969101 0.857422 0.970506 0.857422 0.97191 0.858398 0.973315 0.858398 0.974719 0.859375 0.976124 0.859375 0.977528 0.860352 0.978933 0.860352 0.981742 0.861328 0.983146 0.861328 0.985955 0.862305 0.98736 0.862305 0.988764 0.863281 0.990169 0.863281 0.991573 0.864258 0.991573 0.866211 0.994382 0.867188 0.994382 0.869141 0.997191 0.869141 1 0.90332 1 0.90332 0.973315 0.900391 0.973315 0.898438 0.970506 0.898438 0.967697 0.897461 0.966292 0.897461 0.95927 0.896484 0.957865 0.896484 0.945225 0.895508 0.94382 0.895508 0.897472 0.894531 0.896067 0.894531 0.890449 0.893555 0.889045 0.893555 0.884831 0.892578 0.883427 0.892578 0.879214 0.891602 0.877809 0.891602 0.875 0.890625 0.873595 0.890625 0.872191 0.889648 0.870786 0.889648 0.867977 0.888672 0.866573 0.888672 0.865169 0.887695 0.863764 0.887695 0.858146 0.886719 0.856742 0.886719 0.851124 0.885742 0.849719 0.885742 0.84691 0.884766 0.845506 0.884766 0.844101 0.883789 0.842697 0.883789 0.841292 0.882812 0.839888 0.882812 0.837079 0.881836 0.835674 0.881836 0.83427 0.880859 0.832865 0.880859 0.831461 0.879883 0.830056 0.879883 0.828652 0.878906 0.827247 0.878906 0.824438 0.87793 0.823034 0.87793 0.821629 0.876953 0.820225 0.876953 0.81882 0.875977 0.817416 0.875977 0.816011 0.875 0.814607 0.875 0.811798 0.874023 0.810393 0.874023 0.807584 0.873047 0.80618 0.873047 0.803371 0.87207 0.801966 0.87207 0.799157 0.871094 0.797753 0.871094 0.793539 0.870117 0.792135 0.870117 0.785112 0.869141 0.783708 0.869141 0.771067 0.868164 0.769663 0.868164 0.758427 0.867188 0.757023 0.867188 0.744382
1 0.953125 0.205056 0.953125 0.210674 0.952148 0.212079 0.952148 0.213483 0.951172 0.214888 0.951172 0.219101 0.950195 0.220506 0.950195 0.226124 0.949219 0.227528 0.949219 0.231742 0.948242 0.233146 0.948242 0.235955 0.947266 0.23736 0.947266 0.240169 0.946289 0.241573 0.946289 0.25 0.945312 0.251404 0.945312 0.265449 0.944336 0.266854 0.944336 0.27809 0.943359 0.279494 0.943359 0.282303 0.942383 0.283708 0.939453 0.283708 0.939453 0.344101 0.943359 0.344101 0.944336 0.345506 0.944336 0.349719 0.955078 0.349719 0.955078 0.344101 0.956055 0.342697 0.956055 0.341292 0.957031 0.339888 0.957031 0.338483 0.958008 0.337079 0.958008 0.33427 0.958984 0.332865 0.958984 0.328652 0.959961 0.327247 0.959961 0.321629 0.960938 0.320225 0.960938 0.316011 0.961914 0.314607 0.961914 0.310393 0.962891 0.308989 0.962891 0.30618 0.963867 0.304775 0.963867 0.300562 0.964844 0.299157 0.964844 0.296348 0.96582 0.294944 0.96582 0.292135 0.966797 0.29073 0.966797 0.289326 0.967773 0.287921 0.967773 0.286517 0.96875 0.285112 0.96875 0.282303 0.969727 0.280899 0.969727 0.279494 0.970703 0.27809 0.970703 0.276685 0.97168 0.275281 0.97168 0.273876 0.972656 0.272472 0.972656 0.271067 0.973633 0.269663 0.973633 0.268258 0.974609 0.266854 0.974609 0.265449 0.975586 0.264045 0.975586 0.26264 0.976562 0.261236 0.976562 0.258427 0.977539 0.257022 0.977539 0.255618 0.978516 0.254213 0.978516 0.251404 0.979492 0.25 0.979492 0.247191 0.980469 0.245787 0.980469 0.241573 0.982422 0.238764 0.985352 0.238764 0.985352 0.205056
1 0.701172 0.339888 0.701172 0.400281 0.704102 0.400281 0.706055 0.40309 0.706055 0.404494 0.707031 0.405899 0.707031 0.407303 0.708984 0.410112 0.708984 0.411517 0.709961 0.412921 0.709961 0.417135 0.725586 0.417135 0.725586 0.412921 0.727539 0.410112 0.728516 0.410112 0.729492 0.408708 0.731445 0.408708 0.732422 0.407303 0.733398 0.407303 0.734375 0.405899 0.735352 0.405899 0.736328 0.404494 0.737305 0.404494 0.738281 0.40309 0.739258 0.40309 0.740234 0.401685 0.741211 0.401685 0.742188 0.400281 0.743164 0.400281 0.744141 0.398876 0.746094 0.398876 0.74707 0.397472 0.748047 0.397472 0.749023 0.396067 0.750977 0.396067 0.751953 0.394663 0.75293 0.394663 0.75293 0.393258 0.754883 0.390449 0.754883 0.389045 0.753906 0.38764 0.753906 0.386236 0.75 0.380618 0.749023 0.380618 0.74707 0.377809 0.746094 0.377809 0.744141 0.375 0.743164 0.375 0.741211 0.372191 0.740234 0.372191 0.738281 0.369382 0.737305 0.369382 0.735352 0.366573 0.734375 0.366573 0.731445 0.36236 0.730469 0.36236 0.727539 0.358146 0.726562 0.358146 0.722656 0.352528 0.72168 0.352528 0.719727 0.349719 0.71875 0.349719 0.714844 0.344101 0.714844 0.339888
1 0.368164 0.859551 0.368164 0.860955 0.365234 0.865169 0.365234 0.866573 0.364258 0.867977 0.364258 0.869382 0.363281 0.870786 0.363281 0.873595 0.362305 0.875 0.362305 0.876405 0.361328 0.877809 0.361328 0.879214 0.360352 0.880618 0.360352 0.882023 0.359375 0.883427 0.359375 0.886236 0.357422 0.889045 0.357422 0.890449 0.356445 0.891854 0.356445 0.893258 0.355469 0.894663 0.355469 0.897472 0.354492 0.898876 0.354492 0.901685 0.353516 0.90309 0.353516 0.904494 0.352539 0.905899 0.352539 0.908708 0.351562 0.910112 0.351562 0.911517 0.349609 0.914326 0.349609 0.91573 0.347656 0.918539 0.347656 0.919944 0.345703 0.922753 0.345703 0.924157 0.336914 0.936798 0.336914 0.938202 0.335938 0.939607 0.335938 0.941011 0.333984 0.94382 0.333984 0.945225 0.333008 0.946629 0.333008 0.950843 0.332031 0.952247 0.332031 0.955056 0.331055 0.956461 0.331055 0.95927 0.330078 0.960674 0.330078 0.962079 0.328125 0.964888 0.328125 0.966292 0.325195 0.970506 0.325195 0.97191 0.324219 0.973315 0.324219 0.974719 0.321289 0.978933 0.321289 0.980337 0.318359 0.984551 0.318359 0.990169 0.365234 0.990169 0.365234 0.984551 0.366211 0.983146 0.366211 0.981742 0.369141 0.977528 0.369141 0.976124 0.371094 0.973315 0.37207 0.973315 0.37207 0.97191 0.374023 0.969101 0.374023 0.967697 0.375977 0.964888 0.375977 0.962079 0.376953 0.960674 0.376953 0.95927 0.378906 0.956461 0.378906 0.955056 0.380859 0.952247 0.380859 0.950843 0.381836 0.949438 0.381836 0.948034 0.383789 0.945225 0.383789 0.94382 0.384766 0.942416 0.384766 0.938202 0.385742 0.936798 0.385742 0.935393 0.386719 0.933989 0.386719 0.932584 0.387695 0.93118 0.387695 0.929775 0.388672 0.928371 0.388672 0.926966 0.390625 0.924157 0.390625 0.922753 0.391602 0.921348 0.391602 0.918539 0.392578 0.917135 0.392578 0.914326 0.393555 0.912921 0.393555 0.911517 0.394531 0.910112 0.394531 0.908708 0.395508 0.907303 0.395508 0.905899 0.396484 0.904494 0.396484 0.90309 0.397461 0.901685 0.398438 0.901685 0.399414 0.900281 0.399414 0.897472 0.400391 0.896067 0.400391 0.894663 0.402344 0.891854 0.407227 0.891854 0.407227 0.823034 0.404297 0.823034 0.40332 0.824438 0.402344 0.824438 0.401367 0.825843 0.400391 0.825843 0.399414 0.827247 0.398438 0.827247 0.394531 0.832865 0.394531 0.83427 0.393555 0.835674 0.393555 0.837079 0.391602 0.839888 0.389648 0.839888 0.388672 0.841292 0.387695 0.841292 0.386719 0.842697 0.384766 0.842697 0.383789 0.844101 0.382812 0.842697 0.380859 0.842697 0.378906 0.845506 0.378906 0.84691 0.375977 0.851124 0.375 0.851124 0.374023 0.852528 0.373047 0.852528 0.368164 0.859551 0.27832 0.745786 0.27832 0.744382 0.287109 0.731742 0.287109 0.730337 0.291016 0.724719 0.291016 0.723315 0.297852 0.713483 0.297852 0.712079 0.302734 0.705056 0.302734 0.703652 0.306641 0.698034 0.306641 0.696629 0.308594 0.69382 0.308594 0.692416 0.3125 0.686798 0.3125 0.685393 0.314453 0.682584 0.314453 0.68118 0.31543 0.679775 0.31543 0.678371 0.316406 0.676966 0.316406 0.675562 0.317383 0.674157 0.317383 0.672753 0.319336 0.669944 0.319336 0.668539 0.320312 0.667135 0.320312 0.66573 0.321289 0.664326 0.321289 0.662921 0.323242 0.660112 0.323242 0.658708 0.325195 0.655899 0.325195 0.654494 0.334961 0.640449 0.334961 0.639045 0.336914 0.636236 0.336914 0.634831 0.338867 0.632023 0.338867 0.630618 0.339844 0.629214 0.339844 0.627809 0.34082 0.626405 0.34082 0.625 0.341797 0.623595 0.341797 0.622191 0.342773 0.620786 0.342773 0.619382 0.34375 0.617977 0.34375 0.616573 0.344727 0.615169 0.344727 0.613764 0.345703 0.61236 0.345703 0.609551 0.34668 0.608146 0.34668 0.606742 0.347656 0.605337 0.347656 0.603933 0.351562 0.598315 0.351562 0.59691 0.357422 0.588483 0.357422 0.587079 0.358398 0.585674 0.358398 0.58427 0.361328 0.580056 0.361328 0.578652 0.364258 0.574438 0.364258 0.573034 0.365234 0.571629 0.365234 0.56882 0.366211 0.567416 0.366211 0.564607 0.367188 0.563202 0.367188 0.560393 0.368164 0.558989 0.368164 0.55618 0.369141 0.554775 0.369141 0.550562 0.370117 0.549157 0.370117 0.547753 0.371094 0.546348 0.371094 0.544944 0.374023 0.54073 0.374023 0.539326 0.37793 0.533708 0.378906 0.533708 0.380859 0.530899 0.381836 0.530899 0.383789 0.52809 0.384766 0.52809 0.386719 0.525281 0.387695 0.525281 0.388672 0.523876 0.389648 0.523876 0.391602 0.521067 0.392578 0.521067 0.393555 0.519663 0.395508 0.519663 0.398438 0.515449 0.399414 0.515449 0.401367 0.51264 0.402344 0.51264 0.40332 0.511236 0.407227 0.511236 0.407227 0.502809 0.34668 0.502809 0.34668 0.507023 0.339844 0.516854 0.338867 0.516854 0.334961 0.522472 0.333984 0.522472 0.332031 0.525281 0.332031 0.526685 0.330078 0.529494 0.330078 0.530899 0.329102 0.532303 0.329102 0.533708 0.327148 0.536517 0.327148 0.537921 0.326172 0.539326 0.326172 0.542135 0.325195 0.543539 0.325195 0.544944 0.324219 0.546348 0.324219 0.547753 0.322266 0.550562 0.322266 0.551966 0.321289 0.553371 0.321289 0.554775 0.319336 0.557584 0.319336 0.558989 0.317383 0.561798 0.317383 0.564607 0.316406 0.566011 0.316406 0.567416 0.31543 0.56882 0.31543 0.571629 0.314453 0.573034 0.314453 0.574438 0.313477 0.575843 0.313477 0.577247 0.3125 0.578652 0.3125 0.580056 0.311523 0.581461 0.311523 0.58427 0.310547 0.585674 0.310547 0.587079 0.30957 0.588483 0.30957 0.589888 0.308594 0.591292 0.308594 0.592697 0.307617 0.594101 0.307617 0.595506 0.305664 0.598315 0.305664 0.599719 0.303711 0.602528 0.303711 0.603933 0.301758 0.606742 0.301758 0.608146 0.299805 0.610955 0.299805 0.61236 0.298828 0.613764 0.298828 0.615169 0.294922 0.620786 0.294922 0.622191 0.291992 0.626405 0.291992 0.627809 0.288086 0.633427 0.288086 0.634831 0.285156 0.639045 0.285156 0.640449 0.283203 0.643258 0.283203 0.644663 0.280273 0.648876 0.280273 0.650281 0.279297 0.651685 0.279297 0.65309 0.277344 0.655899 0.277344 0.657303 0.275391 0.660112 0.275391 0.661517 0.272461 0.66573 0.272461 0.667135 0.269531 0.671348 0.269531 0.672753 0.267578 0.675562 0.267578 0.676966 0.264648 0.68118 0.264648 0.682584 0.261719 0.686798 0.261719 0.688202 0.260742 0.689607 0.260742 0.691011 0.256836 0.696629 0.256836 0.698034 0.253906 0.702247 0.253906 0.703652 0.24707 0.713483 0.24707 0.714888 0.243164 0.720506 0.243164 0.72191 0.240234 0.726124 0.240234 0.727528 0.228516 0.744382 0.228516 0.745786 0.223633 0.752809 0.222656 0.752809 0.207031 0.775281 0.206055 0.775281 0.203125 0.779494 0.202148 0.779494 0.196289 0.787921 0.195312 0.787921 0.192383 0.792135 0.191406 0.792135 0.188477 0.796348 0.186523 0.796348 0.185547 0.797753 0.183594 0.797753 0.182617 0.799157 0.181641 0.799157 0.180664 0.800562 0.178711 0.800562 0.177734 0.801966 0.176758 0.801966 0.175781 0.803371 0.173828 0.803371 0.172852 0.804775 0.170898 0.804775 0.169922 0.80618 0.167969 0.80618 0.166992 0.807584 0.164062 0.807584 0.163086 0.808989 0.161133 0.808989 0.160156 0.810393 0.158203 0.810393 0.157227 0.811798 0.155273 0.811798 0.154297 0.813202 0.15332 0.813202 0.152344 0.814607 0.151367 0.814607 0.150391 0.816011 0.148438 0.816011 0.147461 0.817416 0.146484 0.817416 0.145508 0.81882 0.142578 0.81882 0.141602 0.820225 0.140625 0.820225 0.139648 0.81882 0.133789 0.81882 0.132812 0.820225 0.125 0.820225 0.124023 0.821629 0.119141 0.821629 0.118164 0.823034 0.116211 0.823034 0.115234 0.824438 0.0986328 0.824438 0.0976562 0.823034 0.0927734 0.823034 0.0917969 0.821629 0.0791016 0.821629 0.078125 0.823034 0.0742188 0.823034 0.0732422 0.824438 0.0712891 0.824438 0.0703125 0.825843 0.0683594 0.825843 0.0673828 0.827247 0.0654297 0.827247 0.0644531 0.828652 0.0625 0.828652 0.0615234 0.830056 0.0605469 0.830056 0.0595703 0.831461 0.0585938 0.831461 0.0576172 0.832865 0.0556641 0.832865 0.0546875 0.83427 0.0537109 0.83427 0.0517578 0.837079 0.0507812 0.837079 0.0498047 0.838483 0.0488281 0.838483 0.046875 0.841292 0.0458984 0.841292 0.0449219 0.842697 0.0439453 0.842697 0.0429688 0.844101 0.0419922 0.844101 0.0410156 0.845506 0.0400391 0.845506 0.0390625 0.84691 0.0380859 0.84691 0.0371094 0.848315 0.0361328 0.848315 0.0351562 0.849719 0.0341797 0.849719 0.0332031 0.851124 0.0322266 0.851124 0.0302734 0.853933 0.0292969 0.853933 0.0283203 0.855337 0.0273438 0.855337 0.0234375 0.860955 0.0224609 0.860955 0.0195312 0.865169 0.0185547 0.865169 0.0166016 0.867977 0.015625 0.867977 0.0136719 0.870786 0.0126953 0.870786 0.0107422 0.873595 0.00976562 0.873595 0.0078125 0.876405 0.00683594 0.876405 0.00585938 0.877809 0.00488281 0.877809 0.000976562 0.883427 0 0.883427 0 0.960674 0.00292969 0.960674 0.00390625 0.95927 0.00488281 0.95927 0.00585938 0.957865 0.00585938 0.956461 0.0244141 0.929775 0.0253906 0.929775 0.0302734 0.922753 0.03125 0.922753 0.0332031 0.919944 0.0341797 0.919944 0.0351562 0.918539 0.0361328 0.918539 0.0380859 0.91573 0.0390625 0.91573 0.0410156 0.912921 0.0419922 0.912921 0.0449219 0.908708 0.0458984 0.908708 0.0507812 0.901685 0.0517578 0.901685 0.0546875 0.897472 0.0556641 0.897472 0.0576172 0.894663 0.0585938 0.894663 0.0595703 0.893258 0.0605469 0.893258 0.0615234 0.891854 0.0625 0.891854 0.0634766 0.890449 0.0673828 0.890449 0.0683594 0.889045 0.0693359 0.889045 0.0703125 0.88764 0.0712891 0.88764 0.0722656 0.886236 0.0742188 0.886236 0.0751953 0.884831 0.0761719 0.884831 0.0771484 0.883427 0.078125 0.883427 0.0791016 0.882023 0.0810547 0.882023 0.0820312 0.880618 0.0839844 0.880618 0.0849609 0.879214 0.0859375 0.879214 0.0869141 0.877809 0.0898438 0.877809 0.0908203 0.876405 0.0927734 0.876405 0.09375 0.875 0.0976562 0.875 0.0986328 0.873595 0.107422 0.873595 0.108398 0.872191 0.115234 0.872191 0.116211 0.870786 0.125 0.870786 0.125977 0.869382 0.134766 0.869382 0.135742 0.867977 0.147461 0.867977 0.148438 0.866573 0.15332 0.866573 0.154297 0.865169 0.15625 0.865169 0.157227 0.863764 0.161133 0.863764 0.162109 0.86236 0.165039 0.86236 0.166016 0.860955 0.169922 0.860955 0.170898 0.859551 0.172852 0.859551 0.173828 0.858146 0.177734 0.858146 0.178711 0.856742 0.179688 0.856742 0.180664 0.855337 0.181641 0.855337 0.182617 0.853933 0.183594 0.853933 0.18457 0.852528 0.185547 0.852528 0.186523 0.851124 0.188477 0.851124 0.189453 0.849719 0.19043 0.849719 0.191406 0.848315 0.194336 0.848315 0.195312 0.84691 0.197266 0.84691 0.198242 0.845506 0.200195 0.845506 0.201172 0.844101 0.202148 0.844101 0.205078 0.839888 0.206055 0.839888 0.212891 0.830056 0.212891 0.828652 0.214844 0.825843 0.214844 0.824438 0.216797 0.821629 0.216797 0.820225 0.217773 0.81882 0.217773 0.817416 0.21875 0.816011 0.21875 0.814607 0.220703 0.811798 0.220703 0.808989 0.22168 0.807584 0.22168 0.80618 0.222656 0.804775 0.222656 0.803371 0.224609 0.800562 0.224609 0.799157 0.225586 0.797753 0.225586 0.796348 0.232422 0.786517 0.234375 0.786517 0.235352 0.785112 0.236328 0.785112 0.239258 0.780899 0.239258 0.779494 0.240234 0.77809 0.240234 0.776685 0.244141 0.771067 0.245117 0.771067 0.246094 0.769663 0.24707 0.769663 0.248047 0.768258 0.249023 0.768258 0.25 0.766854 0.250977 0.766854 0.251953 0.765449 0.25293 0.765449 0.253906 0.764045 0.254883 0.764045 0.255859 0.76264 0.256836 0.76264 0.257812 0.761236 0.259766 0.761236 0.260742 0.759831 0.261719 0.759831 0.262695 0.758427 0.263672 0.758427 0.264648 0.757023 0.267578 0.757023 0.268555 0.755618 0.270508 0.755618 0.271484 0.754214 0.272461 0.754214 0.27832 0.745786
1 0.621094 0.0758427 0.621094 0.0800562 0.620117 0.0814607 0.620117 0.0828652 0.619141 0.0842697 0.619141 0.0856742 0.618164 0.0870787 0.618164 0.0884831 0.617188 0.0898876 0.617188 0.0912921 0.616211 0.0926966 0.616211 0.0941011 0.615234 0.0955056 0.615234 0.0969101 0.614258 0.0983146 0.614258 0.0997191 0.612305 0.102528 0.612305 0.103933 0.610352 0.106742 0.610352 0.108146 0.594727 0.130618 0.594727 0.132022 0.592773 0.134831 0.592773 0.136236 0.59082 0.139045 0.59082 0.140449 0.589844 0.141854 0.589844 0.143258 0.588867 0.144663 0.588867 0.146067 0.587891 0.147472 0.587891 0.148876 0.586914 0.150281 0.586914 0.151685 0.585938 0.15309 0.585938 0.154494 0.584961 0.155899 0.584961 0.157303 0.583984 0.158708 0.583984 0.160112 0.582031 0.162921 0.582031 0.164326 0.581055 0.16573 0.581055 0.167135 0.580078 0.168539 0.580078 0.169944 0.578125 0.172753 0.577148 0.172753 0.575195 0.175562 0.572266 0.175562 0.572266 0.191011 0.575195 0.191011 0.576172 0.192416 0.577148 0.192416 0.578125 0.19382 0.579102 0.19382 0.581055 0.196629 0.582031 0.196629 0.583984 0.199438 0.584961 0.199438 0.585938 0.200843 0.591797 0.200843 0.59375 0.198034 0.594727 0.198034 0.594727 0.196629 0.598633 0.191011 0.598633 0.189607 0.599609 0.188202 0.599609 0.186798 0.602539 0.182584 0.602539 0.18118 0.604492 0.178371 0.604492 0.176966 0.605469 0.175562 0.605469 0.174157 0.606445 0.172753 0.606445 0.171348 0.607422 0.169944 0.607422 0.167135 0.608398 0.16573 0.608398 0.164326 0.609375 0.162921 0.609375 0.161517 0.610352 0.160112 0.610352 0.158708 0.612305 0.155899 0.612305 0.154494 0.615234 0.150281 0.615234 0.148876 0.616211 0.147472 0.616211 0.146067 0.618164 0.143258 0.618164 0.141854 0.619141 0.140449 0.619141 0.139045 0.620117 0.13764 0.620117 0.136236 0.621094 0.134831 0.621094 0.133427 0.62207 0.132022 0.62207 0.129213 0.623047 0.127809 0.623047 0.125 0.624023 0.123596 0.624023 0.122191 0.625977 0.119382 0.625977 0.117978 0.635742 0.103933 0.635742 0.102528 0.638672 0.0983146 0.641602 0.0983146 0.641602 0.0758427
1 0.544922 0.502809 0.550781 0.502809 0.551758 0.501405 0.556641 0.501405 0.557617 0.5 0.55957 0.5 0.560547 0.498596 0.561523 0.498596 0.5625 0.497191 0.563477 0.497191 0.564453 0.495787 0.56543 0.495787 0.567383 0.492978 0.568359 0.492978 0.570312 0.490169 0.571289 0.490169 0.573242 0.48736 0.574219 0.48736 0.575195 0.485955 0.576172 0.485955 0.577148 0.484551 0.579102 0.484551 0.581055 0.481742 0.582031 0.481742 0.583984 0.478933 0.584961 0.478933 0.587891 0.474719 0.588867 0.474719 0.591797 0.470506 0.592773 0.470506 0.594727 0.467697 0.598633 0.467697 0.598633 0.457865 0.545898 0.457865 0.545898 0.462079 0.544922 0.463483 0.544922 0.464888 0.542969 0.467697 0.542969 0.470506 0.541992 0.47191 0.541992 0.473315 0.537109 0.480337 0.537109 0.483146 0.538086 0.484551 0.538086 0.485955 0.539062 0.48736 0.539062 0.490169 0.540039 0.490169 0.541016 0.491573 0.541016 0.492978 0.541992 0.494382 0.541992 0.497191 0.542969 0.498596 0.542969 0.5 0.544922 0.502809 0.527344 0.530899 0.522461 0.523876 0.521484 0.523876 0.515625 0.515449 0.514648 0.515449 0.508789 0.507023 0.507812 0.507023 0.506836 0.505618 0.505859 0.505618 0.5 0.497191 0.499023 0.497191 0.49707 0.494382 0.496094 0.494382 0.492188 0.488764 0.491211 0.488764 0.487305 0.483146 0.486328 0.483146 0.479492 0.473315 0.479492 0.47191 0.475586 0.466292 0.474609 0.466292 0.47168 0.462079 0.47168 0.457865 0.455078 0.457865 0.455078 0.462079 0.454102 0.463483 0.450195 0.463483 0.446289 0.469101 0.445312 0.467697 0.442383 0.467697 0.44043 0.470506 0.438477 0.470506 0.4375 0.47191 0.432617 0.47191 0.431641 0.473315 0.426758 0.473315 0.425781 0.474719 0.419922 0.474719 0.418945 0.473315 0.417969 0.473315 0.416992 0.47191 0.416016 0.47191 0.415039 0.470506 0.414062 0.470506 0.412109 0.467697 0.411133 0.467697 0.410156 0.466292 0.408203 0.466292 0.407227 0.464888 0.401367 0.464888 0.400391 0.466292 0.386719 0.466292 0.385742 0.467697 0.382812 0.467697 0.381836 0.469101 0.380859 0.469101 0.379883 0.470506 0.378906 0.470506 0.37793 0.47191 0.376953 0.47191 0.375977 0.473315 0.374023 0.473315 0.370117 0.478933 0.369141 0.478933 0.368164 0.480337 0.368164 0.481742 0.366211 0.484551 0.365234 0.484551 0.364258 0.485955 0.364258 0.48736 0.350586 0.507023 0.349609 0.507023 0.348633 0.508427 0.348633 0.509831 0.34668 0.51264 0.345703 0.51264 0.345703 0.514045 0.342773 0.518258 0.341797 0.518258 0.338867 0.522472 0.337891 0.522472 0.335938 0.525281 0.335938 0.529494 0.336914 0.530899 0.336914 0.532303 0.337891 0.533708 0.337891 0.535112 0.338867 0.536517 0.338867 0.537921 0.339844 0.539326 0.339844 0.54073 0.34082 0.542135 0.34082 0.543539 0.341797 0.544944 0.341797 0.546348 0.345703 0.551966 0.345703 0.553371 0.34375 0.55618 0.34375 0.557584 0.342773 0.558989 0.342773 0.560393 0.341797 0.561798 0.341797 0.563202 0.336914 0.570225 0.336914 0.571629 0.335938 0.573034 0.335938 0.574438 0.333984 0.577247 0.330078 0.577247 0.330078 0.578652 0.329102 0.580056 0.329102 0.581461 0.327148 0.58427 0.327148 0.585674 0.323242 0.591292 0.323242 0.592697 0.322266 0.594101 0.322266 0.595506 0.321289 0.59691 0.321289 0.598315 0.319336 0.601124 0.319336 0.602528 0.318359 0.603933 0.317383 0.603933 0.3125 0.59691 0.30957 0.59691 0.30957 0.598315 0.306641 0.602528 0.306641 0.603933 0.305664 0.605337 0.305664 0.606742 0.301758 0.61236 0.301758 0.613764 0.300781 0.615169 0.300781 0.616573 0.299805 0.617977 0.298828 0.617977 0.296875 0.620786 0.296875 0.622191 0.293945 0.626405 0.293945 0.627809 0.288086 0.636236 0.288086 0.63764 0.285156 0.641854 0.285156 0.643258 0.283203 0.646067 0.283203 0.647472 0.282227 0.648876 0.282227 0.650281 0.280273 0.65309 0.280273 0.654494 0.27832 0.657303 0.27832 0.658708 0.276367 0.661517 0.276367 0.662921 0.273438 0.667135 0.273438 0.668539 0.270508 0.672753 0.270508 0.674157 0.268555 0.676966 0.268555 0.678371 0.266602 0.68118 0.266602 0.682584 0.262695 0.688202 0.262695 0.689607 0.260742 0.692416 0.260742 0.69382 0.256836 0.699438 0.256836 0.700843 0.25 0.710674 0.25 0.712079 0.246094 0.717697 0.246094 0.719101 0.242188 0.724719 0.242188 0.726124 0.233398 0.738764 0.233398 0.740169 0.227539 0.748595 0.227539 0.75 0.224609 0.754214 0.223633 0.754214 0.220703 0.758427 0.219727 0.758427 0.219727 0.759831 0.213867 0.768258 0.212891 0.768258 0.208984 0.773876 0.208008 0.773876 0.204102 0.779494 0.203125 0.779494 0.199219 0.785112 0.198242 0.785112 0.194336 0.79073 0.193359 0.79073 0.19043 0.794944 0.189453 0.794944 0.188477 0.796348 0.185547 0.796348 0.185547 0.855337 0.192383 0.855337 0.192383 0.851124 0.194336 0.848315 0.195312 0.848315 0.196289 0.84691 0.197266 0.84691 0.198242 0.845506 0.200195 0.845506 0.202148 0.842697 0.203125 0.842697 0.206055 0.838483 0.207031 0.838483 0.208008 0.837079 0.208008 0.835674 0.210938 0.831461 0.210938 0.830056 0.212891 0.827247 0.212891 0.824438 0.213867 0.823034 0.213867 0.821629 0.214844 0.820225 0.214844 0.814607 0.21582 0.813202 0.21582 0.800562 0.216797 0.799157 0.216797 0.797753 0.21875 0.794944 0.21875 0.793539 0.220703 0.79073 0.220703 0.789326 0.222656 0.786517 0.222656 0.785112 0.224609 0.782303 0.225586 0.782303 0.229492 0.776685 0.229492 0.775281 0.230469 0.773876 0.230469 0.772472 0.233398 0.768258 0.234375 0.768258 0.236328 0.765449 0.238281 0.765449 0.239258 0.764045 0.248047 0.764045 0.249023 0.76264 0.250977 0.76264 0.251953 0.761236 0.253906 0.761236 0.254883 0.759831 0.255859 0.759831 0.256836 0.758427 0.257812 0.758427 0.258789 0.757023 0.259766 0.757023 0.260742 0.755618 0.262695 0.755618 0.263672 0.754214 0.266602 0.754214 0.267578 0.752809 0.268555 0.752809 0.27832 0.738764 0.279297 0.738764 0.283203 0.733146 0.283203 0.731742 0.287109 0.726124 0.287109 0.724719 0.290039 0.720506 0.290039 0.719101 0.292969 0.714888 0.293945 0.714888 0.293945 0.713483 0.298828 0.706461 0.298828 0.705056 0.302734 0.699438 0.302734 0.698034 0.303711 0.696629 0.303711 0.695225 0.304688 0.69382 0.304688 0.692416 0.306641 0.689607 0.306641 0.688202 0.307617 0.686798 0.307617 0.685393 0.308594 0.683989 0.308594 0.682584 0.310547 0.679775 0.310547 0.678371 0.313477 0.674157 0.313477 0.672753 0.314453 0.671348 0.314453 0.669944 0.31543 0.668539 0.31543 0.667135 0.316406 0.66573 0.316406 0.664326 0.317383 0.662921 0.317383 0.661517 0.318359 0.660112 0.318359 0.657303 0.319336 0.655899 0.319336 0.654494 0.320312 0.65309 0.320312 0.648876 0.322266 0.646067 0.323242 0.646067 0.324219 0.644663 0.326172 0.644663 0.327148 0.643258 0.328125 0.643258 0.329102 0.641854 0.328125 0.640449 0.328125 0.639045 0.327148 0.63764 0.327148 0.633427 0.330078 0.629214 0.331055 0.629214 0.332031 0.627809 0.333008 0.627809 0.333008 0.626405 0.333984 0.625 0.333984 0.623595 0.334961 0.622191 0.334961 0.620786 0.335938 0.619382 0.335938 0.617977 0.336914 0.616573 0.336914 0.613764 0.337891 0.61236 0.337891 0.602528 0.338867 0.601124 0.338867 0.599719 0.342773 0.594101 0.34375 0.594101 0.345703 0.591292 0.345703 0.589888 0.34668 0.588483 0.34668 0.587079 0.348633 0.58427 0.348633 0.582865 0.349609 0.581461 0.349609 0.578652 0.350586 0.577247 0.350586 0.575843 0.354492 0.570225 0.354492 0.56882 0.355469 0.567416 0.355469 0.566011 0.364258 0.553371 0.364258 0.551966 0.365234 0.550562 0.365234 0.549157 0.367188 0.546348 0.367188 0.544944 0.371094 0.539326 0.37207 0.539326 0.375 0.535112 0.375977 0.535112 0.37793 0.532303 0.378906 0.532303 0.379883 0.530899 0.381836 0.530899 0.383789 0.52809 0.384766 0.52809 0.385742 0.526685 0.386719 0.526685 0.387695 0.525281 0.388672 0.525281 0.389648 0.523876 0.390625 0.523876 0.391602 0.522472 0.392578 0.522472 0.393555 0.521067 0.394531 0.521067 0.395508 0.519663 0.397461 0.519663 0.398438 0.518258 0.399414 0.518258 0.400391 0.516854 0.401367 0.516854 0.402344 0.515449 0.40332 0.515449 0.404297 0.514045 0.40625 0.514045 0.415039 0.501405 0.416016 0.501405 0.417969 0.498596 0.419922 0.498596 0.420898 0.497191 0.443359 0.497191 0.444336 0.498596 0.448242 0.498596 0.449219 0.5 0.451172 0.5 0.452148 0.501405 0.453125 0.501405 0.454102 0.502809 0.455078 0.502809 0.458008 0.507023 0.458984 0.507023 0.459961 0.508427 0.460938 0.508427 0.462891 0.511236 0.463867 0.511236 0.46582 0.514045 0.466797 0.514045 0.467773 0.515449 0.46875 0.515449 0.469727 0.516854 0.470703 0.516854 0.475586 0.523876 0.476562 0.523876 0.480469 0.529494 0.480469 0.530899 0.481445 0.532303 0.481445 0.533708 0.482422 0.535112 0.484375 0.535112 0.487305 0.539326 0.487305 0.54073 0.488281 0.542135 0.488281 0.549157 0.489258 0.550562 0.489258 0.553371 0.491211 0.55618 0.492188 0.55618 0.498047 0.564607 0.499023 0.564607 0.50293 0.570225 0.503906 0.570225 0.504883 0.571629 0.504883 0.573034 0.505859 0.574438 0.506836 0.574438 0.507812 0.575843 0.508789 0.575843 0.509766 0.577247 0.511719 0.577247 0.512695 0.578652 0.517578 0.578652 0.518555 0.580056 0.519531 0.580056 0.520508 0.581461 0.523438 0.581461 0.524414 0.582865 0.525391 0.582865 0.52832 0.587079 0.529297 0.587079 0.530273 0.588483 0.532227 0.588483 0.53418 0.591292 0.535156 0.591292 0.536133 0.592697 0.538086 0.592697 0.539062 0.594101 0.541016 0.594101 0.542969 0.59691 0.545898 0.59691 0.546875 0.598315 0.553711 0.598315 0.554688 0.599719 0.557617 0.599719 0.558594 0.601124 0.55957 0.601124 0.560547 0.602528 0.569336 0.602528 0.566406 0.602528 0.563477 0.598315 0.563477 0.59691 0.564453 0.595506 0.564453 0.58427 0.56543 0.582865 0.56543 0.578652 0.564453 0.577247 0.564453 0.570225 0.563477 0.56882 0.560547 0.56882 0.556641 0.563202 0.555664 0.563202 0.554688 0.561798 0.553711 0.561798 0.547852 0.553371 0.545898 0.553371 0.544922 0.551966 0.543945 0.551966 0.542969 0.550562 0.541992 0.550562 0.540039 0.547753 0.539062 0.547753 0.538086 0.546348 0.537109 0.546348 0.535156 0.543539 0.535156 0.542135 0.529297 0.533708 0.52832 0.533708 0.527344 0.532303 0.527344 0.530899
1 0.612305 0.918539 0.612305 0.924157 0.609375 0.928371 0.608398 0.928371 0.606445 0.93118 0.603516 0.93118 0.603516 0.953652 0.607422 0.953652 0.608398 0.955056 0.608398 0.956461 0.610352 0.95927 0.610352 0.960674 0.611328 0.962079 0.611328 0.964888 0.612305 0.966292 0.612305 0.983146 0.613281 0.984551 0.613281 0.985955 0.614258 0.98736 0.614258 0.988764 0.615234 0.988764 0.616211 0.990169 0.617188 0.990169 0.618164 0.991573 0.620117 0.991573 0.621094 0.992977 0.623047 0.992977 0.624023 0.994382 0.630859 0.994382 0.631836 0.995786 0.639648 0.995786 0.640625 0.994382 0.647461 0.994382 0.648438 0.995786 0.65332 0.995786 0.654297 0.997191 0.65918 0.997191 0.660156 0.998595 0.666016 0.998595 0.666992 0.997191 0.667969 0.997191 0.671875 0.991573 0.667969 0.985955 0.667969 0.984551 0.665039 0.980337 0.665039 0.978933 0.664062 0.977528 0.664062 0.976124 0.662109 0.973315 0.662109 0.97191 0.660156 0.969101 0.660156 0.967697 0.65918 0.966292 0.65918 0.964888 0.657227 0.962079 0.657227 0.960674 0.65625 0.95927 0.65625 0.957865 0.655273 0.956461 0.655273 0.955056 0.654297 0.953652 0.654297 0.952247 0.65332 0.950843 0.65332 0.949438 0.650391 0.945225 0.650391 0.94382 0.647461 0.939607 0.647461 0.938202 0.641602 0.929775 0.641602 0.928371 0.638672 0.924157 0.638672 0.918539
1 0.448242 0.446629 0.448242 0.450843 0.446289 0.453652 0.446289 0.455056 0.438477 0.466292 0.436523 0.466292 0.435547 0.467697 0.43457 0.467697 0.433594 0.469101 0.432617 0.469101 0.431641 0.470506 0.429688 0.470506 0.428711 0.47191 0.425781 0.47191 0.424805 0.473315 0.419922 0.473315 0.419922 0.494382 0.426758 0.494382 0.427734 0.495787 0.430664 0.495787 0.431641 0.497191 0.435547 0.497191 0.436523 0.498596 0.441406 0.498596 0.442383 0.5 0.445312 0.5 0.446289 0.501405 0.448242 0.501405 0.449219 0.502809 0.451172 0.502809 0.452148 0.504214 0.453125 0.504214 0.455078 0.507023 0.456055 0.507023 0.458984 0.511236 0.459961 0.511236 0.461914 0.514045 0.462891 0.514045 0.467773 0.521067 0.467773 0.522472 0.469727 0.525281 0.469727 0.526685 0.470703 0.52809 0.470703 0.530899 0.47168 0.532303 0.47168 0.533708 0.472656 0.535112 0.472656 0.536517 0.473633 0.537921 0.473633 0.539326 0.479492 0.547753 0.479492 0.549157 0.486328 0.558989 0.487305 0.558989 0.491211 0.564607 0.492188 0.564607 0.494141 0.567416 0.495117 0.567416 0.496094 0.56882 0.49707 0.56882 0.499023 0.571629 0.5 0.571629 0.501953 0.574438 0.50293 0.574438 0.505859 0.578652 0.506836 0.578652 0.508789 0.581461 0.509766 0.581461 0.511719 0.58427 0.512695 0.58427 0.513672 0.585674 0.514648 0.585674 0.515625 0.587079 0.516602 0.587079 0.517578 0.588483 0.518555 0.588483 0.519531 0.589888 0.520508 0.589888 0.521484 0.591292 0.523438 0.591292 0.524414 0.592697 0.527344 0.592697 0.52832 0.594101 0.533203 0.594101 0.53418 0.595506 0.536133 0.595506 0.537109 0.59691 0.539062 0.59691 0.540039 0.598315 0.542969 0.598315 0.543945 0.599719 0.547852 0.599719 0.548828 0.601124 0.552734 0.601124 0.553711 0.602528 0.554688 0.602528 0.555664 0.603933 0.558594 0.603933 0.55957 0.605337 0.561523 0.605337 0.5625 0.606742 0.564453 0.606742 0.56543 0.608146 0.566406 0.608146 0.567383 0.609551 0.567383 0.613764 0.577148 0.613764 0.577148 0.609551 0.579102 0.606742 0.580078 0.606742 0.581055 0.605337 0.582031 0.605337 0.583008 0.603933 0.584961 0.603933 0.585938 0.602528 0.587891 0.602528 0.588867 0.601124 0.589844 0.601124 0.591797 0.598315 0.594727 0.598315 0.594727 0.585674 0.591797 0.585674 0.584961 0.575843 0.583984 0.575843 0.581055 0.571629 0.580078 0.571629 0.579102 0.570225 0.578125 0.570225 0.576172 0.567416 0.575195 0.567416 0.574219 0.566011 0.573242 0.566011 0.572266 0.564607 0.571289 0.564607 0.570312 0.563202 0.569336 0.563202 0.568359 0.561798 0.567383 0.561798 0.566406 0.560393 0.56543 0.560393 0.564453 0.558989 0.563477 0.558989 0.5625 0.557584 0.561523 0.557584 0.560547 0.55618 0.558594 0.55618 0.557617 0.554775 0.556641 0.554775 0.555664 0.553371 0.554688 0.553371 0.553711 0.551966 0.551758 0.551966 0.550781 0.550562 0.549805 0.550562 0.548828 0.549157 0.547852 0.549157 0.546875 0.547753 0.545898 0.547753 0.544922 0.546348 0.543945 0.546348 0.542969 0.544944 0.541992 0.544944 0.540039 0.542135 0.539062 0.542135 0.533203 0.533708 0.533203 0.532303 0.532227 0.532303 0.52832 0.526685 0.52832 0.525281 0.525391 0.521067 0.524414 0.521067 0.516602 0.509831 0.515625 0.509831 0.508789 0.5 0.507812 0.5 0.50293 0.492978 0.501953 0.492978 0.494141 0.481742 0.493164 0.481742 0.491211 0.478933 0.491211 0.477528 0.490234 0.477528 0.487305 0.473315 0.487305 0.47191 0.479492 0.460674 0.478516 0.460674 0.474609 0.455056 0.473633 0.455056 0.470703 0.450843 0.470703 0.446629
0 0.878906 0.339888 0.878906 0.344101 0.87793 0.345506 0.876953 0.345506 0.875977 0.34691 0.87207 0.34691 0.871094 0.348315 0.864258 0.348315 0.863281 0.349719 0.856445 0.349719 0.855469 0.351124 0.851562 0.351124 0.850586 0.352528 0.84668 0.352528 0.845703 0.353933 0.842773 0.353933 0.841797 0.355337 0.838867 0.355337 0.837891 0.356742 0.835938 0.356742 0.834961 0.358146 0.833008 0.358146 0.832031 0.359551 0.829102 0.359551 0.828125 0.360955 0.826172 0.360955 0.825195 0.36236 0.823242 0.36236 0.822266 0.363764 0.820312 0.363764 0.819336 0.365169 0.816406 0.365169 0.81543 0.366573 0.813477 0.366573 0.8125 0.367978 0.80957 0.367978 0.808594 0.369382 0.805664 0.369382 0.804688 0.370787 0.802734 0.370787 0.801758 0.372191 0.800781 0.372191 0.799805 0.373596 0.798828 0.373596 0.797852 0.375 0.796875 0.375 0.795898 0.376404 0.794922 0.376404 0.793945 0.377809 0.792969 0.377809 0.791992 0.379213 0.791016 0.379213 0.790039 0.380618 0.788086 0.380618 0.787109 0.382022 0.785156 0.382022 0.78418 0.383427 0.783203 0.383427 0.782227 0.384831 0.779297 0.384831 0.77832 0.386236 0.776367 0.386236 0.775391 0.38764 0.774414 0.38764 0.773438 0.389045 0.772461 0.389045 0.771484 0.390449 0.769531 0.390449 0.768555 0.391854 0.766602 0.391854 0.765625 0.393258 0.763672 0.393258 0.762695 0.394663 0.761719 0.394663 0.760742 0.396067 0.758789 0.396067 0.757812 0.397472 0.754883 0.397472 0.753906 0.398876 0.751953 0.398876 0.750977 0.400281 0.749023 0.400281 0.748047 0.401685 0.74707 0.401685 0.746094 0.40309 0.744141 0.40309 0.743164 0.404494 0.742188 0.404494 0.741211 0.405899 0.740234 0.405899 0.739258 0.407303 0.738281 0.407303 0.736328 0.410112 0.735352 0.410112 0.734375 0.411517 0.732422 0.411517 0.731445 0.412921 0.730469 0.412921 0.729492 0.414326 0.728516 0.414326 0.727539 0.41573 0.725586 0.41573 0.724609 0.417135 0.722656 0.417135 0.72168 0.418539 0.720703 0.418539 0.719727 0.419944 0.71875 0.419944 0.717773 0.421348 0.71582 0.421348 0.714844 0.422753 0.713867 0.422753 0.712891 0.424157 0.710938 0.424157 0.709961 0.425562 0.708984 0.425562 0.708008 0.426966 0.706055 0.426966 0.705078 0.428371 0.704102 0.428371 0.703125 0.429775 0.701172 0.429775 0.700195 0.43118 0.699219 0.43118 0.698242 0.432584 0.697266 0.432584 0.696289 0.433989 0.695312 0.433989 0.68457 0.449438 0.68457 0.450843 0.683594 0.452247 0.683594 0.453652 0.680664 0.457865 0.677734 0.457865 0.677734 0.48736 0.701172 0.48736 0.702148 0.485955 0.707031 0.485955 0.708008 0.484551 0.711914 0.484551 0.712891 0.483146 0.716797 0.483146 0.717773 0.481742 0.71875 0.481742 0.720703 0.478933 0.72168 0.478933 0.722656 0.477528 0.723633 0.477528 0.726562 0.473315 0.727539 0.473315 0.728516 0.47191 0.730469 0.47191 0.731445 0.470506 0.733398 0.470506 0.734375 0.469101 0.735352 0.469101 0.736328 0.467697 0.737305 0.467697 0.738281 0.466292 0.741211 0.466292 0.742188 0.464888 0.744141 0.464888 0.745117 0.463483 0.74707 0.463483 0.748047 0.462079 0.751953 0.462079 0.75293 0.460674 0.756836 0.460674 0.757812 0.45927 0.758789 0.45927 0.759766 0.457865 0.760742 0.457865 0.761719 0.456461 0.762695 0.456461 0.763672 0.455056 0.765625 0.455056 0.766602 0.453652 0.768555 0.453652 0.769531 0.452247 0.770508 0.452247 0.771484 0.450843 0.773438 0.450843 0.774414 0.449438 0.777344 0.449438 0.77832 0.448034 0.782227 0.448034 0.783203 0.446629 0.785156 0.446629 0.786133 0.445225 0.788086 0.445225 0.789062 0.44382 0.791016 0.44382 0.791992 0.442416 0.793945 0.442416 0.794922 0.441011 0.797852 0.441011 0.798828 0.439607 0.801758 0.439607 0.802734 0.438202 0.80957 0.438202 0.810547 0.436798 0.813477 0.436798 0.814453 0.435393 0.81543 0.435393 0.816406 0.433989 0.817383 0.433989 0.818359 0.432584 0.819336 0.432584 0.820312 0.43118 0.822266 0.43118 0.823242 0.429775 0.825195 0.429775 0.826172 0.428371 0.827148 0.428371 0.828125 0.426966 0.830078 0.426966 0.831055 0.425562 0.833008 0.425562 0.833984 0.424157 0.835938 0.424157 0.836914 0.422753 0.837891 0.422753 0.838867 0.421348 0.841797 0.421348 0.842773 0.419944 0.84375 0.419944 0.844727 0.418539 0.84668 0.418539 0.847656 0.417135 0.848633 0.417135 0.849609 0.41573 0.850586 0.41573 0.851562 0.414326 0.853516 0.414326 0.854492 0.412921 0.856445 0.412921 0.857422 0.411517 0.858398 0.411517 0.859375 0.410112 0.862305 0.410112 0.863281 0.408708 0.867188 0.408708 0.868164 0.407303 0.87207 0.407303 0.873047 0.405899 0.875 0.405899 0.875977 0.404494 0.87793 0.404494 0.878906 0.40309 0.879883 0.40309 0.881836 0.400281 0.881836 0.397472 0.882812 0.396067 0.882812 0.38764 0.883789 0.386236 0.883789 0.383427 0.888672 0.376404 0.889648 0.376404 0.891602 0.373596 0.892578 0.373596 0.894531 0.370787 0.895508 0.370787 0.897461 0.367978 0.898438 0.367978 0.899414 0.366573 0.900391 0.366573 0.901367 0.365169 0.902344 0.365169 0.90332 0.363764 0.904297 0.363764 0.905273 0.36236 0.90625 0.36236 0.908203 0.359551 0.90918 0.359551 0.912109 0.355337 0.913086 0.355337 0.913086 0.353933 0.916016 0.349719 0.916016 0.348315 0.915039 0.34691 0.915039 0.339888
1 0.341797 0.990169 0.34082 0.990169 0.34082 0.991573 0.342773 0.991573 0.341797 0.990169 0.618164 0.575843 0.618164 0.581461 0.500977 0.525281 0.500977 0.529494 0.50293 0.532303 0.505859 0.532303 0.508789 0.536517 0.510742 0.533708 0.510742 0.532303 0.511719 0.530899 0.511719 0.52809 0.512695 0.526685 0.512695 0.525281 0.516602 0.525281 0.517578 0.526685 0.517578 0.52809 0.518555 0.529494 0.519531 0.529494 0.521484 0.532303 0.522461 0.532303 0.523438 0.533708 0.524414 0.533708 0.526367 0.536517 0.526367 0.537921 0.52832 0.54073 0.529297 0.54073 0.529297 0.542135 0.530273 0.543539 0.530273 0.544944 0.53125 0.546348 0.529297 0.549157 0.527344 0.549157 0.526367 0.547753 0.524414 0.547753 0.520508 0.553371 0.521484 0.554775 0.521484 0.560393 0.520508 0.561798 0.520508 0.56882 0.517578 0.56882 0.516602 0.570225 0.514648 0.570225 0.513672 0.571629 0.509766 0.571629 0.508789 0.570225 0.507812 0.570225 0.503906 0.564607 0.503906 0.563202 0.50293 0.561798 0.50293 0.560393 0.500977 0.557584 0.5 0.557584 0.498047 0.554775 0.436523 0.490169 0.445312 0.495787 0.448242 0.495787 0.449219 0.497191 0.453125 0.497191 0.454102 0.498596 0.455078 0.498596 0.458984 0.504214 0.460938 0.504214 0.461914 0.505618 0.462891 0.505618 0.464844 0.508427 0.46582 0.508427 0.466797 0.509831 0.467773 0.508427 0.46875 0.508427 0.469727 0.507023 0.473633 0.507023 0.474609 0.505618 0.474609 0.502809 0.475586 0.501405 0.475586 0.497191 0.476562 0.495787 0.476562 0.494382 0.477539 0.492978 0.478516 0.492978 0.480469 0.495787 0.480469 0.497191 0.481445 0.498596 0.482422 0.498596 0.483398 0.497191 0.483398 0.488764 0.541016 0.480337 0.541992 0.481742 0.541992 0.490169 0.542969 0.491573 0.542969 0.492978 0.544922 0.495787 0.550781 0.495787 0.551758 0.497191 0.560547 0.497191 0.561523 0.495787 0.563477 0.495787 0.564453 0.494382 0.56543 0.494382 0.566406 0.492978 0.568359 0.492978 0.569336 0.491573 0.570312 0.491573 0.572266 0.488764 0.573242 0.488764 0.574219 0.48736 0.576172 0.48736 0.577148 0.485955 0.578125 0.485955 0.579102 0.484551 0.580078 0.484551 0.581055 0.483146 0.582031 0.483146 0.583008 0.481742 0.583984 0.481742 0.586914 0.477528 0.587891 0.477528 0.591797 0.47191 0.592773 0.47191 0.59668 0.466292 0.597656 0.466292 0.607422 0.452247 0.608398 0.452247 0.614258 0.44382 0.618164 0.44382 0.618164 0.429775 0.572266 0.429775 0.572266 0.433989 0.569336 0.438202 0.568359 0.438202 0.567383 0.439607 0.566406 0.439607 0.561523 0.446629 0.560547 0.446629 0.557617 0.450843 0.555664 0.450843 0.554688 0.452247 0.553711 0.452247 0.548828 0.45927 0.548828 0.460674 0.547852 0.462079 0.547852 0.463483 0.544922 0.467697 0.544922 0.469101 0.543945 0.470506 0.543945 0.47191 0.542969 0.473315 0.542969 0.474719 0.541992 0.476124 0.541992 0.477528 0.541016 0.478933 0.541016 0.480337 0.483398 0.488764 0.482422 0.48736 0.482422 0.485955 0.481445 0.484551 0.479492 0.484551 0.476562 0.480337 0.476562 0.478933 0.475586 0.477528 0.475586 0.476124 0.474609 0.474719 0.474609 0.473315 0.473633 0.473315 0.472656 0.47191 0.47168 0.47191 0.46875 0.467697 0.467773 0.467697 0.466797 0.466292 0.46582 0.466292 0.464844 0.467697 0.463867 0.467697 0.462891 0.469101 0.460938 0.469101 0.459961 0.470506 0.458984 0.470506 0.458008 0.47191 0.458008 0.473315 0.457031 0.474719 0.457031 0.478933 0.456055 0.480337 0.456055 0.488764 0.454102 0.491573 0.453125 0.490169 0.452148 0.490169 0.451172 0.488764 0.450195 0.488764 0.450195 0.490169 0.447266 0.494382 0.446289 0.494382 0.445312 0.495787 0.436523 0.490169 0.435547 0.488764 0.435547 0.483146 0.43457 0.481742 0.43457 0.480337 0.433594 0.478933 0.419922 0.478933 0.418945 0.477528 0.417969 0.477528 0.416992 0.476124 0.416992 0.474719 0.416016 0.473315 0.414062 0.473315 0.413086 0.47191 0.412109 0.47191 0.411133 0.470506 0.40625 0.470506 0.405273 0.469101 0.40332 0.469101 0.402344 0.470506 0.391602 0.470506 0.390625 0.469101 0.382812 0.469101 0.381836 0.470506 0.380859 0.470506 0.379883 0.47191 0.378906 0.47191 0.37793 0.473315 0.375977 0.473315 0.374023 0.476124 0.373047 0.476124 0.370117 0.480337 0.369141 0.480337 0.369141 0.481742 0.366211 0.485955 0.365234 0.485955 0.360352 0.492978 0.360352 0.494382 0.358398 0.497191 0.357422 0.497191 0.357422 0.498596 0.351562 0.507023 0.350586 0.507023 0.342773 0.518258 0.341797 0.518258 0.34082 0.519663 0.339844 0.519663 0.336914 0.523876 0.335938 0.523876 0.335938 0.525281 0.334961 0.526685 0.334961 0.52809 0.333984 0.529494 0.333984 0.536517 0.334961 0.537921 0.334961 0.547753 0.333984 0.549157 0.333984 0.550562 0.332031 0.553371 0.332031 0.554775 0.330078 0.557584 0.328125 0.557584 0.327148 0.558989 0.325195 0.558989 0.321289 0.564607 0.321289 0.567416 0.317383 0.573034 0.317383 0.575843 0.316406 0.577247 0.316406 0.580056 0.31543 0.581461 0.31543 0.582865 0.314453 0.58427 0.314453 0.585674 0.313477 0.587079 0.313477 0.588483 0.310547 0.592697 0.310547 0.594101 0.308594 0.59691 0.308594 0.598315 0.305664 0.602528 0.305664 0.603933 0.304688 0.605337 0.304688 0.606742 0.301758 0.610955 0.301758 0.61236 0.300781 0.613764 0.300781 0.615169 0.296875 0.620786 0.296875 0.622191 0.293945 0.626405 0.293945 0.627809 0.289062 0.634831 0.289062 0.636236 0.285156 0.641854 0.285156 0.643258 0.28418 0.644663 0.28418 0.646067 0.282227 0.648876 0.282227 0.650281 0.280273 0.65309 0.280273 0.654494 0.27832 0.657303 0.27832 0.658708 0.276367 0.661517 0.276367 0.662921 0.272461 0.668539 0.272461 0.669944 0.270508 0.672753 0.270508 0.674157 0.268555 0.676966 0.268555 0.678371 0.266602 0.68118 0.266602 0.682584 0.262695 0.688202 0.262695 0.689607 0.260742 0.692416 0.260742 0.69382 0.256836 0.699438 0.256836 0.700843 0.25 0.710674 0.25 0.712079 0.246094 0.717697 0.246094 0.719101 0.242188 0.724719 0.242188 0.726124 0.237305 0.733146 0.237305 0.734551 0.236328 0.735955 0.235352 0.735955 0.234375 0.73736 0.234375 0.738764 0.230469 0.744382 0.230469 0.745786 0.227539 0.75 0.227539 0.751405 0.225586 0.754214 0.224609 0.754214 0.22168 0.758427 0.220703 0.758427 0.219727 0.759831 0.219727 0.761236 0.216797 0.765449 0.21582 0.765449 0.209961 0.773876 0.208984 0.773876 0.205078 0.779494 0.204102 0.779494 0.201172 0.783708 0.200195 0.783708 0.196289 0.789326 0.195312 0.789326 0.192383 0.793539 0.191406 0.793539 0.189453 0.796348 0.188477 0.796348 0.1875 0.797753 0.185547 0.797753 0.18457 0.799157 0.182617 0.799157 0.181641 0.800562 0.180664 0.800562 0.179688 0.801966 0.178711 0.801966 0.177734 0.803371 0.175781 0.803371 0.174805 0.804775 0.171875 0.804775 0.170898 0.80618 0.167969 0.80618 0.166992 0.807584 0.165039 0.807584 0.164062 0.808989 0.161133 0.808989 0.160156 0.810393 0.158203 0.810393 0.157227 0.811798 0.155273 0.811798 0.154297 0.813202 0.15332 0.813202 0.152344 0.814607 0.151367 0.814607 0.150391 0.816011 0.146484 0.816011 0.145508 0.817416 0.125977 0.817416 0.125 0.81882 0.12207 0.81882 0.121094 0.820225 0.117188 0.820225 0.116211 0.821629 0.0986328 0.821629 0.0976562 0.820225 0.0800781 0.820225 0.0791016 0.821629 0.0742188 0.821629 0.0732422 0.823034 0.0703125 0.823034 0.0693359 0.824438 0.0683594 0.824438 0.0673828 0.825843 0.0654297 0.825843 0.0644531 0.827247 0.0634766 0.827247 0.0625 0.828652 0.0615234 0.828652 0.0605469 0.830056 0.0595703 0.830056 0.0585938 0.831461 0.0576172 0.831461 0.0566406 0.832865 0.0556641 0.832865 0.0546875 0.83427 0.0537109 0.83427 0.0527344 0.835674 0.0517578 0.835674 0.0498047 0.838483 0.0488281 0.838483 0.0478516 0.839888 0.046875 0.839888 0.0458984 0.841292 0.0449219 0.841292 0.0439453 0.842697 0.0429688 0.842697 0.0419922 0.844101 0.0400391 0.844101 0.0380859 0.84691 0.0371094 0.84691 0.0361328 0.848315 0.0351562 0.848315 0.0341797 0.849719 0.0332031 0.849719 0.03125 0.852528 0.0302734 0.852528 0.0292969 0.853933 0.0283203 0.853933 0.0253906 0.858146 0.0244141 0.858146 0.0214844 0.86236 0.0205078 0.86236 0.0175781 0.866573 0.0166016 0.866573 0.015625 0.867977 0.0146484 0.867977 0.0126953 0.870786 0.0117188 0.870786 0.0078125 0.876405 0.00683594 0.876405 0.00390625 0.880618 0.00390625 0.882023 0.000976562 0.886236 0 0.886236 0 0.950843 0.00195312 0.950843 0.00292969 0.952247 0.00585938 0.952247 0.0107422 0.945225 0.0117188 0.945225 0.0146484 0.941011 0.015625 0.941011 0.0234375 0.929775 0.0244141 0.929775 0.0283203 0.924157 0.0292969 0.924157 0.03125 0.921348 0.0322266 0.921348 0.0332031 0.919944 0.0341797 0.919944 0.0351562 0.918539 0.0361328 0.918539 0.0390625 0.914326 0.0400391 0.914326 0.0439453 0.908708 0.0449219 0.908708 0.0488281 0.90309 0.0498047 0.90309 0.0517578 0.900281 0.0527344 0.900281 0.0556641 0.896067 0.0566406 0.896067 0.0576172 0.894663 0.0585938 0.894663 0.0595703 0.893258 0.0605469 0.893258 0.0615234 0.891854 0.0634766 0.891854 0.0644531 0.890449 0.0673828 0.890449 0.0683594 0.889045 0.0693359 0.889045 0.0703125 0.88764 0.0712891 0.88764 0.0722656 0.886236 0.0742188 0.886236 0.0751953 0.884831 0.0771484 0.884831 0.078125 0.883427 0.0791016 0.883427 0.0800781 0.882023 0.0820312 0.882023 0.0830078 0.880618 0.0849609 0.880618 0.0859375 0.879214 0.0898438 0.879214 0.0908203 0.877809 0.09375 0.877809 0.0947266 0.876405 0.101562 0.876405 0.102539 0.875 0.113281 0.875 0.114258 0.873595 0.123047 0.873595 0.124023 0.872191 0.129883 0.872191 0.130859 0.870786 0.134766 0.870786 0.135742 0.869382 0.146484 0.869382 0.147461 0.867977 0.155273 0.867977 0.15625 0.866573 0.161133 0.866573 0.162109 0.865169 0.165039 0.865169 0.166016 0.863764 0.168945 0.863764 0.169922 0.86236 0.171875 0.86236 0.172852 0.860955 0.174805 0.860955 0.175781 0.859551 0.176758 0.859551 0.178711 0.856742 0.179688 0.856742 0.180664 0.855337 0.181641 0.855337 0.182617 0.853933 0.183594 0.853933 0.18457 0.852528 0.185547 0.852528 0.186523 0.851124 0.1875 0.851124 0.188477 0.849719 0.19043 0.849719 0.191406 0.848315 0.192383 0.848315 0.193359 0.84691 0.194336 0.84691 0.195312 0.845506 0.197266 0.845506 0.198242 0.844101 0.200195 0.844101 0.203125 0.839888 0.204102 0.839888 0.208984 0.832865 0.208984 0.831461 0.211914 0.827247 0.211914 0.825843 0.212891 0.824438 0.212891 0.823034 0.213867 0.821629 0.213867 0.820225 0.214844 0.81882 0.214844 0.817416 0.21582 0.816011 0.21582 0.813202 0.216797 0.811798 0.216797 0.810393 0.217773 0.808989 0.217773 0.80618 0.21875 0.804775 0.21875 0.803371 0.219727 0.801966 0.219727 0.799157 0.220703 0.797753 0.220703 0.796348 0.22168 0.794944 0.22168 0.793539 0.222656 0.792135 0.222656 0.79073 0.226562 0.785112 0.227539 0.785112 0.228516 0.783708 0.229492 0.783708 0.230469 0.782303 0.231445 0.782303 0.236328 0.775281 0.236328 0.773876 0.240234 0.768258 0.241211 0.768258 0.242188 0.766854 0.245117 0.766854 0.246094 0.765449 0.24707 0.765449 0.248047 0.764045 0.25 0.764045 0.250977 0.76264 0.25293 0.76264 0.253906 0.761236 0.254883 0.761236 0.255859 0.759831 0.256836 0.759831 0.257812 0.758427 0.258789 0.758427 0.260742 0.755618 0.262695 0.755618 0.263672 0.754214 0.265625 0.754214 0.266602 0.752809 0.268555 0.752809 0.269531 0.751405 0.270508 0.751405 0.288086 0.726124 0.288086 0.724719 0.291992 0.719101 0.291992 0.717697 0.292969 0.716292 0.293945 0.716292 0.293945 0.714888 0.299805 0.706461 0.299805 0.705056 0.303711 0.699438 0.303711 0.698034 0.305664 0.695225 0.305664 0.69382 0.307617 0.691011 0.307617 0.689607 0.308594 0.688202 0.308594 0.686798 0.310547 0.683989 0.310547 0.682584 0.3125 0.679775 0.3125 0.678371 0.314453 0.675562 0.314453 0.674157 0.31543 0.672753 0.31543 0.671348 0.316406 0.669944 0.316406 0.668539 0.318359 0.66573 0.318359 0.664326 0.320312 0.661517 0.320312 0.660112 0.322266 0.657303 0.322266 0.655899 0.324219 0.65309 0.324219 0.651685 0.328125 0.646067 0.329102 0.646067 0.333008 0.640449 0.333008 0.639045 0.333984 0.63764 0.333984 0.636236 0.334961 0.634831 0.334961 0.633427 0.335938 0.632023 0.335938 0.630618 0.336914 0.629214 0.336914 0.627809 0.337891 0.626405 0.337891 0.625 0.338867 0.623595 0.338867 0.622191 0.339844 0.620786 0.339844 0.619382 0.34082 0.617977 0.34082 0.615169 0.341797 0.613764 0.341797 0.610955 0.342773 0.609551 0.342773 0.606742 0.34375 0.605337 0.34375 0.602528 0.345703 0.599719 0.345703 0.598315 0.350586 0.591292 0.350586 0.589888 0.353516 0.585674 0.353516 0.58427 0.355469 0.581461 0.355469 0.580056 0.359375 0.574438 0.359375 0.573034 0.360352 0.571629 0.360352 0.570225 0.361328 0.56882 0.361328 0.567416 0.362305 0.566011 0.362305 0.564607 0.364258 0.561798 0.364258 0.558989 0.365234 0.557584 0.365234 0.554775 0.366211 0.553371 0.366211 0.551966 0.368164 0.549157 0.368164 0.547753 0.369141 0.546348 0.369141 0.544944 0.37207 0.54073 0.37207 0.539326 0.375 0.535112 0.375977 0.535112 0.37793 0.532303 0.378906 0.532303 0.379883 0.530899 0.380859 0.530899 0.383789 0.526685 0.384766 0.526685 0.385742 0.525281 0.386719 0.525281 0.387695 0.523876 0.388672 0.523876 0.389648 0.522472 0.390625 0.522472 0.391602 0.521067 0.392578 0.521067 0.393555 0.519663 0.395508 0.519663 0.396484 0.518258 0.397461 0.518258 0.399414 0.515449 0.400391 0.515449 0.401367 0.514045 0.40332 0.514045 0.407227 0.508427 0.408203 0.508427 0.410156 0.505618 0.411133 0.505618 0.416016 0.498596 0.416992 0.498596 0.418945 0.495787 0.419922 0.495787 0.420898 0.494382 0.422852 0.494382 0.423828 0.492978 0.425781 0.492978 0.426758 0.491573 0.435547 0.491573 0.436523 0.490169 0.498047 0.554775 0.498047 0.553371 0.49707 0.551966 0.49707 0.550562 0.496094 0.549157 0.496094 0.546348 0.495117 0.544944 0.495117 0.54073 0.496094 0.539326 0.496094 0.523876 0.495117 0.522472 0.495117 0.521067 0.494141 0.519663 0.493164 0.519663 0.491211 0.522472 0.491211 0.523876 0.490234 0.523876 0.489258 0.525281 0.488281 0.523876 0.487305 0.523876 0.486328 0.522472 0.485352 0.522472 0.484375 0.523876 0.482422 0.523876 0.481445 0.522472 0.481445 0.521067 0.480469 0.519663 0.480469 0.51264 0.481445 0.511236 0.483398 0.511236 0.485352 0.514045 0.486328 0.514045 0.488281 0.511236 0.491211 0.511236 0.492188 0.51264 0.492188 0.514045 0.493164 0.515449 0.495117 0.51264 0.495117 0.511236 0.498047 0.507023 0.499023 0.508427 0.500977 0.508427 0.50293 0.511236 0.503906 0.511236 0.504883 0.51264 0.505859 0.51264 0.506836 0.514045 0.506836 0.516854 0.505859 0.518258 0.505859 0.519663 0.504883 0.521067 0.503906 0.521067 0.500977 0.525281 0.618164 0.581461 0.615234 0.581461 0.615234 0.575843 0.618164 0.575843
1 0.298828 0.390449 0.297852 0.390449 0.296875 0.389045 0.295898 0.389045 0.294922 0.38764 0.292969 0.390449 0.292969 0.394663 0.298828 0.394663 0.298828 0.390449 0.352539 0.296348 0.349609 0.296348 0.347656 0.293539 0.347656 0.271067 0.348633 0.269663 0.326172 0.240169 0.326172 0.238764 0.330078 0.233146 0.330078 0.231742 0.332031 0.228933 0.332031 0.227528 0.333008 0.226124 0.333008 0.224719 0.333984 0.223315 0.333984 0.22191 0.334961 0.220506 0.334961 0.219101 0.336914 0.216292 0.336914 0.214888 0.337891 0.213483 0.337891 0.212079 0.338867 0.210674 0.338867 0.20927 0.339844 0.207865 0.339844 0.206461 0.34082 0.205056 0.34082 0.203652 0.34375 0.199438 0.34375 0.198034 0.342773 0.196629 0.342773 0.195225 0.338867 0.189607 0.338867 0.188202 0.337891 0.186798 0.336914 0.186798 0.332031 0.179775 0.332031 0.178371 0.331055 0.176966 0.331055 0.171348 0.318359 0.171348 0.318359 0.175562 0.316406 0.178371 0.31543 0.178371 0.310547 0.185393 0.30957 0.185393 0.307617 0.188202 0.306641 0.188202 0.302734 0.19382 0.302734 0.195225 0.300781 0.198034 0.300781 0.200843 0.299805 0.202247 0.299805 0.206461 0.298828 0.207865 0.298828 0.20927 0.297852 0.210674 0.297852 0.212079 0.296875 0.213483 0.296875 0.214888 0.294922 0.217697 0.294922 0.219101 0.291016 0.224719 0.290039 0.224719 0.289062 0.226124 0.288086 0.226124 0.286133 0.228933 0.285156 0.228933 0.282227 0.233146 0.282227 0.235955 0.28125 0.23736 0.28125 0.238764 0.280273 0.240169 0.280273 0.241573 0.279297 0.242978 0.279297 0.245787 0.277344 0.248596 0.277344 0.25 0.276367 0.251404 0.275391 0.251404 0.272461 0.255618 0.271484 0.255618 0.270508 0.257022 0.270508 0.258427 0.268555 0.261236 0.267578 0.261236 0.267578 0.264045 0.266602 0.265449 0.266602 0.268258 0.265625 0.269663 0.265625 0.271067 0.264648 0.272472 0.264648 0.273876 0.263672 0.275281 0.263672 0.279494 0.262695 0.280899 0.262695 0.282303 0.261719 0.283708 0.261719 0.285112 0.259766 0.287921 0.259766 0.29073 0.258789 0.292135 0.258789 0.294944 0.257812 0.296348 0.257812 0.299157 0.256836 0.300562 0.256836 0.301966 0.255859 0.303371 0.255859 0.307584 0.254883 0.308989 0.254883 0.311798 0.253906 0.313202 0.253906 0.314607 0.250977 0.31882 0.248047 0.31882 0.248047 0.394663 0.270508 0.394663 0.270508 0.390449 0.269531 0.389045 0.269531 0.383427 0.268555 0.382022 0.268555 0.379213 0.267578 0.377809 0.267578 0.375 0.266602 0.373596 0.266602 0.367978 0.271484 0.360955 0.275391 0.360955 0.27832 0.365169 0.27832 0.369382 0.279297 0.370787 0.279297 0.373596 0.27832 0.375 0.27832 0.376404 0.277344 0.377809 0.277344 0.380618 0.275391 0.383427 0.275391 0.384831 0.277344 0.38764 0.277344 0.394663 0.287109 0.394663 0.287109 0.390449 0.286133 0.389045 0.286133 0.384831 0.285156 0.383427 0.285156 0.380618 0.28418 0.379213 0.28418 0.376404 0.283203 0.375 0.283203 0.373596 0.280273 0.369382 0.280273 0.360955 0.282227 0.358146 0.28418 0.358146 0.286133 0.360955 0.286133 0.365169 0.286133 0.363764 0.287109 0.36236 0.287109 0.352528 0.288086 0.351124 0.288086 0.342697 0.289062 0.341292 0.289062 0.338483 0.291016 0.335674 0.291016 0.33427 0.291992 0.332865 0.291992 0.327247 0.292969 0.325843 0.292969 0.324438 0.293945 0.323034 0.293945 0.321629 0.294922 0.320225 0.294922 0.317416 0.295898 0.316011 0.295898 0.313202 0.296875 0.311798 0.296875 0.310393 0.297852 0.308989 0.297852 0.307584 0.298828 0.30618 0.298828 0.303371 0.300781 0.300562 0.300781 0.299157 0.301758 0.297753 0.301758 0.296348 0.302734 0.294944 0.302734 0.293539 0.304688 0.29073 0.304688 0.289326 0.306641 0.286517 0.306641 0.285112 0.307617 0.283708 0.307617 0.282303 0.308594 0.280899 0.308594 0.279494 0.30957 0.27809 0.30957 0.276685 0.310547 0.275281 0.310547 0.273876 0.311523 0.272472 0.311523 0.271067 0.3125 0.269663 0.3125 0.268258 0.313477 0.266854 0.313477 0.265449 0.314453 0.264045 0.314453 0.26264 0.316406 0.259831 0.316406 0.258427 0.319336 0.254213 0.319336 0.252809 0.321289 0.25 0.321289 0.248596 0.323242 0.245787 0.323242 0.244382 0.326172 0.240169 0.348633 0.269663 0.348633 0.268258 0.349609 0.266854 0.352539 0.266854 0.352539 0.296348
1 0.408203 1 0.407227 1 0.404297 1 0.404297 1 0.408203 1 0.408203 1 0.415039 0.992977 0.416016 0.992977 0.419922 0.998595 0.420898 0.998595 0.421875 1 0.429688 1 0.430664 1 0.436523 1 0.4375 1 0.4375 1 0.461914 1 0.461914 0.966292 0.458984 0.966292 0.456055 0.962079 0.456055 0.960674 0.454102 0.957865 0.454102 0.952247 0.404297 0.952247 0.404297 0.970506 0.407227 0.970506 0.40918 0.973315 0.40918 0.976124 0.410156 0.977528 0.410156 0.980337 0.411133 0.981742 0.411133 0.983146 0.412109 0.984551 0.412109 0.98736 0.413086 0.988764 0.413086 0.990169 0.415039 0.992977
