0 0.0820312 0.169271 0.0820312 0.173177 0.0800781 0.175781 0.0791016 0.175781 0.078125 0.177083 0.0771484 0.177083 0.0751953 0.179688 0.0742188 0.179688 0.0732422 0.18099 0.0722656 0.18099 0.0712891 0.182292 0.0703125 0.182292 0.0683594 0.184896 0.0664062 0.184896 0.0654297 0.186198 0.0644531 0.186198 0.0634766 0.1875 0.0625 0.1875 0.0615234 0.188802 0.0605469 0.188802 0.0595703 0.190104 0.0585938 0.190104 0.0576172 0.191406 0.0566406 0.191406 0.0556641 0.192708 0.0546875 0.192708 0.0537109 0.19401 0.0527344 0.19401 0.0517578 0.195312 0.0507812 0.195312 0.0498047 0.196615 0.0488281 0.196615 0.0478516 0.197917 0.046875 0.197917 0.0458984 0.199219 0.0449219 0.199219 0.0439453 0.200521 0.0429688 0.200521 0.0419922 0.201823 0.0410156 0.201823 0.0400391 0.203125 0.0390625 0.203125 0.0371094 0.205729 0.0361328 0.205729 0.0341797 0.208333 0.0332031 0.208333 0.0302734 0.21224 0.0292969 0.21224 0.0283203 0.213542 0.0273438 0.213542 0.0244141 0.217448 0.0224609 0.217448 0.0214844 0.21875 0.0205078 0.21875 0.0185547 0.221354 0.0175781 0.221354 0.0166016 0.222656 0.015625 0.222656 0.0146484 0.223958 0.0136719 0.223958 0.0107422 0.227865 0.00976562 0.227865 0.00488281 0.234375 0.00488281 0.235677 0.000976562 0.240885 0 0.240885 0 0.294271 0.00292969 0.294271 0.00390625 0.292969 0.0078125 0.292969 0.00878906 0.291667 0.0205078 0.291667 0.0214844 0.292969 0.0292969 0.292969 0.0302734 0.294271 0.0361328 0.294271 0.0371094 0.295573 0.0400391 0.295573 0.0410156 0.296875 0.0429688 0.296875 0.0439453 0.298177 0.0449219 0.298177 0.0458984 0.299479 0.046875 0.299479 0.0478516 0.300781 0.0488281 0.300781 0.0498047 0.302083 0.0517578 0.302083 0.0527344 0.303385 0.0537109 0.303385 0.0546875 0.304688 0.0566406 0.304688 0.0576172 0.30599 0.0605469 0.30599 0.0615234 0.307292 0.0820312 0.307292 0.0830078 0.30599 0.0859375 0.30599 0.0869141 0.304688 0.0898438 0.304688 0.0908203 0.303385 0.0917969 0.303385 0.0927734 0.302083 0.0947266 0.302083 0.0957031 0.300781 0.0966797 0.300781 0.0976562 0.299479 0.0996094 0.299479 0.100586 0.298177 0.102539 0.298177 0.103516 0.296875 0.104492 0.296875 0.105469 0.295573 0.106445 0.295573 0.107422 0.294271 0.108398 0.294271 0.109375 0.292969 0.110352 0.292969 0.111328 0.291667 0.112305 0.291667 0.113281 0.290365 0.114258 0.290365 0.115234 0.289062 0.117188 0.289062 0.118164 0.28776 0.119141 0.28776 0.120117 0.286458 0.121094 0.286458 0.12207 0.285156 0.123047 0.285156 0.124023 0.283854 0.125 0.283854 0.125977 0.282552 0.126953 0.282552 0.128906 0.279948 0.129883 0.279948 0.130859 0.278646 0.131836 0.278646 0.132812 0.277344 0.133789 0.277344 0.135742 0.27474 0.136719 0.27474 0.137695 0.273438 0.138672 0.273438 0.140625 0.270833 0.141602 0.270833 0.142578 0.269531 0.143555 0.269531 0.144531 0.268229 0.145508 0.268229 0.146484 0.266927 0.147461 0.266927 0.148438 0.265625 0.149414 0.265625 0.150391 0.264323 0.151367 0.264323 0.154297 0.260417 0.155273 0.260417 0.161133 0.252604 0.161133 0.251302 0.169922 0.239583 0.169922 0.238281 0.170898 0.236979 0.170898 0.235677 0.172852 0.233073 0.172852 0.231771 0.173828 0.230469 0.173828 0.229167 0.174805 0.227865 0.174805 0.226562 0.175781 0.22526 0.175781 0.223958 0.177734 0.221354 0.180664 0.221354 0.180664 0.182292 0.175781 0.182292 0.174805 0.18099 0.168945 0.18099 0.167969 0.182292 0.164062 0.182292 0.163086 0.18099 0.161133 0.18099 0.158203 0.177083 0.157227 0.177083 0.154297 0.173177 0.154297 0.169271
1 0.946289 0.622396 0.946289 0.626302 0.931641 0.645833 0.931641 0.647135 0.929688 0.64974 0.928711 0.64974 0.918945 0.66276 0.917969 0.66276 0.915039 0.666667 0.915039 0.667969 0.914062 0.669271 0.913086 0.669271 0.90918 0.674479 0.908203 0.674479 0.908203 0.675781 0.90625 0.678385 0.905273 0.678385 0.901367 0.683594 0.900391 0.683594 0.894531 0.691406 0.893555 0.691406 0.890625 0.695312 0.889648 0.695312 0.887695 0.697917 0.886719 0.697917 0.884766 0.700521 0.883789 0.700521 0.881836 0.703125 0.880859 0.703125 0.878906 0.705729 0.87793 0.705729 0.87793 0.707031 0.875 0.710938 0.874023 0.710938 0.866211 0.721354 0.866211 0.722656 0.864258 0.72526 0.864258 0.726562 0.863281 0.727865 0.863281 0.729167 0.862305 0.730469 0.862305 0.731771 0.860352 0.734375 0.860352 0.735677 0.857422 0.739583 0.857422 0.740885 0.856445 0.742188 0.856445 0.744792 0.854492 0.747396 0.854492 0.748698 0.853516 0.75 0.853516 0.751302 0.852539 0.752604 0.852539 0.753906 0.849609 0.757812 0.849609 0.759115 0.848633 0.760417 0.848633 0.761719 0.847656 0.763021 0.847656 0.764323 0.84668 0.765625 0.84668 0.766927 0.845703 0.768229 0.845703 0.769531 0.844727 0.770833 0.844727 0.772135 0.841797 0.776042 0.841797 0.777344 0.84082 0.778646 0.84082 0.78125 0.839844 0.782552 0.839844 0.785156 0.838867 0.786458 0.838867 0.78776 0.837891 0.789062 0.837891 0.791667 0.836914 0.792969 0.836914 0.794271 0.835938 0.795573 0.835938 0.796875 0.834961 0.798177 0.834961 0.799479 0.833008 0.802083 0.830078 0.802083 0.830078 0.834635 0.833984 0.834635 0.834961 0.835938 0.834961 0.83724 0.835938 0.838542 0.836914 0.838542 0.837891 0.839844 0.837891 0.845052 0.857422 0.845052 0.857422 0.839844 0.862305 0.833333 0.862305 0.832031 0.864258 0.829427 0.864258 0.828125 0.865234 0.826823 0.865234 0.825521 0.866211 0.824219 0.866211 0.822917 0.868164 0.820312 0.868164 0.81901 0.869141 0.817708 0.869141 0.816406 0.870117 0.815104 0.870117 0.813802 0.871094 0.8125 0.871094 0.809896 0.87207 0.808594 0.87207 0.80599 0.873047 0.804688 0.873047 0.802083 0.874023 0.800781 0.874023 0.798177 0.875 0.796875 0.875 0.792969 0.875977 0.791667 0.875977 0.789062 0.876953 0.78776 0.876953 0.785156 0.87793 0.783854 0.87793 0.782552 0.878906 0.78125 0.878906 0.778646 0.879883 0.777344 0.879883 0.776042 0.882812 0.772135 0.882812 0.770833 0.883789 0.769531 0.883789 0.768229 0.885742 0.765625 0.885742 0.764323 0.900391 0.744792 0.900391 0.74349 0.901367 0.742188 0.901367 0.740885 0.90332 0.738281 0.90332 0.736979 0.905273 0.734375 0.905273 0.733073 0.907227 0.730469 0.907227 0.729167 0.917969 0.714844 0.918945 0.714844 0.921875 0.710938 0.922852 0.710938 0.925781 0.707031 0.926758 0.707031 0.930664 0.701823 0.931641 0.701823 0.94043 0.690104 0.941406 0.690104 0.942383 0.688802 0.942383 0.6875 0.947266 0.68099 0.947266 0.679688 0.953125 0.671875 0.953125 0.670573 0.957031 0.665365 0.957031 0.664062 0.958984 0.661458 0.958984 0.660156 0.959961 0.658854 0.959961 0.657552 0.960938 0.65625 0.960938 0.654948 0.961914 0.653646 0.961914 0.651042 0.962891 0.64974 0.96582 0.64974 0.96582 0.644531 0.962891 0.644531 0.961914 0.643229 0.961914 0.639323 0.960938 0.638021 0.960938 0.635417 0.961914 0.634115 0.961914 0.622396
1 0.436523 0.216146 0.436523 0.220052 0.43457 0.222656 0.433594 0.222656 0.432617 0.223958 0.430664 0.223958 0.429688 0.22526 0.427734 0.22526 0.426758 0.226562 0.423828 0.226562 0.422852 0.227865 0.421875 0.227865 0.420898 0.229167 0.419922 0.229167 0.418945 0.230469 0.417969 0.230469 0.416992 0.231771 0.416016 0.231771 0.415039 0.233073 0.413086 0.233073 0.412109 0.234375 0.411133 0.234375 0.410156 0.235677 0.40918 0.235677 0.408203 0.236979 0.40625 0.236979 0.405273 0.238281 0.40332 0.238281 0.402344 0.239583 0.401367 0.239583 0.400391 0.240885 0.398438 0.240885 0.397461 0.242188 0.396484 0.242188 0.395508 0.24349 0.393555 0.24349 0.392578 0.244792 0.389648 0.244792 0.388672 0.246094 0.384766 0.246094 0.383789 0.247396 0.380859 0.247396 0.379883 0.248698 0.376953 0.248698 0.375977 0.25 0.375 0.25 0.374023 0.251302 0.37207 0.251302 0.371094 0.252604 0.369141 0.252604 0.368164 0.253906 0.366211 0.253906 0.365234 0.255208 0.364258 0.255208 0.363281 0.25651 0.362305 0.25651 0.361328 0.257812 0.359375 0.257812 0.358398 0.259115 0.356445 0.259115 0.355469 0.260417 0.354492 0.260417 0.353516 0.261719 0.351562 0.261719 0.350586 0.263021 0.349609 0.263021 0.347656 0.265625 0.34668 0.265625 0.345703 0.266927 0.344727 0.266927 0.34375 0.268229 0.341797 0.268229 0.34082 0.269531 0.338867 0.269531 0.337891 0.270833 0.336914 0.270833 0.335938 0.272135 0.334961 0.272135 0.333984 0.273438 0.333008 0.273438 0.332031 0.27474 0.331055 0.27474 0.330078 0.276042 0.329102 0.276042 0.328125 0.277344 0.327148 0.277344 0.326172 0.278646 0.325195 0.278646 0.324219 0.279948 0.323242 0.279948 0.322266 0.28125 0.321289 0.28125 0.319336 0.283854 0.318359 0.283854 0.317383 0.285156 0.316406 0.285156 0.314453 0.28776 0.313477 0.28776 0.3125 0.289062 0.311523 0.289062 0.310547 0.290365 0.30957 0.290365 0.307617 0.292969 0.306641 0.292969 0.304688 0.295573 0.303711 0.295573 0.300781 0.299479 0.299805 0.299479 0.296875 0.303385 0.295898 0.303385 0.294922 0.304688 0.291016 0.304688 0.291016 0.329427 0.295898 0.329427 0.296875 0.330729 0.298828 0.330729 0.299805 0.332031 0.301758 0.332031 0.302734 0.333333 0.305664 0.333333 0.306641 0.334635 0.308594 0.334635 0.30957 0.335938 0.30957 0.339844 0.319336 0.339844 0.319336 0.335938 0.320312 0.334635 0.321289 0.334635 0.322266 0.333333 0.323242 0.333333 0.324219 0.332031 0.325195 0.332031 0.326172 0.330729 0.327148 0.330729 0.328125 0.329427 0.330078 0.329427 0.331055 0.328125 0.332031 0.328125 0.334961 0.324219 0.335938 0.324219 0.345703 0.311198 0.34668 0.311198 0.349609 0.307292 0.350586 0.307292 0.351562 0.30599 0.353516 0.30599 0.354492 0.304688 0.355469 0.304688 0.356445 0.303385 0.360352 0.303385 0.361328 0.302083 0.367188 0.302083 0.368164 0.300781 0.370117 0.300781 0.371094 0.299479 0.37207 0.299479 0.373047 0.298177 0.375 0.298177 0.375977 0.296875 0.37793 0.296875 0.378906 0.295573 0.379883 0.295573 0.383789 0.290365 0.384766 0.290365 0.385742 0.289062 0.386719 0.289062 0.387695 0.28776 0.388672 0.28776 0.389648 0.286458 0.391602 0.286458 0.392578 0.285156 0.393555 0.285156 0.394531 0.283854 0.396484 0.283854 0.397461 0.282552 0.399414 0.282552 0.400391 0.28125 0.401367 0.28125 0.402344 0.279948 0.404297 0.279948 0.405273 0.278646 0.408203 0.278646 0.40918 0.277344 0.410156 0.277344 0.411133 0.276042 0.412109 0.276042 0.413086 0.27474 0.415039 0.27474 0.416016 0.273438 0.416992 0.273438 0.417969 0.272135 0.418945 0.272135 0.419922 0.270833 0.420898 0.270833 0.421875 0.269531 0.423828 0.269531 0.424805 0.268229 0.426758 0.268229 0.427734 0.266927 0.428711 0.266927 0.429688 0.265625 0.430664 0.265625 0.431641 0.264323 0.432617 0.264323 0.433594 0.263021 0.435547 0.263021 0.436523 0.261719 0.4375 0.261719 0.438477 0.260417 0.44043 0.260417 0.441406 0.259115 0.442383 0.259115 0.443359 0.257812 0.444336 0.257812 0.445312 0.25651 0.446289 0.25651 0.448242 0.253906 0.449219 0.253906 0.451172 0.251302 0.452148 0.251302 0.461914 0.238281 0.461914 0.236979 0.463867 0.234375 0.463867 0.233073 0.466797 0.229167 0.469727 0.229167 0.469727 0.216146
1 0.474609 0.377604 0.474609 0.382812 0.472656 0.385417 0.472656 0.386719 0.469727 0.390625 0.469727 0.391927 0.46875 0.393229 0.46875 0.394531 0.467773 0.395833 0.467773 0.397135 0.46582 0.39974 0.46582 0.401042 0.464844 0.402344 0.464844 0.403646 0.463867 0.404948 0.463867 0.40625 0.461914 0.408854 0.461914 0.411458 0.460938 0.41276 0.460938 0.414062 0.459961 0.415365 0.459961 0.417969 0.458984 0.419271 0.458984 0.420573 0.457031 0.423177 0.457031 0.424479 0.456055 0.425781 0.456055 0.427083 0.454102 0.429688 0.454102 0.43099 0.442383 0.446615 0.441406 0.446615 0.4375 0.451823 0.436523 0.451823 0.431641 0.458333 0.430664 0.458333 0.424805 0.466146 0.423828 0.466146 0.422852 0.467448 0.421875 0.467448 0.420898 0.46875 0.419922 0.46875 0.417969 0.471354 0.416992 0.471354 0.407227 0.484375 0.40625 0.484375 0.402344 0.489583 0.401367 0.489583 0.396484 0.496094 0.395508 0.496094 0.389648 0.503906 0.388672 0.503906 0.385742 0.507812 0.384766 0.507812 0.379883 0.514323 0.378906 0.514323 0.376953 0.516927 0.375977 0.516927 0.374023 0.519531 0.373047 0.519531 0.37207 0.520833 0.371094 0.520833 0.369141 0.523438 0.368164 0.523438 0.367188 0.52474 0.366211 0.52474 0.364258 0.527344 0.363281 0.527344 0.361328 0.529948 0.360352 0.529948 0.359375 0.53125 0.358398 0.53125 0.356445 0.533854 0.355469 0.533854 0.350586 0.540365 0.350586 0.541667 0.34668 0.546875 0.34668 0.548177 0.345703 0.549479 0.345703 0.553385 0.344727 0.554688 0.341797 0.554688 0.341797 0.574219 0.361328 0.574219 0.361328 0.570312 0.363281 0.567708 0.364258 0.567708 0.365234 0.566406 0.366211 0.566406 0.368164 0.563802 0.369141 0.563802 0.37207 0.559896 0.373047 0.559896 0.379883 0.550781 0.380859 0.550781 0.387695 0.541667 0.388672 0.541667 0.390625 0.539062 0.391602 0.539062 0.392578 0.53776 0.393555 0.53776 0.395508 0.535156 0.396484 0.535156 0.397461 0.533854 0.398438 0.533854 0.400391 0.53125 0.401367 0.53125 0.402344 0.529948 0.40332 0.529948 0.405273 0.527344 0.40625 0.527344 0.408203 0.52474 0.40918 0.52474 0.411133 0.522135 0.412109 0.522135 0.416992 0.515625 0.417969 0.515625 0.423828 0.507812 0.424805 0.507812 0.427734 0.503906 0.428711 0.503906 0.432617 0.498698 0.433594 0.498698 0.4375 0.49349 0.438477 0.49349 0.448242 0.480469 0.449219 0.480469 0.452148 0.476562 0.453125 0.476562 0.458008 0.470052 0.458984 0.470052 0.458984 0.46875 0.464844 0.460938 0.464844 0.459635 0.47168 0.450521 0.47168 0.449219 0.472656 0.447917 0.473633 0.447917 0.475586 0.445312 0.475586 0.44401 0.479492 0.438802 0.479492 0.4375 0.481445 0.434896 0.481445 0.433594 0.483398 0.43099 0.483398 0.429688 0.486328 0.425781 0.486328 0.424479 0.488281 0.421875 0.488281 0.419271 0.489258 0.417969 0.489258 0.415365 0.490234 0.414062 0.490234 0.40625 0.491211 0.404948 0.491211 0.395833 0.490234 0.394531 0.490234 0.382812 0.489258 0.38151 0.489258 0.377604
1 0.443359 0.684896 0.443359 0.710938 0.446289 0.710938 0.447266 0.71224 0.448242 0.71224 0.450195 0.714844 0.451172 0.714844 0.452148 0.716146 0.453125 0.716146 0.455078 0.71875 0.456055 0.71875 0.457031 0.720052 0.458008 0.720052 0.458984 0.721354 0.459961 0.721354 0.460938 0.722656 0.461914 0.722656 0.462891 0.723958 0.463867 0.723958 0.46582 0.726562 0.466797 0.726562 0.467773 0.727865 0.46875 0.727865 0.469727 0.729167 0.470703 0.729167 0.47168 0.730469 0.472656 0.730469 0.474609 0.733073 0.475586 0.733073 0.476562 0.734375 0.477539 0.734375 0.479492 0.736979 0.481445 0.736979 0.482422 0.738281 0.483398 0.738281 0.484375 0.739583 0.485352 0.739583 0.486328 0.740885 0.487305 0.740885 0.488281 0.742188 0.489258 0.742188 0.490234 0.74349 0.491211 0.74349 0.493164 0.746094 0.494141 0.746094 0.495117 0.747396 0.496094 0.747396 0.49707 0.748698 0.498047 0.748698 0.499023 0.75 0.5 0.75 0.500977 0.751302 0.501953 0.751302 0.503906 0.753906 0.504883 0.753906 0.507812 0.757812 0.508789 0.757812 0.510742 0.760417 0.511719 0.760417 0.512695 0.761719 0.514648 0.761719 0.515625 0.763021 0.516602 0.763021 0.517578 0.764323 0.519531 0.764323 0.520508 0.765625 0.522461 0.765625 0.523438 0.766927 0.524414 0.766927 0.525391 0.768229 0.526367 0.768229 0.527344 0.769531 0.529297 0.769531 0.530273 0.770833 0.53125 0.770833 0.532227 0.772135 0.533203 0.772135 0.53418 0.773438 0.535156 0.773438 0.536133 0.77474 0.537109 0.77474 0.539062 0.777344 0.540039 0.777344 0.541016 0.778646 0.541992 0.778646 0.542969 0.779948 0.543945 0.779948 0.544922 0.78125 0.545898 0.78125 0.546875 0.782552 0.547852 0.782552 0.548828 0.783854 0.549805 0.783854 0.550781 0.785156 0.551758 0.785156 0.552734 0.786458 0.553711 0.786458 0.554688 0.78776 0.555664 0.78776 0.556641 0.789062 0.557617 0.789062 0.558594 0.790365 0.560547 0.790365 0.561523 0.791667 0.56543 0.791667 0.566406 0.792969 0.575195 0.792969 0.576172 0.791667 0.580078 0.791667 0.581055 0.790365 0.583984 0.790365 0.584961 0.789062 0.589844 0.789062 0.59082 0.78776 0.594727 0.78776 0.594727 0.757812 0.59082 0.757812 0.589844 0.75651 0.588867 0.75651 0.584961 0.751302 0.583984 0.751302 0.583008 0.75 0.582031 0.75 0.581055 0.748698 0.580078 0.748698 0.579102 0.747396 0.578125 0.747396 0.577148 0.746094 0.576172 0.746094 0.575195 0.744792 0.574219 0.744792 0.573242 0.74349 0.571289 0.74349 0.570312 0.742188 0.569336 0.742188 0.568359 0.740885 0.567383 0.740885 0.566406 0.739583 0.564453 0.739583 0.563477 0.738281 0.5625 0.738281 0.561523 0.736979 0.560547 0.736979 0.55957 0.735677 0.558594 0.735677 0.557617 0.734375 0.555664 0.734375 0.554688 0.733073 0.553711 0.733073 0.552734 0.731771 0.550781 0.731771 0.549805 0.730469 0.548828 0.730469 0.547852 0.729167 0.546875 0.729167 0.545898 0.727865 0.544922 0.727865 0.543945 0.726562 0.542969 0.726562 0.541992 0.72526 0.541016 0.72526 0.540039 0.723958 0.539062 0.723958 0.537109 0.721354 0.536133 0.721354 0.53418 0.71875 0.533203 0.71875 0.529297 0.713542 0.52832 0.713542 0.525391 0.709635 0.524414 0.709635 0.520508 0.704427 0.519531 0.704427 0.517578 0.701823 0.516602 0.701823 0.515625 0.700521 0.514648 0.700521 0.513672 0.699219 0.512695 0.699219 0.511719 0.697917 0.509766 0.697917 0.508789 0.696615 0.507812 0.696615 0.506836 0.695312 0.505859 0.695312 0.504883 0.69401 0.50293 0.69401 0.501953 0.692708 0.5 0.692708 0.499023 0.691406 0.496094 0.691406 0.495117 0.690104 0.494141 0.690104 0.493164 0.688802 0.493164 0.684896
1 0.109375 0.591146 0.109375 0.595052 0.108398 0.596354 0.107422 0.596354 0.106445 0.597656 0.104492 0.597656 0.103516 0.598958 0.100586 0.598958 0.0996094 0.60026 0.0966797 0.60026 0.0957031 0.601562 0.09375 0.601562 0.0927734 0.602865 0.0898438 0.602865 0.0888672 0.604167 0.0859375 0.604167 0.0849609 0.605469 0.0820312 0.605469 0.0810547 0.606771 0.0791016 0.606771 0.078125 0.608073 0.0761719 0.608073 0.0751953 0.609375 0.0722656 0.609375 0.0712891 0.610677 0.0693359 0.610677 0.0683594 0.611979 0.0673828 0.611979 0.0664062 0.613281 0.0654297 0.613281 0.0644531 0.614583 0.0634766 0.614583 0.0625 0.615885 0.0615234 0.615885 0.0605469 0.617188 0.0595703 0.617188 0.0595703 0.61849 0.0576172 0.621094 0.0566406 0.621094 0.0556641 0.622396 0.0556641 0.625 0.0546875 0.626302 0.0546875 0.630208 0.0556641 0.63151 0.0556641 0.632812 0.0566406 0.634115 0.0576172 0.634115 0.0585938 0.635417 0.0615234 0.635417 0.0625 0.634115 0.0673828 0.634115 0.0683594 0.632812 0.0751953 0.632812 0.0761719 0.634115 0.0898438 0.634115 0.0908203 0.632812 0.107422 0.632812 0.108398 0.634115 0.114258 0.634115 0.115234 0.635417 0.144531 0.635417 0.145508 0.636719 0.152344 0.636719 0.15332 0.638021 0.158203 0.638021 0.15918 0.639323 0.163086 0.639323 0.164062 0.640625 0.166992 0.640625 0.167969 0.641927 0.170898 0.641927 0.171875 0.643229 0.174805 0.643229 0.175781 0.644531 0.179688 0.644531 0.180664 0.645833 0.186523 0.645833 0.1875 0.647135 0.191406 0.647135 0.192383 0.648438 0.196289 0.648438 0.197266 0.64974 0.199219 0.64974 0.200195 0.651042 0.204102 0.651042 0.205078 0.652344 0.206055 0.652344 0.208008 0.654948 0.208984 0.654948 0.209961 0.65625 0.210938 0.65625 0.211914 0.657552 0.212891 0.657552 0.214844 0.660156 0.216797 0.660156 0.217773 0.661458 0.219727 0.661458 0.220703 0.66276 0.22168 0.66276 0.222656 0.664062 0.223633 0.664062 0.224609 0.665365 0.225586 0.665365 0.226562 0.666667 0.227539 0.666667 0.228516 0.667969 0.229492 0.667969 0.230469 0.669271 0.232422 0.669271 0.233398 0.670573 0.235352 0.670573 0.236328 0.671875 0.239258 0.671875 0.240234 0.673177 0.242188 0.673177 0.243164 0.674479 0.244141 0.674479 0.245117 0.675781 0.246094 0.675781 0.24707 0.677083 0.25 0.677083 0.250977 0.678385 0.251953 0.678385 0.25293 0.679688 0.254883 0.679688 0.255859 0.68099 0.258789 0.68099 0.259766 0.682292 0.262695 0.682292 0.263672 0.683594 0.266602 0.683594 0.267578 0.684896 0.269531 0.684896 0.270508 0.686198 0.271484 0.686198 0.272461 0.6875 0.274414 0.6875 0.275391 0.688802 0.280273 0.688802 0.28125 0.690104 0.288086 0.690104 0.289062 0.691406 0.292969 0.691406 0.293945 0.692708 0.296875 0.692708 0.297852 0.69401 0.299805 0.69401 0.300781 0.695312 0.301758 0.695312 0.302734 0.696615 0.304688 0.696615 0.305664 0.697917 0.307617 0.697917 0.308594 0.699219 0.310547 0.699219 0.311523 0.700521 0.313477 0.700521 0.314453 0.701823 0.317383 0.701823 0.318359 0.703125 0.321289 0.703125 0.322266 0.704427 0.324219 0.704427 0.325195 0.705729 0.326172 0.705729 0.327148 0.707031 0.329102 0.707031 0.330078 0.708333 0.332031 0.708333 0.333008 0.709635 0.334961 0.709635 0.335938 0.710938 0.338867 0.710938 0.339844 0.71224 0.34375 0.71224 0.344727 0.713542 0.348633 0.713542 0.349609 0.714844 0.353516 0.714844 0.354492 0.716146 0.357422 0.716146 0.358398 0.717448 0.361328 0.717448 0.362305 0.71875 0.364258 0.71875 0.365234 0.720052 0.368164 0.720052 0.369141 0.721354 0.37207 0.721354 0.373047 0.722656 0.376953 0.722656 0.37793 0.723958 0.385742 0.723958 0.386719 0.72526 0.399414 0.72526 0.400391 0.726562 0.40625 0.726562 0.407227 0.727865 0.416016 0.727865 0.416992 0.726562 0.420898 0.726562 0.421875 0.727865 0.423828 0.727865 0.424805 0.726562 0.425781 0.726562 0.426758 0.72526 0.430664 0.72526 0.430664 0.716146 0.426758 0.716146 0.424805 0.713542 0.423828 0.713542 0.422852 0.71224 0.419922 0.71224 0.418945 0.710938 0.417969 0.710938 0.416992 0.709635 0.416016 0.709635 0.415039 0.708333 0.414062 0.708333 0.413086 0.707031 0.411133 0.707031 0.410156 0.705729 0.407227 0.705729 0.40625 0.704427 0.401367 0.704427 0.400391 0.703125 0.398438 0.703125 0.397461 0.701823 0.395508 0.701823 0.394531 0.700521 0.393555 0.700521 0.392578 0.699219 0.391602 0.699219 0.390625 0.697917 0.388672 0.697917 0.387695 0.696615 0.386719 0.696615 0.385742 0.695312 0.384766 0.695312 0.382812 0.692708 0.380859 0.692708 0.379883 0.691406 0.378906 0.691406 0.37793 0.690104 0.376953 0.690104 0.375977 0.688802 0.375 0.688802 0.374023 0.6875 0.373047 0.6875 0.37207 0.686198 0.369141 0.686198 0.368164 0.684896 0.367188 0.684896 0.366211 0.683594 0.365234 0.683594 0.364258 0.682292 0.360352 0.682292 0.359375 0.68099 0.356445 0.68099 0.355469 0.679688 0.353516 0.679688 0.352539 0.678385 0.350586 0.678385 0.349609 0.677083 0.347656 0.677083 0.34668 0.675781 0.344727 0.675781 0.34375 0.674479 0.34082 0.674479 0.339844 0.673177 0.330078 0.673177 0.329102 0.671875 0.324219 0.671875 0.323242 0.670573 0.319336 0.670573 0.318359 0.669271 0.316406 0.669271 0.31543 0.667969 0.313477 0.667969 0.3125 0.666667 0.310547 0.666667 0.30957 0.665365 0.306641 0.665365 0.305664 0.664062 0.303711 0.664062 0.302734 0.66276 0.299805 0.66276 0.298828 0.661458 0.294922 0.661458 0.293945 0.660156 0.291016 0.660156 0.290039 0.658854 0.288086 0.658854 0.287109 0.657552 0.286133 0.657552 0.285156 0.65625 0.283203 0.65625 0.282227 0.654948 0.28125 0.654948 0.280273 0.653646 0.27832 0.653646 0.277344 0.652344 0.276367 0.652344 0.275391 0.651042 0.274414 0.651042 0.273438 0.64974 0.272461 0.64974 0.271484 0.648438 0.270508 0.648438 0.269531 0.647135 0.268555 0.647135 0.266602 0.644531 0.265625 0.644531 0.264648 0.643229 0.263672 0.643229 0.262695 0.641927 0.261719 0.641927 0.259766 0.639323 0.258789 0.639323 0.257812 0.638021 0.255859 0.638021 0.253906 0.635417 0.251953 0.635417 0.250977 0.634115 0.25 0.634115 0.249023 0.632812 0.24707 0.632812 0.246094 0.63151 0.245117 0.63151 0.244141 0.630208 0.241211 0.630208 0.240234 0.628906 0.237305 0.628906 0.236328 0.627604 0.234375 0.627604 0.233398 0.626302 0.232422 0.626302 0.231445 0.625 0.229492 0.625 0.228516 0.623698 0.226562 0.623698 0.225586 0.622396 0.224609 0.622396 0.222656 0.619792 0.220703 0.619792 0.219727 0.61849 0.216797 0.61849 0.21582 0.617188 0.213867 0.617188 0.212891 0.615885 0.210938 0.615885 0.209961 0.614583 0.207031 0.614583 0.206055 0.613281 0.203125 0.613281 0.202148 0.611979 0.199219 0.611979 0.198242 0.610677 0.197266 0.610677 0.196289 0.609375 0.195312 0.609375 0.194336 0.608073 0.192383 0.608073 0.19043 0.605469 0.19043 0.602865 0.191406 0.601562 0.186523 0.595052 0.186523 0.591146
1 0.34082 0.507812 0.34082 0.511719 0.337891 0.515625 0.336914 0.515625 0.333984 0.519531 0.333008 0.519531 0.330078 0.523438 0.329102 0.523438 0.327148 0.526042 0.326172 0.526042 0.324219 0.528646 0.323242 0.528646 0.321289 0.53125 0.320312 0.53125 0.318359 0.533854 0.317383 0.533854 0.313477 0.539062 0.3125 0.539062 0.305664 0.548177 0.304688 0.548177 0.300781 0.553385 0.300781 0.554688 0.295898 0.561198 0.295898 0.5625 0.293945 0.565104 0.293945 0.566406 0.291992 0.56901 0.291992 0.570312 0.291016 0.571615 0.291016 0.572917 0.289062 0.575521 0.289062 0.576823 0.288086 0.578125 0.288086 0.579427 0.287109 0.580729 0.287109 0.582031 0.286133 0.583333 0.286133 0.584635 0.28418 0.58724 0.28418 0.588542 0.282227 0.591146 0.282227 0.592448 0.28125 0.59375 0.28125 0.595052 0.280273 0.596354 0.280273 0.597656 0.279297 0.598958 0.279297 0.60026 0.27832 0.601562 0.27832 0.602865 0.277344 0.604167 0.277344 0.605469 0.276367 0.606771 0.276367 0.608073 0.275391 0.609375 0.275391 0.610677 0.273438 0.613281 0.273438 0.614583 0.270508 0.61849 0.267578 0.61849 0.267578 0.644531 0.271484 0.644531 0.274414 0.648438 0.274414 0.652344 0.287109 0.652344 0.287109 0.647135 0.290039 0.643229 0.290039 0.641927 0.293945 0.636719 0.293945 0.635417 0.296875 0.63151 0.296875 0.630208 0.299805 0.626302 0.299805 0.625 0.302734 0.621094 0.302734 0.619792 0.304688 0.617188 0.304688 0.615885 0.306641 0.613281 0.306641 0.611979 0.308594 0.609375 0.308594 0.608073 0.30957 0.606771 0.30957 0.605469 0.310547 0.604167 0.310547 0.602865 0.311523 0.601562 0.311523 0.60026 0.3125 0.598958 0.3125 0.597656 0.314453 0.595052 0.314453 0.59375 0.316406 0.591146 0.316406 0.589844 0.318359 0.58724 0.318359 0.585938 0.322266 0.580729 0.322266 0.579427 0.328125 0.571615 0.328125 0.570312 0.330078 0.567708 0.331055 0.567708 0.335938 0.561198 0.335938 0.559896 0.34375 0.549479 0.34375 0.548177 0.348633 0.541667 0.348633 0.540365 0.351562 0.536458 0.351562 0.535156 0.356445 0.528646 0.360352 0.528646 0.360352 0.507812
1 0.860352 0.934896 0.860352 0.940104 0.859375 0.941406 0.858398 0.941406 0.856445 0.94401 0.853516 0.94401 0.853516 0.972656 0.860352 0.972656 0.861328 0.973958 0.864258 0.973958 0.865234 0.97526 0.868164 0.97526 0.869141 0.976562 0.873047 0.976562 0.874023 0.977865 0.875977 0.977865 0.876953 0.979167 0.878906 0.979167 0.879883 0.980469 0.880859 0.980469 0.881836 0.981771 0.883789 0.981771 0.884766 0.983073 0.885742 0.983073 0.886719 0.984375 0.887695 0.984375 0.888672 0.985677 0.890625 0.985677 0.891602 0.986979 0.892578 0.986979 0.893555 0.988281 0.894531 0.988281 0.895508 0.989583 0.896484 0.989583 0.897461 0.990885 0.899414 0.990885 0.900391 0.992188 0.902344 0.992188 0.90332 0.99349 0.905273 0.99349 0.90625 0.994792 0.912109 0.994792 0.913086 0.996094 0.915039 0.996094 0.916016 0.997396 0.916016 0.998698 0.999023 0.998698 0.999023 0.971354 0.998047 0.971354 0.99707 0.970052 0.996094 0.970052 0.995117 0.96875 0.994141 0.96875 0.993164 0.967448 0.990234 0.967448 0.989258 0.966146 0.988281 0.966146 0.987305 0.964844 0.985352 0.964844 0.984375 0.963542 0.982422 0.963542 0.981445 0.96224 0.980469 0.96224 0.979492 0.960938 0.978516 0.960938 0.976562 0.958333 0.975586 0.958333 0.974609 0.957031 0.973633 0.957031 0.972656 0.955729 0.97168 0.955729 0.970703 0.954427 0.969727 0.954427 0.96875 0.953125 0.967773 0.953125 0.966797 0.951823 0.964844 0.951823 0.963867 0.950521 0.962891 0.950521 0.961914 0.949219 0.959961 0.949219 0.958984 0.947917 0.956055 0.947917 0.955078 0.946615 0.951172 0.946615 0.950195 0.945312 0.945312 0.945312 0.944336 0.94401 0.942383 0.94401 0.941406 0.942708 0.939453 0.942708 0.938477 0.941406 0.936523 0.941406 0.935547 0.940104 0.93457 0.940104 0.933594 0.938802 0.933594 0.934896
1 0.924805 0.763021 0.924805 0.768229 0.923828 0.769531 0.923828 0.770833 0.921875 0.773438 0.921875 0.77474 0.920898 0.776042 0.920898 0.777344 0.919922 0.778646 0.919922 0.779948 0.918945 0.78125 0.918945 0.782552 0.917969 0.783854 0.917969 0.786458 0.916992 0.78776 0.916992 0.792969 0.916016 0.794271 0.916016 0.800781 0.915039 0.802083 0.915039 0.807292 0.914062 0.808594 0.914062 0.815104 0.913086 0.816406 0.913086 0.820312 0.912109 0.821615 0.912109 0.824219 0.910156 0.826823 0.910156 0.828125 0.90918 0.829427 0.90918 0.830729 0.908203 0.832031 0.908203 0.833333 0.907227 0.834635 0.907227 0.835938 0.90625 0.83724 0.90625 0.838542 0.905273 0.839844 0.905273 0.841146 0.904297 0.842448 0.904297 0.84375 0.90332 0.845052 0.90332 0.846354 0.901367 0.848958 0.901367 0.85026 0.899414 0.852865 0.896484 0.852865 0.896484 0.907552 0.914062 0.907552 0.914062 0.903646 0.916992 0.89974 0.917969 0.89974 0.920898 0.895833 0.920898 0.894531 0.923828 0.890625 0.923828 0.889323 0.924805 0.888021 0.924805 0.886719 0.925781 0.885417 0.925781 0.884115 0.926758 0.882812 0.926758 0.88151 0.927734 0.880208 0.927734 0.877604 0.928711 0.876302 0.928711 0.873698 0.929688 0.872396 0.929688 0.869792 0.930664 0.86849 0.930664 0.865885 0.931641 0.864583 0.931641 0.860677 0.932617 0.859375 0.932617 0.858073 0.933594 0.856771 0.933594 0.854167 0.93457 0.852865 0.93457 0.85026 0.935547 0.848958 0.935547 0.845052 0.936523 0.84375 0.936523 0.841146 0.9375 0.839844 0.9375 0.838542 0.938477 0.83724 0.938477 0.834635 0.939453 0.833333 0.939453 0.832031 0.94043 0.830729 0.94043 0.828125 0.941406 0.826823 0.941406 0.825521 0.942383 0.824219 0.942383 0.821615 0.943359 0.820312 0.943359 0.817708 0.944336 0.816406 0.944336 0.8125 0.945312 0.811198 0.945312 0.807292 0.946289 0.80599 0.946289 0.803385 0.947266 0.802083 0.947266 0.796875 0.948242 0.795573 0.948242 0.785156 0.949219 0.783854 0.949219 0.763021
1 0.461914 0.565104 0.461914 0.56901 0.459961 0.571615 0.458008 0.571615 0.457031 0.572917 0.455078 0.572917 0.454102 0.574219 0.453125 0.574219 0.452148 0.575521 0.450195 0.575521 0.449219 0.576823 0.448242 0.576823 0.447266 0.578125 0.446289 0.578125 0.445312 0.579427 0.443359 0.579427 0.442383 0.580729 0.441406 0.580729 0.44043 0.582031 0.438477 0.582031 0.4375 0.583333 0.43457 0.583333 0.433594 0.584635 0.432617 0.584635 0.431641 0.585938 0.430664 0.585938 0.429688 0.58724 0.427734 0.58724 0.426758 0.588542 0.425781 0.588542 0.424805 0.589844 0.423828 0.589844 0.422852 0.591146 0.421875 0.591146 0.420898 0.592448 0.419922 0.592448 0.418945 0.59375 0.417969 0.59375 0.416992 0.595052 0.416016 0.595052 0.415039 0.596354 0.414062 0.596354 0.413086 0.597656 0.412109 0.597656 0.411133 0.598958 0.410156 0.598958 0.408203 0.601562 0.407227 0.601562 0.40625 0.602865 0.404297 0.602865 0.40332 0.604167 0.402344 0.604167 0.401367 0.605469 0.400391 0.605469 0.398438 0.608073 0.397461 0.608073 0.396484 0.609375 0.395508 0.609375 0.394531 0.610677 0.393555 0.610677 0.392578 0.611979 0.391602 0.611979 0.390625 0.613281 0.389648 0.613281 0.388672 0.614583 0.387695 0.614583 0.386719 0.615885 0.385742 0.615885 0.383789 0.61849 0.382812 0.61849 0.380859 0.621094 0.379883 0.621094 0.376953 0.625 0.373047 0.625 0.373047 0.652344 0.375977 0.652344 0.376953 0.653646 0.376953 0.657552 0.384766 0.657552 0.384766 0.653646 0.385742 0.652344 0.386719 0.652344 0.387695 0.651042 0.389648 0.651042 0.390625 0.64974 0.391602 0.64974 0.392578 0.648438 0.393555 0.648438 0.394531 0.647135 0.395508 0.647135 0.396484 0.645833 0.397461 0.645833 0.398438 0.644531 0.399414 0.644531 0.401367 0.641927 0.40332 0.641927 0.404297 0.640625 0.40625 0.640625 0.407227 0.639323 0.408203 0.639323 0.40918 0.638021 0.411133 0.638021 0.412109 0.636719 0.414062 0.636719 0.415039 0.635417 0.417969 0.635417 0.418945 0.634115 0.420898 0.634115 0.421875 0.632812 0.424805 0.632812 0.425781 0.63151 0.427734 0.63151 0.428711 0.630208 0.430664 0.630208 0.431641 0.628906 0.432617 0.628906 0.433594 0.627604 0.43457 0.627604 0.435547 0.626302 0.4375 0.626302 0.438477 0.625 0.439453 0.625 0.44043 0.623698 0.441406 0.623698 0.442383 0.622396 0.443359 0.622396 0.444336 0.621094 0.446289 0.621094 0.447266 0.619792 0.448242 0.619792 0.449219 0.61849 0.450195 0.61849 0.451172 0.617188 0.452148 0.617188 0.453125 0.615885 0.455078 0.615885 0.456055 0.614583 0.457031 0.614583 0.458008 0.613281 0.458984 0.613281 0.459961 0.611979 0.461914 0.611979 0.462891 0.610677 0.463867 0.610677 0.464844 0.609375 0.466797 0.609375 0.467773 0.608073 0.469727 0.608073 0.470703 0.606771 0.474609 0.606771 0.475586 0.605469 0.477539 0.605469 0.478516 0.604167 0.480469 0.604167 0.481445 0.602865 0.482422 0.602865 0.484375 0.60026 0.485352 0.60026 0.490234 0.59375 0.493164 0.59375 0.493164 0.565104
1 0.556641 0.0286458 0.556641 0.0325521 0.554688 0.0351562 0.553711 0.0351562 0.552734 0.0364583 0.551758 0.0364583 0.550781 0.0377604 0.549805 0.0377604 0.548828 0.0390625 0.546875 0.0390625 0.545898 0.0403646 0.543945 0.0403646 0.542969 0.0416667 0.541992 0.0416667 0.541016 0.0429688 0.539062 0.0429688 0.538086 0.0442708 0.537109 0.0442708 0.536133 0.0455729 0.53418 0.0455729 0.533203 0.046875 0.529297 0.046875 0.529297 0.0833333 0.548828 0.0833333 0.549805 0.0820312 0.552734 0.0820312 0.553711 0.0807292 0.557617 0.0807292 0.558594 0.0794271 0.560547 0.0794271 0.561523 0.078125 0.56543 0.078125 0.566406 0.0768229 0.572266 0.0768229 0.573242 0.0755208 0.583008 0.0755208 0.583984 0.0742188 0.592773 0.0742188 0.59375 0.0729167 0.603516 0.0729167 0.604492 0.0716146 0.616211 0.0716146 0.617188 0.0729167 0.632812 0.0729167 0.633789 0.0742188 0.642578 0.0742188 0.643555 0.0755208 0.658203 0.0755208 0.65918 0.0768229 0.666016 0.0768229 0.666992 0.078125 0.671875 0.078125 0.672852 0.0794271 0.674805 0.0794271 0.675781 0.078125 0.679688 0.078125 0.680664 0.0768229 0.681641 0.0768229 0.683594 0.0742188 0.683594 0.0729167 0.68457 0.0716146 0.68457 0.0677083 0.683594 0.0664062 0.683594 0.0625 0.682617 0.0611979 0.682617 0.0598958 0.681641 0.0585938 0.681641 0.0572917 0.680664 0.0559896 0.680664 0.0533854 0.677734 0.0494792 0.677734 0.0481771 0.675781 0.0455729 0.674805 0.0455729 0.672852 0.0429688 0.670898 0.0429688 0.669922 0.0416667 0.666016 0.0416667 0.665039 0.0403646 0.662109 0.0403646 0.661133 0.0390625 0.658203 0.0390625 0.657227 0.0377604 0.65625 0.0377604 0.655273 0.0364583 0.65332 0.0364583 0.652344 0.0351562 0.651367 0.0351562 0.649414 0.0325521 0.649414 0.0286458
1 0.336914 0.768229 0.336914 0.772135 0.334961 0.77474 0.334961 0.776042 0.333008 0.778646 0.333008 0.78125 0.332031 0.782552 0.332031 0.786458 0.331055 0.78776 0.331055 0.791667 0.330078 0.792969 0.330078 0.794271 0.329102 0.795573 0.329102 0.796875 0.328125 0.798177 0.328125 0.800781 0.327148 0.802083 0.327148 0.804688 0.326172 0.80599 0.326172 0.808594 0.325195 0.809896 0.325195 0.811198 0.324219 0.8125 0.324219 0.813802 0.323242 0.815104 0.323242 0.816406 0.320312 0.820312 0.320312 0.821615 0.31543 0.828125 0.31543 0.829427 0.3125 0.833333 0.3125 0.834635 0.308594 0.839844 0.308594 0.841146 0.306641 0.84375 0.306641 0.845052 0.303711 0.848958 0.303711 0.85026 0.301758 0.852865 0.301758 0.854167 0.299805 0.856771 0.299805 0.858073 0.296875 0.861979 0.296875 0.863281 0.295898 0.864583 0.295898 0.865885 0.293945 0.86849 0.293945 0.869792 0.291992 0.872396 0.291992 0.873698 0.291016 0.875 0.291016 0.876302 0.288086 0.880208 0.288086 0.88151 0.285156 0.885417 0.285156 0.886719 0.283203 0.889323 0.283203 0.890625 0.28125 0.893229 0.28125 0.894531 0.279297 0.897135 0.279297 0.898438 0.277344 0.901042 0.277344 0.902344 0.275391 0.904948 0.275391 0.90625 0.273438 0.908854 0.273438 0.910156 0.272461 0.911458 0.272461 0.91276 0.271484 0.914062 0.271484 0.915365 0.269531 0.917969 0.269531 0.919271 0.268555 0.920573 0.268555 0.921875 0.266602 0.924479 0.266602 0.925781 0.265625 0.927083 0.265625 0.928385 0.263672 0.93099 0.263672 0.932292 0.262695 0.933594 0.262695 0.934896 0.260742 0.9375 0.260742 0.938802 0.258789 0.941406 0.258789 0.942708 0.256836 0.945312 0.256836 0.946615 0.253906 0.950521 0.253906 0.951823 0.250977 0.955729 0.250977 0.957031 0.249023 0.959635 0.249023 0.960938 0.248047 0.96224 0.248047 0.963542 0.246094 0.966146 0.246094 0.967448 0.244141 0.970052 0.244141 0.971354 0.240234 0.976562 0.240234 0.977865 0.239258 0.979167 0.239258 0.980469 0.237305 0.983073 0.237305 0.984375 0.236328 0.985677 0.236328 0.988281 0.235352 0.989583 0.235352 0.990885 0.234375 0.992188 0.234375 0.994792 0.233398 0.996094 0.233398 0.998698 0.258789 0.998698 0.258789 0.997396 0.260742 0.994792 0.260742 0.99349 0.265625 0.986979 0.265625 0.985677 0.286133 0.958333 0.286133 0.957031 0.289062 0.953125 0.289062 0.951823 0.291016 0.949219 0.291016 0.947917 0.291992 0.946615 0.291992 0.945312 0.292969 0.94401 0.292969 0.942708 0.293945 0.941406 0.293945 0.940104 0.294922 0.938802 0.294922 0.936198 0.295898 0.934896 0.295898 0.933594 0.296875 0.932292 0.296875 0.93099 0.297852 0.929688 0.297852 0.928385 0.300781 0.924479 0.300781 0.923177 0.302734 0.920573 0.302734 0.919271 0.303711 0.917969 0.303711 0.916667 0.305664 0.914062 0.305664 0.91276 0.311523 0.904948 0.311523 0.903646 0.31543 0.898438 0.31543 0.897135 0.319336 0.891927 0.319336 0.890625 0.322266 0.886719 0.322266 0.885417 0.323242 0.884115 0.323242 0.882812 0.325195 0.880208 0.325195 0.878906 0.326172 0.877604 0.326172 0.876302 0.327148 0.875 0.327148 0.872396 0.328125 0.871094 0.328125 0.86849 0.329102 0.867188 0.329102 0.865885 0.330078 0.864583 0.330078 0.863281 0.331055 0.861979 0.331055 0.860677 0.332031 0.859375 0.332031 0.858073 0.333008 0.856771 0.333008 0.855469 0.333984 0.854167 0.333984 0.851562 0.334961 0.85026 0.334961 0.848958 0.335938 0.847656 0.335938 0.846354 0.337891 0.84375 0.337891 0.842448 0.339844 0.839844 0.339844 0.838542 0.341797 0.835938 0.341797 0.834635 0.342773 0.833333 0.342773 0.832031 0.34375 0.830729 0.34375 0.829427 0.345703 0.826823 0.345703 0.825521 0.347656 0.822917 0.347656 0.821615 0.348633 0.820312 0.348633 0.81901 0.349609 0.817708 0.349609 0.816406 0.350586 0.815104 0.350586 0.811198 0.351562 0.809896 0.351562 0.800781 0.352539 0.799479 0.352539 0.791667 0.353516 0.790365 0.356445 0.790365 0.356445 0.768229
1 0.328125 0.542969 0.325195 0.542969 0.325195 0.544271 0.326172 0.544271 0.327148 0.542969 0.328125 0.542969 0.333984 0.529948 0.335938 0.532552 0.333984 0.535156 0.333008 0.535156 0.332031 0.533854 0.287109 0.322917 0.288086 0.321615 0.289062 0.321615 0.290039 0.320312 0.291016 0.320312 0.291992 0.31901 0.293945 0.31901 0.294922 0.317708 0.295898 0.317708 0.297852 0.315104 0.490234 0.242188 0.491211 0.24349 0.491211 0.252604 0.490234 0.253906 0.490234 0.261719 0.489258 0.263021 0.489258 0.266927 0.488281 0.268229 0.488281 0.269531 0.487305 0.270833 0.487305 0.272135 0.486328 0.273438 0.486328 0.277344 0.485352 0.278646 0.485352 0.279948 0.484375 0.28125 0.484375 0.282552 0.483398 0.283854 0.483398 0.286458 0.482422 0.28776 0.482422 0.289062 0.481445 0.290365 0.481445 0.292969 0.480469 0.294271 0.480469 0.296875 0.479492 0.298177 0.479492 0.299479 0.478516 0.300781 0.478516 0.303385 0.477539 0.304688 0.477539 0.30599 0.476562 0.307292 0.476562 0.308594 0.475586 0.309896 0.475586 0.311198 0.474609 0.3125 0.474609 0.313802 0.473633 0.315104 0.473633 0.316406 0.470703 0.320312 0.470703 0.321615 0.46875 0.324219 0.46875 0.325521 0.467773 0.326823 0.467773 0.328125 0.46582 0.330729 0.46582 0.333333 0.464844 0.334635 0.464844 0.335938 0.463867 0.33724 0.463867 0.338542 0.462891 0.339844 0.462891 0.342448 0.461914 0.34375 0.461914 0.345052 0.459961 0.347656 0.459961 0.35026 0.458984 0.351562 0.458984 0.352865 0.458008 0.354167 0.458008 0.355469 0.456055 0.358073 0.456055 0.359375 0.455078 0.360677 0.455078 0.361979 0.453125 0.364583 0.453125 0.365885 0.452148 0.367188 0.452148 0.36849 0.451172 0.369792 0.446289 0.204427 0.446289 0.203125 0.447266 0.201823 0.447266 0.200521 0.448242 0.199219 0.448242 0.195312 0.405273 0.195312 0.405273 0.200521 0.404297 0.201823 0.40332 0.201823 0.402344 0.203125 0.401367 0.203125 0.400391 0.204427 0.399414 0.204427 0.397461 0.207031 0.396484 0.207031 0.395508 0.208333 0.394531 0.208333 0.393555 0.209635 0.391602 0.209635 0.388672 0.213542 0.387695 0.213542 0.385742 0.216146 0.384766 0.216146 0.383789 0.217448 0.382812 0.217448 0.381836 0.21875 0.380859 0.21875 0.379883 0.220052 0.37793 0.220052 0.376953 0.221354 0.375977 0.221354 0.374023 0.223958 0.373047 0.223958 0.37207 0.22526 0.371094 0.22526 0.370117 0.226562 0.369141 0.226562 0.367188 0.229167 0.366211 0.229167 0.365234 0.230469 0.363281 0.230469 0.362305 0.231771 0.360352 0.231771 0.358398 0.234375 0.354492 0.234375 0.353516 0.235677 0.351562 0.235677 0.350586 0.236979 0.349609 0.236979 0.348633 0.238281 0.34668 0.238281 0.345703 0.239583 0.344727 0.239583 0.34375 0.240885 0.341797 0.240885 0.34082 0.242188 0.338867 0.242188 0.337891 0.24349 0.336914 0.24349 0.334961 0.246094 0.333984 0.246094 0.332031 0.248698 0.331055 0.248698 0.330078 0.25 0.329102 0.25 0.328125 0.251302 0.326172 0.251302 0.325195 0.252604 0.323242 0.252604 0.322266 0.253906 0.321289 0.253906 0.319336 0.25651 0.318359 0.25651 0.317383 0.257812 0.316406 0.257812 0.31543 0.259115 0.313477 0.259115 0.3125 0.260417 0.311523 0.260417 0.310547 0.261719 0.308594 0.261719 0.307617 0.263021 0.306641 0.263021 0.304688 0.265625 0.303711 0.265625 0.298828 0.272135 0.298828 0.28125 0.299805 0.282552 0.299805 0.283854 0.300781 0.285156 0.303711 0.285156 0.304688 0.283854 0.307617 0.283854 0.308594 0.282552 0.310547 0.282552 0.3125 0.279948 0.313477 0.279948 0.314453 0.278646 0.31543 0.278646 0.316406 0.277344 0.317383 0.277344 0.318359 0.276042 0.319336 0.276042 0.320312 0.27474 0.321289 0.27474 0.322266 0.273438 0.324219 0.273438 0.325195 0.272135 0.326172 0.272135 0.327148 0.270833 0.328125 0.270833 0.329102 0.269531 0.330078 0.269531 0.331055 0.268229 0.332031 0.268229 0.333984 0.265625 0.334961 0.265625 0.335938 0.264323 0.337891 0.264323 0.338867 0.263021 0.341797 0.263021 0.342773 0.261719 0.34375 0.261719 0.344727 0.260417 0.345703 0.260417 0.34668 0.259115 0.348633 0.259115 0.349609 0.257812 0.350586 0.257812 0.351562 0.25651 0.352539 0.25651 0.353516 0.255208 0.354492 0.255208 0.355469 0.253906 0.357422 0.253906 0.358398 0.252604 0.359375 0.252604 0.360352 0.251302 0.362305 0.251302 0.363281 0.25 0.364258 0.25 0.365234 0.248698 0.367188 0.248698 0.368164 0.247396 0.369141 0.247396 0.370117 0.246094 0.371094 0.246094 0.37207 0.244792 0.373047 0.244792 0.374023 0.24349 0.376953 0.24349 0.37793 0.242188 0.380859 0.242188 0.381836 0.240885 0.383789 0.240885 0.384766 0.239583 0.386719 0.239583 0.387695 0.238281 0.388672 0.238281 0.389648 0.236979 0.390625 0.236979 0.391602 0.235677 0.393555 0.235677 0.394531 0.234375 0.397461 0.234375 0.398438 0.233073 0.404297 0.233073 0.405273 0.231771 0.407227 0.231771 0.408203 0.230469 0.40918 0.230469 0.410156 0.229167 0.412109 0.229167 0.413086 0.227865 0.414062 0.227865 0.415039 0.226562 0.416992 0.226562 0.417969 0.22526 0.418945 0.22526 0.419922 0.223958 0.420898 0.223958 0.421875 0.222656 0.424805 0.222656 0.425781 0.221354 0.426758 0.221354 0.427734 0.220052 0.429688 0.220052 0.431641 0.217448 0.433594 0.217448 0.43457 0.216146 0.435547 0.216146 0.436523 0.214844 0.4375 0.214844 0.439453 0.21224 0.44043 0.21224 0.446289 0.204427 0.451172 0.369792 0.451172 0.371094 0.449219 0.373698 0.449219 0.375 0.448242 0.376302 0.448242 0.377604 0.446289 0.380208 0.446289 0.38151 0.443359 0.385417 0.443359 0.386719 0.436523 0.395833 0.436523 0.397135 0.432617 0.402344 0.432617 0.403646 0.430664 0.40625 0.430664 0.407552 0.428711 0.410156 0.428711 0.411458 0.426758 0.414062 0.426758 0.415365 0.423828 0.419271 0.423828 0.420573 0.418945 0.427083 0.418945 0.428385 0.40625 0.445312 0.405273 0.445312 0.397461 0.455729 0.396484 0.455729 0.390625 0.463542 0.389648 0.463542 0.383789 0.471354 0.382812 0.471354 0.378906 0.476562 0.37793 0.476562 0.374023 0.481771 0.373047 0.481771 0.370117 0.485677 0.369141 0.485677 0.367188 0.488281 0.366211 0.488281 0.363281 0.492188 0.362305 0.492188 0.360352 0.494792 0.359375 0.494792 0.356445 0.498698 0.355469 0.498698 0.354492 0.5 0.353516 0.5 0.351562 0.502604 0.351562 0.503906 0.352539 0.505208 0.352539 0.519531 0.349609 0.523438 0.34668 0.523438 0.345703 0.52474 0.335938 0.52474 0.334961 0.526042 0.333984 0.526042 0.333008 0.52474 0.333008 0.520833 0.330078 0.516927 0.329102 0.516927 0.328125 0.518229 0.326172 0.518229 0.325195 0.519531 0.324219 0.519531 0.323242 0.520833 0.322266 0.520833 0.321289 0.522135 0.320312 0.522135 0.319336 0.523438 0.317383 0.523438 0.316406 0.52474 0.3125 0.52474 0.311523 0.526042 0.308594 0.526042 0.307617 0.527344 0.304688 0.527344 0.303711 0.528646 0.301758 0.528646 0.299805 0.53125 0.298828 0.53125 0.297852 0.532552 0.296875 0.532552 0.295898 0.533854 0.293945 0.533854 0.291992 0.536458 0.291016 0.536458 0.290039 0.53776 0.289062 0.53776 0.288086 0.539062 0.287109 0.539062 0.285156 0.541667 0.28418 0.541667 0.283203 0.542969 0.28125 0.542969 0.280273 0.544271 0.27832 0.544271 0.277344 0.545573 0.276367 0.545573 0.275391 0.546875 0.273438 0.546875 0.272461 0.548177 0.271484 0.548177 0.270508 0.549479 0.269531 0.549479 0.268555 0.550781 0.267578 0.550781 0.266602 0.552083 0.265625 0.552083 0.264648 0.553385 0.263672 0.553385 0.262695 0.554688 0.259766 0.554688 0.258789 0.55599 0.256836 0.55599 0.255859 0.557292 0.25293 0.557292 0.251953 0.558594 0.249023 0.558594 0.248047 0.559896 0.240234 0.559896 0.239258 0.561198 0.227539 0.561198 0.226562 0.559896 0.21582 0.559896 0.214844 0.558594 0.211914 0.558594 0.210938 0.557292 0.210938 0.55599 0.209961 0.554688 0.211914 0.552083 0.213867 0.552083 0.214844 0.550781 0.21582 0.550781 0.216797 0.549479 0.21875 0.549479 0.219727 0.548177 0.220703 0.548177 0.222656 0.545573 0.222656 0.544271 0.223633 0.544271 0.224609 0.542969 0.226562 0.542969 0.227539 0.541667 0.228516 0.541667 0.229492 0.540365 0.230469 0.540365 0.231445 0.539062 0.233398 0.539062 0.234375 0.53776 0.236328 0.53776 0.237305 0.536458 0.239258 0.536458 0.240234 0.535156 0.241211 0.535156 0.242188 0.533854 0.244141 0.533854 0.245117 0.532552 0.24707 0.532552 0.248047 0.53125 0.25 0.53125 0.250977 0.529948 0.251953 0.529948 0.25293 0.528646 0.253906 0.528646 0.254883 0.527344 0.255859 0.527344 0.256836 0.526042 0.257812 0.526042 0.258789 0.52474 0.259766 0.52474 0.260742 0.523438 0.263672 0.523438 0.264648 0.522135 0.266602 0.522135 0.267578 0.520833 0.271484 0.520833 0.272461 0.519531 0.274414 0.519531 0.275391 0.518229 0.276367 0.518229 0.277344 0.516927 0.27832 0.516927 0.279297 0.515625 0.280273 0.515625 0.28125 0.514323 0.282227 0.514323 0.283203 0.513021 0.28418 0.513021 0.285156 0.511719 0.286133 0.511719 0.287109 0.510417 0.288086 0.510417 0.289062 0.509115 0.290039 0.509115 0.291992 0.50651 0.292969 0.50651 0.293945 0.505208 0.294922 0.505208 0.295898 0.503906 0.296875 0.503906 0.298828 0.501302 0.300781 0.501302 0.301758 0.5 0.302734 0.5 0.303711 0.498698 0.304688 0.498698 0.305664 0.497396 0.306641 0.497396 0.308594 0.494792 0.30957 0.494792 0.311523 0.492188 0.3125 0.492188 0.314453 0.489583 0.31543 0.489583 0.322266 0.480469 0.323242 0.480469 0.326172 0.476562 0.327148 0.476562 0.329102 0.473958 0.330078 0.473958 0.334961 0.467448 0.335938 0.467448 0.338867 0.463542 0.339844 0.463542 0.34375 0.458333 0.344727 0.458333 0.366211 0.429688 0.367188 0.429688 0.378906 0.414062 0.378906 0.41276 0.401367 0.382812 0.401367 0.38151 0.40625 0.375 0.40625 0.373698 0.407227 0.373698 0.408203 0.372396 0.408203 0.371094 0.411133 0.367188 0.411133 0.365885 0.412109 0.364583 0.412109 0.363281 0.414062 0.360677 0.414062 0.359375 0.417969 0.354167 0.417969 0.352865 0.420898 0.348958 0.420898 0.347656 0.422852 0.345052 0.422852 0.34375 0.424805 0.341146 0.424805 0.339844 0.427734 0.335938 0.427734 0.334635 0.429688 0.332031 0.429688 0.330729 0.431641 0.328125 0.431641 0.326823 0.433594 0.324219 0.433594 0.322917 0.436523 0.31901 0.436523 0.317708 0.439453 0.313802 0.439453 0.3125 0.441406 0.309896 0.441406 0.308594 0.442383 0.307292 0.442383 0.30599 0.443359 0.304688 0.443359 0.303385 0.444336 0.302083 0.444336 0.300781 0.445312 0.299479 0.445312 0.298177 0.447266 0.295573 0.447266 0.294271 0.448242 0.292969 0.448242 0.291667 0.449219 0.290365 0.449219 0.28776 0.450195 0.286458 0.450195 0.285156 0.451172 0.283854 0.451172 0.282552 0.454102 0.278646 0.454102 0.277344 0.457031 0.273438 0.457031 0.272135 0.458008 0.270833 0.458008 0.268229 0.462891 0.261719 0.462891 0.260417 0.463867 0.259115 0.463867 0.257812 0.466797 0.253906 0.46875 0.253906 0.472656 0.248698 0.472656 0.247396 0.474609 0.244792 0.474609 0.24349 0.475586 0.24349 0.476562 0.242188 0.476562 0.240885 0.480469 0.235677 0.481445 0.235677 0.482422 0.234375 0.484375 0.234375 0.485352 0.235677 0.487305 0.235677 0.488281 0.234375 0.489258 0.234375 0.490234 0.235677 0.490234 0.242188 0.297852 0.315104 0.297852 0.308594 0.283203 0.308594 0.279297 0.313802 0.279297 0.31901 0.28125 0.321615 0.282227 0.321615 0.283203 0.322917 0.287109 0.322917 0.332031 0.533854 0.332031 0.532552 0.333008 0.53125 0.333008 0.529948 0.333984 0.529948
1 0.867188 0.851562 0.867188 0.852865 0.866211 0.854167 0.866211 0.855469 0.865234 0.856771 0.865234 0.858073 0.864258 0.859375 0.864258 0.860677 0.863281 0.861979 0.863281 0.864583 0.862305 0.865885 0.862305 0.867188 0.861328 0.86849 0.861328 0.869792 0.860352 0.871094 0.860352 0.872396 0.858398 0.875 0.858398 0.876302 0.854492 0.88151 0.854492 0.882812 0.849609 0.889323 0.849609 0.890625 0.844727 0.897135 0.841797 0.897135 0.841797 0.932292 0.844727 0.932292 0.84668 0.934896 0.84668 0.938802 0.854492 0.938802 0.854492 0.934896 0.855469 0.933594 0.856445 0.933594 0.859375 0.929688 0.860352 0.929688 0.864258 0.924479 0.864258 0.923177 0.87207 0.91276 0.873047 0.91276 0.875 0.910156 0.875977 0.910156 0.878906 0.90625 0.879883 0.90625 0.881836 0.903646 0.882812 0.903646 0.886719 0.898438 0.887695 0.898438 0.888672 0.897135 0.888672 0.895833 0.890625 0.893229 0.890625 0.891927 0.891602 0.890625 0.891602 0.889323 0.892578 0.888021 0.892578 0.885417 0.893555 0.884115 0.893555 0.882812 0.894531 0.88151 0.894531 0.878906 0.895508 0.877604 0.895508 0.875 0.896484 0.873698 0.896484 0.86849 0.897461 0.867188 0.897461 0.861979 0.898438 0.860677 0.898438 0.84375 0.897461 0.842448 0.897461 0.841146 0.894531 0.83724 0.893555 0.83724 0.892578 0.835938 0.888672 0.835938 0.887695 0.83724 0.885742 0.83724 0.884766 0.838542 0.882812 0.838542 0.881836 0.839844 0.880859 0.839844 0.879883 0.841146 0.878906 0.841146 0.87793 0.842448 0.875977 0.842448 0.874023 0.845052 0.873047 0.845052 0.871094 0.847656 0.870117 0.847656 0.867188 0.851562 0.859375 0.839844 0.859375 0.838542 0.862305 0.834635 0.862305 0.830729 0.841797 0.830729 0.841797 0.851562 0.847656 0.851562 0.848633 0.85026 0.849609 0.85026 0.850586 0.848958 0.851562 0.848958 0.853516 0.846354 0.854492 0.846354 0.859375 0.839844
1 0.689453 0.0859375 0.689453 0.117188 0.692383 0.117188 0.693359 0.11849 0.696289 0.11849 0.697266 0.119792 0.698242 0.119792 0.699219 0.121094 0.700195 0.121094 0.701172 0.122396 0.702148 0.122396 0.703125 0.123698 0.704102 0.123698 0.705078 0.125 0.706055 0.125 0.707031 0.126302 0.708984 0.126302 0.709961 0.127604 0.711914 0.127604 0.712891 0.128906 0.71582 0.128906 0.716797 0.130208 0.719727 0.130208 0.720703 0.13151 0.723633 0.13151 0.724609 0.132812 0.726562 0.132812 0.727539 0.134115 0.730469 0.134115 0.731445 0.135417 0.734375 0.135417 0.735352 0.136719 0.738281 0.136719 0.739258 0.138021 0.743164 0.138021 0.744141 0.139323 0.748047 0.139323 0.749023 0.140625 0.75293 0.140625 0.753906 0.141927 0.756836 0.141927 0.757812 0.143229 0.760742 0.143229 0.761719 0.144531 0.764648 0.144531 0.765625 0.145833 0.769531 0.145833 0.770508 0.147135 0.774414 0.147135 0.775391 0.148438 0.78125 0.148438 0.782227 0.14974 0.789062 0.14974 0.790039 0.151042 0.801758 0.151042 0.802734 0.152344 0.805664 0.152344 0.806641 0.153646 0.806641 0.157552 0.823242 0.157552 0.823242 0.153646 0.824219 0.152344 0.829102 0.152344 0.830078 0.153646 0.830078 0.157552 0.863281 0.157552 0.863281 0.153646 0.864258 0.152344 0.898438 0.152344 0.899414 0.153646 0.899414 0.157552 0.90625 0.157552 0.90625 0.153646 0.907227 0.152344 0.911133 0.152344 0.911133 0.139323 0.908203 0.139323 0.905273 0.135417 0.905273 0.134115 0.904297 0.132812 0.904297 0.13151 0.898438 0.123698 0.897461 0.123698 0.894531 0.119792 0.893555 0.119792 0.891602 0.117188 0.889648 0.117188 0.888672 0.115885 0.885742 0.115885 0.884766 0.114583 0.880859 0.114583 0.879883 0.113281 0.875 0.113281 0.874023 0.111979 0.870117 0.111979 0.869141 0.110677 0.865234 0.110677 0.864258 0.109375 0.856445 0.109375 0.855469 0.110677 0.839844 0.110677 0.838867 0.109375 0.805664 0.109375 0.804688 0.108073 0.793945 0.108073 0.792969 0.106771 0.788086 0.106771 0.787109 0.105469 0.779297 0.105469 0.77832 0.104167 0.773438 0.104167 0.772461 0.102865 0.767578 0.102865 0.766602 0.101562 0.764648 0.101562 0.763672 0.10026 0.761719 0.10026 0.760742 0.0989583 0.758789 0.0989583 0.757812 0.0976562 0.754883 0.0976562 0.753906 0.0963542 0.750977 0.0963542 0.75 0.0950521 0.748047 0.0950521 0.74707 0.09375 0.745117 0.09375 0.744141 0.0924479 0.742188 0.0924479 0.740234 0.0898438 0.740234 0.0859375
1 0.462891 0.143229 0.462891 0.148438 0.461914 0.14974 0.460938 0.14974 0.457031 0.154948 0.456055 0.154948 0.454102 0.157552 0.453125 0.157552 0.451172 0.160156 0.450195 0.160156 0.447266 0.164062 0.446289 0.164062 0.444336 0.166667 0.443359 0.166667 0.439453 0.171875 0.438477 0.171875 0.435547 0.175781 0.43457 0.175781 0.433594 0.177083 0.432617 0.177083 0.429688 0.18099 0.428711 0.18099 0.425781 0.184896 0.424805 0.184896 0.423828 0.186198 0.422852 0.186198 0.421875 0.1875 0.420898 0.1875 0.419922 0.188802 0.418945 0.188802 0.417969 0.190104 0.416992 0.190104 0.416016 0.191406 0.415039 0.191406 0.414062 0.192708 0.413086 0.192708 0.412109 0.19401 0.411133 0.19401 0.410156 0.195312 0.40918 0.195312 0.408203 0.196615 0.407227 0.196615 0.40625 0.197917 0.404297 0.197917 0.40332 0.199219 0.402344 0.199219 0.400391 0.201823 0.399414 0.201823 0.398438 0.203125 0.397461 0.203125 0.396484 0.204427 0.395508 0.204427 0.393555 0.207031 0.391602 0.207031 0.390625 0.208333 0.389648 0.208333 0.388672 0.209635 0.387695 0.209635 0.385742 0.21224 0.384766 0.21224 0.383789 0.213542 0.382812 0.213542 0.381836 0.214844 0.380859 0.214844 0.379883 0.216146 0.378906 0.216146 0.37793 0.217448 0.375977 0.217448 0.375 0.21875 0.374023 0.21875 0.373047 0.220052 0.37207 0.220052 0.371094 0.221354 0.370117 0.221354 0.369141 0.222656 0.368164 0.222656 0.367188 0.223958 0.366211 0.223958 0.365234 0.22526 0.364258 0.22526 0.363281 0.226562 0.362305 0.226562 0.361328 0.227865 0.359375 0.227865 0.358398 0.229167 0.356445 0.229167 0.355469 0.230469 0.354492 0.230469 0.353516 0.231771 0.352539 0.231771 0.351562 0.233073 0.350586 0.233073 0.349609 0.234375 0.348633 0.234375 0.347656 0.235677 0.34668 0.235677 0.345703 0.236979 0.34375 0.236979 0.342773 0.238281 0.34082 0.238281 0.339844 0.239583 0.338867 0.239583 0.337891 0.240885 0.336914 0.240885 0.334961 0.24349 0.333984 0.24349 0.333008 0.244792 0.332031 0.244792 0.330078 0.247396 0.328125 0.247396 0.327148 0.248698 0.325195 0.248698 0.324219 0.25 0.323242 0.25 0.322266 0.251302 0.321289 0.251302 0.320312 0.252604 0.319336 0.252604 0.318359 0.253906 0.317383 0.253906 0.316406 0.255208 0.31543 0.255208 0.314453 0.25651 0.313477 0.25651 0.3125 0.257812 0.311523 0.257812 0.310547 0.259115 0.308594 0.259115 0.307617 0.260417 0.306641 0.260417 0.304688 0.263021 0.303711 0.263021 0.301758 0.265625 0.300781 0.265625 0.297852 0.269531 0.296875 0.269531 0.294922 0.272135 0.291016 0.272135 0.291016 0.298177 0.298828 0.298177 0.298828 0.294271 0.300781 0.291667 0.301758 0.291667 0.302734 0.290365 0.303711 0.290365 0.305664 0.28776 0.306641 0.28776 0.307617 0.286458 0.308594 0.286458 0.30957 0.285156 0.310547 0.285156 0.311523 0.283854 0.3125 0.283854 0.313477 0.282552 0.314453 0.282552 0.31543 0.28125 0.316406 0.28125 0.317383 0.279948 0.318359 0.279948 0.319336 0.278646 0.320312 0.278646 0.321289 0.277344 0.322266 0.277344 0.323242 0.276042 0.325195 0.276042 0.326172 0.27474 0.328125 0.27474 0.329102 0.273438 0.330078 0.273438 0.331055 0.272135 0.333008 0.272135 0.333984 0.270833 0.334961 0.270833 0.335938 0.269531 0.336914 0.269531 0.337891 0.268229 0.338867 0.268229 0.339844 0.266927 0.34082 0.266927 0.341797 0.265625 0.34375 0.265625 0.344727 0.264323 0.345703 0.264323 0.34668 0.263021 0.347656 0.263021 0.348633 0.261719 0.349609 0.261719 0.350586 0.260417 0.351562 0.260417 0.352539 0.259115 0.353516 0.259115 0.354492 0.257812 0.355469 0.257812 0.356445 0.25651 0.358398 0.25651 0.359375 0.255208 0.361328 0.255208 0.362305 0.253906 0.364258 0.253906 0.365234 0.252604 0.366211 0.252604 0.367188 0.251302 0.369141 0.251302 0.370117 0.25 0.371094 0.25 0.37207 0.248698 0.373047 0.248698 0.374023 0.247396 0.375977 0.247396 0.376953 0.246094 0.378906 0.246094 0.379883 0.244792 0.383789 0.244792 0.384766 0.24349 0.388672 0.24349 0.389648 0.242188 0.393555 0.242188 0.394531 0.240885 0.396484 0.240885 0.397461 0.239583 0.398438 0.239583 0.399414 0.238281 0.400391 0.238281 0.401367 0.236979 0.402344 0.236979 0.40332 0.235677 0.40625 0.235677 0.407227 0.234375 0.408203 0.234375 0.40918 0.233073 0.411133 0.233073 0.412109 0.231771 0.413086 0.231771 0.414062 0.230469 0.415039 0.230469 0.416016 0.229167 0.416992 0.229167 0.417969 0.227865 0.418945 0.227865 0.419922 0.226562 0.420898 0.226562 0.421875 0.22526 0.424805 0.22526 0.425781 0.223958 0.427734 0.223958 0.428711 0.222656 0.431641 0.222656 0.432617 0.221354 0.43457 0.221354 0.435547 0.220052 0.4375 0.220052 0.438477 0.21875 0.439453 0.21875 0.441406 0.216146 0.442383 0.216146 0.443359 0.214844 0.444336 0.214844 0.445312 0.213542 0.446289 0.213542 0.447266 0.21224 0.448242 0.21224 0.450195 0.209635 0.451172 0.209635 0.453125 0.207031 0.454102 0.207031 0.457031 0.203125 0.458008 0.203125 0.462891 0.196615 0.463867 0.196615 0.464844 0.195312 0.464844 0.19401 0.469727 0.1875 0.469727 0.186198 0.470703 0.184896 0.470703 0.183594 0.472656 0.18099 0.472656 0.179688 0.473633 0.178385 0.473633 0.177083 0.475586 0.174479 0.475586 0.173177 0.476562 0.171875 0.476562 0.170573 0.477539 0.169271 0.477539 0.166667 0.478516 0.165365 0.478516 0.16276 0.479492 0.161458 0.479492 0.158854 0.480469 0.157552 0.480469 0.154948 0.481445 0.153646 0.481445 0.148438 0.482422 0.147135 0.485352 0.147135 0.485352 0.143229
1 0.454102 0.611979 0.454102 0.615885 0.452148 0.61849 0.451172 0.61849 0.450195 0.619792 0.449219 0.619792 0.448242 0.621094 0.447266 0.621094 0.446289 0.622396 0.445312 0.622396 0.444336 0.623698 0.443359 0.623698 0.442383 0.625 0.441406 0.625 0.44043 0.626302 0.439453 0.626302 0.438477 0.627604 0.4375 0.627604 0.436523 0.628906 0.435547 0.628906 0.43457 0.630208 0.433594 0.630208 0.432617 0.63151 0.430664 0.63151 0.429688 0.632812 0.428711 0.632812 0.427734 0.634115 0.425781 0.634115 0.424805 0.635417 0.423828 0.635417 0.422852 0.636719 0.420898 0.636719 0.419922 0.638021 0.417969 0.638021 0.416992 0.639323 0.415039 0.639323 0.414062 0.640625 0.413086 0.640625 0.412109 0.641927 0.40918 0.641927 0.408203 0.643229 0.40625 0.643229 0.405273 0.644531 0.40332 0.644531 0.402344 0.645833 0.400391 0.645833 0.399414 0.647135 0.397461 0.647135 0.396484 0.648438 0.393555 0.648438 0.392578 0.64974 0.391602 0.64974 0.390625 0.651042 0.388672 0.651042 0.387695 0.652344 0.385742 0.652344 0.384766 0.653646 0.382812 0.653646 0.381836 0.654948 0.380859 0.654948 0.379883 0.65625 0.378906 0.65625 0.37793 0.657552 0.376953 0.657552 0.375 0.660156 0.374023 0.660156 0.373047 0.661458 0.37207 0.661458 0.371094 0.66276 0.370117 0.66276 0.369141 0.664062 0.365234 0.664062 0.365234 0.683594 0.369141 0.683594 0.370117 0.684896 0.370117 0.688802 0.405273 0.688802 0.405273 0.684896 0.407227 0.682292 0.40918 0.682292 0.410156 0.68099 0.411133 0.68099 0.412109 0.679688 0.413086 0.679688 0.414062 0.678385 0.415039 0.678385 0.416016 0.677083 0.416992 0.677083 0.417969 0.675781 0.418945 0.675781 0.419922 0.674479 0.420898 0.674479 0.421875 0.673177 0.422852 0.673177 0.423828 0.671875 0.424805 0.671875 0.425781 0.670573 0.427734 0.670573 0.429688 0.667969 0.431641 0.667969 0.432617 0.666667 0.433594 0.666667 0.43457 0.665365 0.4375 0.665365 0.438477 0.664062 0.44043 0.664062 0.441406 0.66276 0.443359 0.66276 0.444336 0.661458 0.445312 0.661458 0.446289 0.660156 0.448242 0.660156 0.450195 0.657552 0.451172 0.657552 0.452148 0.65625 0.454102 0.65625 0.455078 0.654948 0.458008 0.654948 0.458984 0.653646 0.459961 0.653646 0.461914 0.651042 0.462891 0.651042 0.466797 0.645833 0.467773 0.645833 0.476562 0.634115 0.476562 0.632812 0.477539 0.63151 0.477539 0.630208 0.478516 0.628906 0.478516 0.623698 0.479492 0.622396 0.479492 0.611979
1 0.831055 0.621094 0.829102 0.621094 0.829102 0.622396 0.830078 0.622396 0.831055 0.621094 0.837891 0.605469 0.837891 0.606771 0.838867 0.608073 0.829102 0.606771 0.858398 0.613281 0.858398 0.619792 0.857422 0.621094 0.857422 0.625 0.856445 0.626302 0.856445 0.63151 0.855469 0.632812 0.855469 0.638021 0.854492 0.639323 0.854492 0.644531 0.853516 0.645833 0.853516 0.652344 0.852539 0.653646 0.852539 0.657552 0.851562 0.658854 0.851562 0.660156 0.850586 0.661458 0.850586 0.66276 0.849609 0.664062 0.849609 0.665365 0.848633 0.666667 0.848633 0.669271 0.847656 0.670573 0.847656 0.671875 0.845703 0.674479 0.845703 0.675781 0.844727 0.677083 0.844727 0.678385 0.84375 0.679688 0.84375 0.68099 0.842773 0.682292 0.842773 0.683594 0.841797 0.684896 0.841797 0.686198 0.84082 0.6875 0.84082 0.688802 0.836914 0.69401 0.836914 0.695312 0.833008 0.700521 0.833008 0.701823 0.828125 0.708333 0.828125 0.709635 0.826172 0.71224 0.826172 0.713542 0.822266 0.71875 0.822266 0.720052 0.821289 0.721354 0.821289 0.722656 0.820312 0.723958 0.820312 0.72526 0.819336 0.726562 0.819336 0.727865 0.818359 0.729167 0.818359 0.730469 0.817383 0.731771 0.817383 0.733073 0.816406 0.734375 0.816406 0.735677 0.81543 0.736979 0.81543 0.738281 0.814453 0.739583 0.814453 0.740885 0.813477 0.742188 0.813477 0.74349 0.8125 0.744792 0.8125 0.747396 0.811523 0.748698 0.811523 0.751302 0.810547 0.752604 0.810547 0.753906 0.80957 0.755208 0.80957 0.75651 0.808594 0.757812 0.808594 0.759115 0.807617 0.760417 0.807617 0.761719 0.805664 0.764323 0.802734 0.764323 0.802734 0.824219 0.806641 0.824219 0.808594 0.821615 0.80957 0.821615 0.811523 0.81901 0.8125 0.81901 0.814453 0.816406 0.814453 0.815104 0.816406 0.8125 0.816406 0.811198 0.817383 0.809896 0.817383 0.808594 0.818359 0.807292 0.818359 0.804688 0.819336 0.803385 0.819336 0.802083 0.820312 0.800781 0.820312 0.796875 0.821289 0.795573 0.821289 0.790365 0.822266 0.789062 0.822266 0.782552 0.823242 0.78125 0.823242 0.777344 0.824219 0.776042 0.824219 0.770833 0.825195 0.769531 0.825195 0.766927 0.826172 0.765625 0.826172 0.764323 0.827148 0.763021 0.827148 0.760417 0.828125 0.759115 0.828125 0.757812 0.829102 0.75651 0.829102 0.755208 0.830078 0.753906 0.830078 0.752604 0.831055 0.751302 0.831055 0.748698 0.832031 0.747396 0.832031 0.744792 0.833008 0.74349 0.833008 0.742188 0.833984 0.740885 0.833984 0.736979 0.834961 0.735677 0.834961 0.734375 0.835938 0.733073 0.835938 0.730469 0.839844 0.72526 0.839844 0.723958 0.84082 0.722656 0.84082 0.720052 0.844727 0.714844 0.844727 0.713542 0.860352 0.692708 0.861328 0.692708 0.863281 0.690104 0.864258 0.690104 0.87793 0.671875 0.87793 0.670573 0.879883 0.667969 0.879883 0.666667 0.880859 0.665365 0.880859 0.664062 0.881836 0.66276 0.881836 0.660156 0.882812 0.658854 0.882812 0.65625 0.883789 0.654948 0.883789 0.651042 0.884766 0.64974 0.884766 0.645833 0.885742 0.644531 0.885742 0.640625 0.886719 0.639323 0.886719 0.634115 0.887695 0.632812 0.887695 0.625 0.888672 0.623698 0.888672 0.596354 0.887695 0.595052 0.887695 0.59375 0.888672 0.592448 0.888672 0.574219 0.889648 0.572917 0.889648 0.565104 0.890625 0.563802 0.890625 0.554688 0.891602 0.553385 0.891602 0.545573 0.892578 0.544271 0.892578 0.532552 0.893555 0.53125 0.893555 0.520833 0.894531 0.519531 0.894531 0.481771 0.893555 0.480469 0.893555 0.471354 0.892578 0.470052 0.892578 0.464844 0.891602 0.463542 0.891602 0.455729 0.869141 0.455729 0.869141 0.46224 0.868164 0.463542 0.868164 0.466146 0.867188 0.467448 0.867188 0.470052 0.866211 0.471354 0.866211 0.473958 0.865234 0.47526 0.865234 0.479167 0.864258 0.480469 0.864258 0.486979 0.863281 0.488281 0.863281 0.498698 0.862305 0.5 0.862305 0.544271 0.861328 0.545573 0.861328 0.553385 0.860352 0.554688 0.860352 0.597656 0.859375 0.598958 0.859375 0.611979 0.858398 0.613281 0.829102 0.606771 0.829102 0.604167 0.828125 0.602865 0.828125 0.601562 0.827148 0.60026 0.825195 0.60026 0.823242 0.597656 0.822266 0.597656 0.821289 0.596354 0.820312 0.597656 0.818359 0.597656 0.817383 0.598958 0.816406 0.598958 0.81543 0.60026 0.814453 0.60026 0.806641 0.610677 0.802734 0.610677 0.802734 0.645833 0.808594 0.645833 0.80957 0.644531 0.810547 0.644531 0.811523 0.643229 0.813477 0.643229 0.816406 0.639323 0.817383 0.639323 0.823242 0.63151 0.823242 0.630208 0.821289 0.627604 0.821289 0.623698 0.822266 0.622396 0.822266 0.619792 0.823242 0.61849 0.823242 0.617188 0.824219 0.615885 0.824219 0.614583 0.827148 0.610677 0.827148 0.609375 0.829102 0.606771 0.838867 0.608073 0.838867 0.610677 0.836914 0.613281 0.835938 0.611979 0.835938 0.605469 0.837891 0.605469
1 0.594727 0.209635 0.591797 0.205729 0.586914 0.205729 0.586914 0.207031 0.585938 0.208333 0.585938 0.209635 0.584961 0.210938 0.584961 0.213542 0.585938 0.214844 0.581055 0.221354 0.581055 0.223958 0.580078 0.22526 0.581055 0.226562 0.581055 0.231771 0.582031 0.233073 0.582031 0.234375 0.583008 0.235677 0.583984 0.235677 0.586914 0.231771 0.587891 0.231771 0.588867 0.230469 0.59082 0.230469 0.59375 0.226562 0.594727 0.226562 0.594727 0.209635 0.605469 0.196615 0.607422 0.199219 0.608398 0.199219 0.609375 0.200521 0.614258 0.200521 0.616211 0.197917 0.617188 0.197917 0.620117 0.19401 0.72168 0.259115 0.72168 0.261719 0.720703 0.263021 0.720703 0.264323 0.71875 0.266927 0.71875 0.269531 0.717773 0.270833 0.717773 0.272135 0.716797 0.273438 0.716797 0.27474 0.71582 0.276042 0.71582 0.277344 0.714844 0.278646 0.714844 0.279948 0.713867 0.28125 0.713867 0.282552 0.712891 0.283854 0.712891 0.285156 0.711914 0.286458 0.711914 0.28776 0.710938 0.289062 0.710938 0.291667 0.709961 0.292969 0.709961 0.295573 0.708984 0.296875 0.708984 0.300781 0.708008 0.302083 0.708008 0.304688 0.707031 0.30599 0.707031 0.309896 0.706055 0.311198 0.706055 0.313802 0.705078 0.315104 0.705078 0.316406 0.704102 0.317708 0.704102 0.31901 0.703125 0.320312 0.703125 0.321615 0.702148 0.322917 0.702148 0.324219 0.701172 0.325521 0.701172 0.326823 0.700195 0.328125 0.700195 0.329427 0.699219 0.330729 0.699219 0.333333 0.698242 0.334635 0.698242 0.335938 0.697266 0.33724 0.697266 0.338542 0.696289 0.339844 0.696289 0.341146 0.695312 0.342448 0.695312 0.34375 0.694336 0.345052 0.694336 0.346354 0.693359 0.347656 0.693359 0.348958 0.692383 0.35026 0.692383 0.352865 0.691406 0.354167 0.691406 0.355469 0.69043 0.356771 0.69043 0.358073 0.688477 0.360677 0.688477 0.361979 0.6875 0.363281 0.6875 0.364583 0.685547 0.367188 0.685547 0.36849 0.682617 0.372396 0.682617 0.373698 0.679688 0.377604 0.678711 0.377604 0.672852 0.385417 0.671875 0.385417 0.664062 0.395833 0.664062 0.397135 0.658203 0.404948 0.658203 0.40625 0.65625 0.408854 0.65625 0.410156 0.648438 0.420573 0.648438 0.421875 0.646484 0.424479 0.646484 0.425781 0.641602 0.432292 0.641602 0.433594 0.638672 0.4375 0.638672 0.438802 0.636719 0.441406 0.635742 0.441406 0.630859 0.447917 0.630859 0.449219 0.629883 0.450521 0.628906 0.450521 0.625 0.455729 0.624023 0.455729 0.619141 0.46224 0.618164 0.46224 0.606445 0.477865 0.606445 0.479167 0.599609 0.488281 0.599609 0.489583 0.598633 0.490885 0.598633 0.492188 0.595703 0.496094 0.595703 0.497396 0.591797 0.502604 0.591797 0.503906 0.589844 0.50651 0.589844 0.507812 0.584961 0.514323 0.584961 0.515625 0.583008 0.518229 0.583008 0.519531 0.582031 0.520833 0.582031 0.522135 0.580078 0.52474 0.580078 0.526042 0.575195 0.532552 0.575195 0.533854 0.566406 0.545573 0.566406 0.546875 0.548828 0.570312 0.548828 0.571615 0.545898 0.575521 0.545898 0.576823 0.543945 0.579427 0.543945 0.580729 0.541992 0.583333 0.541992 0.584635 0.539062 0.588542 0.539062 0.589844 0.537109 0.592448 0.537109 0.59375 0.536133 0.595052 0.536133 0.598958 0.535156 0.60026 0.535156 0.605469 0.53418 0.606771 0.53418 0.610677 0.533203 0.611979 0.533203 0.614583 0.532227 0.615885 0.525391 0.615885 0.525391 0.617188 0.52832 0.617188 0.53125 0.621094 0.53125 0.630208 0.530273 0.63151 0.530273 0.636719 0.529297 0.638021 0.529297 0.639323 0.52832 0.640625 0.525391 0.640625 0.525391 0.647135 0.532227 0.647135 0.533203 0.648438 0.536133 0.648438 0.537109 0.647135 0.538086 0.647135 0.539062 0.645833 0.540039 0.645833 0.541992 0.643229 0.542969 0.643229 0.545898 0.639323 0.546875 0.639323 0.549805 0.635417 0.549805 0.634115 0.553711 0.628906 0.553711 0.627604 0.556641 0.623698 0.556641 0.622396 0.558594 0.619792 0.558594 0.61849 0.561523 0.614583 0.561523 0.613281 0.563477 0.610677 0.563477 0.609375 0.56543 0.606771 0.56543 0.605469 0.567383 0.602865 0.567383 0.601562 0.574219 0.592448 0.574219 0.591146 0.59375 0.565104 0.59375 0.563802 0.59668 0.559896 0.59668 0.558594 0.598633 0.55599 0.598633 0.554688 0.602539 0.549479 0.602539 0.548177 0.604492 0.545573 0.604492 0.544271 0.608398 0.539062 0.608398 0.53776 0.614258 0.529948 0.614258 0.528646 0.619141 0.522135 0.619141 0.520833 0.620117 0.519531 0.620117 0.516927 0.621094 0.515625 0.621094 0.514323 0.624023 0.510417 0.624023 0.509115 0.625977 0.50651 0.625977 0.505208 0.62793 0.502604 0.62793 0.501302 0.628906 0.5 0.628906 0.498698 0.631836 0.494792 0.631836 0.49349 0.634766 0.489583 0.634766 0.488281 0.635742 0.486979 0.635742 0.485677 0.638672 0.481771 0.639648 0.481771 0.639648 0.480469 0.645508 0.472656 0.646484 0.472656 0.648438 0.470052 0.649414 0.470052 0.65332 0.464844 0.654297 0.464844 0.65625 0.46224 0.657227 0.46224 0.677734 0.434896 0.677734 0.433594 0.682617 0.427083 0.682617 0.425781 0.6875 0.419271 0.6875 0.417969 0.689453 0.415365 0.689453 0.414062 0.691406 0.411458 0.691406 0.410156 0.693359 0.407552 0.693359 0.40625 0.694336 0.404948 0.694336 0.403646 0.695312 0.402344 0.695312 0.401042 0.697266 0.398438 0.697266 0.397135 0.698242 0.395833 0.698242 0.394531 0.699219 0.393229 0.699219 0.391927 0.705078 0.384115 0.705078 0.382812 0.708984 0.377604 0.708984 0.376302 0.709961 0.375 0.709961 0.373698 0.711914 0.371094 0.711914 0.369792 0.712891 0.36849 0.712891 0.367188 0.713867 0.365885 0.713867 0.364583 0.714844 0.363281 0.714844 0.361979 0.71582 0.360677 0.71582 0.359375 0.716797 0.358073 0.716797 0.356771 0.717773 0.355469 0.717773 0.354167 0.71875 0.352865 0.71875 0.351562 0.719727 0.35026 0.719727 0.348958 0.720703 0.347656 0.720703 0.345052 0.72168 0.34375 0.72168 0.341146 0.722656 0.339844 0.722656 0.338542 0.723633 0.33724 0.723633 0.335938 0.724609 0.334635 0.724609 0.332031 0.725586 0.330729 0.725586 0.329427 0.726562 0.328125 0.726562 0.325521 0.727539 0.324219 0.727539 0.322917 0.728516 0.321615 0.728516 0.31901 0.729492 0.317708 0.729492 0.316406 0.730469 0.315104 0.730469 0.3125 0.731445 0.311198 0.731445 0.309896 0.732422 0.308594 0.732422 0.307292 0.733398 0.30599 0.733398 0.304688 0.734375 0.303385 0.734375 0.302083 0.735352 0.300781 0.735352 0.299479 0.736328 0.298177 0.736328 0.296875 0.737305 0.295573 0.737305 0.294271 0.738281 0.292969 0.738281 0.291667 0.739258 0.290365 0.739258 0.289062 0.740234 0.28776 0.740234 0.286458 0.741211 0.285156 0.741211 0.283854 0.742188 0.282552 0.742188 0.28125 0.744141 0.278646 0.744141 0.277344 0.746094 0.27474 0.746094 0.273438 0.748047 0.270833 0.748047 0.269531 0.75 0.266927 0.75 0.265625 0.75293 0.261719 0.75293 0.260417 0.755859 0.25651 0.755859 0.255208 0.757812 0.252604 0.757812 0.251302 0.759766 0.248698 0.759766 0.247396 0.760742 0.246094 0.760742 0.244792 0.762695 0.242188 0.762695 0.240885 0.763672 0.239583 0.763672 0.236979 0.764648 0.235677 0.764648 0.233073 0.765625 0.231771 0.765625 0.227865 0.766602 0.226562 0.766602 0.223958 0.767578 0.222656 0.767578 0.21875 0.768555 0.217448 0.768555 0.214844 0.769531 0.213542 0.769531 0.21224 0.770508 0.210938 0.770508 0.209635 0.772461 0.207031 0.772461 0.205729 0.776367 0.200521 0.776367 0.199219 0.77832 0.196615 0.782227 0.196615 0.782227 0.158854 0.775391 0.158854 0.775391 0.16276 0.770508 0.169271 0.770508 0.170573 0.766602 0.175781 0.766602 0.177083 0.764648 0.179688 0.764648 0.182292 0.763672 0.183594 0.763672 0.184896 0.762695 0.186198 0.762695 0.188802 0.758789 0.19401 0.757812 0.19401 0.755859 0.196615 0.754883 0.196615 0.750977 0.201823 0.75 0.201823 0.743164 0.210938 0.743164 0.21224 0.740234 0.216146 0.740234 0.217448 0.739258 0.21875 0.739258 0.220052 0.737305 0.222656 0.737305 0.223958 0.736328 0.22526 0.736328 0.226562 0.734375 0.229167 0.734375 0.230469 0.732422 0.233073 0.732422 0.234375 0.731445 0.235677 0.731445 0.236979 0.729492 0.239583 0.729492 0.240885 0.728516 0.242188 0.728516 0.24349 0.727539 0.244792 0.727539 0.246094 0.726562 0.247396 0.726562 0.248698 0.725586 0.25 0.725586 0.251302 0.723633 0.253906 0.723633 0.255208 0.722656 0.25651 0.722656 0.257812 0.72168 0.259115 0.620117 0.19401 0.620117 0.191406 0.621094 0.190104 0.621094 0.188802 0.620117 0.1875 0.620117 0.186198 0.619141 0.184896 0.619141 0.183594 0.610352 0.183594 0.609375 0.184896 0.608398 0.184896 0.606445 0.1875 0.605469 0.1875 0.603516 0.190104 0.603516 0.191406 0.604492 0.192708 0.604492 0.19401 0.605469 0.195312 0.605469 0.196615
1 0.443359 0.486979 0.443359 0.490885 0.438477 0.497396 0.4375 0.497396 0.435547 0.5 0.431641 0.5 0.431641 0.518229 0.44043 0.518229 0.441406 0.519531 0.446289 0.519531 0.447266 0.520833 0.452148 0.520833 0.453125 0.522135 0.457031 0.522135 0.458008 0.523438 0.461914 0.523438 0.462891 0.52474 0.46582 0.52474 0.466797 0.526042 0.469727 0.526042 0.470703 0.527344 0.473633 0.527344 0.474609 0.528646 0.474609 0.532552 0.487305 0.532552 0.487305 0.528646 0.488281 0.527344 0.489258 0.527344 0.491211 0.52474 0.492188 0.52474 0.494141 0.522135 0.49707 0.522135 0.49707 0.497396 0.494141 0.497396 0.491211 0.49349 0.490234 0.49349 0.489258 0.492188 0.489258 0.486979
1 0.857422 0.632812 0.857422 0.634115 0.856445 0.635417 0.856445 0.638021 0.855469 0.639323 0.855469 0.640625 0.854492 0.641927 0.854492 0.644531 0.853516 0.645833 0.853516 0.652344 0.852539 0.653646 0.852539 0.657552 0.860352 0.657552 0.860352 0.632812 0.857422 0.632812 0.839844 0.615885 0.839844 0.614583 0.84668 0.605469 0.84668 0.604167 0.848633 0.601562 0.848633 0.60026 0.849609 0.598958 0.849609 0.597656 0.850586 0.596354 0.850586 0.595052 0.851562 0.59375 0.851562 0.592448 0.852539 0.591146 0.852539 0.589844 0.853516 0.588542 0.853516 0.58724 0.854492 0.585938 0.854492 0.583333 0.855469 0.582031 0.855469 0.579427 0.856445 0.578125 0.856445 0.576823 0.857422 0.575521 0.860352 0.575521 0.860352 0.559896 0.838867 0.559896 0.838867 0.565104 0.834961 0.570312 0.834961 0.571615 0.832031 0.575521 0.831055 0.575521 0.826172 0.582031 0.825195 0.582031 0.823242 0.584635 0.822266 0.584635 0.819336 0.588542 0.818359 0.588542 0.816406 0.591146 0.816406 0.592448 0.810547 0.60026 0.810547 0.601562 0.798828 0.617188 0.797852 0.617188 0.796875 0.61849 0.795898 0.61849 0.793945 0.621094 0.792969 0.621094 0.791992 0.622396 0.791016 0.622396 0.790039 0.623698 0.789062 0.623698 0.786133 0.627604 0.785156 0.627604 0.783203 0.630208 0.782227 0.630208 0.779297 0.634115 0.77832 0.634115 0.777344 0.635417 0.776367 0.635417 0.774414 0.638021 0.771484 0.638021 0.771484 0.64974 0.775391 0.64974 0.776367 0.651042 0.777344 0.651042 0.779297 0.653646 0.779297 0.657552 0.796875 0.657552 0.796875 0.653646 0.797852 0.652344 0.798828 0.652344 0.799805 0.651042 0.802734 0.651042 0.803711 0.64974 0.805664 0.64974 0.806641 0.648438 0.807617 0.648438 0.808594 0.647135 0.80957 0.647135 0.810547 0.645833 0.8125 0.645833 0.813477 0.644531 0.814453 0.644531 0.816406 0.641927 0.817383 0.641927 0.818359 0.640625 0.819336 0.640625 0.820312 0.639323 0.821289 0.639323 0.825195 0.634115 0.826172 0.634115 0.839844 0.615885
1 0.96582 0.429688 0.96582 0.436198 0.964844 0.4375 0.964844 0.440104 0.963867 0.441406 0.963867 0.442708 0.962891 0.44401 0.962891 0.446615 0.961914 0.447917 0.961914 0.451823 0.960938 0.453125 0.960938 0.455729 0.959961 0.457031 0.959961 0.459635 0.958984 0.460938 0.958984 0.46224 0.958008 0.463542 0.958008 0.464844 0.957031 0.466146 0.957031 0.467448 0.956055 0.46875 0.956055 0.471354 0.955078 0.472656 0.955078 0.47526 0.954102 0.476562 0.954102 0.480469 0.953125 0.481771 0.953125 0.485677 0.952148 0.486979 0.952148 0.490885 0.951172 0.492188 0.951172 0.496094 0.950195 0.497396 0.950195 0.502604 0.949219 0.503906 0.949219 0.509115 0.948242 0.510417 0.948242 0.516927 0.947266 0.518229 0.947266 0.522135 0.946289 0.523438 0.946289 0.528646 0.945312 0.529948 0.945312 0.532552 0.944336 0.533854 0.944336 0.53776 0.943359 0.539062 0.943359 0.542969 0.942383 0.544271 0.942383 0.548177 0.941406 0.549479 0.941406 0.550781 0.94043 0.552083 0.94043 0.554688 0.939453 0.55599 0.939453 0.557292 0.938477 0.558594 0.935547 0.558594 0.935547 0.598958 0.942383 0.598958 0.944336 0.596354 0.945312 0.596354 0.951172 0.588542 0.951172 0.58724 0.958984 0.576823 0.958984 0.575521 0.960938 0.572917 0.960938 0.571615 0.962891 0.56901 0.962891 0.567708 0.963867 0.566406 0.963867 0.565104 0.964844 0.563802 0.964844 0.5625 0.96582 0.561198 0.96582 0.559896 0.966797 0.558594 0.966797 0.55599 0.967773 0.554688 0.967773 0.553385 0.96875 0.552083 0.96875 0.550781 0.969727 0.549479 0.969727 0.548177 0.970703 0.546875 0.970703 0.544271 0.97168 0.542969 0.97168 0.541667 0.972656 0.540365 0.972656 0.53776 0.973633 0.536458 0.973633 0.535156 0.974609 0.533854 0.974609 0.53125 0.975586 0.529948 0.975586 0.526042 0.976562 0.52474 0.976562 0.520833 0.977539 0.519531 0.977539 0.515625 0.978516 0.514323 0.978516 0.511719 0.979492 0.510417 0.979492 0.50651 0.980469 0.505208 0.980469 0.501302 0.981445 0.5 0.981445 0.497396 0.982422 0.496094 0.985352 0.496094 0.985352 0.455729 0.982422 0.455729 0.980469 0.453125 0.980469 0.451823 0.979492 0.450521 0.979492 0.449219 0.978516 0.447917 0.978516 0.445312 0.977539 0.44401 0.977539 0.442708 0.976562 0.441406 0.976562 0.438802 0.975586 0.4375 0.975586 0.436198 0.974609 0.434896 0.974609 0.429688
1 0.59668 0.0755208 0.59668 0.0807292 0.59375 0.0846354 0.592773 0.0846354 0.589844 0.0885417 0.588867 0.0885417 0.585938 0.0924479 0.584961 0.0924479 0.583008 0.0950521 0.582031 0.0950521 0.580078 0.0976562 0.579102 0.0976562 0.575195 0.102865 0.574219 0.102865 0.570312 0.108073 0.569336 0.108073 0.567383 0.110677 0.566406 0.110677 0.5625 0.115885 0.561523 0.115885 0.558594 0.119792 0.557617 0.119792 0.552734 0.126302 0.551758 0.126302 0.547852 0.13151 0.546875 0.13151 0.544922 0.134115 0.543945 0.134115 0.541992 0.136719 0.541016 0.136719 0.540039 0.138021 0.539062 0.138021 0.538086 0.139323 0.535156 0.139323 0.53418 0.140625 0.529297 0.140625 0.529297 0.166667 0.535156 0.166667 0.536133 0.165365 0.543945 0.165365 0.544922 0.164062 0.547852 0.164062 0.548828 0.16276 0.549805 0.16276 0.550781 0.161458 0.551758 0.161458 0.552734 0.160156 0.553711 0.160156 0.554688 0.158854 0.555664 0.158854 0.556641 0.157552 0.558594 0.157552 0.55957 0.15625 0.560547 0.15625 0.561523 0.154948 0.563477 0.154948 0.564453 0.153646 0.56543 0.153646 0.566406 0.152344 0.567383 0.152344 0.569336 0.14974 0.570312 0.14974 0.571289 0.148438 0.572266 0.148438 0.574219 0.145833 0.575195 0.145833 0.579102 0.140625 0.580078 0.140625 0.583008 0.136719 0.583984 0.136719 0.586914 0.132812 0.587891 0.132812 0.591797 0.127604 0.592773 0.127604 0.594727 0.125 0.595703 0.125 0.598633 0.121094 0.599609 0.121094 0.603516 0.115885 0.604492 0.115885 0.606445 0.113281 0.607422 0.113281 0.609375 0.110677 0.610352 0.110677 0.611328 0.109375 0.612305 0.109375 0.613281 0.108073 0.614258 0.108073 0.615234 0.106771 0.616211 0.106771 0.618164 0.104167 0.619141 0.104167 0.621094 0.101562 0.62207 0.101562 0.623047 0.10026 0.624023 0.10026 0.625977 0.0976562 0.626953 0.0976562 0.62793 0.0963542 0.629883 0.0963542 0.632812 0.0924479 0.633789 0.0924479 0.639648 0.0846354 0.639648 0.0755208
1 0.182617 0.0182292 0.182617 0.0221354 0.181641 0.0234375 0.179688 0.0234375 0.178711 0.0247396 0.172852 0.0247396 0.171875 0.0260417 0.166016 0.0260417 0.165039 0.0273438 0.160156 0.0273438 0.15918 0.0286458 0.155273 0.0286458 0.154297 0.0299479 0.148438 0.0299479 0.147461 0.03125 0.143555 0.03125 0.142578 0.0325521 0.139648 0.0325521 0.138672 0.0338542 0.135742 0.0338542 0.134766 0.0351562 0.129883 0.0351562 0.128906 0.0364583 0.123047 0.0364583 0.12207 0.0377604 0.118164 0.0377604 0.117188 0.0390625 0.114258 0.0390625 0.113281 0.0403646 0.109375 0.0403646 0.108398 0.0416667 0.103516 0.0416667 0.102539 0.0429688 0.0996094 0.0429688 0.0986328 0.0442708 0.0888672 0.0442708 0.0878906 0.0455729 0.0771484 0.0455729 0.0761719 0.046875 0.0576172 0.046875 0.0566406 0.0481771 0.0556641 0.046875 0.0488281 0.046875 0.0478516 0.0455729 0.0263672 0.0455729 0.0253906 0.0442708 0.0244141 0.0455729 0.0195312 0.0455729 0.0185547 0.0442708 0.015625 0.0442708 0.0146484 0.0429688 0.0126953 0.0429688 0.0117188 0.0416667 0.00878906 0.0416667 0.0078125 0.0403646 0.00390625 0.0403646 0.00292969 0.0416667 0 0.0416667 0 0.0833333 0.00195312 0.0833333 0.00292969 0.0846354 0.00390625 0.0846354 0.00488281 0.0859375 0.00488281 0.0898438 0.106445 0.0898438 0.106445 0.0859375 0.107422 0.0846354 0.108398 0.0846354 0.109375 0.0833333 0.112305 0.0833333 0.113281 0.0820312 0.116211 0.0820312 0.117188 0.0807292 0.121094 0.0807292 0.12207 0.0794271 0.126953 0.0794271 0.12793 0.078125 0.130859 0.078125 0.131836 0.0768229 0.135742 0.0768229 0.136719 0.0755208 0.142578 0.0755208 0.143555 0.0742188 0.147461 0.0742188 0.148438 0.0729167 0.152344 0.0729167 0.15332 0.0716146 0.157227 0.0716146 0.158203 0.0703125 0.161133 0.0703125 0.162109 0.0690104 0.165039 0.0690104 0.166016 0.0677083 0.170898 0.0677083 0.171875 0.0664062 0.183594 0.0664062 0.18457 0.0651042 0.189453 0.0651042 0.19043 0.0638021 0.193359 0.0638021 0.194336 0.0625 0.198242 0.0625 0.199219 0.0611979 0.204102 0.0611979 0.205078 0.0598958 0.210938 0.0598958 0.211914 0.0585938 0.217773 0.0585938 0.21875 0.0572917 0.248047 0.0572917 0.249023 0.0585938 0.256836 0.0585938 0.257812 0.0598958 0.264648 0.0598958 0.265625 0.0611979 0.271484 0.0611979 0.272461 0.0625 0.276367 0.0625 0.277344 0.0638021 0.280273 0.0638021 0.28125 0.0651042 0.283203 0.0651042 0.28418 0.0664062 0.286133 0.0664062 0.287109 0.0677083 0.289062 0.0677083 0.290039 0.0690104 0.292969 0.0690104 0.293945 0.0703125 0.298828 0.0703125 0.299805 0.0716146 0.303711 0.0716146 0.304688 0.0729167 0.307617 0.0729167 0.308594 0.0742188 0.310547 0.0742188 0.311523 0.0755208 0.313477 0.0755208 0.314453 0.0768229 0.319336 0.0768229 0.320312 0.078125 0.324219 0.078125 0.325195 0.0794271 0.329102 0.0794271 0.330078 0.0807292 0.335938 0.0807292 0.336914 0.0820312 0.341797 0.0820312 0.342773 0.0833333 0.34668 0.0833333 0.347656 0.0846354 0.348633 0.0846354 0.349609 0.0859375 0.349609 0.0898438 0.438477 0.0898438 0.438477 0.0833333 0.428711 0.0833333 0.427734 0.0820312 0.426758 0.0820312 0.425781 0.0807292 0.425781 0.0794271 0.426758 0.078125 0.426758 0.0768229 0.427734 0.0755208 0.427734 0.0729167 0.428711 0.0716146 0.428711 0.0598958 0.425781 0.0559896 0.425781 0.0546875 0.424805 0.0533854 0.424805 0.0507812 0.423828 0.0494792 0.423828 0.0481771 0.417969 0.0481771 0.416992 0.046875 0.40332 0.046875 0.402344 0.0481771 0.395508 0.0481771 0.394531 0.0494792 0.390625 0.0494792 0.389648 0.0507812 0.386719 0.0507812 0.385742 0.0520833 0.368164 0.0520833 0.367188 0.0507812 0.365234 0.0507812 0.364258 0.0494792 0.362305 0.0494792 0.361328 0.0481771 0.360352 0.0481771 0.359375 0.046875 0.356445 0.046875 0.355469 0.0455729 0.351562 0.0455729 0.350586 0.0442708 0.347656 0.0442708 0.34668 0.0429688 0.34375 0.0429688 0.342773 0.0416667 0.338867 0.0416667 0.337891 0.0403646 0.334961 0.0403646 0.333984 0.0390625 0.331055 0.0390625 0.330078 0.0377604 0.326172 0.0377604 0.325195 0.0364583 0.320312 0.0364583 0.319336 0.0351562 0.314453 0.0351562 0.313477 0.0338542 0.311523 0.0338542 0.310547 0.0325521 0.307617 0.0325521 0.306641 0.03125 0.304688 0.03125 0.303711 0.0299479 0.300781 0.0299479 0.299805 0.0286458 0.297852 0.0286458 0.296875 0.0273438 0.294922 0.0273438 0.293945 0.0260417 0.290039 0.0260417 0.289062 0.0247396 0.285156 0.0247396 0.28418 0.0234375 0.283203 0.0234375 0.282227 0.0221354 0.282227 0.0182292
1 0.744141 0.648438 0.744141 0.652344 0.768555 0.652344 0.768555 0.648438 0.766602 0.645833 0.75293 0.645833 0.751953 0.647135 0.746094 0.647135 0.745117 0.648438 0.744141 0.648438 0.649414 0.648438 0.648438 0.648438 0.647461 0.647135 0.645508 0.647135 0.643555 0.644531 0.644531 0.638021 0.650391 0.638021 0.651367 0.636719 0.651367 0.635417 0.65332 0.632812 0.654297 0.632812 0.655273 0.634115 0.655273 0.635417 0.65918 0.640625 0.660156 0.640625 0.661133 0.641927 0.666016 0.641927 0.666992 0.640625 0.667969 0.640625 0.668945 0.639323 0.669922 0.639323 0.672852 0.643229 0.674805 0.643229 0.675781 0.644531 0.678711 0.644531 0.679688 0.645833 0.686523 0.645833 0.688477 0.648438 0.688477 0.652344 0.689453 0.652344 0.689453 0.648438 0.691406 0.645833 0.696289 0.645833 0.697266 0.644531 0.698242 0.644531 0.699219 0.643229 0.717773 0.643229 0.71875 0.644531 0.719727 0.644531 0.720703 0.645833 0.72168 0.644531 0.728516 0.644531 0.729492 0.643229 0.730469 0.643229 0.730469 0.641927 0.725586 0.635417 0.724609 0.635417 0.723633 0.634115 0.71582 0.634115 0.714844 0.635417 0.711914 0.635417 0.710938 0.636719 0.707031 0.636719 0.706055 0.638021 0.702148 0.638021 0.701172 0.639323 0.695312 0.639323 0.694336 0.638021 0.6875 0.638021 0.686523 0.636719 0.682617 0.636719 0.681641 0.635417 0.679688 0.635417 0.678711 0.636719 0.676758 0.636719 0.675781 0.635417 0.674805 0.635417 0.673828 0.634115 0.671875 0.634115 0.670898 0.632812 0.671875 0.63151 0.672852 0.63151 0.673828 0.630208 0.674805 0.630208 0.677734 0.626302 0.678711 0.626302 0.679688 0.625 0.681641 0.625 0.682617 0.623698 0.683594 0.623698 0.68457 0.622396 0.6875 0.622396 0.688477 0.621094 0.69043 0.621094 0.691406 0.619792 0.695312 0.619792 0.696289 0.61849 0.738281 0.61849 0.739258 0.617188 0.77832 0.617188 0.779297 0.615885 0.786133 0.615885 0.787109 0.614583 0.791992 0.614583 0.792969 0.613281 0.795898 0.613281 0.796875 0.611979 0.797852 0.611979 0.798828 0.610677 0.799805 0.610677 0.800781 0.609375 0.801758 0.609375 0.804688 0.605469 0.805664 0.605469 0.805664 0.604167 0.808594 0.60026 0.808594 0.598958 0.80957 0.597656 0.813477 0.597656 0.813477 0.574219 0.810547 0.574219 0.808594 0.571615 0.807617 0.571615 0.806641 0.570312 0.806641 0.565104 0.725586 0.565104 0.725586 0.56901 0.724609 0.570312 0.704102 0.570312 0.703125 0.571615 0.700195 0.571615 0.699219 0.572917 0.698242 0.572917 0.696289 0.575521 0.695312 0.575521 0.694336 0.576823 0.692383 0.576823 0.691406 0.578125 0.69043 0.578125 0.688477 0.580729 0.6875 0.580729 0.686523 0.582031 0.68457 0.582031 0.683594 0.583333 0.682617 0.583333 0.681641 0.584635 0.680664 0.584635 0.679688 0.585938 0.677734 0.585938 0.676758 0.58724 0.675781 0.58724 0.674805 0.588542 0.671875 0.588542 0.670898 0.589844 0.668945 0.589844 0.667969 0.591146 0.666016 0.591146 0.665039 0.592448 0.664062 0.592448 0.663086 0.59375 0.661133 0.59375 0.660156 0.595052 0.65918 0.595052 0.658203 0.596354 0.657227 0.596354 0.65625 0.597656 0.654297 0.597656 0.65332 0.598958 0.651367 0.598958 0.650391 0.60026 0.649414 0.60026 0.648438 0.601562 0.647461 0.601562 0.645508 0.604167 0.644531 0.604167 0.643555 0.605469 0.643555 0.606771 0.642578 0.608073 0.641602 0.608073 0.639648 0.610677 0.638672 0.610677 0.633789 0.617188 0.633789 0.61849 0.630859 0.622396 0.630859 0.625 0.629883 0.626302 0.629883 0.627604 0.631836 0.630208 0.633789 0.630208 0.634766 0.63151 0.637695 0.63151 0.638672 0.632812 0.640625 0.632812 0.642578 0.635417 0.642578 0.636719 0.643555 0.636719 0.644531 0.638021 0.643555 0.644531 0.638672 0.644531 0.637695 0.645833 0.634766 0.645833 0.633789 0.647135 0.632812 0.647135 0.631836 0.648438 0.631836 0.652344 0.649414 0.652344 0.649414 0.648438
1 0.482422 0.272135 0.482422 0.266927 0.483398 0.265625 0.483398 0.25 0.482422 0.248698 0.482422 0.246094 0.481445 0.244792 0.478516 0.244792 0.478516 0.276042 0.481445 0.276042 0.481445 0.273438 0.482422 0.272135 0.49707 0.27474 0.49707 0.285156 0.498047 0.286458 0.498047 0.311198 0.499023 0.3125 0.499023 0.315104 0.498047 0.316406 0.498047 0.325521 0.49707 0.326823 0.49707 0.352865 0.496094 0.354167 0.496094 0.361979 0.495117 0.363281 0.495117 0.371094 0.494141 0.372396 0.494141 0.388021 0.493164 0.389323 0.493164 0.403646 0.494141 0.404948 0.494141 0.417969 0.495117 0.419271 0.495117 0.428385 0.496094 0.429688 0.496094 0.4375 0.49707 0.438802 0.49707 0.446615 0.498047 0.447917 0.498047 0.454427 0.499023 0.455729 0.499023 0.494792 0.498047 0.496094 0.498047 0.565104 0.49707 0.566406 0.49707 0.571615 0.496094 0.572917 0.496094 0.585938 0.495117 0.58724 0.495117 0.595052 0.494141 0.596354 0.494141 0.598958 0.493164 0.60026 0.493164 0.601562 0.492188 0.602865 0.492188 0.605469 0.491211 0.606771 0.491211 0.608073 0.490234 0.609375 0.490234 0.610677 0.489258 0.611979 0.489258 0.613281 0.488281 0.614583 0.488281 0.615885 0.486328 0.61849 0.486328 0.619792 0.485352 0.621094 0.485352 0.623698 0.484375 0.625 0.484375 0.627604 0.483398 0.628906 0.483398 0.630208 0.481445 0.632812 0.478516 0.632812 0.478516 0.669271 0.483398 0.669271 0.485352 0.666667 0.486328 0.666667 0.489258 0.66276 0.490234 0.66276 0.494141 0.657552 0.495117 0.657552 0.495117 0.65625 0.49707 0.653646 0.498047 0.653646 0.501953 0.648438 0.50293 0.648438 0.510742 0.638021 0.510742 0.636719 0.512695 0.634115 0.512695 0.632812 0.513672 0.63151 0.513672 0.630208 0.515625 0.627604 0.515625 0.626302 0.516602 0.625 0.516602 0.623698 0.517578 0.622396 0.517578 0.621094 0.518555 0.619792 0.518555 0.61849 0.519531 0.617188 0.519531 0.615885 0.520508 0.614583 0.520508 0.613281 0.521484 0.611979 0.521484 0.610677 0.522461 0.609375 0.522461 0.608073 0.523438 0.606771 0.523438 0.605469 0.524414 0.604167 0.524414 0.602865 0.525391 0.601562 0.525391 0.597656 0.526367 0.596354 0.526367 0.58724 0.527344 0.585938 0.527344 0.579427 0.52832 0.578125 0.52832 0.567708 0.529297 0.566406 0.529297 0.544271 0.52832 0.542969 0.52832 0.539062 0.527344 0.53776 0.527344 0.532552 0.526367 0.53125 0.526367 0.518229 0.525391 0.516927 0.525391 0.507812 0.526367 0.50651 0.526367 0.480469 0.525391 0.479167 0.525391 0.470052 0.524414 0.46875 0.524414 0.463542 0.523438 0.46224 0.523438 0.457031 0.522461 0.455729 0.522461 0.445312 0.521484 0.44401 0.521484 0.415365 0.520508 0.414062 0.520508 0.376302 0.521484 0.375 0.521484 0.369792 0.522461 0.36849 0.522461 0.364583 0.523438 0.363281 0.523438 0.360677 0.524414 0.359375 0.524414 0.356771 0.525391 0.355469 0.525391 0.352865 0.526367 0.351562 0.526367 0.348958 0.527344 0.347656 0.527344 0.346354 0.52832 0.345052 0.52832 0.34375 0.529297 0.342448 0.529297 0.341146 0.530273 0.339844 0.530273 0.33724 0.53125 0.335938 0.53125 0.334635 0.532227 0.333333 0.532227 0.328125 0.533203 0.326823 0.533203 0.292969 0.532227 0.291667 0.532227 0.273438 0.53125 0.272135 0.53125 0.25651 0.530273 0.255208 0.530273 0.247396 0.529297 0.246094 0.529297 0.240885 0.52832 0.239583 0.52832 0.223958 0.527344 0.222656 0.527344 0.21224 0.526367 0.210938 0.526367 0.199219 0.525391 0.197917 0.525391 0.152344 0.526367 0.151042 0.526367 0.132812 0.525391 0.13151 0.525391 0.0924479 0.526367 0.0911458 0.526367 0.0703125 0.527344 0.0690104 0.527344 0.0481771 0.526367 0.046875 0.526367 0.0169271 0.527344 0.015625 0.527344 0.00520833 0.526367 0.00390625 0.526367 0 0.499023 0 0.499023 0.00390625 0.498047 0.00520833 0.498047 0.0130208 0.49707 0.0143229 0.49707 0.0247396 0.496094 0.0260417 0.496094 0.0299479 0.49707 0.03125 0.49707 0.0533854 0.496094 0.0546875 0.496094 0.0716146 0.495117 0.0729167 0.495117 0.0898438 0.494141 0.0911458 0.494141 0.109375 0.493164 0.110677 0.493164 0.115885 0.492188 0.117188 0.492188 0.121094 0.491211 0.122396 0.491211 0.125 0.490234 0.126302 0.490234 0.148438 0.491211 0.14974 0.491211 0.15625 0.492188 0.157552 0.492188 0.165365 0.493164 0.166667 0.493164 0.18099 0.494141 0.182292 0.494141 0.191406 0.495117 0.192708 0.495117 0.207031 0.496094 0.208333 0.496094 0.222656 0.49707 0.223958 0.49707 0.227865 0.498047 0.229167 0.498047 0.234375 0.499023 0.235677 0.499023 0.257812 0.498047 0.259115 0.498047 0.273438 0.49707 0.27474
1 0.441406 0.0703125 0.441406 0.0742188 0.439453 0.0768229 0.438477 0.0768229 0.4375 0.078125 0.435547 0.078125 0.43457 0.0794271 0.433594 0.0794271 0.432617 0.0807292 0.431641 0.0807292 0.430664 0.0820312 0.428711 0.0820312 0.427734 0.0833333 0.425781 0.0833333 0.424805 0.0846354 0.423828 0.0846354 0.422852 0.0859375 0.419922 0.0859375 0.418945 0.0872396 0.412109 0.0872396 0.411133 0.0885417 0.393555 0.0885417 0.392578 0.0872396 0.380859 0.0872396 0.379883 0.0885417 0.371094 0.0885417 0.370117 0.0898438 0.359375 0.0898438 0.358398 0.0911458 0.354492 0.0911458 0.353516 0.0924479 0.349609 0.0924479 0.349609 0.119792 0.353516 0.119792 0.355469 0.122396 0.356445 0.122396 0.357422 0.123698 0.358398 0.123698 0.359375 0.125 0.361328 0.125 0.362305 0.126302 0.363281 0.126302 0.364258 0.127604 0.364258 0.13151 0.382812 0.13151 0.382812 0.127604 0.383789 0.126302 0.385742 0.126302 0.386719 0.125 0.397461 0.125 0.398438 0.123698 0.417969 0.123698 0.418945 0.122396 0.428711 0.122396 0.429688 0.121094 0.43457 0.121094 0.435547 0.119792 0.439453 0.119792 0.44043 0.11849 0.444336 0.11849 0.445312 0.117188 0.451172 0.117188 0.452148 0.115885 0.457031 0.115885 0.458008 0.114583 0.459961 0.114583 0.460938 0.113281 0.462891 0.113281 0.463867 0.111979 0.46582 0.111979 0.466797 0.110677 0.467773 0.110677 0.46875 0.109375 0.469727 0.109375 0.47168 0.106771 0.472656 0.106771 0.474609 0.104167 0.475586 0.104167 0.477539 0.101562 0.478516 0.101562 0.481445 0.0976562 0.482422 0.0976562 0.484375 0.0950521 0.485352 0.0950521 0.487305 0.0924479 0.488281 0.0924479 0.490234 0.0898438 0.490234 0.0885417 0.492188 0.0859375 0.492188 0.0846354 0.493164 0.0833333 0.493164 0.0820312 0.494141 0.0807292 0.49707 0.0807292 0.49707 0.0703125
1 0.264648 0.768229 0.264648 0.772135 0.262695 0.77474 0.261719 0.77474 0.257812 0.779948 0.256836 0.779948 0.246094 0.794271 0.246094 0.795573 0.243164 0.799479 0.243164 0.800781 0.242188 0.802083 0.242188 0.804688 0.241211 0.80599 0.241211 0.807292 0.240234 0.808594 0.240234 0.809896 0.239258 0.811198 0.239258 0.8125 0.228516 0.826823 0.227539 0.826823 0.213867 0.845052 0.212891 0.845052 0.209961 0.848958 0.208984 0.848958 0.207031 0.851562 0.206055 0.851562 0.205078 0.852865 0.204102 0.852865 0.203125 0.854167 0.202148 0.854167 0.201172 0.855469 0.200195 0.855469 0.195312 0.861979 0.195312 0.863281 0.193359 0.865885 0.193359 0.867188 0.192383 0.86849 0.192383 0.869792 0.191406 0.871094 0.191406 0.873698 0.19043 0.875 0.19043 0.877604 0.189453 0.878906 0.189453 0.882812 0.188477 0.884115 0.188477 0.886719 0.1875 0.888021 0.1875 0.889323 0.186523 0.890625 0.186523 0.891927 0.185547 0.893229 0.185547 0.894531 0.183594 0.897135 0.183594 0.898438 0.180664 0.902344 0.177734 0.902344 0.177734 0.929688 0.181641 0.929688 0.182617 0.93099 0.183594 0.93099 0.18457 0.932292 0.1875 0.932292 0.188477 0.933594 0.196289 0.933594 0.197266 0.932292 0.201172 0.932292 0.202148 0.93099 0.204102 0.93099 0.205078 0.929688 0.206055 0.929688 0.208008 0.927083 0.208984 0.927083 0.210938 0.924479 0.211914 0.924479 0.213867 0.921875 0.214844 0.921875 0.217773 0.917969 0.21875 0.917969 0.22168 0.914062 0.222656 0.914062 0.224609 0.911458 0.225586 0.911458 0.226562 0.910156 0.228516 0.910156 0.229492 0.908854 0.231445 0.908854 0.233398 0.90625 0.234375 0.90625 0.235352 0.904948 0.236328 0.904948 0.237305 0.903646 0.238281 0.903646 0.241211 0.89974 0.242188 0.89974 0.25 0.889323 0.250977 0.889323 0.251953 0.888021 0.251953 0.886719 0.255859 0.88151 0.255859 0.880208 0.258789 0.876302 0.258789 0.875 0.259766 0.873698 0.259766 0.872396 0.261719 0.869792 0.261719 0.86849 0.267578 0.860677 0.267578 0.859375 0.271484 0.854167 0.272461 0.854167 0.277344 0.847656 0.27832 0.847656 0.28125 0.84375 0.282227 0.84375 0.28418 0.841146 0.285156 0.841146 0.288086 0.83724 0.289062 0.83724 0.300781 0.821615 0.300781 0.820312 0.301758 0.81901 0.301758 0.817708 0.303711 0.815104 0.303711 0.813802 0.304688 0.8125 0.304688 0.811198 0.305664 0.809896 0.305664 0.808594 0.306641 0.807292 0.306641 0.80599 0.307617 0.804688 0.307617 0.803385 0.308594 0.802083 0.308594 0.799479 0.310547 0.796875 0.313477 0.796875 0.313477 0.777344 0.30957 0.777344 0.308594 0.776042 0.308594 0.77474 0.307617 0.77474 0.306641 0.773438 0.305664 0.773438 0.304688 0.772135 0.304688 0.768229
1 0.828125 0.0494792 0.828125 0.0533854 0.827148 0.0546875 0.826172 0.0546875 0.825195 0.0559896 0.824219 0.0559896 0.823242 0.0572917 0.821289 0.0572917 0.820312 0.0585938 0.819336 0.0585938 0.818359 0.0598958 0.817383 0.0598958 0.816406 0.0611979 0.81543 0.0611979 0.814453 0.0625 0.813477 0.0625 0.8125 0.0638021 0.811523 0.0638021 0.810547 0.0651042 0.80957 0.0651042 0.808594 0.0664062 0.806641 0.0664062 0.805664 0.0677083 0.803711 0.0677083 0.802734 0.0690104 0.801758 0.0690104 0.800781 0.0703125 0.797852 0.0703125 0.796875 0.0716146 0.794922 0.0716146 0.793945 0.0729167 0.791992 0.0729167 0.791016 0.0742188 0.787109 0.0742188 0.787109 0.101562 0.791992 0.101562 0.792969 0.102865 0.793945 0.102865 0.794922 0.104167 0.796875 0.104167 0.797852 0.105469 0.798828 0.105469 0.799805 0.106771 0.799805 0.110677 0.824219 0.110677 0.824219 0.106771 0.825195 0.105469 0.826172 0.105469 0.827148 0.104167 0.830078 0.104167 0.831055 0.102865 0.833008 0.102865 0.833984 0.101562 0.834961 0.101562 0.835938 0.10026 0.837891 0.10026 0.838867 0.0989583 0.842773 0.0989583 0.84375 0.0976562 0.84668 0.0976562 0.847656 0.0963542 0.850586 0.0963542 0.851562 0.0950521 0.853516 0.0950521 0.854492 0.09375 0.856445 0.09375 0.857422 0.0924479 0.859375 0.0924479 0.860352 0.0911458 0.862305 0.0911458 0.863281 0.0898438 0.865234 0.0898438 0.866211 0.0885417 0.867188 0.0885417 0.868164 0.0872396 0.869141 0.0872396 0.870117 0.0859375 0.871094 0.0859375 0.87207 0.0846354 0.873047 0.0846354 0.874023 0.0833333 0.875 0.0833333 0.875977 0.0820312 0.876953 0.0820312 0.87793 0.0807292 0.878906 0.0807292 0.879883 0.0794271 0.880859 0.0794271 0.881836 0.078125 0.882812 0.078125 0.884766 0.0755208 0.885742 0.0755208 0.888672 0.0716146 0.891602 0.0716146 0.891602 0.0677083 0.888672 0.0677083 0.886719 0.0651042 0.885742 0.0651042 0.884766 0.0638021 0.883789 0.0638021 0.882812 0.0625 0.881836 0.0625 0.880859 0.0611979 0.879883 0.0611979 0.87793 0.0585938 0.876953 0.0585938 0.874023 0.0546875 0.874023 0.0494792
1 0.856445 0.417969 0.858398 0.417969 0.859375 0.419271 0.862305 0.419271 0.863281 0.420573 0.864258 0.420573 0.865234 0.421875 0.868164 0.421875 0.869141 0.423177 0.870117 0.423177 0.87207 0.425781 0.875 0.425781 0.875977 0.427083 0.876953 0.427083 0.87793 0.425781 0.884766 0.425781 0.887695 0.421875 0.888672 0.421875 0.889648 0.420573 0.890625 0.420573 0.891602 0.419271 0.892578 0.419271 0.892578 0.414062 0.891602 0.414062 0.890625 0.41276 0.888672 0.41276 0.887695 0.411458 0.882812 0.411458 0.881836 0.410156 0.870117 0.410156 0.869141 0.411458 0.863281 0.411458 0.862305 0.41276 0.858398 0.41276 0.857422 0.414062 0.856445 0.414062 0.856445 0.417969 0.845703 0.421875 0.844727 0.420573 0.844727 0.419271 0.84375 0.419271 0.842773 0.417969 0.84082 0.417969 0.838867 0.415365 0.837891 0.415365 0.836914 0.414062 0.833984 0.414062 0.833008 0.41276 0.832031 0.41276 0.830078 0.410156 0.826172 0.410156 0.824219 0.407552 0.823242 0.407552 0.822266 0.40625 0.818359 0.40625 0.817383 0.404948 0.8125 0.404948 0.811523 0.40625 0.805664 0.40625 0.804688 0.407552 0.802734 0.407552 0.800781 0.410156 0.798828 0.410156 0.797852 0.411458 0.795898 0.411458 0.794922 0.41276 0.793945 0.41276 0.792969 0.414062 0.791992 0.414062 0.791016 0.415365 0.787109 0.415365 0.786133 0.416667 0.779297 0.416667 0.77832 0.417969 0.773438 0.417969 0.772461 0.419271 0.771484 0.419271 0.770508 0.417969 0.769531 0.417969 0.766602 0.414062 0.765625 0.414062 0.764648 0.41276 0.762695 0.41276 0.761719 0.411458 0.760742 0.411458 0.759766 0.410156 0.757812 0.410156 0.755859 0.407552 0.755859 0.40625 0.754883 0.40625 0.753906 0.404948 0.750977 0.404948 0.75 0.40625 0.749023 0.40625 0.748047 0.407552 0.74707 0.407552 0.746094 0.408854 0.745117 0.408854 0.744141 0.410156 0.743164 0.410156 0.741211 0.41276 0.740234 0.41276 0.737305 0.416667 0.737305 0.417969 0.735352 0.420573 0.734375 0.420573 0.733398 0.421875 0.731445 0.421875 0.730469 0.423177 0.729492 0.423177 0.728516 0.424479 0.727539 0.424479 0.726562 0.425781 0.725586 0.425781 0.724609 0.427083 0.723633 0.427083 0.722656 0.428385 0.720703 0.428385 0.719727 0.429688 0.716797 0.429688 0.71582 0.43099 0.714844 0.43099 0.713867 0.432292 0.712891 0.432292 0.711914 0.433594 0.709961 0.433594 0.708984 0.434896 0.708008 0.434896 0.707031 0.436198 0.706055 0.436198 0.705078 0.4375 0.704102 0.4375 0.703125 0.438802 0.701172 0.438802 0.699219 0.441406 0.698242 0.441406 0.697266 0.442708 0.696289 0.442708 0.695312 0.44401 0.693359 0.44401 0.692383 0.445312 0.691406 0.445312 0.689453 0.447917 0.688477 0.447917 0.6875 0.449219 0.685547 0.449219 0.683594 0.451823 0.682617 0.451823 0.681641 0.453125 0.680664 0.453125 0.679688 0.454427 0.678711 0.454427 0.677734 0.455729 0.676758 0.455729 0.673828 0.459635 0.672852 0.459635 0.671875 0.460938 0.670898 0.460938 0.669922 0.46224 0.668945 0.46224 0.666992 0.464844 0.666016 0.464844 0.665039 0.466146 0.664062 0.466146 0.657227 0.47526 0.65625 0.47526 0.655273 0.476562 0.654297 0.476562 0.65332 0.477865 0.65332 0.479167 0.650391 0.483073 0.650391 0.484375 0.648438 0.486979 0.648438 0.489583 0.647461 0.490885 0.647461 0.503906 0.646484 0.505208 0.646484 0.509115 0.645508 0.510417 0.645508 0.511719 0.644531 0.513021 0.644531 0.515625 0.643555 0.516927 0.643555 0.519531 0.644531 0.520833 0.644531 0.522135 0.645508 0.523438 0.649414 0.523438 0.650391 0.522135 0.651367 0.522135 0.652344 0.520833 0.654297 0.520833 0.655273 0.519531 0.65625 0.519531 0.657227 0.518229 0.658203 0.518229 0.65918 0.516927 0.660156 0.516927 0.661133 0.515625 0.662109 0.515625 0.663086 0.514323 0.665039 0.514323 0.666016 0.513021 0.666992 0.513021 0.667969 0.511719 0.668945 0.511719 0.669922 0.510417 0.670898 0.510417 0.671875 0.509115 0.672852 0.509115 0.674805 0.50651 0.675781 0.50651 0.676758 0.505208 0.677734 0.505208 0.679688 0.502604 0.680664 0.502604 0.681641 0.501302 0.682617 0.501302 0.68457 0.498698 0.685547 0.498698 0.686523 0.497396 0.689453 0.497396 0.69043 0.496094 0.693359 0.496094 0.694336 0.494792 0.705078 0.494792 0.706055 0.49349 0.711914 0.49349 0.712891 0.492188 0.713867 0.492188 0.71582 0.489583 0.717773 0.489583 0.720703 0.485677 0.722656 0.485677 0.723633 0.484375 0.725586 0.484375 0.726562 0.483073 0.729492 0.483073 0.730469 0.481771 0.733398 0.481771 0.734375 0.480469 0.737305 0.480469 0.738281 0.479167 0.75293 0.479167 0.753906 0.477865 0.754883 0.477865 0.756836 0.47526 0.757812 0.47526 0.761719 0.470052 0.762695 0.470052 0.763672 0.46875 0.766602 0.46875 0.767578 0.467448 0.768555 0.467448 0.769531 0.466146 0.771484 0.466146 0.772461 0.464844 0.775391 0.464844 0.776367 0.463542 0.779297 0.463542 0.780273 0.46224 0.785156 0.46224 0.786133 0.460938 0.790039 0.460938 0.791016 0.459635 0.793945 0.459635 0.794922 0.458333 0.797852 0.458333 0.798828 0.457031 0.800781 0.457031 0.801758 0.455729 0.803711 0.455729 0.804688 0.454427 0.805664 0.454427 0.806641 0.453125 0.807617 0.453125 0.808594 0.451823 0.80957 0.451823 0.810547 0.450521 0.813477 0.450521 0.814453 0.449219 0.816406 0.449219 0.817383 0.447917 0.818359 0.447917 0.819336 0.446615 0.822266 0.446615 0.823242 0.445312 0.824219 0.445312 0.825195 0.44401 0.825195 0.442708 0.828125 0.438802 0.829102 0.438802 0.830078 0.4375 0.831055 0.4375 0.832031 0.436198 0.833008 0.436198 0.833984 0.434896 0.834961 0.434896 0.836914 0.432292 0.837891 0.432292 0.842773 0.425781 0.84375 0.425781 0.845703 0.423177 0.845703 0.421875
1 0.648438 0.638021 0.648438 0.641927 0.647461 0.643229 0.645508 0.643229 0.644531 0.644531 0.640625 0.644531 0.639648 0.645833 0.637695 0.645833 0.635742 0.648438 0.634766 0.648438 0.633789 0.64974 0.630859 0.64974 0.630859 0.675781 0.635742 0.675781 0.636719 0.674479 0.644531 0.674479 0.645508 0.673177 0.664062 0.673177 0.665039 0.671875 0.676758 0.671875 0.677734 0.673177 0.683594 0.673177 0.68457 0.674479 0.689453 0.674479 0.69043 0.675781 0.699219 0.675781 0.700195 0.677083 0.703125 0.677083 0.704102 0.675781 0.705078 0.677083 0.707031 0.677083 0.708008 0.678385 0.709961 0.678385 0.710938 0.679688 0.712891 0.679688 0.713867 0.68099 0.714844 0.68099 0.71582 0.682292 0.717773 0.682292 0.71875 0.683594 0.720703 0.683594 0.72168 0.684896 0.722656 0.684896 0.723633 0.686198 0.724609 0.686198 0.725586 0.6875 0.727539 0.6875 0.728516 0.688802 0.729492 0.688802 0.730469 0.690104 0.733398 0.690104 0.734375 0.691406 0.739258 0.691406 0.740234 0.692708 0.742188 0.692708 0.743164 0.69401 0.74707 0.69401 0.748047 0.695312 0.750977 0.695312 0.751953 0.696615 0.754883 0.696615 0.755859 0.697917 0.758789 0.697917 0.759766 0.699219 0.760742 0.699219 0.761719 0.700521 0.761719 0.704427 0.796875 0.704427 0.796875 0.700521 0.797852 0.699219 0.798828 0.699219 0.799805 0.697917 0.802734 0.697917 0.803711 0.696615 0.806641 0.696615 0.807617 0.695312 0.810547 0.695312 0.811523 0.69401 0.813477 0.69401 0.814453 0.692708 0.817383 0.692708 0.818359 0.691406 0.823242 0.691406 0.824219 0.690104 0.827148 0.690104 0.828125 0.688802 0.830078 0.688802 0.831055 0.6875 0.832031 0.6875 0.833008 0.686198 0.833984 0.686198 0.84375 0.673177 0.84375 0.671875 0.845703 0.669271 0.845703 0.666667 0.84668 0.665365 0.84668 0.664062 0.847656 0.66276 0.847656 0.661458 0.849609 0.658854 0.852539 0.658854 0.852539 0.647135 0.84082 0.647135 0.839844 0.648438 0.838867 0.648438 0.837891 0.64974 0.825195 0.64974 0.824219 0.651042 0.821289 0.651042 0.820312 0.652344 0.81543 0.652344 0.814453 0.653646 0.799805 0.653646 0.798828 0.654948 0.789062 0.654948 0.788086 0.653646 0.779297 0.653646 0.77832 0.652344 0.775391 0.652344 0.774414 0.651042 0.773438 0.651042 0.772461 0.64974 0.770508 0.64974 0.769531 0.648438 0.768555 0.648438 0.767578 0.647135 0.762695 0.647135 0.761719 0.645833 0.728516 0.645833 0.727539 0.644531 0.708984 0.644531 0.708008 0.643229 0.705078 0.643229 0.704102 0.641927 0.704102 0.638021
1 0.453125 0.21224 0.452148 0.213542 0.450195 0.213542 0.449219 0.214844 0.447266 0.214844 0.446289 0.216146 0.444336 0.216146 0.443359 0.217448 0.441406 0.217448 0.44043 0.21875 0.438477 0.21875 0.4375 0.220052 0.435547 0.220052 0.43457 0.221354 0.433594 0.221354 0.431641 0.223958 0.429688 0.223958 0.428711 0.22526 0.427734 0.22526 0.426758 0.226562 0.424805 0.226562 0.423828 0.227865 0.421875 0.227865 0.420898 0.229167 0.419922 0.229167 0.418945 0.230469 0.417969 0.230469 0.416992 0.231771 0.416016 0.231771 0.415039 0.233073 0.414062 0.233073 0.413086 0.234375 0.411133 0.234375 0.410156 0.235677 0.40918 0.235677 0.408203 0.236979 0.40625 0.236979 0.405273 0.238281 0.40332 0.238281 0.402344 0.239583 0.400391 0.239583 0.399414 0.240885 0.397461 0.240885 0.396484 0.242188 0.394531 0.242188 0.393555 0.24349 0.391602 0.24349 0.390625 0.244792 0.388672 0.244792 0.387695 0.246094 0.383789 0.246094 0.382812 0.247396 0.379883 0.247396 0.378906 0.248698 0.375977 0.248698 0.375 0.25 0.37207 0.25 0.371094 0.251302 0.369141 0.251302 0.368164 0.252604 0.366211 0.252604 0.365234 0.253906 0.364258 0.253906 0.362305 0.25651 0.361328 0.25651 0.360352 0.257812 0.358398 0.257812 0.357422 0.259115 0.355469 0.259115 0.354492 0.260417 0.352539 0.260417 0.351562 0.261719 0.350586 0.261719 0.349609 0.263021 0.348633 0.263021 0.347656 0.264323 0.34668 0.264323 0.344727 0.266927 0.34375 0.266927 0.342773 0.268229 0.341797 0.268229 0.34082 0.269531 0.338867 0.269531 0.337891 0.270833 0.335938 0.270833 0.333984 0.273438 0.333008 0.273438 0.332031 0.27474 0.331055 0.27474 0.328125 0.278646 0.327148 0.278646 0.326172 0.279948 0.325195 0.279948 0.324219 0.28125 0.323242 0.28125 0.321289 0.283854 0.320312 0.283854 0.319336 0.285156 0.318359 0.285156 0.317383 0.286458 0.316406 0.286458 0.313477 0.290365 0.3125 0.290365 0.311523 0.291667 0.310547 0.291667 0.30957 0.292969 0.308594 0.292969 0.306641 0.295573 0.305664 0.295573 0.304688 0.296875 0.303711 0.296875 0.300781 0.300781 0.299805 0.300781 0.297852 0.303385 0.296875 0.303385 0.294922 0.30599 0.291016 0.30599 0.291016 0.329427 0.323242 0.329427 0.323242 0.325521 0.325195 0.322917 0.328125 0.322917 0.329102 0.321615 0.330078 0.321615 0.331055 0.320312 0.332031 0.320312 0.333008 0.31901 0.333984 0.31901 0.334961 0.317708 0.335938 0.317708 0.338867 0.313802 0.339844 0.313802 0.342773 0.309896 0.34375 0.309896 0.34668 0.30599 0.347656 0.30599 0.349609 0.303385 0.350586 0.303385 0.351562 0.302083 0.352539 0.302083 0.353516 0.300781 0.355469 0.300781 0.356445 0.299479 0.357422 0.299479 0.358398 0.298177 0.360352 0.298177 0.361328 0.296875 0.363281 0.296875 0.364258 0.295573 0.365234 0.295573 0.366211 0.294271 0.368164 0.294271 0.369141 0.292969 0.370117 0.292969 0.371094 0.291667 0.37207 0.291667 0.373047 0.290365 0.374023 0.290365 0.375 0.289062 0.375977 0.289062 0.376953 0.28776 0.37793 0.28776 0.378906 0.286458 0.381836 0.286458 0.382812 0.285156 0.385742 0.285156 0.386719 0.283854 0.388672 0.283854 0.389648 0.282552 0.392578 0.282552 0.393555 0.28125 0.395508 0.28125 0.396484 0.279948 0.398438 0.279948 0.399414 0.278646 0.401367 0.278646 0.402344 0.277344 0.404297 0.277344 0.405273 0.276042 0.407227 0.276042 0.408203 0.27474 0.40918 0.27474 0.410156 0.273438 0.411133 0.273438 0.412109 0.272135 0.413086 0.272135 0.414062 0.270833 0.415039 0.270833 0.416016 0.269531 0.416992 0.269531 0.417969 0.268229 0.418945 0.268229 0.419922 0.266927 0.422852 0.266927 0.423828 0.265625 0.424805 0.265625 0.425781 0.264323 0.426758 0.264323 0.427734 0.263021 0.429688 0.263021 0.430664 0.261719 0.431641 0.261719 0.432617 0.260417 0.433594 0.260417 0.43457 0.259115 0.435547 0.259115 0.436523 0.257812 0.438477 0.257812 0.439453 0.25651 0.441406 0.25651 0.443359 0.253906 0.444336 0.253906 0.445312 0.252604 0.446289 0.252604 0.451172 0.246094 0.452148 0.246094 0.452148 0.244792 0.453125 0.24349 0.454102 0.24349 0.455078 0.242188 0.455078 0.240885 0.458984 0.235677 0.458984 0.233073 0.459961 0.231771 0.459961 0.227865 0.460938 0.226562 0.460938 0.21875 0.459961 0.217448 0.459961 0.214844 0.458984 0.213542 0.457031 0.213542 0.456055 0.21224
1 0.607422 0.700521 0.607422 0.704427 0.606445 0.705729 0.605469 0.705729 0.604492 0.707031 0.599609 0.707031 0.599609 0.723958 0.604492 0.723958 0.605469 0.722656 0.613281 0.722656 0.614258 0.721354 0.615234 0.722656 0.623047 0.722656 0.624023 0.723958 0.628906 0.723958 0.629883 0.72526 0.633789 0.72526 0.634766 0.726562 0.645508 0.726562 0.646484 0.727865 0.650391 0.727865 0.651367 0.729167 0.654297 0.729167 0.655273 0.730469 0.657227 0.730469 0.658203 0.731771 0.660156 0.731771 0.661133 0.733073 0.664062 0.733073 0.665039 0.734375 0.666016 0.734375 0.666992 0.735677 0.668945 0.735677 0.669922 0.736979 0.670898 0.736979 0.671875 0.738281 0.672852 0.738281 0.673828 0.739583 0.674805 0.739583 0.675781 0.740885 0.676758 0.740885 0.677734 0.742188 0.679688 0.742188 0.680664 0.74349 0.682617 0.74349 0.683594 0.744792 0.68457 0.744792 0.685547 0.746094 0.686523 0.746094 0.6875 0.747396 0.688477 0.747396 0.689453 0.748698 0.691406 0.748698 0.692383 0.75 0.693359 0.75 0.694336 0.751302 0.695312 0.751302 0.696289 0.752604 0.697266 0.752604 0.698242 0.753906 0.700195 0.753906 0.701172 0.755208 0.702148 0.755208 0.703125 0.75651 0.704102 0.75651 0.705078 0.757812 0.707031 0.757812 0.708008 0.759115 0.708984 0.759115 0.709961 0.760417 0.710938 0.760417 0.711914 0.761719 0.71582 0.761719 0.716797 0.763021 0.72168 0.763021 0.722656 0.764323 0.727539 0.764323 0.728516 0.765625 0.731445 0.765625 0.732422 0.766927 0.734375 0.766927 0.735352 0.768229 0.737305 0.768229 0.738281 0.769531 0.740234 0.769531 0.741211 0.770833 0.742188 0.770833 0.743164 0.772135 0.745117 0.772135 0.746094 0.773438 0.748047 0.773438 0.749023 0.77474 0.753906 0.77474 0.754883 0.776042 0.765625 0.776042 0.766602 0.77474 0.775391 0.77474 0.776367 0.773438 0.77832 0.773438 0.779297 0.772135 0.782227 0.772135 0.783203 0.770833 0.78418 0.770833 0.785156 0.769531 0.787109 0.769531 0.788086 0.768229 0.790039 0.768229 0.791016 0.766927 0.793945 0.766927 0.794922 0.765625 0.795898 0.765625 0.796875 0.764323 0.801758 0.764323 0.801758 0.753906 0.798828 0.753906 0.797852 0.752604 0.796875 0.752604 0.794922 0.75 0.792969 0.75 0.791992 0.748698 0.790039 0.748698 0.789062 0.747396 0.788086 0.747396 0.787109 0.746094 0.78418 0.746094 0.783203 0.744792 0.78125 0.744792 0.780273 0.74349 0.77832 0.74349 0.777344 0.742188 0.776367 0.742188 0.775391 0.740885 0.774414 0.740885 0.773438 0.739583 0.772461 0.739583 0.771484 0.738281 0.769531 0.738281 0.768555 0.736979 0.766602 0.736979 0.765625 0.735677 0.763672 0.735677 0.762695 0.734375 0.758789 0.734375 0.757812 0.733073 0.755859 0.733073 0.754883 0.731771 0.750977 0.731771 0.75 0.730469 0.74707 0.730469 0.746094 0.729167 0.743164 0.729167 0.742188 0.727865 0.740234 0.727865 0.739258 0.726562 0.735352 0.726562 0.734375 0.72526 0.730469 0.72526 0.729492 0.723958 0.726562 0.723958 0.725586 0.722656 0.722656 0.722656 0.72168 0.721354 0.71875 0.721354 0.717773 0.720052 0.71582 0.720052 0.714844 0.71875 0.713867 0.71875 0.712891 0.717448 0.710938 0.717448 0.709961 0.716146 0.708008 0.716146 0.707031 0.714844 0.705078 0.714844 0.704102 0.713542 0.702148 0.713542 0.701172 0.71224 0.698242 0.71224 0.697266 0.710938 0.695312 0.710938 0.694336 0.709635 0.692383 0.709635 0.691406 0.708333 0.689453 0.708333 0.688477 0.707031 0.686523 0.707031 0.685547 0.705729 0.68457 0.705729 0.683594 0.704427 0.683594 0.700521
0 0.756836 0.304688 0.756836 0.309896 0.74707 0.322917 0.744141 0.322917 0.744141 0.359375 0.748047 0.359375 0.749023 0.360677 0.75 0.360677 0.751953 0.363281 0.75293 0.363281 0.755859 0.367188 0.756836 0.367188 0.759766 0.371094 0.760742 0.371094 0.765625 0.377604 0.765625 0.38151 0.786133 0.38151 0.786133 0.376302 0.788086 0.373698 0.789062 0.373698 0.791992 0.369792 0.792969 0.369792 0.794922 0.367188 0.795898 0.367188 0.796875 0.365885 0.797852 0.365885 0.799805 0.363281 0.800781 0.363281 0.802734 0.360677 0.802734 0.359375 0.803711 0.358073 0.803711 0.356771 0.805664 0.354167 0.805664 0.352865 0.807617 0.35026 0.807617 0.347656 0.808594 0.346354 0.808594 0.34375 0.810547 0.341146 0.813477 0.341146 0.813477 0.328125 0.810547 0.328125 0.80957 0.326823 0.80957 0.325521 0.808594 0.324219 0.808594 0.322917 0.797852 0.308594 0.797852 0.304688
1 0.102539 0.658854 0.102539 0.66276 0.100586 0.665365 0.0996094 0.665365 0.0986328 0.666667 0.0976562 0.666667 0.0957031 0.669271 0.0947266 0.669271 0.09375 0.670573 0.0917969 0.670573 0.0908203 0.671875 0.0898438 0.671875 0.0878906 0.674479 0.0869141 0.674479 0.0859375 0.675781 0.0849609 0.675781 0.0839844 0.677083 0.0830078 0.677083 0.0810547 0.679688 0.0800781 0.679688 0.0791016 0.68099 0.078125 0.68099 0.0771484 0.682292 0.0761719 0.682292 0.0751953 0.683594 0.0742188 0.683594 0.0732422 0.684896 0.0722656 0.684896 0.0712891 0.686198 0.0703125 0.686198 0.0693359 0.6875 0.0683594 0.6875 0.0673828 0.688802 0.0664062 0.688802 0.0654297 0.690104 0.0634766 0.690104 0.0625 0.691406 0.0615234 0.691406 0.0605469 0.692708 0.0595703 0.692708 0.0585938 0.69401 0.0576172 0.69401 0.0566406 0.695312 0.0556641 0.695312 0.0546875 0.696615 0.0537109 0.696615 0.0517578 0.699219 0.0507812 0.699219 0.0498047 0.700521 0.0488281 0.700521 0.0478516 0.701823 0.046875 0.701823 0.0458984 0.703125 0.0449219 0.703125 0.0429688 0.705729 0.0419922 0.705729 0.0410156 0.707031 0.0400391 0.707031 0.0390625 0.708333 0.0380859 0.708333 0.0351562 0.71224 0.0341797 0.71224 0.03125 0.716146 0.0302734 0.716146 0.0263672 0.721354 0.0253906 0.721354 0.0234375 0.723958 0.0224609 0.723958 0.0205078 0.726562 0.0195312 0.726562 0.0175781 0.729167 0.0166016 0.729167 0.015625 0.730469 0.0146484 0.730469 0.0136719 0.731771 0.0117188 0.731771 0.0107422 0.733073 0.00976562 0.733073 0.00878906 0.734375 0.0078125 0.734375 0.00683594 0.735677 0.00195312 0.735677 0.00195312 0.804688 0.00488281 0.804688 0.00683594 0.802083 0.00683594 0.800781 0.00878906 0.798177 0.00878906 0.796875 0.00976562 0.795573 0.00976562 0.794271 0.0117188 0.791667 0.0117188 0.790365 0.0292969 0.766927 0.0302734 0.766927 0.0322266 0.764323 0.0332031 0.764323 0.0361328 0.760417 0.0371094 0.760417 0.0400391 0.75651 0.0410156 0.75651 0.0439453 0.752604 0.0449219 0.752604 0.0458984 0.751302 0.046875 0.751302 0.0478516 0.75 0.0488281 0.75 0.0498047 0.748698 0.0507812 0.748698 0.0527344 0.746094 0.0537109 0.746094 0.0546875 0.744792 0.0556641 0.744792 0.0566406 0.74349 0.0585938 0.74349 0.0595703 0.742188 0.0615234 0.742188 0.0625 0.740885 0.0634766 0.740885 0.0644531 0.739583 0.0664062 0.739583 0.0673828 0.738281 0.0683594 0.738281 0.0693359 0.736979 0.0703125 0.736979 0.0712891 0.735677 0.0722656 0.735677 0.0732422 0.734375 0.0751953 0.734375 0.0761719 0.733073 0.0771484 0.733073 0.078125 0.731771 0.0791016 0.731771 0.0800781 0.730469 0.0810547 0.730469 0.0820312 0.729167 0.0830078 0.729167 0.0839844 0.727865 0.0849609 0.727865 0.0869141 0.72526 0.0878906 0.72526 0.0888672 0.723958 0.0898438 0.723958 0.0908203 0.722656 0.0917969 0.722656 0.0927734 0.721354 0.0947266 0.721354 0.0957031 0.720052 0.0966797 0.720052 0.0976562 0.71875 0.0996094 0.71875 0.100586 0.717448 0.101562 0.717448 0.103516 0.714844 0.104492 0.714844 0.105469 0.713542 0.106445 0.713542 0.108398 0.710938 0.109375 0.710938 0.112305 0.707031 0.113281 0.707031 0.115234 0.704427 0.116211 0.704427 0.116211 0.703125 0.137695 0.674479 0.141602 0.674479 0.141602 0.658854
1 0.630859 0.674479 0.630859 0.699219 0.633789 0.699219 0.634766 0.697917 0.635742 0.697917 0.637695 0.695312 0.645508 0.695312 0.646484 0.696615 0.652344 0.696615 0.65332 0.697917 0.657227 0.697917 0.658203 0.699219 0.661133 0.699219 0.662109 0.700521 0.666992 0.700521 0.667969 0.701823 0.671875 0.701823 0.672852 0.703125 0.675781 0.703125 0.676758 0.704427 0.679688 0.704427 0.680664 0.705729 0.682617 0.705729 0.683594 0.707031 0.685547 0.707031 0.686523 0.708333 0.69043 0.708333 0.691406 0.709635 0.694336 0.709635 0.695312 0.710938 0.700195 0.710938 0.701172 0.71224 0.705078 0.71224 0.706055 0.713542 0.708008 0.713542 0.708984 0.714844 0.710938 0.714844 0.711914 0.716146 0.713867 0.716146 0.714844 0.717448 0.716797 0.717448 0.717773 0.71875 0.720703 0.71875 0.72168 0.720052 0.722656 0.720052 0.723633 0.721354 0.726562 0.721354 0.727539 0.722656 0.730469 0.722656 0.731445 0.723958 0.734375 0.723958 0.735352 0.72526 0.737305 0.72526 0.738281 0.726562 0.742188 0.726562 0.743164 0.727865 0.749023 0.727865 0.75 0.729167 0.764648 0.729167 0.765625 0.730469 0.773438 0.730469 0.774414 0.731771 0.774414 0.735677 0.780273 0.735677 0.780273 0.731771 0.78125 0.730469 0.783203 0.730469 0.78418 0.729167 0.787109 0.729167 0.788086 0.727865 0.790039 0.727865 0.791016 0.726562 0.793945 0.726562 0.794922 0.72526 0.796875 0.72526 0.797852 0.723958 0.801758 0.723958 0.802734 0.722656 0.803711 0.722656 0.805664 0.720052 0.805664 0.714844 0.803711 0.71224 0.803711 0.710938 0.802734 0.709635 0.790039 0.709635 0.789062 0.708333 0.785156 0.708333 0.78418 0.707031 0.78125 0.707031 0.780273 0.705729 0.777344 0.705729 0.776367 0.704427 0.771484 0.704427 0.770508 0.703125 0.766602 0.703125 0.765625 0.701823 0.763672 0.701823 0.762695 0.700521 0.759766 0.700521 0.758789 0.699219 0.756836 0.699219 0.755859 0.697917 0.754883 0.697917 0.753906 0.696615 0.751953 0.696615 0.750977 0.695312 0.748047 0.695312 0.74707 0.69401 0.744141 0.69401 0.743164 0.692708 0.741211 0.692708 0.740234 0.691406 0.737305 0.691406 0.736328 0.690104 0.733398 0.690104 0.732422 0.688802 0.728516 0.688802 0.727539 0.6875 0.725586 0.6875 0.724609 0.686198 0.722656 0.686198 0.72168 0.684896 0.719727 0.684896 0.71875 0.683594 0.716797 0.683594 0.71582 0.682292 0.712891 0.682292 0.711914 0.68099 0.709961 0.68099 0.708984 0.679688 0.708008 0.679688 0.707031 0.678385 0.707031 0.674479
1 0.68457 0.565104 0.68457 0.56901 0.685547 0.56901 0.686523 0.570312 0.691406 0.570312 0.692383 0.571615 0.694336 0.571615 0.695312 0.572917 0.696289 0.572917 0.697266 0.574219 0.696289 0.575521 0.695312 0.575521 0.694336 0.576823 0.693359 0.576823 0.692383 0.578125 0.691406 0.578125 0.688477 0.582031 0.6875 0.582031 0.686523 0.583333 0.685547 0.583333 0.68457 0.584635 0.683594 0.584635 0.682617 0.585938 0.681641 0.585938 0.680664 0.58724 0.679688 0.58724 0.678711 0.588542 0.677734 0.588542 0.676758 0.589844 0.675781 0.589844 0.674805 0.591146 0.672852 0.591146 0.671875 0.592448 0.670898 0.592448 0.669922 0.59375 0.668945 0.59375 0.667969 0.595052 0.666992 0.595052 0.666016 0.596354 0.665039 0.596354 0.664062 0.597656 0.663086 0.597656 0.662109 0.598958 0.661133 0.598958 0.660156 0.60026 0.65918 0.60026 0.658203 0.601562 0.657227 0.601562 0.65625 0.602865 0.655273 0.602865 0.654297 0.604167 0.652344 0.604167 0.651367 0.605469 0.650391 0.605469 0.649414 0.606771 0.649414 0.608073 0.648438 0.609375 0.648438 0.611979 0.649414 0.613281 0.65625 0.613281 0.657227 0.614583 0.658203 0.613281 0.661133 0.613281 0.662109 0.611979 0.665039 0.611979 0.666016 0.610677 0.669922 0.610677 0.670898 0.609375 0.678711 0.609375 0.679688 0.610677 0.697266 0.610677 0.698242 0.611979 0.699219 0.611979 0.700195 0.613281 0.704102 0.613281 0.705078 0.614583 0.706055 0.614583 0.707031 0.615885 0.77832 0.615885 0.779297 0.614583 0.787109 0.614583 0.788086 0.613281 0.792969 0.613281 0.793945 0.611979 0.796875 0.611979 0.797852 0.610677 0.798828 0.610677 0.799805 0.609375 0.800781 0.609375 0.803711 0.605469 0.804688 0.605469 0.806641 0.602865 0.806641 0.601562 0.807617 0.60026 0.807617 0.598958 0.810547 0.595052 0.813477 0.595052 0.813477 0.574219 0.80957 0.574219 0.805664 0.56901 0.805664 0.565104 0.72168 0.565104 0.72168 0.56901 0.720703 0.570312 0.713867 0.570312 0.712891 0.56901 0.712891 0.565104
1 0.132812 0.705729 0.132812 0.710938 0.133789 0.71224 0.135742 0.71224 0.136719 0.713542 0.137695 0.713542 0.138672 0.714844 0.138672 0.716146 0.137695 0.717448 0.136719 0.717448 0.133789 0.721354 0.132812 0.721354 0.131836 0.722656 0.130859 0.722656 0.129883 0.723958 0.12793 0.723958 0.126953 0.72526 0.124023 0.72526 0.123047 0.726562 0.121094 0.726562 0.120117 0.727865 0.117188 0.727865 0.116211 0.729167 0.114258 0.729167 0.113281 0.730469 0.111328 0.730469 0.110352 0.731771 0.108398 0.731771 0.107422 0.733073 0.104492 0.733073 0.103516 0.734375 0.101562 0.734375 0.100586 0.735677 0.0996094 0.735677 0.0986328 0.736979 0.0957031 0.736979 0.0947266 0.738281 0.0908203 0.738281 0.0898438 0.739583 0.0849609 0.739583 0.0839844 0.740885 0.0791016 0.740885 0.078125 0.742188 0.0742188 0.742188 0.0732422 0.74349 0.0703125 0.74349 0.0693359 0.744792 0.0664062 0.744792 0.0654297 0.746094 0.0634766 0.746094 0.0625 0.747396 0.0605469 0.747396 0.0595703 0.748698 0.0566406 0.748698 0.0556641 0.75 0.0537109 0.75 0.0527344 0.751302 0.0517578 0.751302 0.0507812 0.752604 0.0488281 0.752604 0.0478516 0.753906 0.046875 0.753906 0.0458984 0.755208 0.0449219 0.755208 0.0439453 0.75651 0.0429688 0.75651 0.0410156 0.759115 0.0400391 0.759115 0.0380859 0.761719 0.0371094 0.761719 0.0302734 0.770833 0.0292969 0.770833 0.0283203 0.772135 0.0253906 0.772135 0.0253906 0.792969 0.0947266 0.792969 0.0947266 0.789062 0.0957031 0.78776 0.0976562 0.78776 0.0986328 0.786458 0.102539 0.786458 0.103516 0.785156 0.107422 0.785156 0.108398 0.783854 0.110352 0.783854 0.111328 0.782552 0.112305 0.782552 0.113281 0.78125 0.115234 0.78125 0.116211 0.779948 0.117188 0.779948 0.118164 0.778646 0.120117 0.778646 0.121094 0.777344 0.12207 0.777344 0.123047 0.776042 0.125977 0.776042 0.126953 0.77474 0.12793 0.77474 0.128906 0.773438 0.131836 0.773438 0.132812 0.772135 0.135742 0.772135 0.136719 0.770833 0.144531 0.770833 0.145508 0.769531 0.155273 0.769531 0.15625 0.770833 0.172852 0.770833 0.173828 0.772135 0.178711 0.772135 0.179688 0.770833 0.186523 0.770833 0.1875 0.769531 0.192383 0.769531 0.193359 0.768229 0.197266 0.768229 0.198242 0.766927 0.202148 0.766927 0.203125 0.765625 0.207031 0.765625 0.208008 0.764323 0.211914 0.764323 0.212891 0.763021 0.21875 0.763021 0.219727 0.761719 0.226562 0.761719 0.227539 0.760417 0.235352 0.760417 0.236328 0.759115 0.24707 0.759115 0.248047 0.757812 0.256836 0.757812 0.257812 0.75651 0.289062 0.75651 0.290039 0.757812 0.294922 0.757812 0.295898 0.759115 0.300781 0.759115 0.301758 0.760417 0.306641 0.760417 0.307617 0.761719 0.313477 0.761719 0.314453 0.763021 0.324219 0.763021 0.325195 0.764323 0.333984 0.764323 0.334961 0.765625 0.365234 0.765625 0.366211 0.766927 0.370117 0.766927 0.371094 0.768229 0.379883 0.768229 0.380859 0.769531 0.400391 0.769531 0.401367 0.768229 0.40625 0.768229 0.407227 0.766927 0.410156 0.766927 0.411133 0.765625 0.415039 0.765625 0.416016 0.764323 0.419922 0.764323 0.420898 0.763021 0.425781 0.763021 0.426758 0.761719 0.430664 0.761719 0.430664 0.734375 0.425781 0.734375 0.424805 0.733073 0.420898 0.733073 0.419922 0.731771 0.414062 0.731771 0.413086 0.730469 0.401367 0.730469 0.400391 0.731771 0.394531 0.731771 0.393555 0.733073 0.383789 0.733073 0.382812 0.731771 0.380859 0.731771 0.379883 0.730469 0.375977 0.730469 0.375 0.729167 0.37207 0.729167 0.371094 0.727865 0.366211 0.727865 0.365234 0.726562 0.361328 0.726562 0.360352 0.72526 0.356445 0.72526 0.355469 0.723958 0.350586 0.723958 0.349609 0.722656 0.345703 0.722656 0.344727 0.721354 0.342773 0.721354 0.341797 0.720052 0.339844 0.720052 0.338867 0.71875 0.336914 0.71875 0.335938 0.717448 0.333984 0.717448 0.333008 0.716146 0.330078 0.716146 0.329102 0.714844 0.326172 0.714844 0.325195 0.713542 0.323242 0.713542 0.322266 0.71224 0.318359 0.71224 0.316406 0.709635 0.316406 0.705729 0.304688 0.705729 0.304688 0.709635 0.303711 0.710938 0.293945 0.710938 0.292969 0.709635 0.292969 0.705729
1 0.536133 0.688802 0.53418 0.691406 0.533203 0.691406 0.532227 0.692708 0.530273 0.692708 0.529297 0.69401 0.525391 0.69401 0.525391 0.709635 0.529297 0.709635 0.53125 0.71224 0.532227 0.71224 0.533203 0.713542 0.53418 0.713542 0.536133 0.716146 0.537109 0.716146 0.539062 0.71875 0.540039 0.71875 0.541992 0.721354 0.541992 0.72526 0.568359 0.72526 0.568359 0.720052 0.569336 0.71875 0.569336 0.716146 0.570312 0.714844 0.571289 0.714844 0.572266 0.713542 0.573242 0.713542 0.574219 0.71224 0.576172 0.71224 0.577148 0.710938 0.578125 0.710938 0.579102 0.709635 0.580078 0.709635 0.581055 0.708333 0.582031 0.708333 0.583008 0.707031 0.583984 0.707031 0.585938 0.704427 0.586914 0.704427 0.587891 0.703125 0.588867 0.703125 0.59082 0.700521 0.591797 0.700521 0.594727 0.696615 0.595703 0.696615 0.59668 0.695312 0.59668 0.69401 0.599609 0.690104 0.602539 0.690104 0.602539 0.673177 0.598633 0.673177 0.594727 0.667969 0.594727 0.664062 0.569336 0.664062 0.569336 0.667969 0.568359 0.669271 0.567383 0.669271 0.566406 0.670573 0.56543 0.670573 0.563477 0.673177 0.5625 0.673177 0.561523 0.674479 0.560547 0.674479 0.55957 0.675781 0.558594 0.675781 0.557617 0.677083 0.556641 0.677083 0.554688 0.679688 0.552734 0.679688 0.551758 0.68099 0.549805 0.68099 0.548828 0.682292 0.547852 0.682292 0.546875 0.683594 0.545898 0.683594 0.544922 0.684896 0.542969 0.684896 0.541992 0.686198 0.540039 0.686198 0.539062 0.6875 0.538086 0.6875 0.537109 0.688802 0.536133 0.688802 0.529297 0.669271 0.530273 0.667969 0.530273 0.664062 0.525391 0.664062 0.525391 0.669271 0.529297 0.669271
1 0.80957 0.346354 0.80957 0.352865 0.802734 0.361979 0.801758 0.361979 0.798828 0.365885 0.797852 0.365885 0.796875 0.367188 0.795898 0.367188 0.794922 0.36849 0.793945 0.36849 0.791992 0.371094 0.791016 0.371094 0.789062 0.373698 0.788086 0.373698 0.787109 0.375 0.786133 0.375 0.78418 0.377604 0.783203 0.377604 0.782227 0.378906 0.78125 0.378906 0.780273 0.380208 0.779297 0.380208 0.77832 0.38151 0.777344 0.38151 0.776367 0.382812 0.775391 0.382812 0.774414 0.384115 0.772461 0.384115 0.771484 0.385417 0.770508 0.385417 0.769531 0.386719 0.768555 0.386719 0.767578 0.388021 0.766602 0.388021 0.765625 0.389323 0.764648 0.389323 0.763672 0.390625 0.762695 0.390625 0.760742 0.393229 0.759766 0.393229 0.758789 0.394531 0.757812 0.394531 0.756836 0.395833 0.754883 0.395833 0.75293 0.398438 0.751953 0.398438 0.75 0.401042 0.749023 0.401042 0.748047 0.402344 0.74707 0.402344 0.745117 0.404948 0.743164 0.404948 0.742188 0.40625 0.741211 0.40625 0.740234 0.407552 0.739258 0.407552 0.737305 0.410156 0.736328 0.410156 0.735352 0.411458 0.734375 0.411458 0.733398 0.41276 0.728516 0.41276 0.728516 0.428385 0.756836 0.428385 0.756836 0.424479 0.757812 0.423177 0.758789 0.423177 0.759766 0.421875 0.765625 0.421875 0.766602 0.420573 0.768555 0.420573 0.769531 0.419271 0.770508 0.419271 0.771484 0.417969 0.772461 0.417969 0.773438 0.416667 0.774414 0.416667 0.775391 0.415365 0.777344 0.415365 0.77832 0.414062 0.779297 0.414062 0.780273 0.41276 0.782227 0.41276 0.783203 0.411458 0.785156 0.411458 0.786133 0.410156 0.788086 0.410156 0.789062 0.408854 0.790039 0.408854 0.791016 0.407552 0.792969 0.407552 0.793945 0.40625 0.794922 0.40625 0.795898 0.404948 0.796875 0.404948 0.797852 0.403646 0.798828 0.403646 0.799805 0.402344 0.800781 0.402344 0.801758 0.401042 0.802734 0.401042 0.803711 0.39974 0.804688 0.39974 0.805664 0.398438 0.806641 0.398438 0.80957 0.394531 0.810547 0.394531 0.814453 0.389323 0.81543 0.389323 0.818359 0.385417 0.819336 0.385417 0.822266 0.38151 0.823242 0.38151 0.828125 0.375 0.829102 0.375 0.830078 0.373698 0.831055 0.373698 0.832031 0.372396 0.833008 0.372396 0.833984 0.371094 0.836914 0.371094 0.836914 0.346354
1 0.52832 0.346354 0.52832 0.35026 0.527344 0.351562 0.527344 0.352865 0.526367 0.354167 0.526367 0.355469 0.524414 0.358073 0.521484 0.358073 0.521484 0.460938 0.524414 0.460938 0.525391 0.46224 0.525391 0.463542 0.526367 0.464844 0.526367 0.467448 0.527344 0.46875 0.527344 0.473958 0.52832 0.47526 0.52832 0.484375 0.529297 0.485677 0.529297 0.486979 0.52832 0.488281 0.52832 0.49349 0.527344 0.494792 0.527344 0.496094 0.526367 0.497396 0.526367 0.498698 0.525391 0.5 0.525391 0.501302 0.524414 0.502604 0.521484 0.502604 0.521484 0.516927 0.55957 0.516927 0.55957 0.480469 0.554688 0.480469 0.553711 0.481771 0.552734 0.481771 0.551758 0.483073 0.550781 0.483073 0.549805 0.484375 0.547852 0.484375 0.546875 0.483073 0.546875 0.480469 0.549805 0.476562 0.549805 0.47526 0.550781 0.473958 0.550781 0.471354 0.551758 0.470052 0.551758 0.467448 0.552734 0.466146 0.552734 0.455729 0.553711 0.454427 0.553711 0.429688 0.552734 0.428385 0.552734 0.417969 0.551758 0.416667 0.551758 0.38151 0.552734 0.380208 0.552734 0.375 0.551758 0.373698 0.551758 0.364583 0.550781 0.363281 0.550781 0.360677 0.549805 0.359375 0.549805 0.358073 0.547852 0.355469 0.547852 0.354167 0.546875 0.352865 0.546875 0.351562 0.545898 0.35026 0.545898 0.346354
1 0.581055 0.201823 0.574219 0.210938 0.573242 0.210938 0.567383 0.21875 0.566406 0.21875 0.556641 0.231771 0.555664 0.231771 0.550781 0.238281 0.549805 0.238281 0.547852 0.240885 0.544922 0.240885 0.544922 0.272135 0.551758 0.272135 0.551758 0.268229 0.552734 0.266927 0.553711 0.266927 0.554688 0.265625 0.557617 0.265625 0.558594 0.264323 0.566406 0.264323 0.567383 0.263021 0.568359 0.263021 0.569336 0.261719 0.570312 0.261719 0.572266 0.259115 0.573242 0.259115 0.575195 0.25651 0.576172 0.25651 0.583984 0.246094 0.584961 0.246094 0.586914 0.24349 0.587891 0.24349 0.591797 0.238281 0.592773 0.238281 0.59668 0.233073 0.59668 0.231771 0.602539 0.223958 0.603516 0.223958 0.609375 0.216146 0.610352 0.216146 0.613281 0.21224 0.614258 0.21224 0.619141 0.205729 0.620117 0.205729 0.623047 0.201823 0.624023 0.201823 0.625977 0.199219 0.626953 0.199219 0.628906 0.196615 0.629883 0.196615 0.633789 0.191406 0.634766 0.191406 0.638672 0.186198 0.639648 0.186198 0.643555 0.18099 0.644531 0.18099 0.647461 0.177083 0.648438 0.177083 0.650391 0.174479 0.651367 0.174479 0.652344 0.173177 0.65332 0.173177 0.655273 0.170573 0.657227 0.170573 0.658203 0.169271 0.661133 0.169271 0.662109 0.167969 0.663086 0.167969 0.666016 0.164062 0.666992 0.164062 0.668945 0.161458 0.672852 0.161458 0.672852 0.148438 0.65332 0.148438 0.65332 0.152344 0.651367 0.154948 0.649414 0.154948 0.648438 0.15625 0.645508 0.15625 0.644531 0.157552 0.641602 0.157552 0.640625 0.158854 0.639648 0.158854 0.638672 0.160156 0.636719 0.160156 0.635742 0.161458 0.634766 0.161458 0.633789 0.16276 0.632812 0.16276 0.630859 0.165365 0.628906 0.165365 0.62793 0.166667 0.626953 0.166667 0.625977 0.167969 0.625 0.167969 0.624023 0.169271 0.623047 0.169271 0.62207 0.170573 0.621094 0.170573 0.620117 0.171875 0.619141 0.171875 0.618164 0.173177 0.617188 0.173177 0.615234 0.175781 0.613281 0.175781 0.612305 0.177083 0.610352 0.177083 0.609375 0.178385 0.608398 0.178385 0.607422 0.179688 0.606445 0.179688 0.605469 0.18099 0.604492 0.18099 0.603516 0.182292 0.602539 0.182292 0.600586 0.184896 0.599609 0.184896 0.598633 0.186198 0.597656 0.186198 0.595703 0.188802 0.594727 0.188802 0.592773 0.191406 0.591797 0.191406 0.589844 0.19401 0.588867 0.19401 0.586914 0.196615 0.585938 0.196615 0.582031 0.201823 0.581055 0.201823 0.549805 0.157552 0.552734 0.153646 0.552734 0.148438 0.544922 0.148438 0.544922 0.158854 0.547852 0.158854 0.548828 0.157552 0.549805 0.157552
1 0.681641 0.518229 0.679688 0.518229 0.681641 0.518229 0.704102 0.523438 0.704102 0.528646 0.708008 0.533854 0.711914 0.533854 0.712891 0.535156 0.738281 0.535156 0.739258 0.536458 0.750977 0.536458 0.751953 0.53776 0.757812 0.53776 0.758789 0.539062 0.765625 0.539062 0.766602 0.540365 0.798828 0.540365 0.799805 0.541667 0.836914 0.541667 0.837891 0.540365 0.841797 0.540365 0.842773 0.539062 0.84375 0.539062 0.844727 0.53776 0.845703 0.53776 0.84668 0.536458 0.848633 0.536458 0.849609 0.535156 0.850586 0.535156 0.852539 0.532552 0.853516 0.532552 0.854492 0.53125 0.854492 0.529948 0.856445 0.527344 0.860352 0.527344 0.860352 0.50651 0.856445 0.50651 0.853516 0.502604 0.853516 0.497396 0.759766 0.497396 0.759766 0.501302 0.758789 0.502604 0.75 0.502604 0.749023 0.503906 0.743164 0.503906 0.742188 0.505208 0.739258 0.505208 0.738281 0.50651 0.735352 0.50651 0.734375 0.507812 0.732422 0.507812 0.731445 0.509115 0.729492 0.509115 0.728516 0.510417 0.726562 0.510417 0.725586 0.511719 0.723633 0.511719 0.722656 0.513021 0.72168 0.513021 0.720703 0.514323 0.719727 0.514323 0.71875 0.515625 0.717773 0.515625 0.716797 0.516927 0.714844 0.516927 0.713867 0.518229 0.712891 0.518229 0.711914 0.519531 0.710938 0.519531 0.709961 0.520833 0.708008 0.520833 0.707031 0.522135 0.705078 0.522135 0.704102 0.523438
1 0.794922 0.955729 0.794922 0.990885 0.798828 0.990885 0.800781 0.99349 0.801758 0.99349 0.802734 0.994792 0.803711 0.994792 0.805664 0.997396 0.805664 0.998698 0.894531 0.998698 0.894531 0.997396 0.892578 0.994792 0.891602 0.994792 0.888672 0.990885 0.887695 0.990885 0.886719 0.989583 0.885742 0.989583 0.884766 0.988281 0.883789 0.988281 0.882812 0.986979 0.881836 0.986979 0.880859 0.985677 0.879883 0.985677 0.878906 0.984375 0.87793 0.984375 0.876953 0.983073 0.875977 0.983073 0.875 0.981771 0.874023 0.981771 0.873047 0.980469 0.871094 0.980469 0.870117 0.979167 0.868164 0.979167 0.867188 0.977865 0.865234 0.977865 0.864258 0.976562 0.856445 0.976562 0.855469 0.97526 0.847656 0.97526 0.84668 0.973958 0.839844 0.973958 0.838867 0.972656 0.835938 0.972656 0.834961 0.971354 0.833008 0.971354 0.832031 0.970052 0.830078 0.970052 0.829102 0.96875 0.828125 0.96875 0.827148 0.967448 0.825195 0.967448 0.822266 0.963542 0.821289 0.963542 0.820312 0.96224 0.819336 0.96224 0.817383 0.959635 0.817383 0.955729
1 0.138672 0.674479 0.138672 0.678385 0.136719 0.68099 0.135742 0.68099 0.134766 0.682292 0.133789 0.682292 0.131836 0.684896 0.130859 0.684896 0.128906 0.6875 0.12793 0.6875 0.126953 0.688802 0.125977 0.688802 0.123047 0.692708 0.119141 0.692708 0.119141 0.704427 0.124023 0.704427 0.125 0.705729 0.126953 0.705729 0.12793 0.707031 0.128906 0.707031 0.130859 0.709635 0.131836 0.709635 0.132812 0.710938 0.133789 0.710938 0.134766 0.71224 0.135742 0.71224 0.136719 0.713542 0.137695 0.713542 0.138672 0.714844 0.139648 0.714844 0.140625 0.716146 0.140625 0.720052 0.162109 0.720052 0.162109 0.716146 0.163086 0.714844 0.167969 0.714844 0.168945 0.713542 0.177734 0.713542 0.178711 0.714844 0.185547 0.714844 0.186523 0.716146 0.186523 0.720052 0.197266 0.720052 0.197266 0.716146 0.198242 0.714844 0.201172 0.714844 0.202148 0.713542 0.225586 0.713542 0.226562 0.71224 0.229492 0.71224 0.230469 0.713542 0.235352 0.713542 0.237305 0.716146 0.237305 0.720052 0.274414 0.720052 0.274414 0.6875 0.271484 0.6875 0.270508 0.686198 0.268555 0.686198 0.267578 0.684896 0.264648 0.684896 0.263672 0.683594 0.258789 0.683594 0.257812 0.682292 0.255859 0.682292 0.254883 0.68099 0.25293 0.68099 0.251953 0.679688 0.250977 0.679688 0.25 0.678385 0.25 0.674479
1 0.491211 0.304688 0.491211 0.309896 0.490234 0.311198 0.489258 0.311198 0.488281 0.3125 0.488281 0.313802 0.486328 0.316406 0.485352 0.316406 0.476562 0.328125 0.475586 0.328125 0.470703 0.334635 0.470703 0.335938 0.46582 0.342448 0.46582 0.34375 0.463867 0.346354 0.463867 0.347656 0.462891 0.348958 0.458984 0.348958 0.458984 0.373698 0.464844 0.373698 0.46582 0.375 0.470703 0.375 0.47168 0.373698 0.472656 0.373698 0.473633 0.372396 0.474609 0.372396 0.475586 0.371094 0.476562 0.371094 0.477539 0.369792 0.478516 0.369792 0.481445 0.365885 0.482422 0.365885 0.485352 0.361979 0.486328 0.361979 0.489258 0.358073 0.489258 0.356771 0.491211 0.354167 0.491211 0.352865 0.492188 0.351562 0.492188 0.35026 0.493164 0.348958 0.493164 0.347656 0.494141 0.346354 0.494141 0.341146 0.495117 0.339844 0.495117 0.333333 0.496094 0.332031 0.496094 0.322917 0.49707 0.321615 0.49707 0.315104 0.496094 0.313802 0.496094 0.311198 0.495117 0.309896 0.495117 0.304688
1 0.614258 0.398438 0.614258 0.404948 0.613281 0.40625 0.613281 0.407552 0.612305 0.408854 0.612305 0.410156 0.611328 0.411458 0.611328 0.41276 0.609375 0.415365 0.609375 0.416667 0.608398 0.417969 0.608398 0.419271 0.606445 0.421875 0.606445 0.423177 0.604492 0.425781 0.604492 0.427083 0.597656 0.436198 0.597656 0.4375 0.585938 0.453125 0.585938 0.454427 0.575195 0.46875 0.574219 0.46875 0.564453 0.481771 0.563477 0.481771 0.560547 0.485677 0.560547 0.486979 0.558594 0.489583 0.557617 0.489583 0.556641 0.490885 0.552734 0.490885 0.552734 0.52474 0.556641 0.52474 0.557617 0.526042 0.55957 0.526042 0.563477 0.53125 0.568359 0.53125 0.569336 0.529948 0.571289 0.529948 0.573242 0.527344 0.574219 0.527344 0.576172 0.52474 0.576172 0.523438 0.583984 0.513021 0.583984 0.511719 0.584961 0.510417 0.584961 0.509115 0.585938 0.507812 0.585938 0.50651 0.586914 0.505208 0.586914 0.503906 0.587891 0.502604 0.587891 0.501302 0.588867 0.5 0.588867 0.498698 0.589844 0.497396 0.589844 0.496094 0.59375 0.490885 0.59375 0.489583 0.598633 0.483073 0.598633 0.481771 0.606445 0.471354 0.607422 0.471354 0.611328 0.466146 0.612305 0.466146 0.616211 0.460938 0.617188 0.460938 0.623047 0.453125 0.624023 0.453125 0.625977 0.450521 0.626953 0.450521 0.630859 0.445312 0.630859 0.44401 0.632812 0.441406 0.632812 0.440104 0.635742 0.436198 0.635742 0.434896 0.639648 0.429688 0.639648 0.428385 0.646484 0.419271 0.646484 0.417969 0.648438 0.415365 0.648438 0.414062 0.650391 0.411458 0.650391 0.410156 0.652344 0.407552 0.652344 0.40625 0.654297 0.403646 0.657227 0.403646 0.657227 0.398438
1 0.984375 0.549479 0.984375 0.554688 0.983398 0.55599 0.982422 0.55599 0.977539 0.5625 0.976562 0.5625 0.962891 0.580729 0.961914 0.580729 0.956055 0.588542 0.955078 0.588542 0.949219 0.596354 0.948242 0.596354 0.944336 0.601562 0.943359 0.601562 0.942383 0.602865 0.942383 0.604167 0.927734 0.623698 0.926758 0.623698 0.922852 0.628906 0.921875 0.628906 0.918945 0.632812 0.917969 0.632812 0.916016 0.635417 0.915039 0.635417 0.912109 0.639323 0.911133 0.639323 0.90918 0.641927 0.908203 0.641927 0.905273 0.645833 0.904297 0.645833 0.901367 0.64974 0.900391 0.64974 0.891602 0.661458 0.890625 0.661458 0.887695 0.665365 0.887695 0.666667 0.878906 0.678385 0.878906 0.679688 0.876953 0.682292 0.875977 0.682292 0.869141 0.691406 0.868164 0.691406 0.867188 0.692708 0.866211 0.692708 0.864258 0.695312 0.863281 0.695312 0.861328 0.697917 0.860352 0.697917 0.859375 0.699219 0.858398 0.699219 0.854492 0.704427 0.853516 0.704427 0.849609 0.709635 0.849609 0.710938 0.848633 0.71224 0.848633 0.713542 0.847656 0.714844 0.847656 0.717448 0.845703 0.720052 0.845703 0.721354 0.848633 0.721354 0.849609 0.722656 0.852539 0.722656 0.853516 0.723958 0.861328 0.723958 0.862305 0.722656 0.863281 0.722656 0.874023 0.708333 0.875 0.708333 0.876953 0.705729 0.87793 0.705729 0.880859 0.701823 0.881836 0.701823 0.883789 0.699219 0.884766 0.699219 0.886719 0.696615 0.887695 0.696615 0.889648 0.69401 0.890625 0.69401 0.893555 0.690104 0.894531 0.690104 0.902344 0.679688 0.90332 0.679688 0.907227 0.674479 0.908203 0.674479 0.918945 0.660156 0.919922 0.660156 0.921875 0.657552 0.922852 0.657552 0.925781 0.653646 0.926758 0.653646 0.932617 0.645833 0.932617 0.644531 0.9375 0.638021 0.938477 0.638021 0.943359 0.63151 0.944336 0.63151 0.952148 0.621094 0.953125 0.621094 0.955078 0.61849 0.956055 0.61849 0.959961 0.613281 0.960938 0.613281 0.963867 0.609375 0.963867 0.608073 0.980469 0.585938 0.981445 0.585938 0.982422 0.584635 0.983398 0.584635 0.984375 0.583333 0.989258 0.583333 0.991211 0.580729 0.992188 0.580729 0.995117 0.576823 0.996094 0.576823 0.99707 0.575521 0.999023 0.575521 0.999023 0.549479
1 0.826172 0.516927 0.825195 0.518229 0.825195 0.519531 0.824219 0.520833 0.824219 0.522135 0.823242 0.523438 0.823242 0.52474 0.822266 0.526042 0.822266 0.532552 0.823242 0.533854 0.824219 0.533854 0.825195 0.535156 0.833008 0.535156 0.833984 0.533854 0.838867 0.533854 0.839844 0.532552 0.84082 0.532552 0.841797 0.53125 0.841797 0.529948 0.842773 0.528646 0.842773 0.527344 0.844727 0.52474 0.852539 0.52474 0.852539 0.514323 0.849609 0.514323 0.847656 0.516927 0.84668 0.516927 0.84668 0.518229 0.844727 0.520833 0.839844 0.520833 0.837891 0.523438 0.833008 0.516927 0.826172 0.516927 0.805664 0.47526 0.805664 0.473958 0.80957 0.46875 0.810547 0.46875 0.811523 0.467448 0.8125 0.467448 0.813477 0.466146 0.814453 0.466146 0.81543 0.464844 0.817383 0.464844 0.819336 0.46224 0.820312 0.46224 0.821289 0.460938 0.822266 0.460938 0.823242 0.459635 0.823242 0.455729 0.779297 0.455729 0.779297 0.459635 0.777344 0.46224 0.776367 0.46224 0.774414 0.464844 0.773438 0.464844 0.772461 0.466146 0.771484 0.466146 0.770508 0.467448 0.767578 0.467448 0.766602 0.46875 0.763672 0.46875 0.762695 0.470052 0.760742 0.470052 0.759766 0.471354 0.757812 0.471354 0.756836 0.472656 0.753906 0.472656 0.75293 0.473958 0.750977 0.473958 0.75 0.47526 0.748047 0.47526 0.74707 0.476562 0.745117 0.476562 0.744141 0.477865 0.740234 0.477865 0.739258 0.479167 0.736328 0.479167 0.735352 0.480469 0.732422 0.480469 0.731445 0.481771 0.730469 0.481771 0.729492 0.483073 0.727539 0.483073 0.726562 0.484375 0.724609 0.484375 0.723633 0.485677 0.722656 0.485677 0.72168 0.486979 0.719727 0.486979 0.71875 0.488281 0.716797 0.488281 0.71582 0.489583 0.713867 0.489583 0.712891 0.490885 0.711914 0.490885 0.710938 0.492188 0.709961 0.492188 0.708008 0.494792 0.706055 0.494792 0.705078 0.496094 0.704102 0.496094 0.703125 0.497396 0.700195 0.497396 0.699219 0.498698 0.696289 0.498698 0.695312 0.5 0.693359 0.5 0.692383 0.501302 0.69043 0.501302 0.689453 0.502604 0.6875 0.502604 0.686523 0.503906 0.68457 0.503906 0.683594 0.505208 0.681641 0.505208 0.680664 0.50651 0.679688 0.50651 0.678711 0.507812 0.677734 0.507812 0.676758 0.509115 0.675781 0.509115 0.674805 0.510417 0.672852 0.510417 0.671875 0.511719 0.670898 0.511719 0.669922 0.513021 0.667969 0.513021 0.666016 0.515625 0.665039 0.515625 0.664062 0.516927 0.663086 0.516927 0.662109 0.518229 0.661133 0.518229 0.660156 0.519531 0.65918 0.519531 0.65625 0.523438 0.654297 0.523438 0.652344 0.526042 0.651367 0.526042 0.648438 0.529948 0.646484 0.529948 0.644531 0.532552 0.643555 0.532552 0.641602 0.535156 0.639648 0.535156 0.638672 0.536458 0.637695 0.536458 0.635742 0.539062 0.634766 0.539062 0.633789 0.540365 0.632812 0.540365 0.629883 0.544271 0.628906 0.544271 0.625977 0.548177 0.625 0.548177 0.624023 0.549479 0.623047 0.549479 0.62207 0.550781 0.621094 0.550781 0.620117 0.552083 0.619141 0.552083 0.617188 0.554688 0.616211 0.554688 0.611328 0.561198 0.610352 0.561198 0.605469 0.567708 0.605469 0.56901 0.604492 0.570312 0.604492 0.571615 0.592773 0.58724 0.591797 0.58724 0.587891 0.592448 0.587891 0.59375 0.585938 0.596354 0.585938 0.598958 0.584961 0.60026 0.584961 0.602865 0.583984 0.604167 0.583984 0.610677 0.583008 0.611979 0.583008 0.615885 0.583984 0.617188 0.585938 0.617188 0.586914 0.615885 0.587891 0.615885 0.588867 0.614583 0.589844 0.614583 0.59082 0.613281 0.591797 0.613281 0.592773 0.611979 0.594727 0.611979 0.595703 0.610677 0.595703 0.609375 0.59668 0.608073 0.597656 0.608073 0.598633 0.606771 0.599609 0.606771 0.601562 0.604167 0.602539 0.604167 0.608398 0.596354 0.609375 0.596354 0.610352 0.595052 0.611328 0.595052 0.614258 0.591146 0.615234 0.591146 0.618164 0.58724 0.619141 0.58724 0.621094 0.584635 0.62207 0.584635 0.624023 0.582031 0.625 0.582031 0.629883 0.575521 0.630859 0.575521 0.632812 0.572917 0.633789 0.572917 0.636719 0.56901 0.637695 0.56901 0.639648 0.566406 0.640625 0.566406 0.641602 0.565104 0.642578 0.565104 0.644531 0.5625 0.645508 0.5625 0.647461 0.559896 0.648438 0.559896 0.650391 0.557292 0.651367 0.557292 0.65332 0.554688 0.654297 0.554688 0.655273 0.553385 0.65625 0.553385 0.657227 0.552083 0.658203 0.552083 0.65918 0.550781 0.660156 0.550781 0.661133 0.549479 0.662109 0.549479 0.663086 0.548177 0.664062 0.548177 0.665039 0.546875 0.666992 0.546875 0.667969 0.545573 0.669922 0.545573 0.670898 0.544271 0.672852 0.544271 0.673828 0.542969 0.676758 0.542969 0.677734 0.541667 0.678711 0.541667 0.679688 0.540365 0.680664 0.540365 0.681641 0.539062 0.683594 0.539062 0.68457 0.53776 0.686523 0.53776 0.6875 0.536458 0.689453 0.536458 0.69043 0.535156 0.692383 0.535156 0.693359 0.533854 0.695312 0.533854 0.696289 0.532552 0.699219 0.532552 0.700195 0.53125 0.703125 0.53125 0.704102 0.529948 0.706055 0.529948 0.707031 0.528646 0.708008 0.528646 0.708984 0.527344 0.709961 0.527344 0.710938 0.526042 0.711914 0.526042 0.712891 0.52474 0.713867 0.52474 0.714844 0.523438 0.71582 0.523438 0.717773 0.520833 0.717773 0.519531 0.720703 0.515625 0.72168 0.515625 0.725586 0.510417 0.726562 0.510417 0.727539 0.509115 0.729492 0.509115 0.730469 0.507812 0.732422 0.507812 0.733398 0.50651 0.736328 0.50651 0.737305 0.505208 0.740234 0.505208 0.741211 0.503906 0.743164 0.503906 0.744141 0.502604 0.746094 0.502604 0.74707 0.501302 0.749023 0.501302 0.75 0.5 0.751953 0.5 0.75293 0.498698 0.755859 0.498698 0.756836 0.497396 0.759766 0.497396 0.760742 0.496094 0.762695 0.496094 0.763672 0.494792 0.767578 0.494792 0.768555 0.49349 0.773438 0.49349 0.774414 0.492188 0.780273 0.492188 0.78125 0.490885 0.78418 0.490885 0.785156 0.489583 0.786133 0.489583 0.787109 0.488281 0.789062 0.488281 0.790039 0.486979 0.792969 0.486979 0.793945 0.485677 0.794922 0.485677 0.797852 0.481771 0.798828 0.481771 0.801758 0.477865 0.802734 0.477865 0.804688 0.47526 0.805664 0.47526
1 0.947266 0.294271 0.947266 0.320312 0.950195 0.320312 0.951172 0.321615 0.952148 0.321615 0.953125 0.322917 0.954102 0.322917 0.955078 0.324219 0.956055 0.324219 0.957031 0.325521 0.958008 0.325521 0.958984 0.326823 0.959961 0.326823 0.960938 0.328125 0.962891 0.328125 0.963867 0.329427 0.96582 0.329427 0.966797 0.330729 0.969727 0.330729 0.970703 0.332031 0.974609 0.332031 0.975586 0.333333 0.977539 0.333333 0.978516 0.334635 0.980469 0.334635 0.981445 0.335938 0.984375 0.335938 0.985352 0.33724 0.987305 0.33724 0.988281 0.338542 0.990234 0.338542 0.991211 0.339844 0.994141 0.339844 0.995117 0.341146 0.999023 0.341146 0.999023 0.294271
1 0.220703 0.710938 0.220703 0.760417 0.231445 0.760417 0.232422 0.759115 0.251953 0.759115 0.25293 0.757812 0.276367 0.757812 0.277344 0.75651 0.280273 0.75651 0.28125 0.757812 0.290039 0.757812 0.291016 0.759115 0.295898 0.759115 0.296875 0.760417 0.300781 0.760417 0.301758 0.761719 0.306641 0.761719 0.307617 0.763021 0.311523 0.763021 0.3125 0.764323 0.319336 0.764323 0.320312 0.765625 0.356445 0.765625 0.357422 0.766927 0.363281 0.766927 0.364258 0.768229 0.364258 0.772135 0.413086 0.772135 0.413086 0.768229 0.414062 0.766927 0.416992 0.766927 0.417969 0.765625 0.424805 0.765625 0.425781 0.764323 0.428711 0.764323 0.429688 0.763021 0.430664 0.763021 0.431641 0.761719 0.432617 0.761719 0.436523 0.75651 0.436523 0.755208 0.4375 0.753906 0.4375 0.752604 0.438477 0.751302 0.438477 0.746094 0.4375 0.744792 0.4375 0.74349 0.436523 0.742188 0.436523 0.740885 0.43457 0.738281 0.433594 0.738281 0.430664 0.734375 0.429688 0.734375 0.428711 0.733073 0.427734 0.733073 0.426758 0.731771 0.425781 0.731771 0.424805 0.730469 0.422852 0.730469 0.421875 0.729167 0.418945 0.729167 0.417969 0.727865 0.405273 0.727865 0.404297 0.726562 0.40332 0.726562 0.402344 0.727865 0.395508 0.727865 0.394531 0.729167 0.393555 0.729167 0.392578 0.730469 0.383789 0.730469 0.382812 0.729167 0.379883 0.729167 0.378906 0.727865 0.375977 0.727865 0.375 0.726562 0.373047 0.726562 0.37207 0.72526 0.368164 0.72526 0.367188 0.723958 0.361328 0.723958 0.360352 0.722656 0.355469 0.722656 0.354492 0.721354 0.351562 0.721354 0.350586 0.720052 0.348633 0.720052 0.347656 0.71875 0.344727 0.71875 0.34375 0.717448 0.341797 0.717448 0.34082 0.716146 0.339844 0.716146 0.338867 0.714844 0.338867 0.710938
1 0.132812 0.716146 0.132812 0.720052 0.130859 0.722656 0.128906 0.722656 0.12793 0.723958 0.126953 0.723958 0.125977 0.72526 0.124023 0.72526 0.123047 0.726562 0.120117 0.726562 0.119141 0.727865 0.117188 0.727865 0.116211 0.729167 0.113281 0.729167 0.112305 0.730469 0.111328 0.730469 0.110352 0.731771 0.108398 0.731771 0.107422 0.733073 0.104492 0.733073 0.103516 0.734375 0.101562 0.734375 0.100586 0.735677 0.0996094 0.735677 0.0986328 0.736979 0.0957031 0.736979 0.0947266 0.738281 0.0878906 0.738281 0.0869141 0.739583 0.0800781 0.739583 0.0791016 0.740885 0.0771484 0.740885 0.0761719 0.742188 0.0722656 0.742188 0.0712891 0.74349 0.0693359 0.74349 0.0683594 0.744792 0.0654297 0.744792 0.0644531 0.746094 0.0625 0.746094 0.0615234 0.747396 0.0585938 0.747396 0.0576172 0.748698 0.0556641 0.748698 0.0546875 0.75 0.0537109 0.75 0.0527344 0.751302 0.0507812 0.751302 0.0498047 0.752604 0.0488281 0.752604 0.0478516 0.753906 0.046875 0.753906 0.0458984 0.755208 0.0449219 0.755208 0.0439453 0.75651 0.0429688 0.75651 0.0419922 0.757812 0.0410156 0.757812 0.0380859 0.761719 0.0371094 0.761719 0.0361328 0.763021 0.0332031 0.763021 0.0332031 0.792969 0.046875 0.792969 0.0478516 0.794271 0.0507812 0.794271 0.0517578 0.795573 0.0556641 0.795573 0.0566406 0.796875 0.0654297 0.796875 0.0664062 0.795573 0.0732422 0.795573 0.0742188 0.794271 0.0771484 0.794271 0.078125 0.792969 0.0810547 0.792969 0.0820312 0.791667 0.0839844 0.791667 0.0849609 0.790365 0.0878906 0.790365 0.0888672 0.789062 0.0927734 0.789062 0.09375 0.78776 0.0976562 0.78776 0.0986328 0.786458 0.102539 0.786458 0.103516 0.785156 0.106445 0.785156 0.107422 0.783854 0.110352 0.783854 0.111328 0.782552 0.112305 0.782552 0.113281 0.78125 0.114258 0.78125 0.115234 0.779948 0.117188 0.779948 0.118164 0.778646 0.119141 0.778646 0.120117 0.777344 0.12207 0.777344 0.123047 0.776042 0.125 0.776042 0.125977 0.77474 0.12793 0.77474 0.128906 0.773438 0.130859 0.773438 0.131836 0.772135 0.134766 0.772135 0.135742 0.770833 0.141602 0.770833 0.142578 0.769531 0.152344 0.769531 0.15332 0.770833 0.183594 0.770833 0.18457 0.769531 0.191406 0.769531 0.192383 0.768229 0.197266 0.768229 0.198242 0.766927 0.202148 0.766927 0.203125 0.765625 0.206055 0.765625 0.207031 0.764323 0.211914 0.764323 0.212891 0.763021 0.217773 0.763021 0.21875 0.761719 0.223633 0.761719 0.224609 0.760417 0.228516 0.760417 0.229492 0.759115 0.234375 0.759115 0.235352 0.757812 0.242188 0.757812 0.243164 0.75651 0.251953 0.75651 0.25293 0.755208 0.259766 0.755208 0.260742 0.75651 0.268555 0.75651 0.269531 0.757812 0.277344 0.757812 0.27832 0.75651 0.280273 0.75651 0.28125 0.757812 0.286133 0.757812 0.286133 0.716146
1 0.895508 0.325521 0.895508 0.329427 0.893555 0.332031 0.892578 0.332031 0.891602 0.333333 0.890625 0.333333 0.889648 0.334635 0.888672 0.334635 0.886719 0.33724 0.884766 0.33724 0.883789 0.338542 0.882812 0.338542 0.881836 0.339844 0.880859 0.339844 0.879883 0.341146 0.878906 0.341146 0.87793 0.342448 0.875977 0.342448 0.875 0.34375 0.87207 0.34375 0.871094 0.345052 0.869141 0.345052 0.868164 0.346354 0.867188 0.346354 0.866211 0.347656 0.864258 0.347656 0.863281 0.348958 0.862305 0.348958 0.861328 0.35026 0.860352 0.35026 0.859375 0.351562 0.858398 0.351562 0.856445 0.354167 0.855469 0.354167 0.852539 0.358073 0.851562 0.358073 0.850586 0.359375 0.849609 0.359375 0.847656 0.361979 0.84668 0.361979 0.845703 0.363281 0.844727 0.363281 0.84375 0.364583 0.842773 0.364583 0.841797 0.365885 0.84082 0.365885 0.839844 0.367188 0.838867 0.367188 0.835938 0.371094 0.834961 0.371094 0.830078 0.377604 0.830078 0.380208 0.829102 0.38151 0.826172 0.38151 0.826172 0.385417 0.829102 0.385417 0.833008 0.390625 0.838867 0.390625 0.839844 0.391927 0.841797 0.391927 0.842773 0.393229 0.842773 0.397135 0.864258 0.397135 0.864258 0.393229 0.865234 0.391927 0.871094 0.391927 0.87207 0.393229 0.87207 0.397135 0.873047 0.397135 0.873047 0.393229 0.874023 0.391927 0.875 0.391927 0.875977 0.390625 0.875977 0.388021 0.876953 0.386719 0.87793 0.386719 0.878906 0.385417 0.880859 0.385417 0.881836 0.384115 0.882812 0.384115 0.883789 0.382812 0.885742 0.382812 0.886719 0.38151 0.887695 0.38151 0.888672 0.380208 0.890625 0.380208 0.891602 0.378906 0.892578 0.378906 0.893555 0.377604 0.894531 0.377604 0.895508 0.376302 0.896484 0.376302 0.897461 0.375 0.899414 0.375 0.900391 0.373698 0.902344 0.373698 0.90332 0.372396 0.905273 0.372396 0.90625 0.371094 0.908203 0.371094 0.90918 0.369792 0.911133 0.369792 0.912109 0.36849 0.915039 0.36849 0.916016 0.367188 0.916992 0.367188 0.917969 0.365885 0.918945 0.365885 0.919922 0.364583 0.920898 0.364583 0.921875 0.363281 0.922852 0.363281 0.923828 0.361979 0.924805 0.361979 0.926758 0.359375 0.927734 0.359375 0.928711 0.358073 0.929688 0.358073 0.936523 0.348958 0.9375 0.348958 0.939453 0.346354 0.942383 0.346354 0.942383 0.325521
1 0.699219 0.735677 0.696289 0.731771 0.694336 0.731771 0.693359 0.730469 0.692383 0.730469 0.691406 0.731771 0.685547 0.731771 0.68457 0.733073 0.682617 0.733073 0.681641 0.734375 0.678711 0.734375 0.677734 0.735677 0.678711 0.736979 0.679688 0.736979 0.680664 0.738281 0.682617 0.738281 0.683594 0.739583 0.685547 0.739583 0.686523 0.740885 0.691406 0.740885 0.692383 0.739583 0.694336 0.739583 0.695312 0.738281 0.697266 0.738281 0.698242 0.736979 0.699219 0.736979 0.699219 0.735677 0.760742 0.726562 0.758789 0.726562 0.757812 0.726562 0.756836 0.72526 0.750977 0.72526 0.75 0.723958 0.744141 0.723958 0.743164 0.722656 0.741211 0.722656 0.740234 0.721354 0.736328 0.721354 0.735352 0.720052 0.730469 0.720052 0.729492 0.71875 0.727539 0.71875 0.726562 0.717448 0.724609 0.717448 0.722656 0.714844 0.722656 0.710938 0.72168 0.709635 0.72168 0.708333 0.720703 0.707031 0.720703 0.705729 0.719727 0.704427 0.71875 0.704427 0.717773 0.703125 0.716797 0.703125 0.713867 0.699219 0.713867 0.697917 0.707031 0.688802 0.706055 0.688802 0.703125 0.684896 0.700195 0.684896 0.699219 0.683594 0.698242 0.683594 0.697266 0.682292 0.696289 0.682292 0.695312 0.68099 0.694336 0.68099 0.692383 0.678385 0.692383 0.674479 0.632812 0.674479 0.632812 0.678385 0.630859 0.68099 0.629883 0.68099 0.628906 0.682292 0.62793 0.682292 0.626953 0.683594 0.625977 0.683594 0.625 0.684896 0.624023 0.684896 0.62207 0.6875 0.621094 0.6875 0.619141 0.690104 0.618164 0.690104 0.615234 0.69401 0.611328 0.69401 0.611328 0.722656 0.637695 0.722656 0.638672 0.721354 0.648438 0.721354 0.649414 0.722656 0.651367 0.722656 0.652344 0.721354 0.655273 0.721354 0.65625 0.722656 0.657227 0.722656 0.657227 0.721354 0.658203 0.720052 0.658203 0.716146 0.65918 0.714844 0.660156 0.714844 0.661133 0.713542 0.673828 0.713542 0.675781 0.716146 0.677734 0.716146 0.678711 0.717448 0.680664 0.717448 0.681641 0.71875 0.682617 0.71875 0.68457 0.721354 0.6875 0.721354 0.688477 0.722656 0.701172 0.722656 0.702148 0.721354 0.707031 0.721354 0.708008 0.722656 0.712891 0.722656 0.714844 0.72526 0.71582 0.72526 0.716797 0.726562 0.719727 0.726562 0.720703 0.727865 0.72168 0.727865 0.725586 0.733073 0.725586 0.734375 0.726562 0.735677 0.726562 0.736979 0.725586 0.738281 0.724609 0.738281 0.723633 0.739583 0.723633 0.740885 0.719727 0.746094 0.71582 0.746094 0.714844 0.747396 0.710938 0.747396 0.710938 0.751302 0.795898 0.751302 0.795898 0.747396 0.794922 0.746094 0.791016 0.746094 0.790039 0.744792 0.788086 0.744792 0.787109 0.74349 0.783203 0.74349 0.782227 0.742188 0.780273 0.742188 0.779297 0.740885 0.777344 0.740885 0.776367 0.739583 0.773438 0.739583 0.772461 0.738281 0.771484 0.738281 0.770508 0.736979 0.769531 0.736979 0.768555 0.735677 0.767578 0.735677 0.766602 0.734375 0.764648 0.734375 0.763672 0.733073 0.760742 0.733073 0.759766 0.731771 0.758789 0.731771 0.757812 0.730469 0.758789 0.729167 0.758789 0.726562 0.760742 0.726562 0.769531 0.726562 0.770508 0.727865 0.771484 0.727865 0.772461 0.726562 0.779297 0.726562 0.780273 0.72526 0.779297 0.72526 0.77832 0.723958 0.771484 0.723958 0.770508 0.72526 0.766602 0.72526 0.765625 0.726562 0.760742 0.726562
1 0.580078 0.757812 0.579102 0.757812 0.579102 0.763021 0.578125 0.764323 0.578125 0.765625 0.577148 0.766927 0.576172 0.766927 0.576172 0.772135 0.580078 0.772135 0.580078 0.765625 0.582031 0.763021 0.583008 0.763021 0.583008 0.761719 0.580078 0.757812 0.588867 0.726562 0.59082 0.726562 0.591797 0.727865 0.597656 0.727865 0.598633 0.729167 0.604492 0.729167 0.605469 0.727865 0.607422 0.727865 0.608398 0.726562 0.610352 0.726562 0.611328 0.72526 0.612305 0.72526 0.613281 0.723958 0.630859 0.723958 0.631836 0.72526 0.649414 0.72526 0.650391 0.726562 0.65332 0.726562 0.654297 0.727865 0.655273 0.727865 0.65625 0.729167 0.658203 0.729167 0.660156 0.731771 0.662109 0.731771 0.663086 0.733073 0.665039 0.733073 0.666016 0.734375 0.667969 0.734375 0.668945 0.735677 0.669922 0.735677 0.670898 0.736979 0.671875 0.736979 0.672852 0.738281 0.673828 0.738281 0.674805 0.739583 0.675781 0.739583 0.676758 0.740885 0.677734 0.740885 0.678711 0.742188 0.679688 0.742188 0.680664 0.74349 0.682617 0.74349 0.683594 0.744792 0.685547 0.744792 0.686523 0.746094 0.6875 0.746094 0.688477 0.747396 0.689453 0.747396 0.691406 0.75 0.692383 0.75 0.693359 0.751302 0.694336 0.751302 0.695312 0.752604 0.696289 0.752604 0.697266 0.753906 0.699219 0.753906 0.700195 0.755208 0.701172 0.755208 0.702148 0.75651 0.703125 0.75651 0.704102 0.757812 0.707031 0.757812 0.708008 0.759115 0.710938 0.759115 0.711914 0.760417 0.714844 0.760417 0.71582 0.761719 0.71875 0.761719 0.719727 0.763021 0.723633 0.763021 0.724609 0.764323 0.727539 0.764323 0.728516 0.765625 0.730469 0.765625 0.731445 0.766927 0.732422 0.766927 0.733398 0.768229 0.733398 0.772135 0.798828 0.772135 0.798828 0.766927 0.799805 0.765625 0.799805 0.764323 0.802734 0.760417 0.805664 0.760417 0.805664 0.752604 0.801758 0.752604 0.799805 0.75 0.798828 0.75 0.796875 0.747396 0.795898 0.747396 0.794922 0.746094 0.792969 0.746094 0.791992 0.744792 0.790039 0.744792 0.789062 0.74349 0.788086 0.74349 0.787109 0.742188 0.78418 0.742188 0.783203 0.740885 0.78125 0.740885 0.780273 0.739583 0.777344 0.739583 0.776367 0.738281 0.773438 0.738281 0.771484 0.735677 0.769531 0.735677 0.768555 0.734375 0.765625 0.734375 0.764648 0.733073 0.761719 0.733073 0.760742 0.731771 0.758789 0.731771 0.757812 0.730469 0.756836 0.730469 0.755859 0.729167 0.754883 0.729167 0.753906 0.727865 0.75 0.727865 0.749023 0.726562 0.744141 0.726562 0.743164 0.72526 0.741211 0.72526 0.740234 0.723958 0.736328 0.723958 0.735352 0.722656 0.732422 0.722656 0.731445 0.721354 0.727539 0.721354 0.726562 0.720052 0.724609 0.720052 0.723633 0.71875 0.722656 0.71875 0.72168 0.717448 0.719727 0.717448 0.71875 0.716146 0.717773 0.716146 0.713867 0.710938 0.713867 0.709635 0.712891 0.708333 0.712891 0.705729 0.711914 0.704427 0.710938 0.704427 0.708008 0.700521 0.707031 0.700521 0.705078 0.697917 0.703125 0.697917 0.702148 0.696615 0.700195 0.696615 0.698242 0.69401 0.698242 0.690104 0.615234 0.690104 0.615234 0.69401 0.612305 0.697917 0.611328 0.697917 0.609375 0.700521 0.608398 0.700521 0.607422 0.701823 0.605469 0.701823 0.604492 0.703125 0.603516 0.703125 0.602539 0.704427 0.601562 0.704427 0.599609 0.707031 0.598633 0.707031 0.597656 0.708333 0.59668 0.708333 0.595703 0.709635 0.594727 0.709635 0.592773 0.71224 0.591797 0.71224 0.589844 0.714844 0.588867 0.714844 0.587891 0.716146 0.586914 0.716146 0.584961 0.71875 0.583984 0.71875 0.583008 0.720052 0.581055 0.720052 0.580078 0.721354 0.581055 0.721354 0.583008 0.723958 0.584961 0.723958 0.585938 0.72526 0.587891 0.72526 0.588867 0.726562
0 0.666016 0.00260417 0.666016 0.0078125 0.668945 0.0078125 0.669922 0.00911458 0.669922 0.0104167 0.670898 0.0117188 0.670898 0.0130208 0.671875 0.0143229 0.671875 0.0169271 0.672852 0.0182292 0.672852 0.0195312 0.673828 0.0208333 0.673828 0.0234375 0.674805 0.0247396 0.674805 0.0286458 0.675781 0.0299479 0.675781 0.0325521 0.676758 0.0338542 0.676758 0.0351562 0.677734 0.0364583 0.677734 0.0377604 0.678711 0.0390625 0.678711 0.0403646 0.679688 0.0416667 0.679688 0.0429688 0.680664 0.0442708 0.680664 0.0455729 0.681641 0.046875 0.681641 0.0494792 0.682617 0.0507812 0.682617 0.0520833 0.683594 0.0533854 0.683594 0.0546875 0.68457 0.0559896 0.68457 0.0572917 0.685547 0.0585938 0.685547 0.0598958 0.6875 0.0625 0.6875 0.0638021 0.688477 0.0651042 0.688477 0.0664062 0.69043 0.0690104 0.69043 0.0703125 0.693359 0.0742188 0.694336 0.0742188 0.695312 0.0755208 0.696289 0.0755208 0.697266 0.0768229 0.709961 0.0768229 0.710938 0.0755208 0.716797 0.0755208 0.717773 0.0742188 0.720703 0.0742188 0.72168 0.0729167 0.723633 0.0729167 0.727539 0.0677083 0.727539 0.0664062 0.729492 0.0638021 0.729492 0.0625 0.730469 0.0611979 0.730469 0.0598958 0.731445 0.0585938 0.731445 0.0572917 0.733398 0.0546875 0.733398 0.0533854 0.734375 0.0520833 0.734375 0.0507812 0.736328 0.0481771 0.739258 0.0481771 0.739258 0.015625 0.735352 0.015625 0.733398 0.0130208 0.732422 0.0130208 0.731445 0.0117188 0.730469 0.0117188 0.729492 0.0104167 0.727539 0.0104167 0.726562 0.00911458 0.724609 0.00911458 0.723633 0.0078125 0.722656 0.0078125 0.72168 0.00651042 0.72168 0.00260417
1 0.493164 0.111979 0.493164 0.115885 0.492188 0.117188 0.492188 0.121094 0.491211 0.122396 0.491211 0.125 0.490234 0.126302 0.490234 0.13151 0.489258 0.132812 0.489258 0.136719 0.490234 0.138021 0.490234 0.148438 0.491211 0.14974 0.491211 0.153646 0.492188 0.154948 0.492188 0.160156 0.493164 0.161458 0.493164 0.170573 0.494141 0.171875 0.494141 0.184896 0.495117 0.186198 0.495117 0.197917 0.496094 0.199219 0.496094 0.21875 0.49707 0.220052 0.49707 0.226562 0.498047 0.227865 0.498047 0.233073 0.499023 0.234375 0.499023 0.260417 0.498047 0.261719 0.498047 0.307292 0.499023 0.308594 0.499023 0.317708 0.498047 0.31901 0.498047 0.326823 0.49707 0.328125 0.49707 0.355469 0.496094 0.356771 0.496094 0.364583 0.495117 0.365885 0.495117 0.376302 0.494141 0.377604 0.494141 0.394531 0.493164 0.395833 0.493164 0.40625 0.494141 0.407552 0.494141 0.420573 0.495117 0.421875 0.495117 0.43099 0.496094 0.432292 0.496094 0.440104 0.49707 0.441406 0.49707 0.449219 0.498047 0.450521 0.498047 0.458333 0.499023 0.459635 0.499023 0.483073 0.498047 0.484375 0.498047 0.520833 0.49707 0.522135 0.49707 0.549479 0.498047 0.550781 0.498047 0.558594 0.49707 0.559896 0.49707 0.566406 0.496094 0.567708 0.496094 0.575521 0.495117 0.576823 0.495117 0.591146 0.494141 0.592448 0.494141 0.597656 0.493164 0.598958 0.493164 0.60026 0.492188 0.601562 0.492188 0.604167 0.491211 0.605469 0.491211 0.606771 0.490234 0.608073 0.490234 0.609375 0.489258 0.610677 0.489258 0.611979 0.488281 0.613281 0.488281 0.614583 0.487305 0.615885 0.487305 0.617188 0.485352 0.619792 0.482422 0.619792 0.482422 0.666667 0.486328 0.666667 0.490234 0.661458 0.491211 0.661458 0.496094 0.654948 0.49707 0.654948 0.500977 0.64974 0.501953 0.64974 0.504883 0.645833 0.505859 0.645833 0.509766 0.640625 0.509766 0.639323 0.512695 0.635417 0.512695 0.634115 0.514648 0.63151 0.514648 0.630208 0.515625 0.628906 0.515625 0.627604 0.517578 0.625 0.517578 0.623698 0.518555 0.622396 0.518555 0.621094 0.519531 0.619792 0.519531 0.61849 0.520508 0.617188 0.520508 0.615885 0.521484 0.614583 0.521484 0.613281 0.522461 0.611979 0.522461 0.610677 0.523438 0.609375 0.523438 0.608073 0.524414 0.606771 0.524414 0.604167 0.525391 0.602865 0.525391 0.60026 0.526367 0.598958 0.526367 0.59375 0.527344 0.592448 0.527344 0.585938 0.52832 0.584635 0.52832 0.579427 0.529297 0.578125 0.529297 0.571615 0.530273 0.570312 0.530273 0.545573 0.529297 0.544271 0.529297 0.540365 0.52832 0.539062 0.52832 0.535156 0.527344 0.533854 0.527344 0.520833 0.526367 0.519531 0.526367 0.509115 0.527344 0.507812 0.527344 0.497396 0.52832 0.496094 0.52832 0.485677 0.527344 0.484375 0.527344 0.47526 0.526367 0.473958 0.526367 0.464844 0.525391 0.463542 0.525391 0.454427 0.524414 0.453125 0.524414 0.449219 0.523438 0.447917 0.523438 0.433594 0.522461 0.432292 0.522461 0.414062 0.521484 0.41276 0.521484 0.377604 0.522461 0.376302 0.522461 0.367188 0.523438 0.365885 0.523438 0.361979 0.524414 0.360677 0.524414 0.358073 0.525391 0.356771 0.525391 0.354167 0.526367 0.352865 0.526367 0.35026 0.527344 0.348958 0.527344 0.346354 0.52832 0.345052 0.52832 0.34375 0.530273 0.341146 0.530273 0.339844 0.53125 0.338542 0.53125 0.33724 0.532227 0.335938 0.532227 0.334635 0.533203 0.333333 0.536133 0.333333 0.536133 0.276042 0.533203 0.276042 0.532227 0.27474 0.532227 0.266927 0.53125 0.265625 0.53125 0.255208 0.530273 0.253906 0.530273 0.246094 0.529297 0.244792 0.529297 0.236979 0.52832 0.235677 0.52832 0.217448 0.527344 0.216146 0.527344 0.205729 0.526367 0.204427 0.526367 0.190104 0.525391 0.188802 0.525391 0.154948 0.526367 0.153646 0.526367 0.111979
1 0.716797 0 0.716797 0.00130208 0.717773 0.00260417 0.719727 0.00260417 0.720703 0.00390625 0.72168 0.00390625 0.723633 0.00651042 0.726562 0.00651042 0.727539 0.0078125 0.730469 0.0078125 0.731445 0.00911458 0.736328 0.00911458 0.737305 0.0104167 0.740234 0.0104167 0.741211 0.0117188 0.744141 0.0117188 0.745117 0.0130208 0.74707 0.0130208 0.748047 0.0143229 0.750977 0.0143229 0.751953 0.015625 0.754883 0.015625 0.755859 0.0169271 0.760742 0.0169271 0.761719 0.0182292 0.768555 0.0182292 0.769531 0.0195312 0.771484 0.0195312 0.772461 0.0208333 0.774414 0.0208333 0.775391 0.0221354 0.777344 0.0221354 0.77832 0.0234375 0.783203 0.0234375 0.78418 0.0247396 0.786133 0.0247396 0.787109 0.0260417 0.790039 0.0260417 0.791016 0.0273438 0.793945 0.0273438 0.794922 0.0286458 0.797852 0.0286458 0.798828 0.0299479 0.800781 0.0299479 0.801758 0.03125 0.802734 0.03125 0.803711 0.0325521 0.805664 0.0325521 0.806641 0.0338542 0.807617 0.0338542 0.808594 0.0351562 0.80957 0.0351562 0.810547 0.0364583 0.811523 0.0364583 0.8125 0.0377604 0.813477 0.0377604 0.814453 0.0390625 0.81543 0.0390625 0.816406 0.0403646 0.818359 0.0403646 0.819336 0.0416667 0.820312 0.0416667 0.822266 0.0442708 0.822266 0.0481771 0.856445 0.0481771 0.856445 0.0260417 0.851562 0.0260417 0.850586 0.0247396 0.848633 0.0247396 0.847656 0.0234375 0.845703 0.0234375 0.844727 0.0221354 0.842773 0.0221354 0.841797 0.0208333 0.84082 0.0208333 0.833008 0.0104167 0.832031 0.0104167 0.831055 0.00911458 0.830078 0.00911458 0.829102 0.0078125 0.828125 0.0078125 0.827148 0.00651042 0.826172 0.00651042 0.825195 0.00520833 0.824219 0.00520833 0.823242 0.00390625 0.822266 0.00390625 0.820312 0.00130208 0.820312 0
1 0.103516 0.658854 0.103516 0.66276 0.101562 0.665365 0.100586 0.665365 0.0996094 0.666667 0.0986328 0.666667 0.0966797 0.669271 0.0957031 0.669271 0.0947266 0.670573 0.09375 0.670573 0.0927734 0.671875 0.0917969 0.671875 0.0908203 0.673177 0.0898438 0.673177 0.0888672 0.674479 0.0878906 0.674479 0.0869141 0.675781 0.0859375 0.675781 0.0849609 0.677083 0.0839844 0.677083 0.0820312 0.679688 0.0810547 0.679688 0.0800781 0.68099 0.0791016 0.68099 0.078125 0.682292 0.0771484 0.682292 0.0761719 0.683594 0.0751953 0.683594 0.0742188 0.684896 0.0732422 0.684896 0.0722656 0.686198 0.0712891 0.686198 0.0703125 0.6875 0.0693359 0.6875 0.0683594 0.688802 0.0673828 0.688802 0.0664062 0.690104 0.0654297 0.690104 0.0644531 0.691406 0.0634766 0.691406 0.0625 0.692708 0.0615234 0.692708 0.0605469 0.69401 0.0595703 0.69401 0.0585938 0.695312 0.0576172 0.695312 0.0566406 0.696615 0.0556641 0.696615 0.0546875 0.697917 0.0537109 0.697917 0.0517578 0.700521 0.0507812 0.700521 0.0498047 0.701823 0.0488281 0.701823 0.046875 0.704427 0.0458984 0.704427 0.0449219 0.705729 0.0439453 0.705729 0.0429688 0.707031 0.0419922 0.707031 0.0410156 0.708333 0.0400391 0.708333 0.0380859 0.710938 0.0371094 0.710938 0.0322266 0.717448 0.03125 0.717448 0.0292969 0.720052 0.0283203 0.720052 0.0253906 0.723958 0.0244141 0.723958 0.0224609 0.726562 0.0214844 0.726562 0.0185547 0.730469 0.0175781 0.730469 0.0166016 0.731771 0.015625 0.731771 0.0146484 0.733073 0.0126953 0.733073 0.0117188 0.734375 0.0107422 0.734375 0.00976562 0.735677 0.00878906 0.735677 0.0078125 0.736979 0.00683594 0.736979 0.00585938 0.738281 0.00488281 0.738281 0.00292969 0.740885 0.00195312 0.740885 0.000976562 0.742188 0 0.742188 0 0.80599 0.000976562 0.80599 0.00195312 0.804688 0.00488281 0.804688 0.00683594 0.802083 0.00683594 0.800781 0.00878906 0.798177 0.00878906 0.796875 0.00976562 0.795573 0.00976562 0.794271 0.0117188 0.791667 0.0117188 0.790365 0.0244141 0.773438 0.0253906 0.773438 0.0302734 0.766927 0.03125 0.766927 0.0332031 0.764323 0.0341797 0.764323 0.0380859 0.759115 0.0390625 0.759115 0.0419922 0.755208 0.0429688 0.755208 0.0449219 0.752604 0.0458984 0.752604 0.0478516 0.75 0.0488281 0.75 0.0498047 0.748698 0.0507812 0.748698 0.0517578 0.747396 0.0527344 0.747396 0.0537109 0.746094 0.0546875 0.746094 0.0556641 0.744792 0.0566406 0.744792 0.0576172 0.74349 0.0595703 0.74349 0.0605469 0.742188 0.0615234 0.742188 0.0625 0.740885 0.0644531 0.740885 0.0654297 0.739583 0.0664062 0.739583 0.0673828 0.738281 0.0683594 0.738281 0.0693359 0.736979 0.0712891 0.736979 0.0722656 0.735677 0.0732422 0.735677 0.0742188 0.734375 0.0751953 0.734375 0.0761719 0.733073 0.0771484 0.733073 0.078125 0.731771 0.0791016 0.731771 0.0800781 0.730469 0.0810547 0.730469 0.0830078 0.727865 0.0839844 0.727865 0.0849609 0.726562 0.0859375 0.726562 0.0869141 0.72526 0.0878906 0.72526 0.0888672 0.723958 0.0898438 0.723958 0.0908203 0.722656 0.0917969 0.722656 0.0927734 0.721354 0.09375 0.721354 0.0947266 0.720052 0.0966797 0.720052 0.0976562 0.71875 0.0996094 0.71875 0.101562 0.716146 0.102539 0.716146 0.103516 0.714844 0.104492 0.714844 0.106445 0.71224 0.107422 0.71224 0.109375 0.709635 0.110352 0.709635 0.112305 0.707031 0.113281 0.707031 0.115234 0.704427 0.116211 0.704427 0.121094 0.697917 0.121094 0.696615 0.136719 0.675781 0.136719 0.674479 0.138672 0.671875 0.141602 0.671875 0.141602 0.658854
1 0 0.294271 0 0.338542 0.00292969 0.338542 0.00390625 0.33724 0.00878906 0.33724 0.00976562 0.335938 0.0146484 0.335938 0.015625 0.334635 0.0205078 0.334635 0.0214844 0.333333 0.0253906 0.333333 0.0263672 0.332031 0.0292969 0.332031 0.0302734 0.330729 0.0322266 0.330729 0.0332031 0.329427 0.0351562 0.329427 0.0361328 0.328125 0.0371094 0.328125 0.0390625 0.325521 0.0400391 0.325521 0.0439453 0.320312 0.0439453 0.31901 0.046875 0.315104 0.046875 0.3125 0.0478516 0.311198 0.0478516 0.307292 0.046875 0.30599 0.046875 0.303385 0.0429688 0.298177 0.0429688 0.294271
1 0.667969 0 0.667969 0.00390625 0.668945 0.00520833 0.668945 0.00651042 0.669922 0.0078125 0.669922 0.0104167 0.670898 0.0117188 0.670898 0.0143229 0.671875 0.015625 0.671875 0.0182292 0.672852 0.0195312 0.672852 0.0208333 0.673828 0.0221354 0.673828 0.0247396 0.674805 0.0260417 0.674805 0.0299479 0.675781 0.03125 0.675781 0.0325521 0.676758 0.0338542 0.676758 0.0351562 0.677734 0.0364583 0.677734 0.0377604 0.678711 0.0390625 0.678711 0.0403646 0.679688 0.0416667 0.679688 0.0429688 0.680664 0.0442708 0.680664 0.0455729 0.681641 0.046875 0.681641 0.0494792 0.682617 0.0507812 0.682617 0.0520833 0.683594 0.0533854 0.683594 0.0546875 0.68457 0.0559896 0.68457 0.0572917 0.685547 0.0585938 0.685547 0.0598958 0.6875 0.0625 0.6875 0.0638021 0.688477 0.0651042 0.688477 0.0664062 0.691406 0.0703125 0.691406 0.0716146 0.692383 0.0729167 0.693359 0.0729167 0.695312 0.0755208 0.696289 0.0755208 0.697266 0.0768229 0.708008 0.0768229 0.708984 0.0755208 0.714844 0.0755208 0.71582 0.0742188 0.719727 0.0742188 0.720703 0.0729167 0.722656 0.0729167 0.724609 0.0703125 0.725586 0.0703125 0.726562 0.0690104 0.726562 0.0677083 0.728516 0.0651042 0.728516 0.0638021 0.730469 0.0611979 0.730469 0.0598958 0.731445 0.0585938 0.731445 0.0572917 0.733398 0.0546875 0.733398 0.0533854 0.734375 0.0520833 0.734375 0.0507812 0.735352 0.0494792 0.735352 0.0481771 0.736328 0.046875 0.736328 0.0455729 0.737305 0.0442708 0.737305 0.0429688 0.740234 0.0390625 0.743164 0.0390625 0.743164 0.0221354 0.740234 0.0221354 0.734375 0.0143229 0.733398 0.0143229 0.732422 0.0130208 0.731445 0.0130208 0.730469 0.0117188 0.729492 0.0117188 0.728516 0.0104167 0.727539 0.0104167 0.726562 0.00911458 0.723633 0.00911458 0.722656 0.0078125 0.720703 0.0078125 0.719727 0.00651042 0.716797 0.00651042 0.71582 0.00520833 0.713867 0.00520833 0.712891 0.00390625 0.709961 0.00390625 0.708008 0.00130208 0.708008 0
0 0.919922 0.450521 0.919922 0.454427 0.913086 0.463542 0.913086 0.464844 0.910156 0.46875 0.910156 0.470052 0.90918 0.471354 0.90918 0.472656 0.90625 0.476562 0.90625 0.477865 0.905273 0.479167 0.905273 0.481771 0.904297 0.483073 0.904297 0.484375 0.90332 0.485677 0.90332 0.488281 0.902344 0.489583 0.902344 0.492188 0.901367 0.49349 0.901367 0.5 0.900391 0.501302 0.900391 0.503906 0.899414 0.505208 0.896484 0.505208 0.896484 0.583333 0.899414 0.583333 0.902344 0.58724 0.902344 0.588542 0.90332 0.589844 0.90332 0.591146 0.907227 0.596354 0.907227 0.60026 0.919922 0.60026 0.919922 0.595052 0.921875 0.592448 0.921875 0.591146 0.926758 0.584635 0.926758 0.583333 0.929688 0.579427 0.929688 0.578125 0.931641 0.575521 0.932617 0.575521 0.933594 0.574219 0.933594 0.572917 0.935547 0.570312 0.935547 0.56901 0.936523 0.567708 0.936523 0.565104 0.9375 0.563802 0.9375 0.5625 0.938477 0.561198 0.938477 0.559896 0.939453 0.558594 0.939453 0.557292 0.94043 0.55599 0.94043 0.553385 0.941406 0.552083 0.941406 0.549479 0.942383 0.548177 0.942383 0.544271 0.943359 0.542969 0.943359 0.53776 0.944336 0.536458 0.944336 0.532552 0.945312 0.53125 0.945312 0.526042 0.946289 0.52474 0.946289 0.519531 0.947266 0.518229 0.947266 0.513021 0.948242 0.511719 0.948242 0.509115 0.949219 0.507812 0.949219 0.503906 0.951172 0.501302 0.954102 0.501302 0.954102 0.458333 0.951172 0.458333 0.949219 0.455729 0.949219 0.450521
1 0.967773 0.205729 0.967773 0.209635 0.96582 0.21224 0.964844 0.21224 0.962891 0.214844 0.961914 0.214844 0.960938 0.216146 0.959961 0.216146 0.958008 0.21875 0.957031 0.21875 0.956055 0.220052 0.955078 0.220052 0.954102 0.221354 0.953125 0.221354 0.952148 0.222656 0.947266 0.222656 0.947266 0.242188 0.951172 0.242188 0.952148 0.24349 0.954102 0.24349 0.955078 0.244792 0.956055 0.244792 0.957031 0.246094 0.958008 0.246094 0.958984 0.247396 0.960938 0.247396 0.961914 0.248698 0.963867 0.248698 0.964844 0.25 0.967773 0.25 0.96875 0.251302 0.97168 0.251302 0.972656 0.252604 0.978516 0.252604 0.979492 0.253906 0.982422 0.253906 0.983398 0.255208 0.986328 0.255208 0.988281 0.257812 0.988281 0.259115 0.990234 0.261719 0.991211 0.261719 0.996094 0.268229 0.996094 0.272135 0.999023 0.272135 0.999023 0.205729
1 0.494141 0.294271 0.494141 0.302083 0.49707 0.302083 0.498047 0.303385 0.498047 0.30599 0.499023 0.307292 0.499023 0.321615 0.498047 0.322917 0.498047 0.325521 0.49707 0.326823 0.494141 0.326823 0.494141 0.454427 0.49707 0.454427 0.498047 0.455729 0.498047 0.459635 0.499023 0.460938 0.499023 0.477865 0.498047 0.479167 0.498047 0.485677 0.49707 0.486979 0.494141 0.486979 0.494141 0.653646 0.49707 0.653646 0.499023 0.651042 0.5 0.651042 0.504883 0.644531 0.505859 0.644531 0.510742 0.638021 0.510742 0.636719 0.512695 0.634115 0.512695 0.632812 0.514648 0.630208 0.514648 0.628906 0.516602 0.626302 0.516602 0.625 0.517578 0.623698 0.517578 0.622396 0.518555 0.621094 0.518555 0.61849 0.519531 0.617188 0.519531 0.615885 0.520508 0.614583 0.520508 0.613281 0.521484 0.611979 0.521484 0.610677 0.523438 0.608073 0.523438 0.606771 0.524414 0.605469 0.524414 0.602865 0.525391 0.601562 0.525391 0.598958 0.526367 0.597656 0.526367 0.591146 0.527344 0.589844 0.527344 0.583333 0.52832 0.582031 0.52832 0.576823 0.529297 0.575521 0.529297 0.571615 0.530273 0.570312 0.530273 0.546875 0.529297 0.545573 0.529297 0.540365 0.52832 0.539062 0.52832 0.535156 0.527344 0.533854 0.527344 0.526042 0.526367 0.52474 0.526367 0.501302 0.527344 0.5 0.527344 0.479167 0.526367 0.477865 0.526367 0.470052 0.525391 0.46875 0.525391 0.463542 0.524414 0.46224 0.524414 0.455729 0.523438 0.454427 0.523438 0.445312 0.522461 0.44401 0.522461 0.429688 0.521484 0.428385 0.521484 0.40625 0.520508 0.404948 0.520508 0.369792 0.521484 0.36849 0.521484 0.363281 0.522461 0.361979 0.522461 0.359375 0.523438 0.358073 0.523438 0.355469 0.524414 0.354167 0.524414 0.351562 0.525391 0.35026 0.525391 0.348958 0.526367 0.347656 0.526367 0.346354 0.527344 0.345052 0.527344 0.34375 0.52832 0.342448 0.52832 0.341146 0.529297 0.339844 0.529297 0.33724 0.530273 0.335938 0.530273 0.334635 0.53125 0.333333 0.53125 0.330729 0.533203 0.328125 0.536133 0.328125 0.536133 0.294271
1 0.545898 0.0130208 0.543945 0.0104167 0.537109 0.0104167 0.536133 0.0117188 0.533203 0.0117188 0.533203 0.0221354 0.546875 0.0221354 0.546875 0.0182292 0.545898 0.0169271 0.545898 0.0130208 0.5625 0.00130208 0.564453 0.00130208 0.56543 0.00260417 0.567383 0.00260417 0.568359 0.00390625 0.570312 0.00390625 0.571289 0.00520833 0.574219 0.00520833 0.575195 0.00651042 0.577148 0.00651042 0.578125 0.0078125 0.580078 0.0078125 0.581055 0.00911458 0.583008 0.00911458 0.583984 0.0104167 0.585938 0.0104167 0.586914 0.0117188 0.589844 0.0117188 0.59082 0.0130208 0.594727 0.0130208 0.595703 0.0143229 0.602539 0.0143229 0.603516 0.015625 0.619141 0.015625 0.620117 0.0169271 0.624023 0.0169271 0.625 0.015625 0.630859 0.015625 0.631836 0.0143229 0.634766 0.0143229 0.635742 0.0130208 0.636719 0.0130208 0.637695 0.0117188 0.638672 0.0117188 0.640625 0.00911458 0.641602 0.00911458 0.642578 0.0078125 0.645508 0.0078125 0.645508 0 0.5625 0 0.5625 0.00130208
1 0.794922 0.966146 0.794922 0.989583 0.799805 0.989583 0.801758 0.992188 0.802734 0.992188 0.804688 0.994792 0.805664 0.994792 0.807617 0.997396 0.807617 0.998698 0.895508 0.998698 0.895508 0.997396 0.894531 0.996094 0.893555 0.996094 0.891602 0.99349 0.890625 0.99349 0.888672 0.990885 0.886719 0.990885 0.885742 0.989583 0.884766 0.989583 0.883789 0.988281 0.881836 0.988281 0.880859 0.986979 0.879883 0.986979 0.878906 0.985677 0.87793 0.985677 0.876953 0.984375 0.875 0.984375 0.873047 0.981771 0.87207 0.981771 0.871094 0.980469 0.869141 0.980469 0.868164 0.979167 0.865234 0.979167 0.864258 0.977865 0.857422 0.977865 0.856445 0.976562 0.850586 0.976562 0.849609 0.97526 0.84375 0.97526 0.842773 0.973958 0.836914 0.973958 0.835938 0.972656 0.833984 0.972656 0.833008 0.971354 0.832031 0.971354 0.831055 0.970052 0.831055 0.966146
1 0.922852 0.445312 0.922852 0.449219 0.916016 0.458333 0.916016 0.459635 0.910156 0.467448 0.910156 0.46875 0.90918 0.470052 0.90918 0.471354 0.90625 0.47526 0.90625 0.476562 0.905273 0.477865 0.905273 0.479167 0.904297 0.480469 0.904297 0.481771 0.90332 0.483073 0.90332 0.484375 0.902344 0.485677 0.902344 0.488281 0.901367 0.489583 0.901367 0.496094 0.900391 0.497396 0.900391 0.5 0.899414 0.501302 0.896484 0.501302 0.896484 0.585938 0.899414 0.585938 0.902344 0.589844 0.902344 0.592448 0.904297 0.595052 0.904297 0.60026 0.921875 0.60026 0.921875 0.595052 0.922852 0.59375 0.922852 0.592448 0.924805 0.589844 0.924805 0.588542 0.927734 0.584635 0.927734 0.583333 0.928711 0.582031 0.928711 0.580729 0.93457 0.572917 0.93457 0.571615 0.935547 0.570312 0.935547 0.56901 0.936523 0.567708 0.936523 0.566406 0.9375 0.565104 0.9375 0.563802 0.938477 0.5625 0.938477 0.559896 0.939453 0.558594 0.939453 0.557292 0.94043 0.55599 0.94043 0.554688 0.941406 0.553385 0.941406 0.550781 0.942383 0.549479 0.942383 0.545573 0.943359 0.544271 0.943359 0.539062 0.944336 0.53776 0.944336 0.533854 0.945312 0.532552 0.945312 0.528646 0.946289 0.527344 0.946289 0.522135 0.947266 0.520833 0.947266 0.515625 0.948242 0.514323 0.948242 0.511719 0.949219 0.510417 0.949219 0.507812 0.950195 0.50651 0.950195 0.501302 0.951172 0.5 0.951172 0.494792 0.952148 0.49349 0.952148 0.490885 0.953125 0.489583 0.953125 0.488281 0.955078 0.485677 0.958008 0.485677 0.958008 0.459635 0.955078 0.459635 0.952148 0.455729 0.951172 0.455729 0.950195 0.454427 0.950195 0.453125 0.949219 0.451823 0.949219 0.445312
0 0.989258 0.351562 0.989258 0.355469 0.985352 0.360677 0.985352 0.361979 0.983398 0.364583 0.983398 0.365885 0.981445 0.36849 0.981445 0.369792 0.978516 0.373698 0.978516 0.375 0.975586 0.378906 0.975586 0.380208 0.974609 0.38151 0.970703 0.38151 0.970703 0.445312 0.973633 0.445312 0.974609 0.44401 0.975586 0.44401 0.977539 0.441406 0.979492 0.441406 0.980469 0.442708 0.981445 0.442708 0.986328 0.449219 0.987305 0.449219 0.988281 0.450521 0.990234 0.450521 0.991211 0.451823 0.992188 0.451823 0.994141 0.454427 0.994141 0.455729 0.995117 0.457031 0.995117 0.458333 0.996094 0.459635 0.996094 0.464844 0.999023 0.464844 0.999023 0.351562
