0 0.0693359 0.356771 0.0693359 0.360677 0.0673828 0.363281 0.0654297 0.363281 0.0644531 0.364583 0.0634766 0.364583 0.0615234 0.367188 0.0605469 0.367188 0.0585938 0.369792 0.0576172 0.369792 0.0546875 0.373698 0.0537109 0.373698 0.0507812 0.377604 0.0498047 0.377604 0.0449219 0.384115 0.0439453 0.384115 0.0400391 0.389323 0.0390625 0.389323 0.0361328 0.393229 0.0351562 0.393229 0.0302734 0.39974 0.0292969 0.39974 0.00488281 0.432292 0.00195312 0.432292 0.00195312 0.485677 0.0195312 0.485677 0.0195312 0.480469 0.0175781 0.477865 0.015625 0.477865 0.0146484 0.476562 0.0166016 0.473958 0.0195312 0.473958 0.0205078 0.472656 0.0371094 0.472656 0.0380859 0.473958 0.0439453 0.473958 0.0449219 0.47526 0.0478516 0.47526 0.0488281 0.476562 0.0498047 0.476562 0.0507812 0.477865 0.0537109 0.477865 0.0546875 0.479167 0.0566406 0.479167 0.0576172 0.480469 0.0585938 0.480469 0.0595703 0.481771 0.0595703 0.485677 0.0869141 0.485677 0.0869141 0.481771 0.0888672 0.479167 0.0908203 0.479167 0.0917969 0.477865 0.09375 0.477865 0.0947266 0.476562 0.0957031 0.476562 0.0966797 0.47526 0.0976562 0.47526 0.0986328 0.473958 0.100586 0.473958 0.101562 0.472656 0.102539 0.472656 0.104492 0.470052 0.105469 0.470052 0.106445 0.46875 0.107422 0.46875 0.108398 0.467448 0.109375 0.467448 0.111328 0.464844 0.112305 0.464844 0.114258 0.46224 0.115234 0.46224 0.123047 0.451823 0.124023 0.451823 0.128906 0.445312 0.128906 0.44401 0.132812 0.438802 0.132812 0.4375 0.135742 0.433594 0.135742 0.432292 0.142578 0.423177 0.142578 0.421875 0.145508 0.417969 0.145508 0.416667 0.148438 0.41276 0.148438 0.411458 0.151367 0.407552 0.151367 0.40625 0.154297 0.402344 0.154297 0.401042 0.155273 0.39974 0.155273 0.398438 0.15625 0.397135 0.15625 0.395833 0.157227 0.394531 0.157227 0.393229 0.158203 0.391927 0.161133 0.391927 0.161133 0.38151 0.158203 0.38151 0.15625 0.378906 0.15625 0.377604 0.151367 0.371094 0.150391 0.371094 0.147461 0.367188 0.146484 0.367188 0.143555 0.363281 0.142578 0.363281 0.140625 0.360677 0.140625 0.356771
1 0.232422 0.742188 0.232422 0.782552 0.236328 0.782552 0.246094 0.795573 0.24707 0.795573 0.25293 0.803385 0.25293 0.804688 0.256836 0.809896 0.256836 0.811198 0.257812 0.8125 0.257812 0.813802 0.259766 0.816406 0.259766 0.817708 0.260742 0.81901 0.260742 0.821615 0.261719 0.822917 0.261719 0.824219 0.262695 0.825521 0.262695 0.829427 0.263672 0.830729 0.263672 0.835938 0.264648 0.83724 0.264648 0.841146 0.265625 0.842448 0.265625 0.845052 0.266602 0.846354 0.266602 0.848958 0.267578 0.85026 0.267578 0.851562 0.268555 0.852865 0.268555 0.854167 0.269531 0.855469 0.269531 0.856771 0.270508 0.858073 0.270508 0.859375 0.271484 0.860677 0.271484 0.861979 0.272461 0.863281 0.272461 0.88151 0.273438 0.882812 0.273438 0.888021 0.274414 0.889323 0.274414 0.891927 0.275391 0.893229 0.275391 0.894531 0.276367 0.895833 0.276367 0.898438 0.277344 0.89974 0.277344 0.902344 0.27832 0.903646 0.27832 0.90625 0.279297 0.907552 0.279297 0.91276 0.280273 0.914062 0.280273 0.919271 0.279297 0.920573 0.279297 0.934896 0.280273 0.936198 0.280273 0.940104 0.28125 0.941406 0.28125 0.94401 0.282227 0.945312 0.282227 0.946615 0.283203 0.947917 0.283203 0.950521 0.28418 0.951823 0.28418 0.953125 0.285156 0.954427 0.285156 0.957031 0.286133 0.958333 0.286133 0.960938 0.287109 0.96224 0.287109 0.963542 0.288086 0.964844 0.288086 0.967448 0.289062 0.96875 0.289062 0.972656 0.290039 0.973958 0.290039 0.985677 0.291016 0.986979 0.291016 0.990885 0.294922 0.996094 0.294922 0.998698 0.332031 0.998698 0.332031 0.997396 0.333008 0.996094 0.333008 0.994792 0.333984 0.99349 0.336914 0.99349 0.336914 0.983073 0.333984 0.983073 0.333008 0.981771 0.333008 0.977865 0.332031 0.976562 0.332031 0.967448 0.331055 0.966146 0.331055 0.96224 0.330078 0.960938 0.330078 0.959635 0.329102 0.958333 0.329102 0.955729 0.328125 0.954427 0.328125 0.950521 0.327148 0.949219 0.327148 0.945312 0.326172 0.94401 0.326172 0.940104 0.325195 0.938802 0.325195 0.933594 0.324219 0.932292 0.324219 0.924479 0.323242 0.923177 0.323242 0.917969 0.322266 0.916667 0.322266 0.910156 0.321289 0.908854 0.321289 0.902344 0.320312 0.901042 0.320312 0.895833 0.319336 0.894531 0.319336 0.890625 0.318359 0.889323 0.318359 0.885417 0.317383 0.884115 0.317383 0.880208 0.316406 0.878906 0.316406 0.873698 0.31543 0.872396 0.31543 0.86849 0.314453 0.867188 0.314453 0.860677 0.313477 0.859375 0.313477 0.855469 0.3125 0.854167 0.3125 0.851562 0.311523 0.85026 0.311523 0.847656 0.310547 0.846354 0.310547 0.84375 0.30957 0.842448 0.30957 0.838542 0.308594 0.83724 0.308594 0.833333 0.307617 0.832031 0.307617 0.825521 0.306641 0.824219 0.306641 0.817708 0.305664 0.816406 0.305664 0.808594 0.304688 0.807292 0.304688 0.803385 0.303711 0.802083 0.303711 0.799479 0.302734 0.798177 0.302734 0.796875 0.301758 0.795573 0.301758 0.794271 0.300781 0.792969 0.300781 0.791667 0.298828 0.789062 0.298828 0.78776 0.295898 0.783854 0.295898 0.782552 0.288086 0.772135 0.288086 0.770833 0.287109 0.769531 0.286133 0.769531 0.283203 0.765625 0.282227 0.765625 0.28125 0.764323 0.280273 0.764323 0.27832 0.761719 0.277344 0.761719 0.274414 0.757812 0.273438 0.757812 0.271484 0.755208 0.270508 0.755208 0.266602 0.75 0.265625 0.75 0.263672 0.747396 0.263672 0.742188
0 0.205078 0.153646 0.205078 0.158854 0.204102 0.160156 0.201172 0.160156 0.201172 0.207031 0.205078 0.207031 0.207031 0.209635 0.208008 0.209635 0.210938 0.213542 0.211914 0.213542 0.217773 0.221354 0.217773 0.222656 0.220703 0.226562 0.220703 0.227865 0.222656 0.230469 0.222656 0.231771 0.224609 0.234375 0.224609 0.235677 0.227539 0.239583 0.227539 0.240885 0.229492 0.24349 0.229492 0.244792 0.230469 0.246094 0.230469 0.247396 0.232422 0.25 0.232422 0.251302 0.235352 0.255208 0.235352 0.25651 0.237305 0.259115 0.238281 0.259115 0.239258 0.260417 0.239258 0.261719 0.240234 0.261719 0.244141 0.266927 0.245117 0.266927 0.248047 0.270833 0.249023 0.270833 0.251953 0.27474 0.25293 0.27474 0.256836 0.279948 0.257812 0.279948 0.259766 0.282552 0.260742 0.282552 0.261719 0.283854 0.262695 0.283854 0.264648 0.286458 0.265625 0.286458 0.266602 0.28776 0.267578 0.28776 0.269531 0.290365 0.270508 0.290365 0.271484 0.291667 0.272461 0.291667 0.274414 0.294271 0.275391 0.294271 0.27832 0.298177 0.279297 0.298177 0.282227 0.302083 0.283203 0.302083 0.285156 0.304688 0.286133 0.304688 0.290039 0.309896 0.291016 0.309896 0.291992 0.311198 0.292969 0.311198 0.293945 0.3125 0.294922 0.3125 0.295898 0.313802 0.296875 0.313802 0.297852 0.315104 0.298828 0.315104 0.299805 0.316406 0.300781 0.316406 0.303711 0.320312 0.304688 0.320312 0.305664 0.321615 0.306641 0.321615 0.307617 0.322917 0.308594 0.322917 0.310547 0.325521 0.311523 0.325521 0.3125 0.326823 0.313477 0.326823 0.314453 0.328125 0.316406 0.328125 0.317383 0.329427 0.319336 0.329427 0.320312 0.330729 0.320312 0.334635 0.34082 0.334635 0.34082 0.330729 0.341797 0.329427 0.345703 0.329427 0.34668 0.328125 0.349609 0.328125 0.350586 0.326823 0.351562 0.326823 0.352539 0.325521 0.353516 0.325521 0.353516 0.324219 0.356445 0.320312 0.356445 0.31901 0.360352 0.313802 0.360352 0.3125 0.361328 0.311198 0.364258 0.311198 0.364258 0.30599 0.361328 0.30599 0.359375 0.303385 0.359375 0.302083 0.357422 0.299479 0.357422 0.298177 0.353516 0.292969 0.353516 0.291667 0.349609 0.286458 0.349609 0.285156 0.34668 0.28125 0.34668 0.279948 0.34375 0.276042 0.34375 0.27474 0.341797 0.272135 0.341797 0.270833 0.338867 0.266927 0.338867 0.265625 0.335938 0.261719 0.335938 0.260417 0.333984 0.257812 0.333984 0.25651 0.332031 0.253906 0.332031 0.252604 0.330078 0.25 0.330078 0.248698 0.327148 0.244792 0.327148 0.24349 0.323242 0.238281 0.323242 0.236979 0.3125 0.222656 0.311523 0.222656 0.306641 0.216146 0.305664 0.216146 0.297852 0.205729 0.296875 0.205729 0.291992 0.199219 0.291016 0.199219 0.288086 0.195312 0.287109 0.195312 0.285156 0.192708 0.28418 0.192708 0.282227 0.190104 0.28125 0.190104 0.279297 0.1875 0.27832 0.1875 0.277344 0.186198 0.276367 0.186198 0.275391 0.184896 0.274414 0.184896 0.273438 0.183594 0.272461 0.183594 0.270508 0.18099 0.269531 0.18099 0.268555 0.179688 0.267578 0.179688 0.265625 0.177083 0.264648 0.177083 0.263672 0.175781 0.262695 0.175781 0.260742 0.173177 0.259766 0.173177 0.258789 0.171875 0.256836 0.171875 0.255859 0.170573 0.254883 0.170573 0.253906 0.169271 0.25293 0.169271 0.251953 0.167969 0.250977 0.167969 0.25 0.166667 0.249023 0.166667 0.248047 0.165365 0.24707 0.165365 0.246094 0.164062 0.245117 0.164062 0.244141 0.16276 0.243164 0.16276 0.242188 0.161458 0.240234 0.161458 0.239258 0.160156 0.238281 0.160156 0.236328 0.157552 0.236328 0.153646
0 0.151367 0.0078125 0.151367 0.0130208 0.150391 0.0143229 0.150391 0.015625 0.148438 0.0182292 0.148438 0.0195312 0.147461 0.0208333 0.147461 0.0234375 0.146484 0.0247396 0.146484 0.0260417 0.145508 0.0273438 0.142578 0.0273438 0.142578 0.15625 0.145508 0.15625 0.147461 0.158854 0.147461 0.160156 0.148438 0.161458 0.148438 0.16276 0.149414 0.164062 0.149414 0.165365 0.150391 0.166667 0.150391 0.167969 0.152344 0.170573 0.152344 0.171875 0.15332 0.173177 0.15332 0.174479 0.154297 0.175781 0.154297 0.177083 0.155273 0.178385 0.155273 0.179688 0.157227 0.182292 0.157227 0.183594 0.158203 0.184896 0.158203 0.186198 0.15918 0.1875 0.15918 0.188802 0.160156 0.190104 0.160156 0.191406 0.161133 0.192708 0.161133 0.19401 0.162109 0.195312 0.162109 0.196615 0.163086 0.197917 0.163086 0.199219 0.165039 0.201823 0.165039 0.203125 0.169922 0.209635 0.169922 0.214844 0.185547 0.214844 0.185547 0.209635 0.188477 0.205729 0.189453 0.205729 0.189453 0.204427 0.193359 0.199219 0.193359 0.197917 0.195312 0.195312 0.195312 0.19401 0.198242 0.190104 0.198242 0.1875 0.199219 0.186198 0.199219 0.182292 0.200195 0.18099 0.200195 0.175781 0.201172 0.174479 0.201172 0.171875 0.202148 0.170573 0.202148 0.166667 0.203125 0.165365 0.203125 0.16276 0.204102 0.161458 0.204102 0.160156 0.206055 0.157552 0.206055 0.153646 0.207031 0.152344 0.207031 0.140625 0.208008 0.139323 0.208008 0.136719 0.208984 0.135417 0.211914 0.135417 0.211914 0.0911458 0.208984 0.0911458 0.207031 0.0885417 0.207031 0.0846354 0.206055 0.0833333 0.206055 0.0729167 0.205078 0.0716146 0.205078 0.0598958 0.204102 0.0585938 0.204102 0.0546875 0.203125 0.0533854 0.203125 0.0507812 0.202148 0.0494792 0.202148 0.0481771 0.201172 0.046875 0.201172 0.0442708 0.200195 0.0429688 0.200195 0.0403646 0.199219 0.0390625 0.199219 0.0351562 0.198242 0.0338542 0.198242 0.0299479 0.197266 0.0286458 0.197266 0.0260417 0.196289 0.0247396 0.196289 0.0221354 0.195312 0.0208333 0.195312 0.0195312 0.194336 0.0182292 0.194336 0.0169271 0.192383 0.0143229 0.192383 0.0130208 0.191406 0.0117188 0.191406 0.0078125
0 0.792969 0.382812 0.792969 0.386719 0.791016 0.389323 0.790039 0.389323 0.789062 0.390625 0.788086 0.390625 0.787109 0.391927 0.786133 0.391927 0.785156 0.393229 0.78418 0.393229 0.783203 0.394531 0.78125 0.394531 0.780273 0.395833 0.775391 0.395833 0.775391 0.4375 0.779297 0.4375 0.785156 0.445312 0.786133 0.445312 0.788086 0.447917 0.789062 0.447917 0.790039 0.449219 0.791016 0.449219 0.792969 0.451823 0.793945 0.451823 0.794922 0.453125 0.795898 0.453125 0.796875 0.454427 0.797852 0.454427 0.798828 0.455729 0.799805 0.455729 0.801758 0.458333 0.802734 0.458333 0.803711 0.459635 0.804688 0.459635 0.806641 0.46224 0.807617 0.46224 0.80957 0.464844 0.810547 0.464844 0.811523 0.466146 0.813477 0.466146 0.814453 0.467448 0.816406 0.467448 0.817383 0.46875 0.819336 0.46875 0.820312 0.470052 0.822266 0.470052 0.823242 0.471354 0.827148 0.471354 0.828125 0.472656 0.833984 0.472656 0.834961 0.473958 0.839844 0.473958 0.84082 0.47526 0.842773 0.47526 0.84375 0.476562 0.84375 0.480469 0.861328 0.480469 0.861328 0.476562 0.862305 0.47526 0.866211 0.47526 0.867188 0.473958 0.87207 0.473958 0.873047 0.472656 0.87793 0.472656 0.878906 0.471354 0.882812 0.471354 0.883789 0.470052 0.885742 0.470052 0.886719 0.46875 0.887695 0.46875 0.888672 0.467448 0.889648 0.467448 0.891602 0.464844 0.892578 0.464844 0.895508 0.460938 0.896484 0.460938 0.901367 0.454427 0.901367 0.453125 0.904297 0.449219 0.904297 0.447917 0.90625 0.445312 0.90625 0.44401 0.908203 0.441406 0.911133 0.441406 0.911133 0.420573 0.908203 0.420573 0.907227 0.419271 0.90625 0.419271 0.90332 0.415365 0.902344 0.415365 0.898438 0.410156 0.897461 0.410156 0.896484 0.408854 0.894531 0.408854 0.893555 0.407552 0.891602 0.407552 0.889648 0.404948 0.888672 0.404948 0.885742 0.401042 0.884766 0.401042 0.878906 0.393229 0.87793 0.393229 0.876953 0.391927 0.874023 0.391927 0.873047 0.390625 0.871094 0.390625 0.870117 0.389323 0.866211 0.389323 0.865234 0.388021 0.863281 0.388021 0.862305 0.386719 0.862305 0.382812
1 0 0.570312 0 0.627604 0.00390625 0.627604 0.00488281 0.628906 0.00683594 0.628906 0.0078125 0.630208 0.00976562 0.630208 0.0107422 0.63151 0.0117188 0.63151 0.0126953 0.632812 0.0136719 0.632812 0.0146484 0.634115 0.0166016 0.634115 0.0175781 0.635417 0.0195312 0.635417 0.0205078 0.636719 0.0224609 0.636719 0.0234375 0.638021 0.0253906 0.638021 0.0263672 0.639323 0.0273438 0.639323 0.0283203 0.640625 0.0292969 0.640625 0.0302734 0.641927 0.0322266 0.641927 0.0332031 0.643229 0.0341797 0.643229 0.0351562 0.644531 0.0361328 0.644531 0.0371094 0.645833 0.0390625 0.645833 0.0400391 0.647135 0.0410156 0.647135 0.0419922 0.648438 0.0429688 0.648438 0.0439453 0.64974 0.0458984 0.64974 0.046875 0.651042 0.0478516 0.651042 0.0488281 0.652344 0.0498047 0.652344 0.0507812 0.653646 0.0527344 0.653646 0.0537109 0.654948 0.0556641 0.654948 0.0566406 0.65625 0.0595703 0.65625 0.0605469 0.657552 0.0625 0.657552 0.0634766 0.658854 0.0664062 0.658854 0.0673828 0.660156 0.0693359 0.660156 0.0703125 0.661458 0.0751953 0.661458 0.0761719 0.66276 0.0800781 0.66276 0.0810547 0.664062 0.0810547 0.667969 0.0947266 0.667969 0.0947266 0.664062 0.0957031 0.66276 0.0966797 0.66276 0.0976562 0.661458 0.0996094 0.661458 0.100586 0.660156 0.101562 0.660156 0.105469 0.654948 0.105469 0.653646 0.107422 0.651042 0.110352 0.651042 0.110352 0.634115 0.107422 0.634115 0.103516 0.628906 0.103516 0.627604 0.100586 0.623698 0.0996094 0.623698 0.09375 0.615885 0.0927734 0.615885 0.0908203 0.613281 0.0898438 0.613281 0.0888672 0.611979 0.0869141 0.611979 0.0859375 0.610677 0.0849609 0.610677 0.0839844 0.609375 0.0830078 0.609375 0.0820312 0.608073 0.0800781 0.608073 0.0791016 0.606771 0.0761719 0.606771 0.0751953 0.605469 0.0703125 0.605469 0.0693359 0.604167 0.0673828 0.604167 0.0664062 0.602865 0.0654297 0.602865 0.0644531 0.601562 0.0634766 0.601562 0.0625 0.60026 0.0615234 0.60026 0.0605469 0.598958 0.0595703 0.598958 0.0576172 0.596354 0.0566406 0.596354 0.0556641 0.595052 0.0546875 0.595052 0.0537109 0.59375 0.0527344 0.59375 0.0517578 0.592448 0.0507812 0.592448 0.0498047 0.591146 0.0488281 0.591146 0.0478516 0.589844 0.0458984 0.589844 0.0449219 0.588542 0.0429688 0.588542 0.0419922 0.58724 0.0400391 0.58724 0.0390625 0.585938 0.0380859 0.585938 0.0371094 0.584635 0.0351562 0.584635 0.0341797 0.583333 0.0322266 0.583333 0.03125 0.582031 0.0292969 0.582031 0.0283203 0.580729 0.0273438 0.580729 0.0263672 0.579427 0.0244141 0.579427 0.0234375 0.578125 0.0224609 0.578125 0.0214844 0.576823 0.0205078 0.576823 0.0185547 0.574219 0.0185547 0.570312
1 0.978516 0.0651042 0.977539 0.0664062 0.97168 0.0664062 0.970703 0.0677083 0.966797 0.0677083 0.96582 0.0690104 0.964844 0.0690104 0.963867 0.0703125 0.963867 0.0716146 0.962891 0.0729167 0.962891 0.0742188 0.960938 0.0768229 0.958008 0.0768229 0.957031 0.078125 0.953125 0.078125 0.951172 0.0755208 0.951172 0.0716146 0.943359 0.0716146 0.942383 0.0729167 0.938477 0.0729167 0.9375 0.0742188 0.935547 0.0742188 0.93457 0.0755208 0.932617 0.0755208 0.931641 0.0768229 0.929688 0.0768229 0.928711 0.078125 0.899414 0.078125 0.898438 0.0794271 0.894531 0.0794271 0.893555 0.0807292 0.889648 0.0807292 0.888672 0.0820312 0.879883 0.0820312 0.878906 0.0807292 0.873047 0.0807292 0.87207 0.0794271 0.87207 0.078125 0.871094 0.0768229 0.870117 0.0768229 0.869141 0.0755208 0.865234 0.0755208 0.864258 0.0768229 0.863281 0.0768229 0.862305 0.078125 0.850586 0.078125 0.849609 0.0794271 0.841797 0.0794271 0.84082 0.0807292 0.834961 0.0807292 0.833984 0.0820312 0.827148 0.0820312 0.826172 0.0833333 0.821289 0.0833333 0.820312 0.0846354 0.818359 0.0846354 0.817383 0.0859375 0.813477 0.0859375 0.8125 0.0872396 0.808594 0.0872396 0.807617 0.0885417 0.803711 0.0885417 0.802734 0.0898438 0.800781 0.0898438 0.799805 0.0911458 0.796875 0.0911458 0.795898 0.0924479 0.791016 0.0924479 0.790039 0.09375 0.787109 0.09375 0.786133 0.0950521 0.782227 0.0950521 0.78125 0.0963542 0.77832 0.0963542 0.777344 0.0976562 0.772461 0.0976562 0.771484 0.0989583 0.768555 0.0989583 0.767578 0.10026 0.763672 0.10026 0.762695 0.101562 0.757812 0.101562 0.756836 0.102865 0.750977 0.102865 0.75 0.104167 0.744141 0.104167 0.743164 0.105469 0.740234 0.105469 0.739258 0.106771 0.736328 0.106771 0.735352 0.108073 0.731445 0.108073 0.730469 0.109375 0.727539 0.109375 0.726562 0.110677 0.724609 0.110677 0.723633 0.111979 0.720703 0.111979 0.719727 0.113281 0.717773 0.113281 0.716797 0.114583 0.714844 0.114583 0.713867 0.115885 0.712891 0.115885 0.711914 0.117188 0.710938 0.117188 0.709961 0.11849 0.708984 0.11849 0.708008 0.119792 0.707031 0.119792 0.705078 0.122396 0.704102 0.122396 0.703125 0.123698 0.702148 0.123698 0.701172 0.125 0.700195 0.125 0.698242 0.127604 0.697266 0.127604 0.696289 0.128906 0.695312 0.128906 0.694336 0.130208 0.693359 0.130208 0.691406 0.132812 0.69043 0.132812 0.688477 0.135417 0.6875 0.135417 0.686523 0.136719 0.685547 0.136719 0.68457 0.138021 0.683594 0.138021 0.681641 0.140625 0.680664 0.140625 0.678711 0.143229 0.677734 0.143229 0.676758 0.144531 0.675781 0.144531 0.674805 0.145833 0.673828 0.145833 0.672852 0.147135 0.671875 0.147135 0.670898 0.148438 0.668945 0.148438 0.667969 0.14974 0.665039 0.14974 0.664062 0.151042 0.662109 0.151042 0.661133 0.152344 0.660156 0.152344 0.65918 0.153646 0.658203 0.153646 0.657227 0.154948 0.655273 0.154948 0.654297 0.15625 0.65332 0.15625 0.652344 0.157552 0.651367 0.157552 0.650391 0.158854 0.649414 0.158854 0.648438 0.160156 0.647461 0.160156 0.646484 0.161458 0.645508 0.161458 0.643555 0.164062 0.642578 0.164062 0.641602 0.165365 0.640625 0.165365 0.639648 0.166667 0.634766 0.166667 0.634766 0.19401 0.638672 0.19401 0.641602 0.197917 0.641602 0.199219 0.644531 0.203125 0.644531 0.204427 0.648438 0.209635 0.649414 0.209635 0.650391 0.210938 0.65332 0.210938 0.654297 0.209635 0.655273 0.209635 0.65625 0.208333 0.657227 0.208333 0.658203 0.207031 0.65918 0.207031 0.660156 0.205729 0.661133 0.205729 0.662109 0.204427 0.664062 0.204427 0.665039 0.203125 0.666016 0.203125 0.666992 0.201823 0.667969 0.201823 0.668945 0.200521 0.670898 0.200521 0.671875 0.199219 0.672852 0.199219 0.673828 0.197917 0.674805 0.197917 0.676758 0.195312 0.677734 0.195312 0.678711 0.19401 0.679688 0.19401 0.680664 0.192708 0.681641 0.192708 0.683594 0.190104 0.68457 0.190104 0.685547 0.188802 0.686523 0.188802 0.688477 0.186198 0.689453 0.186198 0.691406 0.183594 0.692383 0.183594 0.693359 0.182292 0.694336 0.182292 0.695312 0.18099 0.696289 0.18099 0.697266 0.179688 0.698242 0.179688 0.699219 0.178385 0.700195 0.178385 0.701172 0.177083 0.702148 0.177083 0.703125 0.175781 0.705078 0.175781 0.706055 0.174479 0.707031 0.174479 0.708008 0.173177 0.709961 0.173177 0.710938 0.171875 0.713867 0.171875 0.714844 0.170573 0.716797 0.170573 0.717773 0.169271 0.71875 0.169271 0.719727 0.167969 0.72168 0.167969 0.722656 0.166667 0.723633 0.166667 0.724609 0.165365 0.726562 0.165365 0.727539 0.164062 0.730469 0.164062 0.731445 0.16276 0.734375 0.166667 0.734375 0.167969 0.737305 0.167969 0.738281 0.166667 0.738281 0.164062 0.743164 0.157552 0.744141 0.157552 0.746094 0.154948 0.74707 0.154948 0.748047 0.153646 0.75 0.153646 0.750977 0.152344 0.751953 0.152344 0.75293 0.151042 0.754883 0.151042 0.755859 0.14974 0.757812 0.14974 0.758789 0.148438 0.759766 0.148438 0.760742 0.147135 0.762695 0.147135 0.763672 0.145833 0.766602 0.145833 0.767578 0.144531 0.769531 0.144531 0.770508 0.143229 0.772461 0.143229 0.773438 0.141927 0.775391 0.141927 0.776367 0.140625 0.779297 0.140625 0.780273 0.139323 0.78418 0.139323 0.785156 0.138021 0.788086 0.138021 0.789062 0.136719 0.791016 0.136719 0.791992 0.135417 0.795898 0.135417 0.796875 0.134115 0.84082 0.134115 0.841797 0.132812 0.849609 0.132812 0.850586 0.13151 0.870117 0.13151 0.871094 0.130208 0.880859 0.130208 0.881836 0.128906 0.888672 0.128906 0.889648 0.127604 0.895508 0.127604 0.896484 0.126302 0.914062 0.126302 0.915039 0.127604 0.927734 0.127604 0.928711 0.126302 0.933594 0.126302 0.93457 0.125 0.939453 0.125 0.94043 0.123698 0.944336 0.123698 0.945312 0.122396 0.948242 0.122396 0.949219 0.121094 0.952148 0.121094 0.953125 0.119792 0.955078 0.119792 0.956055 0.11849 0.958984 0.11849 0.959961 0.117188 0.963867 0.117188 0.964844 0.115885 0.967773 0.115885 0.96875 0.114583 0.970703 0.114583 0.97168 0.113281 0.975586 0.113281 0.976562 0.111979 0.980469 0.111979 0.981445 0.110677 0.985352 0.110677 0.986328 0.109375 0.991211 0.109375 0.992188 0.108073 0.994141 0.108073 0.998047 0.102865 0.999023 0.102865 0.999023 0.0872396 0.998047 0.0872396 0.99707 0.0859375 0.99707 0.0846354 0.996094 0.0833333 0.996094 0.0807292 0.992188 0.0755208 0.991211 0.0755208 0.990234 0.0742188 0.990234 0.0729167 0.989258 0.0716146 0.989258 0.0703125 0.988281 0.0690104 0.987305 0.0690104 0.986328 0.0677083 0.985352 0.0677083 0.984375 0.0664062 0.979492 0.0664062
1 0.0644531 0.158854 0.0644531 0.238281 0.0673828 0.238281 0.0683594 0.239583 0.0683594 0.244792 0.0693359 0.246094 0.0693359 0.253906 0.0703125 0.255208 0.0703125 0.260417 0.0712891 0.261719 0.0712891 0.272135 0.0722656 0.273438 0.0722656 0.28125 0.0712891 0.282552 0.0712891 0.289062 0.0722656 0.290365 0.0722656 0.294271 0.0732422 0.295573 0.0732422 0.299479 0.0742188 0.300781 0.0742188 0.303385 0.0751953 0.304688 0.0751953 0.307292 0.0761719 0.308594 0.0761719 0.309896 0.0771484 0.311198 0.0771484 0.3125 0.078125 0.313802 0.078125 0.315104 0.0791016 0.316406 0.0791016 0.317708 0.0839844 0.324219 0.0849609 0.324219 0.0869141 0.326823 0.0878906 0.326823 0.0888672 0.328125 0.0957031 0.328125 0.0966797 0.329427 0.102539 0.329427 0.103516 0.328125 0.105469 0.328125 0.106445 0.326823 0.110352 0.326823 0.110352 0.252604 0.107422 0.252604 0.106445 0.251302 0.106445 0.25 0.105469 0.248698 0.105469 0.244792 0.104492 0.24349 0.104492 0.238281 0.103516 0.236979 0.103516 0.233073 0.102539 0.231771 0.102539 0.199219 0.101562 0.197917 0.101562 0.19401 0.100586 0.192708 0.100586 0.188802 0.0996094 0.1875 0.0996094 0.186198 0.0986328 0.184896 0.0986328 0.182292 0.0976562 0.18099 0.0976562 0.179688 0.0957031 0.177083 0.0957031 0.175781 0.0947266 0.174479 0.0947266 0.173177 0.09375 0.171875 0.09375 0.170573 0.0908203 0.166667 0.0908203 0.165365 0.0888672 0.16276 0.0888672 0.158854
1 0.0800781 0.841146 0.0800781 0.845052 0.0791016 0.846354 0.078125 0.846354 0.0771484 0.847656 0.0761719 0.847656 0.0751953 0.848958 0.0742188 0.848958 0.0732422 0.85026 0.0722656 0.85026 0.0712891 0.851562 0.0683594 0.851562 0.0683594 0.877604 0.0722656 0.877604 0.0742188 0.880208 0.0751953 0.880208 0.0771484 0.882812 0.0791016 0.882812 0.0800781 0.884115 0.0810547 0.884115 0.0820312 0.885417 0.0839844 0.885417 0.0849609 0.886719 0.0878906 0.886719 0.0888672 0.888021 0.09375 0.888021 0.0947266 0.889323 0.112305 0.889323 0.113281 0.890625 0.125 0.890625 0.125977 0.891927 0.137695 0.891927 0.138672 0.893229 0.143555 0.893229 0.144531 0.894531 0.148438 0.894531 0.149414 0.895833 0.15332 0.895833 0.154297 0.897135 0.157227 0.897135 0.158203 0.898438 0.161133 0.898438 0.162109 0.89974 0.164062 0.89974 0.165039 0.901042 0.166992 0.901042 0.167969 0.902344 0.170898 0.902344 0.171875 0.903646 0.175781 0.903646 0.176758 0.904948 0.180664 0.904948 0.181641 0.90625 0.18457 0.90625 0.185547 0.907552 0.188477 0.907552 0.189453 0.908854 0.191406 0.908854 0.192383 0.910156 0.193359 0.910156 0.194336 0.911458 0.195312 0.911458 0.196289 0.91276 0.197266 0.91276 0.198242 0.914062 0.199219 0.914062 0.200195 0.915365 0.202148 0.915365 0.204102 0.917969 0.206055 0.917969 0.207031 0.919271 0.208008 0.919271 0.208984 0.920573 0.210938 0.920573 0.211914 0.921875 0.213867 0.921875 0.21582 0.924479 0.21582 0.928385 0.22168 0.928385 0.22168 0.924479 0.222656 0.923177 0.227539 0.923177 0.227539 0.903646 0.223633 0.903646 0.207031 0.88151 0.206055 0.88151 0.202148 0.876302 0.201172 0.876302 0.199219 0.873698 0.198242 0.873698 0.196289 0.871094 0.195312 0.871094 0.192383 0.867188 0.191406 0.867188 0.19043 0.865885 0.189453 0.865885 0.188477 0.864583 0.1875 0.864583 0.186523 0.863281 0.185547 0.863281 0.18457 0.861979 0.183594 0.861979 0.182617 0.860677 0.181641 0.860677 0.180664 0.859375 0.179688 0.859375 0.177734 0.856771 0.176758 0.856771 0.174805 0.854167 0.173828 0.854167 0.172852 0.852865 0.170898 0.852865 0.169922 0.851562 0.168945 0.851562 0.167969 0.85026 0.166016 0.85026 0.165039 0.848958 0.164062 0.848958 0.161133 0.845052 0.161133 0.841146
0 0.208984 0.622396 0.208984 0.627604 0.208008 0.628906 0.207031 0.628906 0.205078 0.63151 0.204102 0.63151 0.203125 0.632812 0.202148 0.632812 0.200195 0.635417 0.199219 0.635417 0.191406 0.645833 0.191406 0.647135 0.1875 0.652344 0.186523 0.652344 0.176758 0.665365 0.176758 0.666667 0.163086 0.684896 0.163086 0.686198 0.15918 0.691406 0.15918 0.692708 0.154297 0.699219 0.154297 0.700521 0.15332 0.701823 0.15332 0.704427 0.152344 0.705729 0.152344 0.71875 0.15332 0.720052 0.15332 0.730469 0.154297 0.731771 0.154297 0.740885 0.15332 0.742188 0.15332 0.747396 0.152344 0.748698 0.152344 0.751302 0.151367 0.752604 0.151367 0.753906 0.150391 0.755208 0.150391 0.75651 0.149414 0.757812 0.149414 0.759115 0.146484 0.763021 0.146484 0.764323 0.128906 0.78776 0.12793 0.78776 0.125977 0.790365 0.125 0.790365 0.121094 0.795573 0.120117 0.795573 0.119141 0.796875 0.115234 0.796875 0.115234 0.832031 0.119141 0.832031 0.120117 0.833333 0.121094 0.833333 0.123047 0.835938 0.125977 0.835938 0.126953 0.83724 0.128906 0.83724 0.129883 0.838542 0.143555 0.838542 0.144531 0.83724 0.148438 0.83724 0.149414 0.835938 0.152344 0.835938 0.15332 0.834635 0.155273 0.834635 0.15625 0.833333 0.157227 0.833333 0.158203 0.832031 0.15918 0.832031 0.162109 0.828125 0.163086 0.828125 0.165039 0.825521 0.166016 0.825521 0.169922 0.820312 0.170898 0.820312 0.176758 0.8125 0.177734 0.8125 0.181641 0.807292 0.182617 0.807292 0.18457 0.804688 0.185547 0.804688 0.188477 0.800781 0.189453 0.800781 0.198242 0.789062 0.198242 0.78776 0.203125 0.78125 0.203125 0.779948 0.206055 0.776042 0.206055 0.77474 0.208984 0.770833 0.208984 0.769531 0.209961 0.768229 0.209961 0.766927 0.211914 0.764323 0.211914 0.763021 0.212891 0.761719 0.212891 0.760417 0.214844 0.757812 0.214844 0.75651 0.21582 0.755208 0.21582 0.753906 0.216797 0.752604 0.216797 0.751302 0.217773 0.75 0.217773 0.748698 0.219727 0.746094 0.219727 0.744792 0.220703 0.74349 0.220703 0.742188 0.22168 0.740885 0.22168 0.739583 0.222656 0.738281 0.222656 0.736979 0.223633 0.735677 0.223633 0.734375 0.224609 0.733073 0.224609 0.731771 0.225586 0.730469 0.225586 0.729167 0.226562 0.727865 0.226562 0.726562 0.227539 0.72526 0.227539 0.723958 0.228516 0.722656 0.228516 0.721354 0.229492 0.720052 0.229492 0.71875 0.231445 0.716146 0.231445 0.714844 0.232422 0.713542 0.232422 0.71224 0.233398 0.710938 0.233398 0.709635 0.234375 0.708333 0.234375 0.707031 0.235352 0.705729 0.235352 0.704427 0.236328 0.703125 0.236328 0.700521 0.237305 0.699219 0.237305 0.696615 0.238281 0.695312 0.238281 0.69401 0.239258 0.692708 0.239258 0.690104 0.240234 0.688802 0.240234 0.686198 0.241211 0.684896 0.241211 0.682292 0.242188 0.68099 0.242188 0.677083 0.243164 0.675781 0.243164 0.673177 0.244141 0.671875 0.24707 0.671875 0.24707 0.641927 0.244141 0.641927 0.242188 0.639323 0.242188 0.636719 0.241211 0.635417 0.241211 0.634115 0.239258 0.63151 0.239258 0.630208 0.237305 0.627604 0.237305 0.622396
0 0.585938 0.127604 0.585938 0.132812 0.583984 0.135417 0.583984 0.136719 0.583008 0.138021 0.583008 0.139323 0.581055 0.141927 0.581055 0.143229 0.580078 0.144531 0.580078 0.147135 0.579102 0.148438 0.579102 0.152344 0.578125 0.153646 0.578125 0.160156 0.577148 0.161458 0.577148 0.166667 0.576172 0.167969 0.576172 0.169271 0.575195 0.170573 0.572266 0.170573 0.572266 0.214844 0.575195 0.214844 0.577148 0.217448 0.577148 0.21875 0.578125 0.220052 0.578125 0.221354 0.580078 0.223958 0.580078 0.22526 0.581055 0.226562 0.581055 0.229167 0.582031 0.230469 0.582031 0.231771 0.583008 0.233073 0.583008 0.235677 0.583984 0.236979 0.583984 0.239583 0.584961 0.240885 0.584961 0.242188 0.585938 0.24349 0.585938 0.246094 0.586914 0.247396 0.586914 0.25 0.587891 0.251302 0.587891 0.252604 0.588867 0.253906 0.588867 0.25651 0.589844 0.257812 0.589844 0.260417 0.59082 0.261719 0.59082 0.263021 0.591797 0.264323 0.591797 0.265625 0.592773 0.266927 0.592773 0.269531 0.59375 0.270833 0.59375 0.272135 0.594727 0.273438 0.594727 0.27474 0.59668 0.277344 0.59668 0.278646 0.597656 0.279948 0.597656 0.28125 0.599609 0.283854 0.599609 0.285156 0.601562 0.28776 0.601562 0.289062 0.603516 0.291667 0.603516 0.292969 0.604492 0.294271 0.604492 0.295573 0.605469 0.296875 0.605469 0.298177 0.606445 0.299479 0.606445 0.302083 0.607422 0.303385 0.607422 0.307292 0.608398 0.308594 0.608398 0.3125 0.609375 0.313802 0.609375 0.31901 0.649414 0.31901 0.649414 0.309896 0.650391 0.308594 0.650391 0.307292 0.65332 0.303385 0.65332 0.302083 0.655273 0.299479 0.655273 0.298177 0.658203 0.294271 0.661133 0.294271 0.661133 0.255208 0.658203 0.255208 0.65625 0.252604 0.65625 0.251302 0.655273 0.25 0.655273 0.247396 0.65332 0.244792 0.65332 0.24349 0.652344 0.242188 0.652344 0.240885 0.651367 0.239583 0.651367 0.238281 0.650391 0.236979 0.650391 0.233073 0.649414 0.231771 0.649414 0.227865 0.648438 0.226562 0.648438 0.223958 0.647461 0.222656 0.647461 0.220052 0.646484 0.21875 0.646484 0.217448 0.645508 0.216146 0.645508 0.214844 0.642578 0.210938 0.642578 0.209635 0.641602 0.208333 0.641602 0.207031 0.639648 0.204427 0.639648 0.203125 0.638672 0.201823 0.638672 0.200521 0.637695 0.199219 0.637695 0.197917 0.636719 0.196615 0.636719 0.195312 0.635742 0.19401 0.635742 0.192708 0.634766 0.191406 0.634766 0.1875 0.633789 0.186198 0.633789 0.183594 0.632812 0.182292 0.632812 0.179688 0.631836 0.178385 0.631836 0.175781 0.630859 0.174479 0.630859 0.173177 0.629883 0.171875 0.629883 0.170573 0.628906 0.169271 0.628906 0.167969 0.62793 0.166667 0.62793 0.165365 0.626953 0.164062 0.626953 0.16276 0.625 0.160156 0.625 0.158854 0.621094 0.153646 0.621094 0.152344 0.616211 0.145833 0.616211 0.144531 0.615234 0.143229 0.614258 0.143229 0.610352 0.138021 0.609375 0.138021 0.606445 0.134115 0.605469 0.134115 0.604492 0.132812 0.604492 0.127604
1 0.0166016 0.574219 0.0146484 0.574219 0.0136719 0.572917 0.00585938 0.572917 0.00585938 0.626302 0.0976562 0.626302 0.0976562 0.622396 0.0927734 0.615885 0.0917969 0.615885 0.0908203 0.614583 0.0898438 0.614583 0.0888672 0.613281 0.0878906 0.613281 0.0869141 0.611979 0.0859375 0.611979 0.0849609 0.610677 0.0830078 0.610677 0.0820312 0.609375 0.0800781 0.609375 0.0791016 0.608073 0.0751953 0.608073 0.0742188 0.606771 0.0712891 0.606771 0.0703125 0.605469 0.0683594 0.605469 0.0673828 0.604167 0.0654297 0.604167 0.0644531 0.602865 0.0634766 0.602865 0.0615234 0.60026 0.0605469 0.60026 0.0595703 0.598958 0.0585938 0.598958 0.0576172 0.597656 0.0566406 0.597656 0.0546875 0.595052 0.0537109 0.595052 0.0527344 0.59375 0.0517578 0.59375 0.0507812 0.592448 0.0498047 0.592448 0.0488281 0.591146 0.046875 0.591146 0.0458984 0.589844 0.0439453 0.589844 0.0429688 0.588542 0.0419922 0.588542 0.0410156 0.58724 0.0390625 0.58724 0.0380859 0.585938 0.0361328 0.585938 0.0351562 0.584635 0.0332031 0.584635 0.0322266 0.583333 0.0302734 0.583333 0.0292969 0.582031 0.0283203 0.582031 0.0273438 0.580729 0.0263672 0.580729 0.0253906 0.579427 0.0234375 0.579427 0.0224609 0.578125 0.0214844 0.578125 0.0205078 0.576823 0.0195312 0.576823 0.0185547 0.575521 0.0175781 0.575521 0.0166016 0.574219 0.03125 0.519531 0.0332031 0.519531 0.0341797 0.520833 0.0361328 0.520833 0.0371094 0.522135 0.0400391 0.522135 0.0410156 0.523438 0.0429688 0.523438 0.0439453 0.52474 0.0458984 0.52474 0.046875 0.526042 0.0488281 0.526042 0.0498047 0.527344 0.0507812 0.527344 0.0517578 0.528646 0.0537109 0.528646 0.0546875 0.529948 0.0566406 0.529948 0.0576172 0.53125 0.0595703 0.53125 0.0605469 0.532552 0.0625 0.532552 0.0634766 0.533854 0.0644531 0.533854 0.0654297 0.535156 0.0673828 0.535156 0.0683594 0.536458 0.0703125 0.536458 0.0712891 0.53776 0.0722656 0.53776 0.0732422 0.539062 0.0751953 0.539062 0.0761719 0.540365 0.0791016 0.540365 0.0800781 0.541667 0.0820312 0.541667 0.0830078 0.542969 0.0849609 0.542969 0.0859375 0.544271 0.0888672 0.544271 0.0898438 0.545573 0.0927734 0.545573 0.09375 0.546875 0.0976562 0.546875 0.0986328 0.548177 0.101562 0.548177 0.102539 0.549479 0.104492 0.549479 0.105469 0.550781 0.108398 0.550781 0.109375 0.552083 0.111328 0.552083 0.112305 0.553385 0.114258 0.553385 0.115234 0.554688 0.117188 0.554688 0.118164 0.55599 0.120117 0.55599 0.121094 0.557292 0.124023 0.557292 0.125 0.558594 0.12793 0.558594 0.128906 0.559896 0.133789 0.559896 0.134766 0.561198 0.141602 0.561198 0.142578 0.5625 0.150391 0.5625 0.151367 0.561198 0.154297 0.561198 0.155273 0.559896 0.157227 0.559896 0.158203 0.558594 0.15918 0.558594 0.160156 0.557292 0.161133 0.557292 0.162109 0.55599 0.166016 0.55599 0.166992 0.554688 0.173828 0.554688 0.174805 0.55599 0.176758 0.55599 0.177734 0.557292 0.178711 0.557292 0.179688 0.558594 0.180664 0.558594 0.18457 0.563802 0.185547 0.563802 0.1875 0.566406 0.188477 0.566406 0.192383 0.571615 0.193359 0.571615 0.195312 0.574219 0.196289 0.574219 0.198242 0.576823 0.200195 0.576823 0.201172 0.578125 0.202148 0.578125 0.203125 0.579427 0.205078 0.579427 0.206055 0.580729 0.208008 0.580729 0.208984 0.582031 0.209961 0.582031 0.210938 0.583333 0.212891 0.583333 0.213867 0.584635 0.214844 0.584635 0.21582 0.585938 0.217773 0.585938 0.21875 0.58724 0.219727 0.58724 0.220703 0.588542 0.222656 0.588542 0.224609 0.591146 0.226562 0.591146 0.227539 0.592448 0.228516 0.592448 0.229492 0.59375 0.232422 0.59375 0.233398 0.595052 0.234375 0.595052 0.235352 0.596354 0.237305 0.596354 0.238281 0.597656 0.240234 0.597656 0.241211 0.598958 0.244141 0.598958 0.245117 0.60026 0.246094 0.60026 0.24707 0.601562 0.25 0.601562 0.250977 0.602865 0.253906 0.602865 0.254883 0.604167 0.256836 0.604167 0.257812 0.605469 0.258789 0.605469 0.259766 0.606771 0.261719 0.606771 0.262695 0.608073 0.266602 0.608073 0.267578 0.609375 0.269531 0.609375 0.270508 0.610677 0.273438 0.610677 0.274414 0.611979 0.277344 0.611979 0.27832 0.613281 0.285156 0.613281 0.286133 0.614583 0.313477 0.614583 0.314453 0.615885 0.325195 0.615885 0.326172 0.614583 0.356445 0.614583 0.357422 0.613281 0.359375 0.613281 0.360352 0.611979 0.364258 0.611979 0.364258 0.582031 0.361328 0.582031 0.353516 0.571615 0.352539 0.571615 0.350586 0.56901 0.349609 0.56901 0.347656 0.566406 0.34668 0.566406 0.345703 0.565104 0.34375 0.565104 0.342773 0.563802 0.34082 0.563802 0.339844 0.5625 0.337891 0.5625 0.336914 0.561198 0.333008 0.561198 0.332031 0.559896 0.323242 0.559896 0.322266 0.558594 0.294922 0.558594 0.293945 0.559896 0.27832 0.559896 0.277344 0.558594 0.272461 0.558594 0.271484 0.557292 0.268555 0.557292 0.267578 0.55599 0.265625 0.55599 0.264648 0.554688 0.263672 0.554688 0.262695 0.553385 0.260742 0.553385 0.259766 0.552083 0.258789 0.552083 0.257812 0.550781 0.256836 0.550781 0.254883 0.548177 0.253906 0.548177 0.25293 0.546875 0.251953 0.546875 0.250977 0.545573 0.249023 0.545573 0.248047 0.544271 0.24707 0.544271 0.246094 0.542969 0.243164 0.542969 0.242188 0.541667 0.240234 0.541667 0.239258 0.540365 0.237305 0.540365 0.236328 0.539062 0.235352 0.539062 0.234375 0.53776 0.233398 0.53776 0.232422 0.536458 0.231445 0.536458 0.230469 0.535156 0.229492 0.535156 0.227539 0.532552 0.225586 0.532552 0.224609 0.53125 0.222656 0.53125 0.22168 0.529948 0.219727 0.529948 0.21875 0.528646 0.216797 0.528646 0.21582 0.527344 0.213867 0.527344 0.212891 0.526042 0.210938 0.526042 0.209961 0.52474 0.208008 0.52474 0.207031 0.523438 0.204102 0.523438 0.203125 0.522135 0.201172 0.522135 0.200195 0.520833 0.197266 0.520833 0.196289 0.519531 0.194336 0.519531 0.193359 0.518229 0.192383 0.518229 0.191406 0.516927 0.189453 0.516927 0.188477 0.515625 0.186523 0.515625 0.185547 0.514323 0.183594 0.514323 0.182617 0.513021 0.178711 0.513021 0.177734 0.514323 0.174805 0.514323 0.173828 0.515625 0.169922 0.515625 0.168945 0.516927 0.166016 0.516927 0.165039 0.518229 0.162109 0.518229 0.161133 0.519531 0.160156 0.519531 0.15918 0.520833 0.152344 0.520833 0.151367 0.519531 0.149414 0.519531 0.146484 0.515625 0.145508 0.515625 0.143555 0.513021 0.141602 0.513021 0.140625 0.511719 0.139648 0.511719 0.138672 0.510417 0.136719 0.510417 0.135742 0.509115 0.133789 0.509115 0.132812 0.507812 0.130859 0.507812 0.129883 0.50651 0.12793 0.50651 0.126953 0.505208 0.123047 0.505208 0.12207 0.503906 0.119141 0.503906 0.118164 0.502604 0.116211 0.502604 0.115234 0.501302 0.113281 0.501302 0.112305 0.5 0.110352 0.5 0.109375 0.498698 0.107422 0.498698 0.106445 0.497396 0.105469 0.497396 0.104492 0.496094 0.102539 0.496094 0.101562 0.494792 0.100586 0.494792 0.0996094 0.49349 0.0966797 0.49349 0.0957031 0.492188 0.09375 0.492188 0.0927734 0.490885 0.0908203 0.490885 0.0898438 0.489583 0.0869141 0.489583 0.0859375 0.488281 0.0830078 0.488281 0.0820312 0.486979 0.0791016 0.486979 0.078125 0.485677 0.0761719 0.485677 0.0751953 0.484375 0.0732422 0.484375 0.0722656 0.485677 0.0712891 0.485677 0.0703125 0.484375 0.0585938 0.484375 0.0576172 0.483073 0.0527344 0.483073 0.0517578 0.481771 0.0498047 0.481771 0.0478516 0.479167 0.0449219 0.479167 0.0439453 0.477865 0.0380859 0.477865 0.0371094 0.476562 0.0341797 0.476562 0.0332031 0.47526 0.0332031 0.471354 0.00585938 0.471354 0.00585938 0.510417 0.0136719 0.510417 0.0146484 0.511719 0.0175781 0.511719 0.0185547 0.513021 0.0205078 0.513021 0.0214844 0.514323 0.0224609 0.514323 0.0234375 0.515625 0.0253906 0.515625 0.0263672 0.516927 0.0273438 0.516927 0.0283203 0.518229 0.0302734 0.518229 0.03125 0.519531
1 0.577148 0.559896 0.577148 0.563802 0.575195 0.566406 0.573242 0.566406 0.572266 0.567708 0.570312 0.567708 0.569336 0.56901 0.568359 0.56901 0.567383 0.570312 0.564453 0.570312 0.563477 0.571615 0.558594 0.571615 0.557617 0.572917 0.551758 0.572917 0.550781 0.574219 0.546875 0.574219 0.545898 0.575521 0.542969 0.575521 0.541992 0.576823 0.540039 0.576823 0.539062 0.578125 0.538086 0.578125 0.537109 0.579427 0.535156 0.579427 0.53418 0.580729 0.532227 0.580729 0.53125 0.582031 0.527344 0.582031 0.526367 0.583333 0.523438 0.583333 0.522461 0.584635 0.520508 0.584635 0.519531 0.585938 0.518555 0.585938 0.517578 0.58724 0.514648 0.58724 0.513672 0.588542 0.510742 0.588542 0.509766 0.589844 0.507812 0.589844 0.506836 0.591146 0.503906 0.591146 0.50293 0.592448 0.499023 0.592448 0.498047 0.59375 0.495117 0.59375 0.494141 0.595052 0.492188 0.595052 0.491211 0.596354 0.489258 0.596354 0.488281 0.597656 0.487305 0.597656 0.486328 0.598958 0.485352 0.598958 0.484375 0.60026 0.482422 0.60026 0.481445 0.601562 0.480469 0.601562 0.479492 0.602865 0.477539 0.602865 0.476562 0.604167 0.475586 0.604167 0.474609 0.605469 0.473633 0.605469 0.47168 0.608073 0.470703 0.608073 0.469727 0.609375 0.46875 0.609375 0.467773 0.610677 0.466797 0.610677 0.46582 0.611979 0.464844 0.611979 0.463867 0.613281 0.462891 0.613281 0.461914 0.614583 0.460938 0.614583 0.458984 0.617188 0.458008 0.617188 0.456055 0.619792 0.455078 0.619792 0.453125 0.622396 0.452148 0.622396 0.448242 0.627604 0.448242 0.628906 0.447266 0.630208 0.447266 0.634115 0.446289 0.635417 0.446289 0.639323 0.445312 0.640625 0.445312 0.641927 0.444336 0.643229 0.444336 0.644531 0.443359 0.645833 0.443359 0.647135 0.442383 0.648438 0.442383 0.64974 0.436523 0.657552 0.435547 0.657552 0.433594 0.660156 0.432617 0.660156 0.431641 0.661458 0.430664 0.661458 0.429688 0.66276 0.428711 0.66276 0.427734 0.664062 0.424805 0.664062 0.423828 0.665365 0.418945 0.665365 0.417969 0.666667 0.413086 0.666667 0.412109 0.667969 0.410156 0.667969 0.40918 0.669271 0.407227 0.669271 0.40625 0.670573 0.405273 0.670573 0.402344 0.674479 0.402344 0.675781 0.401367 0.677083 0.401367 0.678385 0.399414 0.68099 0.396484 0.68099 0.396484 0.699219 0.433594 0.699219 0.433594 0.69401 0.43457 0.692708 0.435547 0.692708 0.436523 0.691406 0.4375 0.691406 0.438477 0.690104 0.439453 0.690104 0.442383 0.686198 0.443359 0.686198 0.444336 0.684896 0.445312 0.684896 0.446289 0.683594 0.447266 0.683594 0.448242 0.682292 0.449219 0.682292 0.450195 0.68099 0.451172 0.68099 0.452148 0.679688 0.453125 0.679688 0.454102 0.678385 0.455078 0.678385 0.457031 0.675781 0.458008 0.675781 0.460938 0.671875 0.461914 0.671875 0.464844 0.667969 0.46582 0.667969 0.46875 0.664062 0.469727 0.664062 0.47168 0.661458 0.472656 0.661458 0.473633 0.660156 0.475586 0.660156 0.476562 0.658854 0.477539 0.658854 0.478516 0.657552 0.480469 0.657552 0.481445 0.65625 0.484375 0.65625 0.485352 0.654948 0.487305 0.654948 0.488281 0.653646 0.490234 0.653646 0.491211 0.652344 0.492188 0.652344 0.493164 0.651042 0.496094 0.651042 0.49707 0.64974 0.499023 0.64974 0.5 0.648438 0.501953 0.648438 0.50293 0.647135 0.504883 0.647135 0.505859 0.645833 0.506836 0.645833 0.507812 0.644531 0.509766 0.644531 0.510742 0.643229 0.512695 0.643229 0.513672 0.641927 0.514648 0.641927 0.515625 0.640625 0.517578 0.640625 0.518555 0.639323 0.519531 0.639323 0.520508 0.638021 0.522461 0.638021 0.523438 0.636719 0.524414 0.636719 0.525391 0.635417 0.526367 0.635417 0.527344 0.634115 0.529297 0.634115 0.530273 0.632812 0.53125 0.632812 0.532227 0.63151 0.53418 0.63151 0.535156 0.630208 0.539062 0.630208 0.540039 0.628906 0.543945 0.628906 0.544922 0.627604 0.549805 0.627604 0.550781 0.626302 0.555664 0.626302 0.556641 0.625 0.558594 0.625 0.55957 0.623698 0.5625 0.623698 0.563477 0.622396 0.566406 0.622396 0.567383 0.621094 0.569336 0.621094 0.570312 0.619792 0.574219 0.619792 0.575195 0.61849 0.579102 0.61849 0.580078 0.617188 0.584961 0.617188 0.585938 0.615885 0.59082 0.615885 0.591797 0.614583 0.600586 0.614583 0.601562 0.613281 0.607422 0.613281 0.608398 0.611979 0.610352 0.611979 0.611328 0.610677 0.612305 0.610677 0.613281 0.609375 0.615234 0.609375 0.617188 0.606771 0.618164 0.606771 0.620117 0.604167 0.621094 0.604167 0.624023 0.60026 0.625 0.60026 0.629883 0.59375 0.633789 0.59375 0.633789 0.580729 0.629883 0.580729 0.62793 0.578125 0.626953 0.578125 0.625 0.575521 0.624023 0.575521 0.62207 0.572917 0.621094 0.572917 0.620117 0.571615 0.619141 0.571615 0.613281 0.563802 0.613281 0.559896
1 0.69043 0.190104 0.69043 0.195312 0.686523 0.200521 0.686523 0.201823 0.68457 0.204427 0.68457 0.205729 0.683594 0.207031 0.683594 0.208333 0.682617 0.209635 0.682617 0.210938 0.681641 0.21224 0.681641 0.213542 0.680664 0.214844 0.680664 0.216146 0.679688 0.217448 0.679688 0.220052 0.678711 0.221354 0.678711 0.222656 0.677734 0.223958 0.677734 0.226562 0.676758 0.227865 0.676758 0.230469 0.675781 0.231771 0.675781 0.233073 0.674805 0.234375 0.674805 0.235677 0.673828 0.236979 0.673828 0.239583 0.672852 0.240885 0.672852 0.24349 0.671875 0.244792 0.671875 0.246094 0.670898 0.247396 0.670898 0.252604 0.669922 0.253906 0.669922 0.255208 0.668945 0.25651 0.666016 0.25651 0.666016 0.367188 0.668945 0.367188 0.669922 0.36849 0.669922 0.375 0.670898 0.376302 0.670898 0.390625 0.671875 0.391927 0.671875 0.401042 0.672852 0.402344 0.672852 0.407552 0.673828 0.408854 0.673828 0.414062 0.674805 0.415365 0.674805 0.420573 0.675781 0.421875 0.675781 0.425781 0.676758 0.427083 0.676758 0.43099 0.677734 0.432292 0.677734 0.436198 0.678711 0.4375 0.678711 0.46224 0.677734 0.463542 0.677734 0.46875 0.676758 0.470052 0.676758 0.492188 0.677734 0.49349 0.677734 0.498698 0.678711 0.5 0.678711 0.505208 0.679688 0.50651 0.679688 0.511719 0.680664 0.513021 0.680664 0.516927 0.681641 0.518229 0.681641 0.527344 0.682617 0.528646 0.682617 0.544271 0.683594 0.545573 0.683594 0.552083 0.68457 0.553385 0.68457 0.558594 0.685547 0.559896 0.685547 0.563802 0.686523 0.565104 0.686523 0.567708 0.6875 0.56901 0.6875 0.570312 0.688477 0.571615 0.688477 0.574219 0.689453 0.575521 0.689453 0.576823 0.691406 0.579427 0.691406 0.580729 0.692383 0.582031 0.692383 0.583333 0.694336 0.585938 0.694336 0.58724 0.696289 0.589844 0.696289 0.591146 0.704102 0.601562 0.704102 0.605469 0.71875 0.605469 0.71875 0.60026 0.719727 0.598958 0.720703 0.598958 0.72168 0.597656 0.722656 0.597656 0.726562 0.592448 0.726562 0.591146 0.727539 0.589844 0.727539 0.588542 0.728516 0.58724 0.728516 0.585938 0.729492 0.584635 0.729492 0.582031 0.730469 0.580729 0.730469 0.578125 0.732422 0.575521 0.735352 0.575521 0.735352 0.470052 0.732422 0.470052 0.731445 0.46875 0.731445 0.466146 0.730469 0.464844 0.730469 0.458333 0.729492 0.457031 0.729492 0.450521 0.728516 0.449219 0.728516 0.440104 0.727539 0.438802 0.727539 0.428385 0.726562 0.427083 0.726562 0.402344 0.727539 0.401042 0.727539 0.390625 0.726562 0.389323 0.726562 0.373698 0.727539 0.372396 0.727539 0.369792 0.726562 0.36849 0.726562 0.363281 0.725586 0.361979 0.725586 0.359375 0.724609 0.358073 0.724609 0.355469 0.723633 0.354167 0.723633 0.351562 0.722656 0.35026 0.722656 0.347656 0.72168 0.346354 0.72168 0.345052 0.720703 0.34375 0.720703 0.341146 0.719727 0.339844 0.719727 0.33724 0.71875 0.335938 0.71875 0.328125 0.717773 0.326823 0.717773 0.3125 0.716797 0.311198 0.716797 0.302083 0.71582 0.300781 0.71582 0.283854 0.716797 0.282552 0.716797 0.27474 0.717773 0.273438 0.717773 0.269531 0.71875 0.268229 0.71875 0.263021 0.719727 0.261719 0.719727 0.259115 0.720703 0.257812 0.720703 0.252604 0.72168 0.251302 0.72168 0.246094 0.722656 0.244792 0.722656 0.240885 0.723633 0.239583 0.723633 0.235677 0.724609 0.234375 0.724609 0.230469 0.725586 0.229167 0.725586 0.208333 0.724609 0.207031 0.724609 0.204427 0.722656 0.201823 0.722656 0.200521 0.719727 0.196615 0.719727 0.195312 0.71875 0.19401 0.71875 0.190104
0 0.427734 0.460938 0.427734 0.464844 0.426758 0.466146 0.423828 0.466146 0.423828 0.518229 0.427734 0.518229 0.428711 0.519531 0.428711 0.520833 0.431641 0.52474 0.431641 0.526042 0.433594 0.528646 0.433594 0.529948 0.44043 0.539062 0.44043 0.540365 0.449219 0.552083 0.450195 0.552083 0.453125 0.55599 0.454102 0.55599 0.456055 0.558594 0.457031 0.558594 0.458984 0.561198 0.459961 0.561198 0.461914 0.563802 0.462891 0.563802 0.463867 0.565104 0.464844 0.565104 0.466797 0.567708 0.467773 0.567708 0.469727 0.570312 0.470703 0.570312 0.47168 0.571615 0.472656 0.571615 0.473633 0.572917 0.474609 0.572917 0.475586 0.574219 0.476562 0.574219 0.477539 0.575521 0.478516 0.575521 0.479492 0.576823 0.480469 0.576823 0.481445 0.578125 0.482422 0.578125 0.483398 0.579427 0.484375 0.579427 0.486328 0.582031 0.487305 0.582031 0.488281 0.583333 0.490234 0.583333 0.492188 0.585938 0.492188 0.589844 0.512695 0.589844 0.512695 0.584635 0.515625 0.580729 0.515625 0.579427 0.518555 0.575521 0.518555 0.574219 0.519531 0.572917 0.519531 0.570312 0.520508 0.56901 0.520508 0.561198 0.519531 0.559896 0.519531 0.554688 0.518555 0.553385 0.518555 0.550781 0.517578 0.549479 0.517578 0.548177 0.516602 0.546875 0.516602 0.545573 0.514648 0.542969 0.514648 0.541667 0.513672 0.540365 0.513672 0.539062 0.512695 0.53776 0.512695 0.536458 0.511719 0.535156 0.511719 0.533854 0.510742 0.532552 0.510742 0.53125 0.508789 0.528646 0.508789 0.527344 0.507812 0.526042 0.507812 0.52474 0.506836 0.523438 0.506836 0.522135 0.505859 0.520833 0.505859 0.518229 0.504883 0.516927 0.504883 0.515625 0.503906 0.514323 0.503906 0.511719 0.50293 0.510417 0.50293 0.509115 0.501953 0.507812 0.501953 0.50651 0.5 0.503906 0.5 0.502604 0.498047 0.5 0.498047 0.498698 0.486328 0.483073 0.485352 0.483073 0.482422 0.479167 0.481445 0.479167 0.480469 0.477865 0.479492 0.477865 0.478516 0.476562 0.477539 0.476562 0.476562 0.47526 0.475586 0.47526 0.474609 0.473958 0.469727 0.473958 0.46875 0.472656 0.460938 0.472656 0.459961 0.471354 0.458008 0.471354 0.457031 0.470052 0.456055 0.470052 0.455078 0.46875 0.454102 0.46875 0.453125 0.467448 0.452148 0.467448 0.450195 0.464844 0.450195 0.460938
0 0.892578 0.542969 0.895508 0.542969 0.895508 0.527344 0.891602 0.527344 0.890625 0.528646 0.890625 0.529948 0.888672 0.532552 0.888672 0.533854 0.889648 0.535156 0.889648 0.536458 0.890625 0.53776 0.890625 0.539062 0.891602 0.540365 0.891602 0.541667 0.892578 0.542969 0.879883 0.566406 0.878906 0.566406 0.875977 0.5625 0.875 0.5625 0.874023 0.561198 0.873047 0.561198 0.870117 0.557292 0.869141 0.557292 0.868164 0.55599 0.867188 0.55599 0.865234 0.553385 0.864258 0.553385 0.861328 0.549479 0.860352 0.549479 0.858398 0.546875 0.857422 0.546875 0.856445 0.545573 0.855469 0.545573 0.854492 0.544271 0.853516 0.544271 0.850586 0.540365 0.849609 0.540365 0.848633 0.539062 0.847656 0.539062 0.845703 0.536458 0.844727 0.536458 0.84375 0.535156 0.842773 0.535156 0.841797 0.533854 0.84082 0.533854 0.839844 0.532552 0.838867 0.532552 0.837891 0.53125 0.836914 0.53125 0.834961 0.528646 0.833984 0.528646 0.832031 0.526042 0.831055 0.526042 0.830078 0.52474 0.829102 0.52474 0.828125 0.523438 0.827148 0.523438 0.826172 0.522135 0.825195 0.522135 0.824219 0.520833 0.823242 0.520833 0.822266 0.519531 0.821289 0.519531 0.819336 0.516927 0.817383 0.516927 0.816406 0.515625 0.814453 0.515625 0.813477 0.514323 0.811523 0.514323 0.810547 0.513021 0.808594 0.513021 0.807617 0.511719 0.805664 0.511719 0.804688 0.510417 0.801758 0.510417 0.800781 0.509115 0.798828 0.509115 0.797852 0.507812 0.796875 0.507812 0.795898 0.50651 0.793945 0.50651 0.791992 0.503906 0.791016 0.503906 0.790039 0.502604 0.789062 0.502604 0.787109 0.5 0.786133 0.5 0.785156 0.498698 0.78418 0.498698 0.783203 0.497396 0.782227 0.497396 0.779297 0.49349 0.77832 0.49349 0.777344 0.492188 0.777344 0.486979 0.751953 0.486979 0.751953 0.492188 0.750977 0.49349 0.75 0.49349 0.749023 0.494792 0.744141 0.494792 0.744141 0.553385 0.74707 0.553385 0.749023 0.55599 0.749023 0.557292 0.75 0.558594 0.75 0.559896 0.751953 0.5625 0.751953 0.563802 0.753906 0.566406 0.753906 0.567708 0.756836 0.571615 0.757812 0.571615 0.758789 0.572917 0.759766 0.572917 0.760742 0.574219 0.765625 0.574219 0.766602 0.575521 0.769531 0.575521 0.770508 0.576823 0.771484 0.576823 0.772461 0.578125 0.773438 0.578125 0.774414 0.579427 0.775391 0.579427 0.776367 0.580729 0.777344 0.580729 0.779297 0.583333 0.780273 0.583333 0.782227 0.585938 0.783203 0.585938 0.78418 0.58724 0.785156 0.58724 0.787109 0.589844 0.788086 0.589844 0.790039 0.592448 0.791016 0.592448 0.793945 0.596354 0.794922 0.596354 0.797852 0.60026 0.798828 0.60026 0.801758 0.604167 0.802734 0.604167 0.804688 0.606771 0.805664 0.606771 0.806641 0.608073 0.807617 0.608073 0.808594 0.609375 0.80957 0.609375 0.810547 0.610677 0.8125 0.610677 0.813477 0.611979 0.830078 0.611979 0.831055 0.613281 0.834961 0.613281 0.835938 0.614583 0.837891 0.614583 0.838867 0.615885 0.84082 0.615885 0.841797 0.617188 0.842773 0.617188 0.84375 0.61849 0.84668 0.61849 0.847656 0.619792 0.850586 0.619792 0.851562 0.621094 0.854492 0.621094 0.855469 0.622396 0.855469 0.626302 0.862305 0.626302 0.862305 0.622396 0.863281 0.621094 0.865234 0.621094 0.866211 0.619792 0.871094 0.619792 0.87207 0.61849 0.875 0.61849 0.875977 0.617188 0.876953 0.617188 0.87793 0.615885 0.878906 0.615885 0.879883 0.614583 0.880859 0.614583 0.881836 0.613281 0.882812 0.613281 0.883789 0.611979 0.884766 0.611979 0.892578 0.601562 0.895508 0.601562 0.895508 0.584635 0.892578 0.584635 0.890625 0.582031 0.890625 0.580729 0.889648 0.579427 0.889648 0.578125 0.888672 0.576823 0.887695 0.576823 0.886719 0.575521 0.886719 0.574219 0.884766 0.571615 0.883789 0.571615 0.879883 0.566406
0 0.881836 0.502604 0.881836 0.50651 0.880859 0.507812 0.878906 0.507812 0.87793 0.509115 0.874023 0.509115 0.873047 0.510417 0.868164 0.510417 0.867188 0.511719 0.864258 0.511719 0.863281 0.513021 0.859375 0.513021 0.858398 0.514323 0.853516 0.514323 0.852539 0.515625 0.845703 0.515625 0.845703 0.535156 0.849609 0.535156 0.851562 0.53776 0.852539 0.53776 0.855469 0.541667 0.856445 0.541667 0.857422 0.542969 0.858398 0.542969 0.860352 0.545573 0.861328 0.545573 0.862305 0.546875 0.863281 0.546875 0.864258 0.548177 0.865234 0.548177 0.866211 0.549479 0.866211 0.550781 0.867188 0.550781 0.868164 0.552083 0.869141 0.552083 0.870117 0.553385 0.871094 0.553385 0.87207 0.554688 0.87207 0.55599 0.873047 0.557292 0.875977 0.557292 0.87793 0.559896 0.875977 0.5625 0.875 0.5625 0.874023 0.561198 0.870117 0.561198 0.869141 0.5625 0.868164 0.5625 0.867188 0.561198 0.866211 0.561198 0.864258 0.558594 0.863281 0.558594 0.860352 0.554688 0.859375 0.554688 0.858398 0.55599 0.857422 0.55599 0.857422 0.557292 0.856445 0.558594 0.857422 0.559896 0.857422 0.5625 0.861328 0.5625 0.862305 0.563802 0.860352 0.566406 0.859375 0.565104 0.857422 0.565104 0.854492 0.56901 0.850586 0.56901 0.849609 0.567708 0.845703 0.567708 0.845703 0.579427 0.867188 0.579427 0.867188 0.575521 0.868164 0.574219 0.869141 0.575521 0.869141 0.579427 0.887695 0.579427 0.887695 0.575521 0.888672 0.574219 0.889648 0.575521 0.889648 0.579427 0.932617 0.579427 0.932617 0.575521 0.93457 0.572917 0.9375 0.572917 0.938477 0.571615 0.941406 0.571615 0.942383 0.570312 0.944336 0.570312 0.945312 0.56901 0.948242 0.56901 0.949219 0.567708 0.951172 0.567708 0.952148 0.566406 0.954102 0.566406 0.955078 0.565104 0.957031 0.565104 0.958008 0.563802 0.958984 0.563802 0.959961 0.5625 0.961914 0.5625 0.962891 0.561198 0.964844 0.561198 0.96582 0.559896 0.967773 0.559896 0.96875 0.558594 0.970703 0.558594 0.97168 0.557292 0.973633 0.557292 0.974609 0.55599 0.976562 0.55599 0.977539 0.554688 0.978516 0.554688 0.979492 0.553385 0.980469 0.553385 0.981445 0.552083 0.985352 0.552083 0.985352 0.528646 0.979492 0.528646 0.978516 0.527344 0.977539 0.527344 0.976562 0.526042 0.975586 0.526042 0.973633 0.523438 0.972656 0.523438 0.97168 0.522135 0.970703 0.522135 0.96875 0.519531 0.967773 0.519531 0.966797 0.518229 0.96582 0.518229 0.964844 0.516927 0.963867 0.516927 0.962891 0.515625 0.961914 0.515625 0.960938 0.514323 0.959961 0.514323 0.958984 0.513021 0.958008 0.513021 0.956055 0.510417 0.955078 0.510417 0.954102 0.509115 0.953125 0.509115 0.951172 0.50651 0.951172 0.502604
0 0.0927734 0.880208 0.09375 0.880208 0.0947266 0.88151 0.0986328 0.88151 0.0986328 0.861979 0.0830078 0.861979 0.0830078 0.865885 0.0839844 0.867188 0.0869141 0.867188 0.0908203 0.872396 0.0908203 0.877604 0.0927734 0.880208 0.0898438 0.890625 0.0839844 0.890625 0.0830078 0.889323 0.0800781 0.889323 0.0791016 0.888021 0.0771484 0.888021 0.0732422 0.882812 0.0722656 0.882812 0.0654297 0.873698 0.0654297 0.872396 0.0605469 0.865885 0.0605469 0.861979 0.00683594 0.861979 0.00683594 0.865885 0.00488281 0.86849 0.00390625 0.86849 0.00292969 0.869792 0.00195312 0.869792 0.000976562 0.871094 0 0.871094 0 0.941406 0.000976562 0.941406 0.00292969 0.94401 0.00390625 0.94401 0.00585938 0.946615 0.00683594 0.946615 0.0078125 0.947917 0.00878906 0.947917 0.00976562 0.949219 0.0107422 0.949219 0.0117188 0.950521 0.0117188 0.954427 0.0400391 0.954427 0.0400391 0.950521 0.0419922 0.947917 0.0429688 0.947917 0.0439453 0.946615 0.0449219 0.946615 0.0458984 0.945312 0.0488281 0.945312 0.0498047 0.94401 0.0517578 0.94401 0.0527344 0.942708 0.0556641 0.942708 0.0566406 0.941406 0.0595703 0.941406 0.0605469 0.940104 0.0634766 0.940104 0.0644531 0.938802 0.0664062 0.938802 0.0673828 0.9375 0.0683594 0.9375 0.0693359 0.936198 0.0712891 0.936198 0.0722656 0.934896 0.0732422 0.934896 0.0742188 0.933594 0.0751953 0.933594 0.0761719 0.932292 0.0771484 0.932292 0.078125 0.93099 0.0791016 0.93099 0.0800781 0.929688 0.0810547 0.929688 0.0878906 0.920573 0.0878906 0.919271 0.0917969 0.914062 0.0917969 0.91276 0.0927734 0.911458 0.0927734 0.910156 0.09375 0.908854 0.09375 0.907552 0.0957031 0.904948 0.0986328 0.904948 0.0986328 0.895833 0.0957031 0.895833 0.0947266 0.894531 0.09375 0.894531 0.0917969 0.891927 0.0908203 0.891927 0.0898438 0.890625
1 0.544922 0.789062 0.544922 0.808594 0.547852 0.808594 0.552734 0.815104 0.553711 0.815104 0.556641 0.81901 0.557617 0.81901 0.558594 0.820312 0.55957 0.820312 0.560547 0.821615 0.5625 0.821615 0.563477 0.822917 0.564453 0.822917 0.56543 0.824219 0.566406 0.824219 0.567383 0.825521 0.569336 0.825521 0.570312 0.826823 0.571289 0.826823 0.572266 0.828125 0.573242 0.828125 0.574219 0.829427 0.575195 0.829427 0.576172 0.830729 0.577148 0.830729 0.578125 0.832031 0.579102 0.832031 0.581055 0.834635 0.582031 0.834635 0.583984 0.83724 0.584961 0.83724 0.589844 0.84375 0.59082 0.84375 0.599609 0.855469 0.600586 0.855469 0.606445 0.863281 0.607422 0.863281 0.610352 0.867188 0.611328 0.867188 0.616211 0.873698 0.617188 0.873698 0.619141 0.876302 0.620117 0.876302 0.621094 0.877604 0.62207 0.877604 0.623047 0.878906 0.625 0.878906 0.626953 0.88151 0.62793 0.88151 0.629883 0.884115 0.630859 0.884115 0.632812 0.886719 0.633789 0.886719 0.643555 0.89974 0.643555 0.901042 0.65332 0.914062 0.654297 0.914062 0.672852 0.938802 0.672852 0.940104 0.674805 0.942708 0.674805 0.94401 0.686523 0.959635 0.686523 0.960938 0.6875 0.960938 0.69043 0.964844 0.69043 0.966146 0.696289 0.973958 0.697266 0.973958 0.702148 0.980469 0.703125 0.980469 0.706055 0.984375 0.707031 0.984375 0.712891 0.992188 0.713867 0.992188 0.714844 0.99349 0.71582 0.99349 0.716797 0.994792 0.717773 0.994792 0.719727 0.997396 0.719727 0.998698 0.77832 0.998698 0.77832 0.997396 0.775391 0.99349 0.774414 0.99349 0.772461 0.990885 0.771484 0.990885 0.770508 0.989583 0.769531 0.989583 0.768555 0.988281 0.767578 0.988281 0.766602 0.986979 0.765625 0.986979 0.764648 0.985677 0.763672 0.985677 0.761719 0.983073 0.760742 0.983073 0.759766 0.981771 0.758789 0.981771 0.757812 0.980469 0.756836 0.980469 0.754883 0.977865 0.753906 0.977865 0.751953 0.97526 0.750977 0.97526 0.75 0.973958 0.749023 0.973958 0.748047 0.972656 0.74707 0.972656 0.746094 0.971354 0.745117 0.971354 0.743164 0.96875 0.742188 0.96875 0.740234 0.966146 0.739258 0.966146 0.737305 0.963542 0.736328 0.963542 0.734375 0.960938 0.733398 0.960938 0.729492 0.955729 0.728516 0.955729 0.726562 0.953125 0.725586 0.953125 0.720703 0.946615 0.719727 0.946615 0.71582 0.941406 0.714844 0.941406 0.707031 0.93099 0.707031 0.929688 0.700195 0.920573 0.700195 0.919271 0.69043 0.90625 0.69043 0.904948 0.685547 0.898438 0.685547 0.897135 0.683594 0.894531 0.683594 0.893229 0.674805 0.88151 0.674805 0.880208 0.666016 0.86849 0.666016 0.867188 0.663086 0.863281 0.662109 0.863281 0.660156 0.860677 0.660156 0.859375 0.65918 0.859375 0.655273 0.854167 0.654297 0.854167 0.651367 0.85026 0.650391 0.85026 0.648438 0.847656 0.647461 0.847656 0.645508 0.845052 0.644531 0.845052 0.643555 0.84375 0.642578 0.84375 0.641602 0.842448 0.640625 0.842448 0.639648 0.841146 0.638672 0.841146 0.636719 0.838542 0.635742 0.838542 0.633789 0.835938 0.632812 0.835938 0.629883 0.832031 0.628906 0.832031 0.623047 0.824219 0.62207 0.824219 0.614258 0.813802 0.613281 0.813802 0.611328 0.811198 0.610352 0.811198 0.608398 0.808594 0.607422 0.808594 0.605469 0.80599 0.604492 0.80599 0.602539 0.803385 0.601562 0.803385 0.599609 0.800781 0.598633 0.800781 0.59668 0.798177 0.595703 0.798177 0.594727 0.796875 0.59375 0.796875 0.59082 0.792969 0.59082 0.789062
0 0.318359 0.335938 0.318359 0.391927 0.321289 0.391927 0.322266 0.393229 0.322266 0.394531 0.323242 0.395833 0.323242 0.398438 0.324219 0.39974 0.324219 0.402344 0.325195 0.403646 0.325195 0.404948 0.327148 0.407552 0.327148 0.408854 0.328125 0.410156 0.328125 0.41276 0.329102 0.414062 0.329102 0.415365 0.330078 0.416667 0.330078 0.419271 0.331055 0.420573 0.331055 0.423177 0.332031 0.424479 0.332031 0.428385 0.333008 0.429688 0.333008 0.432292 0.333984 0.433594 0.333984 0.434896 0.334961 0.436198 0.334961 0.438802 0.335938 0.440104 0.335938 0.441406 0.336914 0.442708 0.336914 0.44401 0.337891 0.445312 0.337891 0.446615 0.338867 0.447917 0.338867 0.449219 0.339844 0.450521 0.339844 0.451823 0.34082 0.453125 0.34082 0.454427 0.341797 0.455729 0.341797 0.457031 0.342773 0.458333 0.342773 0.460938 0.34375 0.46224 0.34375 0.464844 0.344727 0.466146 0.344727 0.46875 0.345703 0.470052 0.345703 0.472656 0.34668 0.473958 0.34668 0.477865 0.347656 0.479167 0.347656 0.481771 0.348633 0.483073 0.348633 0.486979 0.349609 0.488281 0.349609 0.503906 0.350586 0.505208 0.350586 0.523438 0.351562 0.52474 0.351562 0.533854 0.352539 0.535156 0.352539 0.542969 0.353516 0.544271 0.353516 0.548177 0.354492 0.549479 0.354492 0.550781 0.355469 0.552083 0.355469 0.554688 0.357422 0.557292 0.357422 0.558594 0.359375 0.561198 0.359375 0.5625 0.360352 0.563802 0.360352 0.565104 0.362305 0.567708 0.362305 0.56901 0.363281 0.570312 0.363281 0.571615 0.364258 0.572917 0.364258 0.574219 0.365234 0.575521 0.365234 0.578125 0.366211 0.579427 0.366211 0.582031 0.367188 0.583333 0.367188 0.585938 0.368164 0.58724 0.368164 0.589844 0.369141 0.591146 0.369141 0.597656 0.370117 0.598958 0.370117 0.602865 0.371094 0.604167 0.371094 0.608073 0.37207 0.609375 0.37207 0.611979 0.373047 0.613281 0.373047 0.614583 0.374023 0.615885 0.374023 0.617188 0.375977 0.619792 0.375977 0.621094 0.378906 0.625 0.378906 0.626302 0.385742 0.635417 0.386719 0.635417 0.388672 0.638021 0.389648 0.638021 0.391602 0.640625 0.392578 0.640625 0.394531 0.643229 0.395508 0.643229 0.397461 0.645833 0.398438 0.645833 0.400391 0.648438 0.402344 0.648438 0.404297 0.651042 0.405273 0.651042 0.407227 0.653646 0.408203 0.653646 0.40918 0.654948 0.411133 0.654948 0.412109 0.65625 0.413086 0.65625 0.415039 0.658854 0.415039 0.66276 0.428711 0.66276 0.428711 0.657552 0.429688 0.65625 0.430664 0.65625 0.439453 0.644531 0.442383 0.644531 0.442383 0.570312 0.439453 0.570312 0.4375 0.567708 0.4375 0.565104 0.436523 0.563802 0.436523 0.561198 0.435547 0.559896 0.435547 0.557292 0.43457 0.55599 0.43457 0.553385 0.433594 0.552083 0.433594 0.550781 0.432617 0.549479 0.432617 0.546875 0.431641 0.545573 0.431641 0.544271 0.430664 0.542969 0.430664 0.541667 0.429688 0.540365 0.429688 0.539062 0.428711 0.53776 0.428711 0.536458 0.427734 0.535156 0.427734 0.533854 0.426758 0.532552 0.426758 0.53125 0.425781 0.529948 0.425781 0.528646 0.423828 0.526042 0.423828 0.52474 0.422852 0.523438 0.422852 0.522135 0.421875 0.520833 0.421875 0.519531 0.420898 0.518229 0.420898 0.516927 0.418945 0.514323 0.418945 0.513021 0.417969 0.511719 0.417969 0.510417 0.416016 0.507812 0.416016 0.50651 0.414062 0.503906 0.414062 0.502604 0.412109 0.5 0.412109 0.498698 0.410156 0.496094 0.410156 0.494792 0.407227 0.490885 0.407227 0.489583 0.405273 0.486979 0.405273 0.485677 0.404297 0.484375 0.404297 0.483073 0.40332 0.481771 0.40332 0.480469 0.402344 0.479167 0.402344 0.467448 0.401367 0.466146 0.401367 0.459635 0.400391 0.458333 0.400391 0.453125 0.399414 0.451823 0.399414 0.449219 0.398438 0.447917 0.398438 0.445312 0.397461 0.44401 0.397461 0.441406 0.396484 0.440104 0.396484 0.4375 0.395508 0.436198 0.395508 0.433594 0.394531 0.432292 0.394531 0.43099 0.393555 0.429688 0.393555 0.427083 0.392578 0.425781 0.392578 0.423177 0.391602 0.421875 0.391602 0.420573 0.390625 0.419271 0.390625 0.417969 0.389648 0.416667 0.389648 0.415365 0.388672 0.414062 0.388672 0.41276 0.387695 0.411458 0.387695 0.410156 0.386719 0.408854 0.386719 0.407552 0.384766 0.404948 0.384766 0.402344 0.383789 0.401042 0.383789 0.39974 0.382812 0.398438 0.382812 0.397135 0.380859 0.394531 0.380859 0.393229 0.376953 0.388021 0.376953 0.386719 0.375 0.384115 0.375 0.382812 0.374023 0.38151 0.374023 0.380208 0.373047 0.378906 0.373047 0.377604 0.37207 0.376302 0.37207 0.375 0.371094 0.373698 0.371094 0.372396 0.369141 0.369792 0.369141 0.367188 0.368164 0.365885 0.368164 0.364583 0.365234 0.360677 0.365234 0.359375 0.363281 0.356771 0.363281 0.355469 0.362305 0.354167 0.362305 0.351562 0.361328 0.35026 0.361328 0.348958 0.360352 0.347656 0.360352 0.346354 0.358398 0.34375 0.358398 0.342448 0.357422 0.341146 0.357422 0.335938
1 0.0566406 0.664062 0.0566406 0.679688 0.0595703 0.679688 0.0615234 0.682292 0.0615234 0.683594 0.0634766 0.686198 0.0634766 0.6875 0.0644531 0.688802 0.0644531 0.690104 0.0654297 0.691406 0.0654297 0.692708 0.0664062 0.69401 0.0664062 0.695312 0.0673828 0.696615 0.0673828 0.697917 0.0693359 0.700521 0.0693359 0.701823 0.0703125 0.703125 0.0703125 0.704427 0.0712891 0.705729 0.0712891 0.707031 0.0732422 0.709635 0.0732422 0.710938 0.0742188 0.71224 0.0742188 0.713542 0.0751953 0.714844 0.0751953 0.716146 0.0761719 0.717448 0.0761719 0.71875 0.0771484 0.720052 0.0771484 0.721354 0.078125 0.722656 0.078125 0.723958 0.0791016 0.72526 0.0791016 0.726562 0.0800781 0.727865 0.0800781 0.729167 0.0810547 0.730469 0.0810547 0.731771 0.0830078 0.734375 0.0830078 0.735677 0.0839844 0.736979 0.0839844 0.738281 0.0869141 0.742188 0.0869141 0.74349 0.0888672 0.746094 0.0888672 0.747396 0.0957031 0.75651 0.0966797 0.75651 0.0976562 0.757812 0.0976562 0.761719 0.100586 0.761719 0.100586 0.757812 0.102539 0.755208 0.103516 0.755208 0.104492 0.753906 0.105469 0.753906 0.106445 0.752604 0.110352 0.752604 0.110352 0.722656 0.107422 0.722656 0.105469 0.720052 0.105469 0.717448 0.104492 0.716146 0.104492 0.713542 0.103516 0.71224 0.103516 0.708333 0.102539 0.707031 0.102539 0.705729 0.101562 0.704427 0.101562 0.701823 0.100586 0.700521 0.100586 0.699219 0.0996094 0.697917 0.0996094 0.696615 0.0986328 0.695312 0.0986328 0.692708 0.0976562 0.691406 0.0976562 0.688802 0.0966797 0.6875 0.0966797 0.686198 0.0957031 0.684896 0.0957031 0.682292 0.0947266 0.68099 0.0947266 0.679688 0.09375 0.678385 0.09375 0.675781 0.0927734 0.674479 0.0927734 0.673177 0.0917969 0.671875 0.0917969 0.670573 0.0908203 0.669271 0.0908203 0.664062
1 0.213867 0.263021 0.213867 0.268229 0.211914 0.270833 0.208984 0.270833 0.208984 0.358073 0.211914 0.358073 0.212891 0.359375 0.212891 0.369792 0.213867 0.371094 0.213867 0.382812 0.214844 0.384115 0.214844 0.388021 0.21582 0.389323 0.21582 0.391927 0.216797 0.393229 0.216797 0.397135 0.217773 0.398438 0.217773 0.39974 0.219727 0.402344 0.219727 0.407552 0.225586 0.407552 0.225586 0.403646 0.227539 0.401042 0.228516 0.401042 0.231445 0.397135 0.232422 0.397135 0.233398 0.395833 0.234375 0.395833 0.235352 0.394531 0.236328 0.394531 0.238281 0.391927 0.239258 0.391927 0.240234 0.390625 0.241211 0.390625 0.243164 0.388021 0.244141 0.388021 0.24707 0.384115 0.248047 0.384115 0.25293 0.377604 0.25293 0.376302 0.253906 0.375 0.253906 0.369792 0.25293 0.36849 0.25293 0.364583 0.251953 0.363281 0.251953 0.360677 0.250977 0.359375 0.250977 0.354167 0.25 0.352865 0.25 0.347656 0.249023 0.346354 0.249023 0.345052 0.248047 0.34375 0.248047 0.341146 0.24707 0.339844 0.24707 0.335938 0.246094 0.334635 0.246094 0.322917 0.24707 0.321615 0.24707 0.313802 0.248047 0.3125 0.248047 0.307292 0.249023 0.30599 0.249023 0.300781 0.248047 0.299479 0.248047 0.294271 0.24707 0.292969 0.24707 0.289062 0.246094 0.28776 0.246094 0.286458 0.245117 0.285156 0.245117 0.283854 0.243164 0.28125 0.243164 0.279948 0.238281 0.273438 0.238281 0.272135 0.235352 0.268229 0.235352 0.263021
0 0.00195312 0.768229 0.00195312 0.860677 0.0253906 0.860677 0.0253906 0.856771 0.0273438 0.854167 0.0292969 0.854167 0.0302734 0.852865 0.03125 0.852865 0.0322266 0.851562 0.0332031 0.851562 0.0341797 0.85026 0.0351562 0.85026 0.0361328 0.848958 0.0371094 0.848958 0.0380859 0.847656 0.0390625 0.847656 0.0419922 0.84375 0.0429688 0.84375 0.0546875 0.828125 0.0546875 0.826823 0.0566406 0.824219 0.0595703 0.824219 0.0595703 0.8125 0.0566406 0.8125 0.0556641 0.811198 0.0556641 0.809896 0.0546875 0.808594 0.0546875 0.80599 0.0537109 0.804688 0.0537109 0.803385 0.0527344 0.802083 0.0527344 0.799479 0.0517578 0.798177 0.0517578 0.796875 0.0507812 0.795573 0.0507812 0.794271 0.0488281 0.791667 0.0488281 0.790365 0.0429688 0.782552 0.0419922 0.782552 0.0400391 0.779948 0.0390625 0.779948 0.0380859 0.778646 0.0371094 0.778646 0.0351562 0.776042 0.0341797 0.776042 0.03125 0.772135 0.03125 0.768229
1 0.103516 0.216146 0.103516 0.248698 0.107422 0.248698 0.114258 0.257812 0.115234 0.257812 0.119141 0.263021 0.120117 0.263021 0.123047 0.266927 0.124023 0.266927 0.125977 0.269531 0.126953 0.269531 0.128906 0.272135 0.129883 0.272135 0.130859 0.273438 0.131836 0.273438 0.132812 0.27474 0.133789 0.27474 0.135742 0.277344 0.136719 0.277344 0.138672 0.279948 0.139648 0.279948 0.143555 0.285156 0.144531 0.285156 0.149414 0.291667 0.150391 0.291667 0.165039 0.311198 0.166016 0.311198 0.167969 0.313802 0.168945 0.313802 0.169922 0.315104 0.170898 0.315104 0.172852 0.317708 0.173828 0.317708 0.174805 0.31901 0.175781 0.31901 0.176758 0.320312 0.177734 0.320312 0.178711 0.321615 0.180664 0.321615 0.182617 0.324219 0.183594 0.324219 0.18457 0.325521 0.185547 0.325521 0.186523 0.326823 0.1875 0.326823 0.188477 0.328125 0.189453 0.328125 0.191406 0.330729 0.191406 0.334635 0.204102 0.334635 0.204102 0.308594 0.201172 0.308594 0.199219 0.30599 0.199219 0.304688 0.198242 0.303385 0.198242 0.302083 0.197266 0.300781 0.197266 0.299479 0.194336 0.295573 0.193359 0.295573 0.19043 0.291667 0.189453 0.291667 0.179688 0.278646 0.179688 0.277344 0.178711 0.276042 0.177734 0.276042 0.174805 0.272135 0.174805 0.270833 0.168945 0.263021 0.168945 0.261719 0.167969 0.260417 0.167969 0.259115 0.166992 0.257812 0.166992 0.255208 0.165039 0.252604 0.165039 0.251302 0.164062 0.251302 0.162109 0.248698 0.161133 0.248698 0.15918 0.246094 0.158203 0.246094 0.157227 0.244792 0.15625 0.244792 0.155273 0.24349 0.154297 0.24349 0.151367 0.239583 0.150391 0.239583 0.147461 0.235677 0.146484 0.235677 0.135742 0.221354 0.135742 0.216146
1 0.501953 0.242188 0.501953 0.316406 0.504883 0.316406 0.505859 0.317708 0.505859 0.31901 0.506836 0.320312 0.506836 0.324219 0.507812 0.325521 0.507812 0.329427 0.508789 0.330729 0.508789 0.335938 0.509766 0.33724 0.509766 0.342448 0.510742 0.34375 0.510742 0.346354 0.511719 0.347656 0.511719 0.348958 0.512695 0.35026 0.512695 0.352865 0.513672 0.354167 0.513672 0.355469 0.514648 0.356771 0.514648 0.358073 0.515625 0.359375 0.515625 0.360677 0.516602 0.361979 0.516602 0.363281 0.518555 0.365885 0.518555 0.36849 0.519531 0.369792 0.519531 0.371094 0.521484 0.373698 0.521484 0.375 0.524414 0.378906 0.524414 0.380208 0.527344 0.384115 0.527344 0.385417 0.53418 0.394531 0.53418 0.395833 0.539062 0.402344 0.540039 0.402344 0.541992 0.404948 0.541992 0.40625 0.547852 0.414062 0.547852 0.415365 0.548828 0.416667 0.548828 0.417969 0.549805 0.419271 0.549805 0.420573 0.550781 0.421875 0.550781 0.424479 0.551758 0.425781 0.551758 0.427083 0.552734 0.428385 0.552734 0.433594 0.560547 0.433594 0.560547 0.429688 0.564453 0.424479 0.567383 0.424479 0.567383 0.391927 0.564453 0.391927 0.563477 0.390625 0.563477 0.389323 0.5625 0.388021 0.5625 0.386719 0.561523 0.385417 0.561523 0.382812 0.560547 0.38151 0.560547 0.378906 0.55957 0.377604 0.55957 0.375 0.558594 0.373698 0.558594 0.371094 0.557617 0.369792 0.557617 0.367188 0.556641 0.365885 0.556641 0.364583 0.555664 0.363281 0.555664 0.360677 0.554688 0.359375 0.554688 0.356771 0.553711 0.355469 0.553711 0.352865 0.552734 0.351562 0.552734 0.348958 0.551758 0.347656 0.551758 0.345052 0.550781 0.34375 0.550781 0.342448 0.549805 0.341146 0.549805 0.339844 0.548828 0.338542 0.548828 0.335938 0.547852 0.334635 0.547852 0.333333 0.546875 0.332031 0.546875 0.329427 0.545898 0.328125 0.545898 0.326823 0.544922 0.325521 0.544922 0.322917 0.543945 0.321615 0.543945 0.31901 0.542969 0.317708 0.542969 0.316406 0.541992 0.315104 0.541992 0.313802 0.541016 0.3125 0.541016 0.309896 0.540039 0.308594 0.540039 0.307292 0.539062 0.30599 0.539062 0.304688 0.538086 0.303385 0.538086 0.302083 0.537109 0.300781 0.537109 0.299479 0.536133 0.298177 0.536133 0.296875 0.535156 0.295573 0.535156 0.294271 0.53418 0.292969 0.53418 0.291667 0.532227 0.289062 0.532227 0.28776 0.53125 0.286458 0.53125 0.285156 0.529297 0.282552 0.529297 0.28125 0.52832 0.279948 0.52832 0.278646 0.526367 0.276042 0.526367 0.27474 0.524414 0.272135 0.524414 0.270833 0.523438 0.269531 0.523438 0.268229 0.521484 0.265625 0.521484 0.264323 0.520508 0.263021 0.520508 0.261719 0.518555 0.259115 0.518555 0.257812 0.517578 0.25651 0.517578 0.255208 0.516602 0.253906 0.516602 0.252604 0.515625 0.251302 0.515625 0.25 0.514648 0.248698 0.514648 0.242188
1 0.647461 0.106771 0.647461 0.110677 0.645508 0.113281 0.643555 0.113281 0.642578 0.114583 0.640625 0.114583 0.639648 0.115885 0.638672 0.115885 0.637695 0.117188 0.636719 0.117188 0.635742 0.11849 0.633789 0.11849 0.632812 0.119792 0.631836 0.119792 0.629883 0.122396 0.628906 0.122396 0.62793 0.123698 0.625977 0.123698 0.625 0.125 0.623047 0.125 0.62207 0.126302 0.620117 0.126302 0.619141 0.127604 0.615234 0.127604 0.615234 0.144531 0.619141 0.144531 0.620117 0.145833 0.621094 0.145833 0.623047 0.148438 0.624023 0.148438 0.625 0.14974 0.625977 0.14974 0.626953 0.151042 0.62793 0.151042 0.629883 0.153646 0.629883 0.157552 0.647461 0.157552 0.647461 0.153646 0.648438 0.152344 0.650391 0.152344 0.651367 0.151042 0.654297 0.151042 0.655273 0.14974 0.658203 0.14974 0.65918 0.148438 0.662109 0.148438 0.663086 0.147135 0.666016 0.147135 0.666992 0.145833 0.667969 0.145833 0.668945 0.144531 0.669922 0.144531 0.670898 0.143229 0.671875 0.143229 0.672852 0.141927 0.674805 0.141927 0.675781 0.140625 0.676758 0.140625 0.677734 0.139323 0.678711 0.139323 0.679688 0.138021 0.681641 0.138021 0.682617 0.136719 0.683594 0.136719 0.686523 0.132812 0.6875 0.132812 0.691406 0.127604 0.692383 0.127604 0.693359 0.126302 0.693359 0.125 0.695312 0.122396 0.695312 0.121094 0.696289 0.119792 0.696289 0.11849 0.697266 0.117188 0.700195 0.117188 0.700195 0.106771
0 0.158203 0.559896 0.158203 0.563802 0.154297 0.56901 0.15332 0.56901 0.149414 0.574219 0.148438 0.574219 0.141602 0.583333 0.141602 0.584635 0.139648 0.58724 0.138672 0.58724 0.133789 0.59375 0.130859 0.59375 0.130859 0.669271 0.133789 0.669271 0.137695 0.674479 0.137695 0.675781 0.139648 0.678385 0.139648 0.688802 0.15625 0.688802 0.15625 0.684896 0.160156 0.679688 0.161133 0.679688 0.164062 0.675781 0.165039 0.675781 0.195312 0.635417 0.195312 0.634115 0.197266 0.63151 0.200195 0.63151 0.200195 0.592448 0.197266 0.592448 0.195312 0.589844 0.195312 0.588542 0.194336 0.58724 0.194336 0.585938 0.193359 0.584635 0.193359 0.583333 0.192383 0.582031 0.192383 0.580729 0.191406 0.579427 0.191406 0.578125 0.19043 0.576823 0.19043 0.575521 0.189453 0.574219 0.189453 0.572917 0.182617 0.563802 0.182617 0.559896
1 0.728516 0.315104 0.728516 0.35026 0.731445 0.35026 0.739258 0.360677 0.740234 0.360677 0.742188 0.363281 0.743164 0.363281 0.744141 0.364583 0.745117 0.364583 0.748047 0.36849 0.751953 0.36849 0.75293 0.369792 0.760742 0.369792 0.761719 0.36849 0.764648 0.36849 0.765625 0.367188 0.768555 0.367188 0.769531 0.365885 0.776367 0.365885 0.777344 0.364583 0.787109 0.364583 0.788086 0.365885 0.793945 0.365885 0.794922 0.367188 0.799805 0.367188 0.800781 0.36849 0.805664 0.36849 0.806641 0.369792 0.808594 0.369792 0.80957 0.371094 0.8125 0.371094 0.813477 0.372396 0.81543 0.372396 0.816406 0.373698 0.819336 0.373698 0.820312 0.375 0.822266 0.375 0.823242 0.376302 0.825195 0.376302 0.826172 0.377604 0.830078 0.377604 0.831055 0.378906 0.835938 0.378906 0.836914 0.380208 0.84082 0.380208 0.841797 0.38151 0.845703 0.38151 0.84668 0.382812 0.850586 0.382812 0.851562 0.384115 0.855469 0.384115 0.856445 0.385417 0.860352 0.385417 0.861328 0.386719 0.866211 0.386719 0.867188 0.385417 0.871094 0.385417 0.87207 0.384115 0.876953 0.384115 0.87793 0.382812 0.880859 0.382812 0.884766 0.377604 0.884766 0.376302 0.885742 0.375 0.885742 0.371094 0.884766 0.369792 0.884766 0.36849 0.881836 0.364583 0.880859 0.364583 0.879883 0.363281 0.878906 0.363281 0.87793 0.361979 0.876953 0.361979 0.875977 0.360677 0.874023 0.360677 0.873047 0.359375 0.87207 0.359375 0.871094 0.358073 0.869141 0.358073 0.868164 0.356771 0.866211 0.356771 0.865234 0.355469 0.864258 0.355469 0.863281 0.354167 0.861328 0.354167 0.860352 0.352865 0.858398 0.352865 0.857422 0.351562 0.854492 0.351562 0.853516 0.35026 0.851562 0.35026 0.850586 0.348958 0.848633 0.348958 0.847656 0.347656 0.844727 0.347656 0.84375 0.346354 0.841797 0.346354 0.84082 0.345052 0.838867 0.345052 0.837891 0.34375 0.834961 0.34375 0.833984 0.342448 0.831055 0.342448 0.830078 0.341146 0.827148 0.341146 0.826172 0.339844 0.823242 0.339844 0.822266 0.338542 0.820312 0.338542 0.819336 0.33724 0.816406 0.33724 0.81543 0.335938 0.8125 0.335938 0.811523 0.334635 0.80957 0.334635 0.808594 0.333333 0.806641 0.333333 0.805664 0.332031 0.803711 0.332031 0.802734 0.330729 0.799805 0.330729 0.798828 0.329427 0.796875 0.329427 0.795898 0.328125 0.793945 0.328125 0.792969 0.326823 0.791016 0.326823 0.790039 0.325521 0.788086 0.325521 0.787109 0.324219 0.786133 0.324219 0.785156 0.322917 0.78418 0.322917 0.783203 0.321615 0.782227 0.321615 0.78125 0.320312 0.780273 0.320312 0.779297 0.31901 0.779297 0.315104
0 0.00195312 0.658854 0.00195312 0.742188 0.00585938 0.742188 0.00683594 0.74349 0.0078125 0.74349 0.00878906 0.744792 0.0117188 0.744792 0.0126953 0.746094 0.0136719 0.746094 0.0146484 0.747396 0.0146484 0.751302 0.03125 0.751302 0.03125 0.747396 0.0322266 0.746094 0.0332031 0.746094 0.0341797 0.744792 0.0361328 0.744792 0.0371094 0.74349 0.0390625 0.74349 0.0400391 0.742188 0.0410156 0.742188 0.0419922 0.740885 0.0429688 0.740885 0.0439453 0.739583 0.0458984 0.739583 0.046875 0.738281 0.0478516 0.738281 0.0488281 0.736979 0.0498047 0.736979 0.0507812 0.735677 0.0517578 0.735677 0.0556641 0.730469 0.0566406 0.730469 0.0595703 0.726562 0.0605469 0.726562 0.0683594 0.716146 0.0712891 0.716146 0.0712891 0.700521 0.0683594 0.700521 0.0664062 0.697917 0.0664062 0.696615 0.0644531 0.69401 0.0644531 0.692708 0.0634766 0.691406 0.0634766 0.690104 0.0605469 0.686198 0.0605469 0.684896 0.0527344 0.674479 0.0527344 0.673177 0.0507812 0.670573 0.0498047 0.670573 0.0478516 0.667969 0.0478516 0.666667 0.046875 0.666667 0.0449219 0.664062 0.0449219 0.658854
1 0.755859 0.429688 0.751953 0.429688 0.751953 0.433594 0.755859 0.433594 0.755859 0.429688 0.789062 0.324219 0.791992 0.324219 0.792969 0.325521 0.795898 0.325521 0.796875 0.326823 0.799805 0.326823 0.800781 0.328125 0.801758 0.328125 0.802734 0.329427 0.805664 0.329427 0.806641 0.330729 0.80957 0.330729 0.810547 0.332031 0.813477 0.332031 0.814453 0.333333 0.81543 0.333333 0.816406 0.334635 0.819336 0.334635 0.820312 0.335938 0.824219 0.335938 0.825195 0.33724 0.827148 0.33724 0.828125 0.338542 0.830078 0.338542 0.831055 0.339844 0.833984 0.339844 0.834961 0.341146 0.838867 0.341146 0.839844 0.342448 0.842773 0.342448 0.84375 0.34375 0.845703 0.34375 0.84668 0.345052 0.848633 0.345052 0.849609 0.346354 0.852539 0.346354 0.853516 0.347656 0.856445 0.347656 0.857422 0.348958 0.859375 0.348958 0.860352 0.35026 0.862305 0.35026 0.863281 0.351562 0.865234 0.351562 0.866211 0.352865 0.867188 0.352865 0.868164 0.354167 0.870117 0.354167 0.871094 0.355469 0.873047 0.355469 0.874023 0.356771 0.875977 0.356771 0.876953 0.358073 0.878906 0.358073 0.879883 0.359375 0.880859 0.359375 0.881836 0.360677 0.883789 0.360677 0.884766 0.361979 0.886719 0.361979 0.887695 0.363281 0.888672 0.363281 0.889648 0.364583 0.892578 0.364583 0.893555 0.365885 0.896484 0.365885 0.897461 0.367188 0.901367 0.367188 0.902344 0.36849 0.905273 0.36849 0.90625 0.369792 0.908203 0.369792 0.90918 0.371094 0.911133 0.371094 0.912109 0.372396 0.914062 0.372396 0.915039 0.373698 0.916992 0.373698 0.917969 0.375 0.919922 0.375 0.920898 0.376302 0.922852 0.376302 0.923828 0.377604 0.925781 0.377604 0.926758 0.378906 0.928711 0.378906 0.929688 0.380208 0.931641 0.380208 0.932617 0.38151 0.935547 0.38151 0.936523 0.382812 0.938477 0.382812 0.939453 0.384115 0.94043 0.384115 0.941406 0.385417 0.942383 0.385417 0.943359 0.386719 0.944336 0.386719 0.945312 0.388021 0.946289 0.388021 0.947266 0.389323 0.948242 0.389323 0.950195 0.391927 0.951172 0.391927 0.952148 0.393229 0.954102 0.393229 0.955078 0.394531 0.957031 0.394531 0.958008 0.395833 0.958984 0.395833 0.959961 0.397135 0.960938 0.397135 0.961914 0.398438 0.962891 0.398438 0.963867 0.39974 0.96582 0.39974 0.966797 0.401042 0.96875 0.401042 0.969727 0.402344 0.970703 0.402344 0.97168 0.403646 0.972656 0.403646 0.973633 0.404948 0.974609 0.404948 0.976562 0.407552 0.977539 0.407552 0.984375 0.416667 0.985352 0.416667 0.988281 0.420573 0.989258 0.420573 0.990234 0.421875 0.991211 0.421875 0.992188 0.423177 0.993164 0.423177 0.996094 0.427083 0.996094 0.433594 0.999023 0.433594 0.999023 0.354167 0.99707 0.354167 0.996094 0.352865 0.995117 0.352865 0.993164 0.35026 0.992188 0.35026 0.991211 0.348958 0.989258 0.348958 0.988281 0.347656 0.987305 0.347656 0.986328 0.346354 0.985352 0.346354 0.984375 0.345052 0.982422 0.345052 0.981445 0.34375 0.980469 0.34375 0.979492 0.342448 0.978516 0.342448 0.977539 0.341146 0.975586 0.341146 0.974609 0.339844 0.973633 0.339844 0.972656 0.338542 0.970703 0.338542 0.969727 0.33724 0.948242 0.33724 0.947266 0.335938 0.944336 0.335938 0.943359 0.334635 0.941406 0.334635 0.94043 0.333333 0.938477 0.333333 0.9375 0.332031 0.936523 0.332031 0.935547 0.330729 0.93457 0.330729 0.926758 0.320312 0.925781 0.320312 0.923828 0.317708 0.922852 0.317708 0.921875 0.316406 0.920898 0.316406 0.919922 0.315104 0.918945 0.315104 0.917969 0.313802 0.916992 0.313802 0.916016 0.3125 0.915039 0.3125 0.914062 0.311198 0.912109 0.311198 0.911133 0.309896 0.910156 0.309896 0.90918 0.308594 0.907227 0.308594 0.90625 0.307292 0.904297 0.307292 0.90332 0.30599 0.900391 0.30599 0.899414 0.304688 0.897461 0.304688 0.896484 0.303385 0.894531 0.303385 0.893555 0.302083 0.891602 0.302083 0.890625 0.300781 0.887695 0.300781 0.886719 0.299479 0.885742 0.299479 0.884766 0.298177 0.882812 0.298177 0.881836 0.296875 0.87793 0.296875 0.876953 0.295573 0.873047 0.295573 0.87207 0.294271 0.869141 0.294271 0.868164 0.292969 0.866211 0.292969 0.865234 0.291667 0.863281 0.291667 0.862305 0.290365 0.859375 0.290365 0.858398 0.289062 0.857422 0.289062 0.856445 0.28776 0.853516 0.28776 0.852539 0.286458 0.850586 0.286458 0.849609 0.285156 0.845703 0.285156 0.844727 0.283854 0.841797 0.283854 0.84082 0.282552 0.838867 0.282552 0.837891 0.28125 0.835938 0.28125 0.834961 0.279948 0.833984 0.279948 0.833008 0.278646 0.831055 0.278646 0.830078 0.277344 0.829102 0.277344 0.828125 0.276042 0.825195 0.276042 0.824219 0.27474 0.819336 0.27474 0.818359 0.273438 0.816406 0.273438 0.81543 0.272135 0.813477 0.272135 0.8125 0.270833 0.810547 0.270833 0.80957 0.269531 0.807617 0.269531 0.806641 0.268229 0.805664 0.268229 0.804688 0.266927 0.803711 0.266927 0.802734 0.265625 0.800781 0.265625 0.799805 0.264323 0.798828 0.264323 0.796875 0.261719 0.796875 0.257812 0.751953 0.257812 0.751953 0.298177 0.755859 0.298177 0.763672 0.308594 0.764648 0.308594 0.765625 0.309896 0.766602 0.309896 0.768555 0.3125 0.769531 0.3125 0.770508 0.313802 0.772461 0.313802 0.773438 0.315104 0.774414 0.315104 0.775391 0.316406 0.776367 0.316406 0.777344 0.317708 0.77832 0.317708 0.779297 0.31901 0.78125 0.31901 0.782227 0.320312 0.78418 0.320312 0.785156 0.321615 0.786133 0.321615 0.787109 0.322917 0.788086 0.322917 0.789062 0.324219
1 0.740234 0.434896 0.740234 0.459635 0.743164 0.459635 0.744141 0.460938 0.745117 0.460938 0.74707 0.463542 0.748047 0.463542 0.750977 0.467448 0.751953 0.467448 0.75293 0.46875 0.753906 0.46875 0.754883 0.470052 0.755859 0.470052 0.757812 0.472656 0.758789 0.472656 0.759766 0.473958 0.760742 0.473958 0.761719 0.47526 0.762695 0.47526 0.764648 0.477865 0.765625 0.477865 0.766602 0.479167 0.767578 0.479167 0.769531 0.481771 0.770508 0.481771 0.773438 0.485677 0.774414 0.485677 0.77832 0.490885 0.779297 0.490885 0.78125 0.49349 0.782227 0.49349 0.783203 0.494792 0.78418 0.494792 0.785156 0.496094 0.786133 0.496094 0.788086 0.498698 0.789062 0.498698 0.790039 0.5 0.791016 0.5 0.791992 0.501302 0.793945 0.501302 0.794922 0.502604 0.796875 0.502604 0.797852 0.503906 0.806641 0.503906 0.807617 0.505208 0.8125 0.505208 0.813477 0.50651 0.81543 0.50651 0.816406 0.507812 0.818359 0.507812 0.819336 0.509115 0.821289 0.509115 0.822266 0.510417 0.824219 0.510417 0.825195 0.511719 0.826172 0.511719 0.827148 0.513021 0.827148 0.516927 0.854492 0.516927 0.854492 0.513021 0.855469 0.511719 0.858398 0.511719 0.859375 0.510417 0.864258 0.510417 0.865234 0.509115 0.870117 0.509115 0.871094 0.507812 0.875 0.507812 0.875977 0.50651 0.878906 0.50651 0.879883 0.505208 0.883789 0.505208 0.884766 0.503906 0.888672 0.503906 0.889648 0.502604 0.893555 0.502604 0.894531 0.501302 0.897461 0.501302 0.898438 0.5 0.90332 0.5 0.904297 0.498698 0.90918 0.498698 0.910156 0.497396 0.917969 0.497396 0.918945 0.496094 0.920898 0.496094 0.921875 0.494792 0.922852 0.494792 0.922852 0.49349 0.923828 0.492188 0.923828 0.489583 0.924805 0.488281 0.924805 0.486979 0.928711 0.481771 0.929688 0.481771 0.929688 0.480469 0.928711 0.480469 0.922852 0.472656 0.921875 0.472656 0.919922 0.470052 0.918945 0.470052 0.917969 0.46875 0.916992 0.46875 0.916016 0.467448 0.915039 0.467448 0.914062 0.466146 0.913086 0.466146 0.912109 0.464844 0.908203 0.464844 0.907227 0.466146 0.894531 0.466146 0.893555 0.467448 0.889648 0.467448 0.888672 0.46875 0.886719 0.46875 0.884766 0.471354 0.876953 0.471354 0.875977 0.472656 0.869141 0.472656 0.868164 0.473958 0.864258 0.473958 0.863281 0.47526 0.861328 0.47526 0.860352 0.476562 0.84082 0.476562 0.839844 0.47526 0.835938 0.47526 0.834961 0.473958 0.830078 0.473958 0.829102 0.472656 0.821289 0.472656 0.820312 0.471354 0.816406 0.471354 0.81543 0.470052 0.811523 0.470052 0.810547 0.46875 0.808594 0.46875 0.807617 0.467448 0.805664 0.467448 0.803711 0.464844 0.802734 0.464844 0.801758 0.463542 0.800781 0.463542 0.799805 0.46224 0.798828 0.46224 0.797852 0.460938 0.796875 0.460938 0.795898 0.459635 0.794922 0.459635 0.793945 0.458333 0.792969 0.458333 0.791992 0.457031 0.791016 0.457031 0.789062 0.454427 0.788086 0.454427 0.786133 0.451823 0.785156 0.451823 0.783203 0.449219 0.782227 0.449219 0.780273 0.446615 0.779297 0.446615 0.777344 0.44401 0.776367 0.44401 0.775391 0.442708 0.774414 0.442708 0.771484 0.438802 0.771484 0.434896
1 0 0.263021 0 0.316406 0.00292969 0.316406 0.00390625 0.317708 0.00683594 0.317708 0.0078125 0.31901 0.0117188 0.31901 0.0126953 0.320312 0.0166016 0.320312 0.0175781 0.321615 0.0195312 0.321615 0.0205078 0.322917 0.0224609 0.322917 0.0234375 0.324219 0.0253906 0.324219 0.0263672 0.325521 0.0273438 0.325521 0.0283203 0.326823 0.0292969 0.326823 0.03125 0.329427 0.0322266 0.329427 0.0332031 0.330729 0.0341797 0.330729 0.0361328 0.333333 0.0371094 0.333333 0.0390625 0.335938 0.0400391 0.335938 0.0410156 0.33724 0.0419922 0.33724 0.0429688 0.338542 0.0439453 0.338542 0.0458984 0.341146 0.046875 0.341146 0.0478516 0.342448 0.0498047 0.342448 0.0507812 0.34375 0.0517578 0.34375 0.0527344 0.345052 0.0537109 0.345052 0.0546875 0.346354 0.0566406 0.346354 0.0576172 0.347656 0.0625 0.347656 0.0634766 0.348958 0.0644531 0.348958 0.0654297 0.347656 0.0683594 0.347656 0.0703125 0.345052 0.0712891 0.345052 0.0722656 0.34375 0.0732422 0.34375 0.0771484 0.338542 0.078125 0.338542 0.0800781 0.335938 0.0830078 0.335938 0.0830078 0.325521 0.0800781 0.325521 0.0722656 0.315104 0.0712891 0.315104 0.0693359 0.3125 0.0683594 0.3125 0.0664062 0.309896 0.0654297 0.309896 0.0634766 0.307292 0.0625 0.307292 0.0615234 0.30599 0.0605469 0.30599 0.0595703 0.304688 0.0585938 0.304688 0.0566406 0.302083 0.0556641 0.302083 0.0546875 0.300781 0.0537109 0.300781 0.0527344 0.299479 0.0517578 0.299479 0.0507812 0.298177 0.0498047 0.298177 0.0488281 0.296875 0.0478516 0.296875 0.046875 0.295573 0.0449219 0.295573 0.0439453 0.294271 0.0429688 0.294271 0.0419922 0.292969 0.0410156 0.292969 0.0400391 0.291667 0.0390625 0.291667 0.0380859 0.290365 0.0371094 0.290365 0.0351562 0.28776 0.0341797 0.28776 0.0322266 0.285156 0.03125 0.285156 0.0302734 0.283854 0.0292969 0.283854 0.0263672 0.279948 0.0253906 0.279948 0.0234375 0.277344 0.0234375 0.276042 0.0205078 0.272135 0.0205078 0.270833 0.0185547 0.268229 0.0185547 0.263021
1 0.369141 0.335938 0.369141 0.371094 0.373047 0.371094 0.374023 0.372396 0.374023 0.373698 0.375977 0.376302 0.375977 0.377604 0.378906 0.38151 0.378906 0.382812 0.380859 0.385417 0.380859 0.386719 0.388672 0.397135 0.389648 0.397135 0.391602 0.39974 0.392578 0.39974 0.394531 0.402344 0.395508 0.402344 0.397461 0.404948 0.398438 0.404948 0.399414 0.40625 0.400391 0.40625 0.401367 0.407552 0.402344 0.407552 0.404297 0.410156 0.405273 0.410156 0.407227 0.41276 0.408203 0.41276 0.40918 0.414062 0.411133 0.414062 0.412109 0.415365 0.413086 0.415365 0.415039 0.417969 0.416016 0.417969 0.416992 0.419271 0.417969 0.419271 0.420898 0.423177 0.421875 0.423177 0.426758 0.429688 0.427734 0.429688 0.429688 0.432292 0.430664 0.432292 0.431641 0.433594 0.433594 0.433594 0.43457 0.434896 0.436523 0.432292 0.436523 0.43099 0.4375 0.429688 0.4375 0.428385 0.436523 0.427083 0.436523 0.423177 0.435547 0.421875 0.435547 0.416667 0.43457 0.415365 0.43457 0.40625 0.433594 0.404948 0.433594 0.401042 0.43457 0.39974 0.43457 0.391927 0.435547 0.390625 0.435547 0.384115 0.436523 0.382812 0.435547 0.38151 0.435547 0.378906 0.43457 0.377604 0.43457 0.376302 0.429688 0.369792 0.428711 0.369792 0.425781 0.365885 0.424805 0.365885 0.421875 0.361979 0.420898 0.361979 0.417969 0.358073 0.416992 0.358073 0.415039 0.355469 0.414062 0.355469 0.412109 0.352865 0.411133 0.352865 0.40918 0.35026 0.408203 0.35026 0.407227 0.348958 0.40625 0.348958 0.404297 0.346354 0.40332 0.346354 0.401367 0.34375 0.400391 0.34375 0.397461 0.339844 0.397461 0.335938
1 0.930664 0.440104 0.930664 0.44401 0.927734 0.447917 0.923828 0.447917 0.923828 0.476562 0.927734 0.476562 0.928711 0.477865 0.930664 0.477865 0.932617 0.480469 0.933594 0.480469 0.93457 0.481771 0.935547 0.481771 0.936523 0.483073 0.9375 0.483073 0.938477 0.484375 0.94043 0.484375 0.941406 0.485677 0.944336 0.485677 0.945312 0.486979 0.945312 0.490885 0.951172 0.490885 0.951172 0.486979 0.952148 0.485677 0.954102 0.485677 0.955078 0.484375 0.958008 0.484375 0.958984 0.483073 0.960938 0.483073 0.961914 0.481771 0.962891 0.481771 0.963867 0.480469 0.964844 0.480469 0.96582 0.479167 0.966797 0.479167 0.967773 0.477865 0.96875 0.477865 0.969727 0.476562 0.970703 0.476562 0.973633 0.472656 0.974609 0.472656 0.978516 0.467448 0.981445 0.467448 0.981445 0.457031 0.978516 0.457031 0.975586 0.453125 0.974609 0.453125 0.969727 0.446615 0.96875 0.446615 0.967773 0.445312 0.967773 0.440104
1 0.451172 0.0963542 0.451172 0.186198 0.454102 0.186198 0.456055 0.188802 0.456055 0.191406 0.457031 0.192708 0.457031 0.19401 0.458008 0.195312 0.458008 0.196615 0.458984 0.197917 0.458984 0.200521 0.459961 0.201823 0.459961 0.203125 0.460938 0.204427 0.460938 0.207031 0.461914 0.208333 0.461914 0.214844 0.462891 0.216146 0.462891 0.221354 0.461914 0.222656 0.461914 0.231771 0.460938 0.233073 0.460938 0.238281 0.459961 0.239583 0.459961 0.246094 0.458984 0.247396 0.458984 0.259115 0.459961 0.260417 0.459961 0.263021 0.460938 0.264323 0.460938 0.265625 0.462891 0.268229 0.462891 0.269531 0.46582 0.273438 0.46582 0.27474 0.466797 0.276042 0.466797 0.277344 0.467773 0.278646 0.467773 0.28125 0.46875 0.282552 0.46875 0.28776 0.498047 0.28776 0.498047 0.277344 0.499023 0.276042 0.499023 0.269531 0.5 0.268229 0.5 0.253906 0.500977 0.252604 0.500977 0.240885 0.501953 0.239583 0.504883 0.239583 0.504883 0.199219 0.501953 0.199219 0.500977 0.197917 0.500977 0.196615 0.5 0.195312 0.5 0.192708 0.499023 0.191406 0.499023 0.1875 0.498047 0.186198 0.498047 0.182292 0.49707 0.18099 0.49707 0.161458 0.498047 0.160156 0.498047 0.151042 0.49707 0.14974 0.49707 0.143229 0.496094 0.141927 0.496094 0.132812 0.495117 0.13151 0.495117 0.121094 0.494141 0.119792 0.494141 0.108073 0.493164 0.106771 0.493164 0.104167 0.492188 0.102865 0.492188 0.0963542
0 0.304688 0.714844 0.303711 0.713542 0.293945 0.713542 0.293945 0.714844 0.292969 0.716146 0.292969 0.717448 0.293945 0.71875 0.293945 0.721354 0.295898 0.721354 0.296875 0.722656 0.301758 0.722656 0.302734 0.721354 0.302734 0.720052 0.303711 0.71875 0.303711 0.717448 0.304688 0.716146 0.304688 0.714844 0.386719 0.636719 0.363281 0.661458 0.362305 0.660156 0.361328 0.660156 0.359375 0.657552 0.359375 0.65625 0.355469 0.651042 0.355469 0.64974 0.354492 0.648438 0.354492 0.647135 0.353516 0.645833 0.353516 0.644531 0.351562 0.641927 0.351562 0.640625 0.349609 0.638021 0.349609 0.632812 0.306641 0.632812 0.306641 0.636719 0.303711 0.640625 0.302734 0.640625 0.301758 0.641927 0.300781 0.641927 0.299805 0.643229 0.298828 0.643229 0.297852 0.644531 0.295898 0.644531 0.294922 0.645833 0.287109 0.645833 0.287109 0.664062 0.290039 0.664062 0.292969 0.667969 0.293945 0.667969 0.294922 0.669271 0.295898 0.669271 0.300781 0.675781 0.300781 0.677083 0.303711 0.68099 0.303711 0.682292 0.304688 0.683594 0.304688 0.684896 0.305664 0.686198 0.305664 0.6875 0.306641 0.688802 0.306641 0.691406 0.307617 0.692708 0.307617 0.695312 0.308594 0.696615 0.308594 0.699219 0.30957 0.700521 0.30957 0.701823 0.316406 0.710938 0.317383 0.710938 0.320312 0.714844 0.321289 0.714844 0.326172 0.721354 0.327148 0.721354 0.330078 0.72526 0.331055 0.72526 0.333008 0.727865 0.333984 0.727865 0.335938 0.730469 0.336914 0.730469 0.337891 0.731771 0.338867 0.731771 0.341797 0.735677 0.342773 0.735677 0.34375 0.736979 0.344727 0.736979 0.345703 0.738281 0.34668 0.738281 0.348633 0.740885 0.349609 0.740885 0.350586 0.742188 0.352539 0.742188 0.353516 0.74349 0.354492 0.74349 0.355469 0.744792 0.358398 0.744792 0.360352 0.747396 0.360352 0.751302 0.374023 0.751302 0.374023 0.747396 0.375977 0.744792 0.376953 0.744792 0.383789 0.735677 0.383789 0.734375 0.384766 0.733073 0.384766 0.731771 0.385742 0.730469 0.385742 0.729167 0.386719 0.727865 0.386719 0.72526 0.387695 0.723958 0.387695 0.721354 0.388672 0.720052 0.388672 0.717448 0.389648 0.716146 0.389648 0.71224 0.390625 0.710938 0.390625 0.707031 0.391602 0.705729 0.391602 0.704427 0.390625 0.703125 0.390625 0.700521 0.389648 0.699219 0.389648 0.697917 0.384766 0.691406 0.384766 0.690104 0.379883 0.683594 0.378906 0.683594 0.376953 0.68099 0.376953 0.679688 0.375977 0.678385 0.375 0.678385 0.363281 0.66276 0.363281 0.661458 0.386719 0.636719 0.388672 0.639323 0.389648 0.639323 0.392578 0.643229 0.395508 0.643229 0.395508 0.632812 0.386719 0.632812 0.386719 0.636719
1 0.339844 0.647135 0.333984 0.647135 0.333008 0.645833 0.330078 0.645833 0.329102 0.647135 0.329102 0.657552 0.337891 0.657552 0.337891 0.651042 0.339844 0.648438 0.339844 0.647135 0.375 0.617188 0.376953 0.619792 0.376953 0.621094 0.378906 0.623698 0.378906 0.625 0.379883 0.626302 0.379883 0.627604 0.380859 0.628906 0.381836 0.628906 0.387695 0.636719 0.388672 0.636719 0.389648 0.638021 0.390625 0.638021 0.392578 0.640625 0.393555 0.640625 0.394531 0.641927 0.395508 0.641927 0.397461 0.644531 0.398438 0.644531 0.401367 0.648438 0.40332 0.648438 0.405273 0.651042 0.40625 0.651042 0.407227 0.652344 0.407227 0.657552 0.430664 0.657552 0.430664 0.653646 0.436523 0.645833 0.436523 0.644531 0.4375 0.643229 0.4375 0.641927 0.44043 0.638021 0.44043 0.635417 0.441406 0.634115 0.441406 0.609375 0.442383 0.608073 0.442383 0.601562 0.441406 0.60026 0.441406 0.589844 0.44043 0.588542 0.44043 0.582031 0.439453 0.580729 0.439453 0.575521 0.438477 0.574219 0.438477 0.570312 0.4375 0.56901 0.4375 0.566406 0.436523 0.565104 0.436523 0.5625 0.435547 0.561198 0.435547 0.557292 0.43457 0.55599 0.43457 0.554688 0.433594 0.553385 0.433594 0.550781 0.432617 0.549479 0.432617 0.546875 0.431641 0.545573 0.431641 0.544271 0.430664 0.542969 0.430664 0.541667 0.429688 0.540365 0.429688 0.539062 0.428711 0.53776 0.428711 0.536458 0.427734 0.535156 0.427734 0.532552 0.425781 0.529948 0.425781 0.528646 0.424805 0.527344 0.424805 0.526042 0.423828 0.52474 0.423828 0.523438 0.422852 0.522135 0.422852 0.520833 0.421875 0.519531 0.421875 0.518229 0.420898 0.516927 0.420898 0.515625 0.419922 0.514323 0.419922 0.513021 0.417969 0.510417 0.417969 0.509115 0.416992 0.507812 0.416992 0.50651 0.415039 0.503906 0.415039 0.502604 0.412109 0.498698 0.412109 0.497396 0.410156 0.494792 0.410156 0.49349 0.407227 0.489583 0.407227 0.488281 0.405273 0.485677 0.405273 0.484375 0.40332 0.481771 0.40332 0.480469 0.402344 0.479167 0.402344 0.476562 0.401367 0.47526 0.401367 0.459635 0.400391 0.458333 0.400391 0.453125 0.399414 0.451823 0.399414 0.449219 0.398438 0.447917 0.398438 0.445312 0.397461 0.44401 0.397461 0.440104 0.396484 0.438802 0.396484 0.436198 0.395508 0.434896 0.395508 0.432292 0.394531 0.43099 0.394531 0.428385 0.393555 0.427083 0.393555 0.424479 0.392578 0.423177 0.392578 0.421875 0.391602 0.420573 0.391602 0.417969 0.390625 0.416667 0.390625 0.415365 0.389648 0.414062 0.389648 0.41276 0.387695 0.410156 0.387695 0.408854 0.386719 0.407552 0.386719 0.40625 0.384766 0.403646 0.384766 0.401042 0.382812 0.398438 0.382812 0.397135 0.381836 0.395833 0.381836 0.394531 0.379883 0.391927 0.379883 0.390625 0.376953 0.386719 0.376953 0.385417 0.375977 0.384115 0.375977 0.382812 0.374023 0.380208 0.374023 0.378906 0.373047 0.377604 0.373047 0.376302 0.37207 0.375 0.37207 0.373698 0.371094 0.372396 0.371094 0.371094 0.370117 0.369792 0.370117 0.36849 0.369141 0.367188 0.369141 0.364583 0.368164 0.363281 0.368164 0.361979 0.365234 0.358073 0.365234 0.356771 0.364258 0.355469 0.364258 0.354167 0.363281 0.352865 0.363281 0.351562 0.362305 0.35026 0.362305 0.348958 0.361328 0.347656 0.361328 0.346354 0.359375 0.34375 0.359375 0.342448 0.358398 0.341146 0.358398 0.335938 0.318359 0.335938 0.318359 0.393229 0.321289 0.393229 0.323242 0.395833 0.323242 0.398438 0.324219 0.39974 0.324219 0.402344 0.325195 0.403646 0.325195 0.404948 0.326172 0.40625 0.326172 0.407552 0.327148 0.408854 0.327148 0.410156 0.328125 0.411458 0.328125 0.41276 0.329102 0.414062 0.329102 0.416667 0.330078 0.417969 0.330078 0.419271 0.331055 0.420573 0.331055 0.423177 0.332031 0.424479 0.332031 0.427083 0.333008 0.428385 0.333008 0.43099 0.333984 0.432292 0.333984 0.434896 0.334961 0.436198 0.334961 0.4375 0.335938 0.438802 0.335938 0.441406 0.336914 0.442708 0.336914 0.44401 0.337891 0.445312 0.337891 0.446615 0.338867 0.447917 0.338867 0.449219 0.339844 0.450521 0.339844 0.451823 0.34082 0.453125 0.34082 0.454427 0.341797 0.455729 0.341797 0.457031 0.342773 0.458333 0.342773 0.459635 0.34375 0.460938 0.34375 0.463542 0.344727 0.464844 0.344727 0.467448 0.345703 0.46875 0.345703 0.471354 0.34668 0.472656 0.34668 0.47526 0.347656 0.476562 0.347656 0.479167 0.348633 0.480469 0.348633 0.484375 0.349609 0.485677 0.349609 0.489583 0.350586 0.490885 0.350586 0.505208 0.351562 0.50651 0.351562 0.520833 0.352539 0.522135 0.352539 0.528646 0.353516 0.529948 0.353516 0.535156 0.354492 0.536458 0.354492 0.541667 0.355469 0.542969 0.355469 0.546875 0.356445 0.548177 0.356445 0.552083 0.357422 0.553385 0.357422 0.554688 0.358398 0.55599 0.358398 0.557292 0.359375 0.558594 0.359375 0.559896 0.360352 0.561198 0.360352 0.5625 0.361328 0.563802 0.361328 0.565104 0.363281 0.567708 0.363281 0.56901 0.364258 0.570312 0.364258 0.572917 0.365234 0.574219 0.365234 0.575521 0.366211 0.576823 0.366211 0.579427 0.367188 0.580729 0.367188 0.583333 0.368164 0.584635 0.368164 0.58724 0.369141 0.588542 0.369141 0.59375 0.370117 0.595052 0.370117 0.597656 0.371094 0.598958 0.371094 0.604167 0.37207 0.605469 0.37207 0.608073 0.373047 0.609375 0.373047 0.611979 0.374023 0.613281 0.374023 0.614583 0.375 0.615885 0.375 0.617188
1 0.507812 0.00260417 0.507812 0.0078125 0.508789 0.00911458 0.508789 0.0104167 0.510742 0.0130208 0.510742 0.0143229 0.511719 0.015625 0.511719 0.0169271 0.512695 0.0182292 0.512695 0.0195312 0.513672 0.0208333 0.513672 0.0221354 0.514648 0.0234375 0.514648 0.0247396 0.515625 0.0260417 0.515625 0.0273438 0.516602 0.0286458 0.516602 0.03125 0.517578 0.0325521 0.517578 0.0351562 0.518555 0.0364583 0.518555 0.0403646 0.519531 0.0416667 0.519531 0.0455729 0.520508 0.046875 0.520508 0.0507812 0.521484 0.0520833 0.521484 0.0572917 0.522461 0.0585938 0.522461 0.0638021 0.523438 0.0651042 0.523438 0.0729167 0.524414 0.0742188 0.524414 0.0833333 0.525391 0.0846354 0.525391 0.0885417 0.526367 0.0898438 0.526367 0.0911458 0.52832 0.09375 0.52832 0.0950521 0.533203 0.101562 0.533203 0.105469 0.537109 0.105469 0.537109 0.101562 0.540039 0.0976562 0.541016 0.0976562 0.542969 0.0950521 0.542969 0.09375 0.543945 0.0924479 0.543945 0.0885417 0.544922 0.0872396 0.544922 0.0846354 0.545898 0.0833333 0.545898 0.0820312 0.546875 0.0807292 0.546875 0.0794271 0.547852 0.078125 0.547852 0.0768229 0.548828 0.0755208 0.548828 0.0742188 0.549805 0.0729167 0.549805 0.0716146 0.550781 0.0703125 0.550781 0.0611979 0.551758 0.0598958 0.550781 0.0585938 0.550781 0.046875 0.549805 0.0455729 0.549805 0.0377604 0.548828 0.0364583 0.548828 0.03125 0.547852 0.0299479 0.547852 0.0260417 0.546875 0.0247396 0.546875 0.0221354 0.545898 0.0208333 0.545898 0.0182292 0.544922 0.0169271 0.544922 0.0143229 0.543945 0.0130208 0.543945 0.0104167 0.542969 0.00911458 0.542969 0.0078125 0.541992 0.00651042 0.541992 0.00260417
0 0.947266 0.830729 0.947266 0.903646 0.951172 0.903646 0.952148 0.904948 0.953125 0.904948 0.962891 0.917969 0.963867 0.917969 0.966797 0.921875 0.967773 0.921875 0.969727 0.924479 0.970703 0.924479 0.972656 0.927083 0.973633 0.927083 0.975586 0.929688 0.976562 0.929688 0.977539 0.93099 0.978516 0.93099 0.980469 0.933594 0.981445 0.933594 0.983398 0.936198 0.984375 0.936198 0.986328 0.938802 0.987305 0.938802 0.990234 0.942708 0.991211 0.942708 0.994141 0.946615 0.995117 0.946615 0.996094 0.947917 0.999023 0.947917 0.999023 0.848958 0.99707 0.848958 0.996094 0.847656 0.995117 0.847656 0.994141 0.846354 0.993164 0.846354 0.992188 0.845052 0.991211 0.845052 0.990234 0.84375 0.989258 0.84375 0.988281 0.842448 0.987305 0.842448 0.985352 0.839844 0.984375 0.839844 0.982422 0.83724 0.981445 0.83724 0.979492 0.834635 0.979492 0.830729
1 0.818359 0.209635 0.817383 0.210938 0.817383 0.214844 0.856445 0.214844 0.856445 0.203125 0.853516 0.203125 0.852539 0.204427 0.849609 0.204427 0.848633 0.205729 0.842773 0.205729 0.841797 0.207031 0.829102 0.207031 0.828125 0.208333 0.823242 0.208333 0.822266 0.209635 0.818359 0.209635 0.801758 0.174479 0.803711 0.171875 0.804688 0.171875 0.805664 0.170573 0.806641 0.170573 0.807617 0.169271 0.808594 0.169271 0.80957 0.167969 0.811523 0.167969 0.8125 0.166667 0.814453 0.166667 0.81543 0.165365 0.816406 0.165365 0.817383 0.164062 0.819336 0.164062 0.820312 0.16276 0.822266 0.16276 0.823242 0.161458 0.826172 0.161458 0.827148 0.160156 0.835938 0.160156 0.836914 0.158854 0.841797 0.158854 0.842773 0.157552 0.844727 0.157552 0.845703 0.15625 0.848633 0.15625 0.849609 0.154948 0.856445 0.154948 0.856445 0.132812 0.785156 0.132812 0.785156 0.136719 0.783203 0.139323 0.78125 0.139323 0.780273 0.140625 0.77832 0.140625 0.777344 0.141927 0.774414 0.141927 0.773438 0.143229 0.770508 0.143229 0.769531 0.144531 0.767578 0.144531 0.766602 0.145833 0.764648 0.145833 0.763672 0.147135 0.760742 0.147135 0.759766 0.148438 0.757812 0.148438 0.756836 0.14974 0.755859 0.14974 0.754883 0.151042 0.75293 0.151042 0.751953 0.152344 0.750977 0.152344 0.75 0.153646 0.748047 0.153646 0.74707 0.154948 0.746094 0.154948 0.745117 0.15625 0.743164 0.15625 0.742188 0.157552 0.741211 0.157552 0.740234 0.158854 0.739258 0.158854 0.738281 0.160156 0.737305 0.160156 0.736328 0.161458 0.735352 0.161458 0.734375 0.16276 0.731445 0.16276 0.730469 0.164062 0.728516 0.164062 0.727539 0.165365 0.725586 0.165365 0.724609 0.166667 0.723633 0.166667 0.722656 0.167969 0.720703 0.167969 0.719727 0.169271 0.717773 0.169271 0.716797 0.170573 0.712891 0.170573 0.712891 0.184896 0.71582 0.184896 0.716797 0.186198 0.719727 0.186198 0.72168 0.188802 0.722656 0.188802 0.724609 0.191406 0.725586 0.191406 0.730469 0.197917 0.730469 0.214844 0.763672 0.214844 0.763672 0.209635 0.764648 0.208333 0.765625 0.208333 0.768555 0.204427 0.768555 0.203125 0.77832 0.190104 0.779297 0.190104 0.782227 0.186198 0.783203 0.186198 0.78418 0.184896 0.785156 0.184896 0.786133 0.183594 0.787109 0.183594 0.788086 0.182292 0.790039 0.182292 0.791016 0.18099 0.791992 0.18099 0.792969 0.179688 0.794922 0.179688 0.795898 0.178385 0.796875 0.178385 0.797852 0.177083 0.798828 0.177083 0.800781 0.174479 0.801758 0.174479
1 0.466797 0.908854 0.466797 0.985677 0.470703 0.985677 0.47168 0.986979 0.472656 0.986979 0.474609 0.989583 0.475586 0.989583 0.476562 0.990885 0.478516 0.990885 0.479492 0.992188 0.481445 0.992188 0.482422 0.99349 0.483398 0.99349 0.484375 0.994792 0.486328 0.994792 0.487305 0.996094 0.487305 0.998698 0.711914 0.998698 0.711914 0.996094 0.709961 0.99349 0.709961 0.992188 0.706055 0.986979 0.705078 0.986979 0.704102 0.985677 0.704102 0.984375 0.703125 0.983073 0.702148 0.983073 0.699219 0.979167 0.698242 0.979167 0.697266 0.977865 0.696289 0.977865 0.695312 0.976562 0.694336 0.976562 0.691406 0.972656 0.69043 0.972656 0.689453 0.971354 0.688477 0.971354 0.686523 0.96875 0.685547 0.96875 0.681641 0.963542 0.680664 0.963542 0.679688 0.96224 0.678711 0.96224 0.675781 0.958333 0.674805 0.958333 0.673828 0.957031 0.672852 0.957031 0.671875 0.955729 0.670898 0.955729 0.668945 0.953125 0.667969 0.953125 0.666992 0.951823 0.666016 0.951823 0.665039 0.950521 0.664062 0.950521 0.663086 0.949219 0.662109 0.949219 0.661133 0.947917 0.65918 0.947917 0.658203 0.946615 0.65625 0.946615 0.655273 0.945312 0.65332 0.945312 0.652344 0.94401 0.649414 0.94401 0.648438 0.942708 0.645508 0.942708 0.644531 0.941406 0.640625 0.941406 0.639648 0.940104 0.636719 0.940104 0.635742 0.938802 0.633789 0.938802 0.632812 0.9375 0.630859 0.9375 0.629883 0.936198 0.626953 0.936198 0.625977 0.934896 0.624023 0.934896 0.623047 0.933594 0.618164 0.933594 0.617188 0.932292 0.612305 0.932292 0.611328 0.93099 0.608398 0.93099 0.607422 0.929688 0.604492 0.929688 0.603516 0.928385 0.601562 0.928385 0.600586 0.927083 0.598633 0.927083 0.597656 0.925781 0.595703 0.925781 0.594727 0.924479 0.592773 0.924479 0.591797 0.923177 0.589844 0.923177 0.588867 0.921875 0.585938 0.921875 0.584961 0.920573 0.581055 0.920573 0.580078 0.919271 0.574219 0.919271 0.573242 0.917969 0.570312 0.917969 0.569336 0.916667 0.567383 0.916667 0.566406 0.915365 0.563477 0.915365 0.5625 0.914062 0.561523 0.914062 0.560547 0.91276 0.560547 0.908854
1 0.663086 0.736979 0.663086 0.746094 0.662109 0.747396 0.662109 0.752604 0.661133 0.753906 0.661133 0.757812 0.660156 0.759115 0.660156 0.763021 0.65918 0.764323 0.65918 0.769531 0.658203 0.770833 0.658203 0.776042 0.657227 0.777344 0.657227 0.783854 0.65625 0.785156 0.65625 0.791667 0.655273 0.792969 0.655273 0.796875 0.654297 0.798177 0.654297 0.803385 0.65332 0.804688 0.65332 0.807292 0.652344 0.808594 0.652344 0.811198 0.651367 0.8125 0.651367 0.813802 0.649414 0.816406 0.646484 0.816406 0.646484 0.848958 0.650391 0.848958 0.652344 0.851562 0.65332 0.851562 0.657227 0.856771 0.658203 0.856771 0.661133 0.860677 0.661133 0.865885 0.672852 0.865885 0.672852 0.860677 0.673828 0.859375 0.673828 0.858073 0.674805 0.856771 0.674805 0.855469 0.677734 0.851562 0.677734 0.85026 0.679688 0.847656 0.679688 0.846354 0.681641 0.84375 0.681641 0.842448 0.683594 0.839844 0.683594 0.83724 0.68457 0.835938 0.68457 0.834635 0.685547 0.833333 0.685547 0.828125 0.686523 0.826823 0.686523 0.821615 0.6875 0.820312 0.6875 0.817708 0.688477 0.816406 0.688477 0.815104 0.689453 0.813802 0.692383 0.813802 0.692383 0.736979
1 0.951172 0.0078125 0.951172 0.0325521 0.954102 0.0325521 0.959961 0.0403646 0.960938 0.0403646 0.962891 0.0429688 0.963867 0.0429688 0.964844 0.0442708 0.96582 0.0442708 0.966797 0.0455729 0.96875 0.0455729 0.969727 0.046875 0.975586 0.046875 0.976562 0.0481771 0.984375 0.0481771 0.985352 0.0494792 0.988281 0.0494792 0.989258 0.0507812 0.994141 0.0507812 0.995117 0.0520833 0.99707 0.0520833 0.998047 0.0533854 0.999023 0.0533854 0.999023 0.0078125
1 0.728516 0.0286458 0.728516 0.0325521 0.727539 0.0338542 0.726562 0.0338542 0.725586 0.0351562 0.72168 0.0351562 0.720703 0.0364583 0.716797 0.0364583 0.71582 0.0377604 0.708008 0.0377604 0.707031 0.0364583 0.706055 0.0364583 0.705078 0.0351562 0.703125 0.0351562 0.702148 0.0338542 0.696289 0.0338542 0.695312 0.0351562 0.692383 0.0351562 0.691406 0.0364583 0.689453 0.0364583 0.688477 0.0377604 0.685547 0.0377604 0.68457 0.0390625 0.680664 0.0390625 0.679688 0.0403646 0.676758 0.0403646 0.675781 0.0416667 0.672852 0.0416667 0.671875 0.0403646 0.668945 0.0403646 0.667969 0.0390625 0.658203 0.0390625 0.650391 0.0494792 0.650391 0.0507812 0.647461 0.0546875 0.642578 0.0546875 0.640625 0.0520833 0.640625 0.0507812 0.639648 0.0494792 0.639648 0.0481771 0.637695 0.0455729 0.635742 0.0481771 0.634766 0.0481771 0.634766 0.0494792 0.633789 0.0507812 0.633789 0.0520833 0.631836 0.0546875 0.631836 0.0559896 0.629883 0.0585938 0.629883 0.0703125 0.628906 0.0716146 0.628906 0.0729167 0.62793 0.0742188 0.62793 0.0755208 0.626953 0.0768229 0.626953 0.0807292 0.630859 0.0859375 0.631836 0.0859375 0.633789 0.0885417 0.637695 0.0885417 0.647461 0.101562 0.647461 0.105469 0.644531 0.109375 0.643555 0.109375 0.642578 0.110677 0.642578 0.115885 0.696289 0.115885 0.696289 0.111979 0.698242 0.109375 0.699219 0.109375 0.700195 0.108073 0.701172 0.109375 0.714844 0.109375 0.71582 0.108073 0.719727 0.108073 0.720703 0.106771 0.724609 0.106771 0.725586 0.105469 0.727539 0.105469 0.729492 0.102865 0.730469 0.102865 0.731445 0.101562 0.732422 0.101562 0.733398 0.10026 0.734375 0.10026 0.735352 0.0989583 0.736328 0.0989583 0.737305 0.0976562 0.740234 0.0976562 0.741211 0.0963542 0.750977 0.0963542 0.751953 0.0950521 0.755859 0.0950521 0.757812 0.0924479 0.758789 0.0924479 0.759766 0.0911458 0.760742 0.0911458 0.761719 0.0898438 0.763672 0.0898438 0.764648 0.0885417 0.766602 0.0885417 0.767578 0.0872396 0.772461 0.0872396 0.773438 0.0885417 0.790039 0.0885417 0.791016 0.0872396 0.794922 0.0872396 0.795898 0.0859375 0.798828 0.0859375 0.799805 0.0846354 0.802734 0.0846354 0.803711 0.0833333 0.804688 0.0833333 0.805664 0.0820312 0.806641 0.0820312 0.807617 0.0807292 0.808594 0.0807292 0.80957 0.0794271 0.810547 0.0794271 0.818359 0.0690104 0.821289 0.0690104 0.821289 0.0572917 0.818359 0.0572917 0.8125 0.0494792 0.8125 0.0481771 0.80957 0.0442708 0.808594 0.0442708 0.802734 0.0364583 0.800781 0.0364583 0.799805 0.0351562 0.796875 0.0351562 0.795898 0.0338542 0.792969 0.0338542 0.791992 0.0325521 0.791992 0.0286458
1 0.800781 0.00260417 0.800781 0.00651042 0.813477 0.0234375 0.81543 0.0234375 0.816406 0.0247396 0.817383 0.0247396 0.818359 0.0260417 0.819336 0.0260417 0.820312 0.0273438 0.821289 0.0273438 0.822266 0.0286458 0.823242 0.0286458 0.824219 0.0299479 0.826172 0.0299479 0.827148 0.03125 0.828125 0.03125 0.829102 0.0325521 0.830078 0.0325521 0.832031 0.0351562 0.833008 0.0351562 0.833984 0.0364583 0.835938 0.0364583 0.836914 0.0377604 0.839844 0.0377604 0.84082 0.0390625 0.844727 0.0390625 0.845703 0.0403646 0.859375 0.0403646 0.860352 0.0390625 0.862305 0.0390625 0.863281 0.0377604 0.864258 0.0377604 0.865234 0.0364583 0.866211 0.0364583 0.867188 0.0351562 0.867188 0.0338542 0.868164 0.0325521 0.867188 0.03125 0.867188 0.0299479 0.866211 0.0286458 0.866211 0.0273438 0.865234 0.0260417 0.865234 0.0247396 0.861328 0.0195312 0.860352 0.0195312 0.859375 0.0182292 0.858398 0.0182292 0.856445 0.015625 0.855469 0.015625 0.854492 0.0143229 0.853516 0.0143229 0.850586 0.0104167 0.849609 0.0104167 0.848633 0.00911458 0.847656 0.00911458 0.845703 0.00651042 0.845703 0.00260417
1 0.267578 0.653646 0.267578 0.707031 0.271484 0.707031 0.271484 0.705729 0.274414 0.701823 0.276367 0.704427 0.277344 0.704427 0.27832 0.705729 0.279297 0.705729 0.280273 0.707031 0.280273 0.708333 0.291992 0.723958 0.292969 0.723958 0.294922 0.726562 0.296875 0.726562 0.297852 0.727865 0.298828 0.726562 0.299805 0.726562 0.300781 0.72526 0.301758 0.72526 0.306641 0.71875 0.30957 0.71875 0.30957 0.6875 0.306641 0.6875 0.304688 0.684896 0.304688 0.683594 0.303711 0.682292 0.303711 0.679688 0.301758 0.677083 0.301758 0.675781 0.300781 0.674479 0.300781 0.673177 0.299805 0.671875 0.299805 0.670573 0.296875 0.666667 0.296875 0.665365 0.294922 0.66276 0.294922 0.661458 0.291992 0.657552 0.291992 0.653646
1 0.876953 0.0390625 0.876953 0.0429688 0.875977 0.0442708 0.875 0.0442708 0.874023 0.0455729 0.869141 0.0455729 0.868164 0.046875 0.862305 0.046875 0.861328 0.0481771 0.851562 0.0481771 0.850586 0.0494792 0.848633 0.0494792 0.847656 0.0507812 0.845703 0.0507812 0.844727 0.0520833 0.841797 0.0520833 0.84082 0.0533854 0.838867 0.0533854 0.837891 0.0546875 0.833984 0.0546875 0.833984 0.0846354 0.886719 0.0846354 0.886719 0.0807292 0.887695 0.0794271 0.891602 0.0794271 0.892578 0.078125 0.900391 0.078125 0.901367 0.0768229 0.90918 0.0768229 0.910156 0.0755208 0.914062 0.0755208 0.915039 0.0742188 0.917969 0.0742188 0.918945 0.0729167 0.920898 0.0729167 0.921875 0.0716146 0.925781 0.0716146 0.926758 0.0703125 0.930664 0.0703125 0.931641 0.0690104 0.93457 0.0690104 0.935547 0.0677083 0.939453 0.0677083 0.94043 0.0664062 0.944336 0.0664062 0.945312 0.0651042 0.949219 0.0651042 0.950195 0.0638021 0.952148 0.0638021 0.953125 0.0625 0.954102 0.0625 0.955078 0.0611979 0.956055 0.0611979 0.957031 0.0598958 0.958008 0.0598958 0.961914 0.0546875 0.961914 0.0533854 0.962891 0.0520833 0.96582 0.0520833 0.96582 0.0390625
1 0.0800781 0.549479 0.0800781 0.601562 0.0839844 0.601562 0.0849609 0.602865 0.0849609 0.604167 0.0859375 0.605469 0.0869141 0.605469 0.0908203 0.610677 0.0917969 0.610677 0.09375 0.613281 0.0947266 0.613281 0.0986328 0.61849 0.0996094 0.61849 0.107422 0.628906 0.108398 0.628906 0.109375 0.630208 0.112305 0.630208 0.113281 0.628906 0.114258 0.628906 0.115234 0.627604 0.115234 0.626302 0.117188 0.623698 0.117188 0.622396 0.119141 0.619792 0.119141 0.61849 0.121094 0.615885 0.121094 0.614583 0.123047 0.611979 0.125977 0.611979 0.125977 0.584635 0.123047 0.584635 0.12207 0.583333 0.12207 0.582031 0.121094 0.580729 0.121094 0.579427 0.120117 0.578125 0.120117 0.575521 0.119141 0.574219 0.119141 0.572917 0.118164 0.571615 0.118164 0.570312 0.117188 0.56901 0.117188 0.567708 0.116211 0.566406 0.116211 0.565104 0.107422 0.553385 0.107422 0.549479
1 0.889648 0.186198 0.888672 0.1875 0.879883 0.1875 0.878906 0.188802 0.876953 0.188802 0.871094 0.196615 0.870117 0.196615 0.869141 0.197917 0.868164 0.197917 0.866211 0.200521 0.865234 0.200521 0.864258 0.201823 0.862305 0.201823 0.861328 0.203125 0.859375 0.203125 0.858398 0.204427 0.855469 0.204427 0.854492 0.205729 0.850586 0.205729 0.849609 0.207031 0.835938 0.207031 0.834961 0.208333 0.824219 0.208333 0.823242 0.209635 0.821289 0.209635 0.820312 0.210938 0.819336 0.210938 0.817383 0.213542 0.817383 0.214844 0.816406 0.216146 0.816406 0.221354 0.81543 0.222656 0.81543 0.223958 0.814453 0.22526 0.8125 0.22526 0.811523 0.226562 0.808594 0.226562 0.807617 0.227865 0.806641 0.227865 0.805664 0.229167 0.805664 0.230469 0.804688 0.231771 0.804688 0.238281 0.805664 0.239583 0.805664 0.246094 0.845703 0.246094 0.845703 0.240885 0.847656 0.238281 0.848633 0.238281 0.849609 0.236979 0.853516 0.236979 0.854492 0.235677 0.855469 0.235677 0.859375 0.230469 0.861328 0.230469 0.862305 0.229167 0.864258 0.229167 0.865234 0.227865 0.876953 0.227865 0.87793 0.226562 0.893555 0.226562 0.894531 0.227865 0.899414 0.227865 0.900391 0.226562 0.901367 0.226562 0.902344 0.22526 0.90332 0.22526 0.904297 0.223958 0.905273 0.223958 0.90625 0.222656 0.90918 0.222656 0.910156 0.221354 0.925781 0.221354 0.926758 0.220052 0.928711 0.220052 0.929688 0.21875 0.930664 0.21875 0.931641 0.217448 0.932617 0.217448 0.933594 0.216146 0.935547 0.216146 0.936523 0.214844 0.9375 0.214844 0.938477 0.213542 0.939453 0.213542 0.94043 0.21224 0.941406 0.21224 0.942383 0.210938 0.943359 0.210938 0.944336 0.209635 0.945312 0.209635 0.947266 0.207031 0.949219 0.207031 0.950195 0.205729 0.952148 0.205729 0.953125 0.204427 0.955078 0.204427 0.956055 0.203125 0.957031 0.203125 0.958008 0.201823 0.958984 0.201823 0.959961 0.200521 0.961914 0.200521 0.962891 0.199219 0.963867 0.199219 0.964844 0.197917 0.96582 0.197917 0.966797 0.196615 0.96875 0.196615 0.969727 0.195312 0.97168 0.195312 0.972656 0.19401 0.974609 0.19401 0.975586 0.192708 0.985352 0.192708 0.986328 0.19401 0.990234 0.19401 0.991211 0.192708 0.992188 0.192708 0.993164 0.191406 0.994141 0.191406 0.996094 0.188802 0.999023 0.188802 0.999023 0.138021 0.97168 0.138021 0.97168 0.141927 0.969727 0.144531 0.966797 0.144531 0.96582 0.145833 0.963867 0.145833 0.962891 0.147135 0.959961 0.147135 0.958984 0.148438 0.957031 0.148438 0.956055 0.14974 0.954102 0.14974 0.953125 0.151042 0.951172 0.151042 0.950195 0.152344 0.948242 0.152344 0.947266 0.153646 0.946289 0.153646 0.945312 0.154948 0.944336 0.154948 0.943359 0.15625 0.942383 0.15625 0.932617 0.169271 0.931641 0.169271 0.930664 0.170573 0.929688 0.170573 0.928711 0.171875 0.927734 0.171875 0.926758 0.173177 0.925781 0.173177 0.924805 0.174479 0.923828 0.174479 0.922852 0.175781 0.921875 0.175781 0.920898 0.177083 0.918945 0.177083 0.917969 0.178385 0.916016 0.178385 0.915039 0.179688 0.912109 0.179688 0.911133 0.18099 0.908203 0.18099 0.907227 0.182292 0.902344 0.182292 0.901367 0.183594 0.898438 0.183594 0.897461 0.184896 0.895508 0.184896 0.894531 0.186198 0.889648 0.186198 0.897461 0.160156 0.896484 0.161458 0.896484 0.16276 0.890625 0.170573 0.889648 0.170573 0.885742 0.175781 0.884766 0.175781 0.883789 0.177083 0.875977 0.177083 0.875 0.175781 0.873047 0.175781 0.87207 0.174479 0.871094 0.174479 0.870117 0.173177 0.869141 0.173177 0.868164 0.171875 0.867188 0.171875 0.866211 0.170573 0.865234 0.170573 0.863281 0.167969 0.862305 0.167969 0.860352 0.165365 0.859375 0.165365 0.857422 0.16276 0.856445 0.16276 0.854492 0.160156 0.808594 0.164062 0.804688 0.158854 0.802734 0.158854 0.799805 0.154948 0.799805 0.153646 0.798828 0.152344 0.797852 0.152344 0.796875 0.151042 0.795898 0.151042 0.792969 0.147135 0.794922 0.144531 0.795898 0.144531 0.796875 0.143229 0.798828 0.143229 0.798828 0.138021 0.783203 0.138021 0.783203 0.184896 0.788086 0.184896 0.789062 0.183594 0.792969 0.183594 0.793945 0.182292 0.795898 0.182292 0.796875 0.18099 0.797852 0.18099 0.800781 0.177083 0.800781 0.175781 0.801758 0.174479 0.801758 0.169271 0.802734 0.167969 0.805664 0.167969 0.808594 0.164062 0.854492 0.160156 0.853516 0.160156 0.852539 0.158854 0.850586 0.158854 0.849609 0.157552 0.839844 0.157552 0.839844 0.152344 0.84082 0.151042 0.84082 0.14974 0.841797 0.148438 0.841797 0.147135 0.842773 0.147135 0.84668 0.141927 0.84668 0.138021 0.880859 0.138021 0.880859 0.141927 0.887695 0.151042 0.892578 0.151042 0.894531 0.153646 0.895508 0.153646 0.895508 0.154948 0.897461 0.157552 0.897461 0.160156
1 0.513672 0.195312 0.513672 0.25 0.516602 0.25 0.520508 0.255208 0.520508 0.25651 0.522461 0.259115 0.522461 0.260417 0.524414 0.263021 0.524414 0.264323 0.527344 0.268229 0.527344 0.269531 0.529297 0.272135 0.529297 0.273438 0.533203 0.278646 0.533203 0.279948 0.536133 0.283854 0.536133 0.285156 0.538086 0.28776 0.538086 0.289062 0.540039 0.291667 0.540039 0.292969 0.541016 0.294271 0.541016 0.295573 0.541992 0.296875 0.541992 0.298177 0.542969 0.299479 0.542969 0.302083 0.543945 0.303385 0.543945 0.30599 0.544922 0.307292 0.544922 0.309896 0.545898 0.311198 0.545898 0.313802 0.546875 0.315104 0.546875 0.317708 0.547852 0.31901 0.547852 0.321615 0.548828 0.322917 0.548828 0.325521 0.549805 0.326823 0.549805 0.329427 0.550781 0.330729 0.550781 0.333333 0.551758 0.334635 0.551758 0.335938 0.552734 0.33724 0.552734 0.339844 0.553711 0.341146 0.553711 0.342448 0.554688 0.34375 0.554688 0.346354 0.555664 0.347656 0.555664 0.35026 0.556641 0.351562 0.556641 0.354167 0.557617 0.355469 0.557617 0.358073 0.558594 0.359375 0.558594 0.361979 0.55957 0.363281 0.55957 0.367188 0.560547 0.36849 0.560547 0.371094 0.5625 0.373698 0.5625 0.375 0.563477 0.376302 0.563477 0.378906 0.564453 0.380208 0.564453 0.38151 0.566406 0.384115 0.566406 0.385417 0.567383 0.386719 0.567383 0.388021 0.568359 0.389323 0.568359 0.390625 0.578125 0.403646 0.579102 0.403646 0.580078 0.404948 0.585938 0.404948 0.586914 0.403646 0.587891 0.403646 0.589844 0.401042 0.589844 0.39974 0.600586 0.385417 0.600586 0.384115 0.603516 0.380208 0.603516 0.378906 0.605469 0.376302 0.605469 0.375 0.610352 0.36849 0.611328 0.36849 0.612305 0.367188 0.612305 0.365885 0.614258 0.363281 0.618164 0.363281 0.618164 0.334635 0.615234 0.334635 0.614258 0.333333 0.613281 0.333333 0.612305 0.332031 0.611328 0.332031 0.610352 0.330729 0.609375 0.330729 0.608398 0.329427 0.607422 0.329427 0.606445 0.328125 0.606445 0.326823 0.605469 0.325521 0.605469 0.321615 0.604492 0.320312 0.604492 0.304688 0.603516 0.303385 0.603516 0.299479 0.602539 0.298177 0.602539 0.296875 0.601562 0.295573 0.601562 0.294271 0.600586 0.292969 0.600586 0.291667 0.598633 0.289062 0.598633 0.28776 0.595703 0.283854 0.595703 0.282552 0.588867 0.273438 0.588867 0.272135 0.587891 0.270833 0.587891 0.269531 0.586914 0.268229 0.586914 0.266927 0.585938 0.266927 0.583008 0.263021 0.582031 0.263021 0.579102 0.259115 0.578125 0.259115 0.577148 0.257812 0.576172 0.257812 0.573242 0.253906 0.573242 0.252604 0.572266 0.251302 0.572266 0.25 0.571289 0.248698 0.571289 0.247396 0.570312 0.246094 0.570312 0.244792 0.569336 0.24349 0.569336 0.242188 0.563477 0.234375 0.5625 0.234375 0.560547 0.231771 0.55957 0.231771 0.556641 0.227865 0.555664 0.227865 0.552734 0.223958 0.552734 0.222656 0.549805 0.21875 0.549805 0.217448 0.543945 0.209635 0.543945 0.208333 0.537109 0.199219 0.537109 0.195312
0 0.126953 0.940104 0.126953 0.945312 0.121094 0.953125 0.121094 0.954427 0.119141 0.957031 0.115234 0.957031 0.115234 0.998698 0.189453 0.998698 0.189453 0.994792 0.188477 0.99349 0.188477 0.992188 0.186523 0.989583 0.185547 0.989583 0.181641 0.984375 0.181641 0.983073 0.178711 0.979167 0.178711 0.977865 0.175781 0.973958 0.175781 0.972656 0.173828 0.970052 0.173828 0.96875 0.170898 0.964844 0.170898 0.963542 0.164062 0.954427 0.164062 0.953125 0.161133 0.949219 0.161133 0.947917 0.15918 0.945312 0.15918 0.940104
1 0.00195312 0.951823 0.00195312 0.986979 0.00488281 0.986979 0.0117188 0.996094 0.0117188 0.998698 0.0478516 0.998698 0.0478516 0.992188 0.046875 0.990885 0.046875 0.989583 0.0458984 0.988281 0.0458984 0.986979 0.0429688 0.983073 0.0419922 0.983073 0.0302734 0.967448 0.0292969 0.967448 0.0263672 0.963542 0.0253906 0.963542 0.0244141 0.96224 0.0234375 0.96224 0.0214844 0.959635 0.0205078 0.959635 0.0195312 0.958333 0.0185547 0.958333 0.0175781 0.957031 0.0166016 0.957031 0.015625 0.955729 0.0146484 0.955729 0.0136719 0.954427 0.0117188 0.954427 0.0107422 0.953125 0.0078125 0.953125 0.00683594 0.951823
1 0.796875 0 0.796875 0.00260417 0.798828 0.00520833 0.798828 0.00651042 0.808594 0.0195312 0.80957 0.0195312 0.8125 0.0234375 0.813477 0.0234375 0.814453 0.0247396 0.816406 0.0247396 0.817383 0.0260417 0.818359 0.0260417 0.819336 0.0273438 0.820312 0.0273438 0.821289 0.0286458 0.822266 0.0286458 0.823242 0.0299479 0.824219 0.0299479 0.825195 0.03125 0.827148 0.03125 0.829102 0.0338542 0.830078 0.0338542 0.832031 0.0364583 0.833008 0.0364583 0.833984 0.0377604 0.835938 0.0377604 0.836914 0.0390625 0.842773 0.0390625 0.84375 0.0403646 0.858398 0.0403646 0.859375 0.0390625 0.862305 0.0390625 0.863281 0.0377604 0.868164 0.0377604 0.868164 0.0247396 0.865234 0.0247396 0.861328 0.0195312 0.860352 0.0195312 0.859375 0.0182292 0.858398 0.0182292 0.855469 0.0143229 0.854492 0.0143229 0.853516 0.0130208 0.852539 0.0130208 0.850586 0.0104167 0.849609 0.0104167 0.848633 0.00911458 0.847656 0.00911458 0.845703 0.00651042 0.844727 0.00651042 0.84082 0.00130208 0.84082 0
1 0.955078 0.0078125 0.955078 0.0390625 0.958984 0.0390625 0.959961 0.0403646 0.960938 0.0403646 0.962891 0.0429688 0.963867 0.0429688 0.964844 0.0442708 0.96582 0.0442708 0.966797 0.0455729 0.96875 0.0455729 0.969727 0.046875 0.974609 0.046875 0.975586 0.0481771 0.983398 0.0481771 0.984375 0.0494792 0.988281 0.0494792 0.989258 0.0507812 0.993164 0.0507812 0.994141 0.0520833 0.996094 0.0520833 0.99707 0.0533854 0.999023 0.0533854 0.999023 0.0078125
